# Source: GSI Datasets | Cite as: Gruffydd-Jones, J. (2026). GSI Datasets. https://github.com/jjgj/gsi-datasets | Build: 2026-06-23
dataset,AidData Record ID,Recipient,year,Sector Name,Funding Agencies,Direct Receiving Agencies,Title,Description,Flow Type Simplified,amt_2023
Security,52198,Zambia,2016,OTHER SOCIAL INFRASTRUCTURE AND SERVICES,Industrial and Commercial Bank of China (ICBC),Government of Zambia,ICBC provides $274.61 million loan for 2350-Unit Police and Security Force Housing Project,"In January 2016, the Government of Zambia and the Industrial and Commercial Bank of China (ICBC) signed a $274,612,768.07 loan agreement for the 2350-Unit Police and Security Force Housing Project. The proceeds of the loan were to be used by the borrower to finance 85% of the cost of a $323,073,844.79, three-year commercial (EPC) contract between the Government of Zambia's Ministry of Home Affairs and AVIC International, which was signed in December 2014. The Government of Zambia was responsible for directly financing the remainder (15%) of the project cost. As of July 2022, the ICBC loan had achieved a 97.9% disbursement rate ($268,959,363.78 out of $274,612,768.07).   The purpose of the project was to construct 2,350 housing units for members of Zambia's Ministry of Home Affairs: Zambia Police Service, Zambia Correctional Services, the Immigration Department, and the Drug Enforcement Commission. These housing units included 997 low-cost units, 1,238 medium-cost units, and 115 high-cost units. AVIC International and China 15th Metallurgical Construction Group Co. Ltd. were the contractors responsible for project implementation.  The project was implemented in two phases. Phase 1 was made up of four sites: Chelston in Lusaka (48 houses); Silverest in Lusaka, Chongwe area (41 houses); Kawama in Kitwe (24 houses); and Mukobeko in Kabwe (42 houses).   Phase 1 officially launched on October 27, 2015, but Phase 1 construction did not begin until July 7, 2017. Phase 2 construction activities ended on June 20, 2020. On July 29, 2022, the Ministry of Finance & National Planning (MOFNP) of Zambia announced that it was seeking lender approval to formally cancel the ICBC loan’s undisbursed balance ($5,653,404.29); however, it also noted that it had not yet secured formal lender approval for this action. This announcement came approximately 21 months after the Government of Zambia defaulted on its repayment obligations to Eurobond holders and approximately 6 weeks after China, France, and 14 other countries formed a creditor committee to discuss the Zambian authorities’ request for a debt treatment under ‘the Common Framework for Debt Treatment beyond the DSSI’ endorsed by the G20 and the Paris Club.",Loan,368688161.848664
Security,35705,Costa Rica,2011,GOVERNMENT AND CIVIL SOCIETY,China Ministry of Commerce,Government of Costa Rica,Chinese Government provides RMB 420 million grant for Police Academy Construction Project,"On March 25, 2011 the Chinese Government announced that it would provide RMB 300 million for the construction of a police academy in Costa Rica. The government of Costa Rica was the recipient agency. However, the Chinese Government committed an additional RMB 120 million -- through an Economic and Technical Cooperation Agreement (ETCA) -- in 2013 when it became clear that the completion of the Policy Academy project would require additional funding.   The purpose of the project was to construct a police academy that is located in La Rita de Pococí within the province of Limón.  Beijing Urban Construction Group was the contractor responsible for project implementation. Construction began on December 15, 2014. The project was completed on July 7, 2017.  The Costa Rica Police Academy now provides a teaching ground for 800 students and 400 teachers and staff, with a construction area of over 31,000 square meters. It is fully functional and is the largest and most modern police academy in Latin America. It has bedroom towers, a dining room, a gym and football and basketball courts, in addition to classrooms, libraries and training areas for future officers.",Grant,90851830.27151942
Security,1241,Namibia,2008,TRADE POLICIES AND REGULATIONS,Export-Import Bank of China (China Eximbank),Government of Namibia,China Eximbank provides RMB 300 million government concessional loan for Modern Customs Scanning Equipment Acquisition Project (Linked to project #1314),"In December 2007, China Eximbank and the Government of Namibia signed an RMB 1 billion concessional loan framework (recorded in the linked project #1314), which identified several projects that would be funded according to a consistent set of terms and conditions. One of these projects was the Modern Customs Scanning Equipment Acquisition Project. This agreement was signed by China’s Ambassador to Namibia Ren Xiaoping and Nambia’s Minister of Finance Saara Kuugongelwa-Amadhila.   Then, in 2008, China Eximbank and the Government of Namibia signed an RMB 300 million government concessional loan (GCL) agreement for the Modern Customs Scanning Equipment Acquisition Project. The GCL carries the following terms: 20 year maturity, 5 year grace period, and 2% interest rate. The final loan maturity date, according to ""Summary Report of the Auditor-General on the Account of the Government of Namibia for the Financial Year Ended 31 March 2014,"" is March 21, 2028. In May 2008, the Permanent Secretary of Finance (Mr. Carl Schlettwein) of the Government of Namibia signed a $55,348,800.00 contract with Nuctech Company Ltd for the purchase of 10 x-ray container scanners capable of detecting contraband at security crossings around the country. The Government of Namibia agreed to pay $12,828,800 up-front through an advance payment to Nuctech Company Ltd. The balance of the contract price ($42,520,000.00) was to be funded with the RMB 300 million loan from China Eximbank.   The Modern Customs Scanning Equipment Acquisition Project has been plagued by domestic political controversy and a criminal investigation regarding a possible kickback scheme involving the $12,828,800 advance payment. Anti-corruption investigators allege that, five days after the May 2008 contract was signed, Nuctech Company Ltd. secretly entered into a $12.8 million contract with Teko Trading CC (“Teko”), which is a company owned by two Namibians (Teckla Lameck and Jerobeam Kongo Mokaxwa). Teko was allegedly tasked with pushing for a higher price for the scanners and using their political access to “expedite prompt payments”, according to a copy of the contract submitted to a court in Namibia. Shortly after the securing the contract with Nuctech Company Ltd., Teckla Lameck (a former chairperson of Namibia’s Public Service Commission), Jerobeam Kongo Mokaxwa and a Chinese co-conspirator (Yang Fan) allegedly went on a spending spree, purchasing houses, farms, and cars. The pending criminal case is political and diplomatically sensitive because, at the time that these contracts were signed, Hu Haifeng (to son of President Hu Jintao) was the head of the Nuctech Company Ltd.",Loan,74824180.06981635
Security,54576,Bolivia,2016,GOVERNMENT AND CIVIL SOCIETY,Export-Import Bank of China (China Eximbank),Government of Bolivia,China Eximbank provides RMB 350 million government concessional loan for Phase I of BOL-110 Command and Control System for Citizen Security Project (Linked to Project ID#54577),"On December 19, 2016, China Eximbank and the Government of Bolivia signed a government concessional loan (GCL) agreement [China Eximbank GCL 2016 (29) 599] for the Command and Control System for Citizen Security Project. The loan was ratified through the passage of a law on January 27, 2017. The GCL carried the following borrowing terms: a 2% interest rate, a grace period of 5 years, and a 15 year maturity. The lender made disbursements worth $0 in 2016, $47,252,441 in 2017, $0 in 2018, $0 in 2019, an unknown amount in 2020, and $5,490,110 in 2021. The borrower made no principal repayments between 2016 and 2021. However, the borrower paid interest and/or fees worth $0 in 2016, $408,023 in 2017, $881,932 in 2018, $956,519 in 2019, an unknown amount in 2020, and $1,014,322 in 2021. The loan’s (principal) amount outstanding was $0 as of December 31, 2016, $48,220,436 as of December 31, 2017, $45,780,226 as of December 31, 2018, $45,108,906 as of December 31, 2019, $48,401,223 as of December 31, 2020, and $54,902,822 as of December 31, 2021. The first phase of the project involved the construction of a command center in La Paz's Miraflores area, which has 32 consoles to track 620 security cameras in the cities of La Paz and El Alto. The system was to be expanded to six provincial capitals in the second phase, when all of them would be equipped with control centers. The system was to be assisted with 120 public servants, three police buses, five drones and new intelligent patrol vehicles. The Bolivian police department was also to receive 100 digital radios with GPS for patrol cars and 500 radios for police officers. 2,000 public transport vehicles were to be equipped with a GPS system and emergency buttons to help drivers and passengers. China National Electronics Import & Export Corporation was the contractor responsible for the project's first phase. Phase I commenced on October 31, 2017 and reached completion on August 20, 2019.",Loan,70714283.06105572
Security,52875,Argentina,2016,GOVERNMENT AND CIVIL SOCIETY,China Satellite Launch and Tracking Control General (CLTC),Government of Argentina,Chinese Government provides $50 million for construction of space station in Neuquén Province,"On July 20, 2012, the Government of Argentina's Space Agency (Comisión Nacional de Actividades Espaciales or CONAE) signed a cooperation agreement with China Satellite Launch and Tracking Control General (CLTC) to carry out a deep space exploration program. However, Argentina’s Congress did not approve the proposal until March 3, 2015 (via la Ley N° 27.123). Then, on February 15, 2016, the Chinese Government and Government of Argentina signed an agreement that allows the Chinese Government to build a ground station in western Argentina for scientific research purposes. The project represented a $50 million commitment, but the nature of the flow type is unknown.   The stated purpose of building the ground station (known as the Espacio Lejano Station) within Loncopué Department and Neuquén Province was to promote scientific research. According to Jorge Sapag, the former governor of Neuquén Province, the project would also promote scientific tourism through the construction of an on-site educational center and create 400 jobs and boost the development of the local economy, technology and education. China Harbor Engineering Corporation (CHEC) was the contractor responsible for construction of the ground station. It hired ESUCO S.A. as a subcontractor.   Construction reportedly began during the summer of 2013. Aerial photography from December 2013 confirmed that construction of the ground station was underway. Then, at end of April 2016, Chinese and Argentine officials announced that the station will be fully operational in March 2017. By early 2017, satellite imagery suggests that most of the buildings at the ground station were structurally complete. At least 300 Argentine construction workers assisted on the site, according to Argentina's space agency (CONAE), before the project was handed over to Chinese management. Today, there are 30 Chinese staff members who work and live at the station. When China built a military-run space station in Argentina’s Patagonian region it promised to include a visitors’ center to explain the purpose of its powerful 16-story antenna. The center is now built -- behind the 8-foot barbed wire fence that surrounds the entire space station compound. Visits are by appointment only.   Shrouded in secrecy, the compound has stirred unease among local residents, fueled conspiracy theories and sparked concerns within the U.S. Government about its true purpose, according to interviews with dozens of residents, current and former Argentine government officials, U.S. officials, satellite and astronomy specialists and legal experts. The station’s stated aim is peaceful space observation and exploration and, according to Chinese media, it played a key role in China’s landing of a spacecraft on the dark side of the moon in January. But the remote 200-hectare compound operates with little oversight by the Argentine authorities, according to hundreds of pages of Argentine government documents obtained by Reuters and reviewed by international law experts.   President Mauricio Macri’s former foreign minister, Susana Malcorra, said in an interview with Reuters that Argentina has no physical oversight of the station’s operations. In 2016, she revised the China space station deal to include a stipulation it be for civilian use only. The agreement obliges China to inform Argentina of its activities at the station but provides no enforcement mechanism for authorities to ensure it is not being used for military purposes. When Argentina’s Congress debated the space station in 2015, during the presidency of Cristina Fernandez, opposition lawmakers questioned why there was no stipulation that it only be for civilian use. Nonetheless, Congress approved the deal. Then, when Macri took office in 2015, he was worried the space station agreement did not explicitly say it should be for civilian use only. Malcorra flew to Beijing in 2016 to rework it. However, Malcorra said she was constrained in her ability to revise it because it had already been signed by the previous (Fernandez) administration.",Grant,67128736.3001788
Security,68444,Namibia,2003,OTHER MULTISECTOR,China Ministry of Commerce,Government of Namibia,(Umbrella) Chinese Government commits $23.8 million interest-free loan — through December 2003 ETCA — for Okahandja Defense Academy Project and Phase 1 of Berg Aukas Youth Skills Training Center Construction Project (Linked to projects #1282 and #61545),"In December 2003, the Chinese Government and the Government of Namibia signed an Economic and Technical Cooperation Agreement (ETCA), which committed a $23,842,659 interest-free loan for Phase 1 of Berg Aukas Youth Skills Training Center Construction Project (recorded in project #61545) and the Okahandja Defense Academy Project (recorded in project #1282). Both projects were completed by 2019, with all funding dispersed by then.",Loan,66039503.54189295
Security,49170,Myanmar,2015,GOVERNMENT AND CIVIL SOCIETY,Export-Import Bank of China (China Eximbank),Myanmar Ministry of Home Affairs,"China Eximbank provides RMB 246.1 million government concessional loan for MOI acquisition of cars, patrol boats, police vehicles and helicopters (Linked to Project ID#98029, 96221)","On March 11, 2015, the Parliament of Myanmar approved a government proposal to accept a RMB 246,149,000 ($39 million) government concessional loan (GCL) from China Eximbank for the Ministry of Interior to purchase 985 cars, patrol boats, vehicles, and helicopters for the country's police force. The GCL agreement, which was signed by China Eximbank and the Government of Myanmar on August 28, 2015, carried the following borrowing terms: a 20 year maturity, a 5 year grace period, a 4.5% interest rate, a 0.4% commitment fee, and a 0.4% management fee. China National Aero-Technology Import & Export Corporation (CATIC) is the contractor responsible for implementation. The Ministry of Interior (Home Affairs) had received 8 vehicles from CATIC by December 2015. This equipment acquisition project is part of a larger police force upgrading project (警察部队升级项目) and it was designed to address an equipment shortage causing problems in the police force.  There are some indications that the China Eximbank loan for the acquisition of 985 cars, patrol boats, vehicles, and helicopters for the country's police forcea may have financially underperformed vis-a-vis the original expectations of the lender. In 2020, China Eximbank and the Government of Myanmar signed a debt suspension agreement as part of the G-20 Debt Service Suspension Initiative (DSSI). Under the terms of the agreement, the lender agreed to suspend principal and interest payments due between May 1, 2020 and December 31, 2020 under 3 buyer’s credit loan (BCL) agreements, 6 government concessional loan (GCL) agreements, and 27 preferential buyer’s credit (PBC) agreements (as captured via Project ID#98029).  Debt service payments under many of these loan agreements were again deferred in 2021 (as captured via Project ID#96221).",Loan,49972143.87836356
Security,38543,Nepal,2013,GOVERNMENT AND CIVIL SOCIETY,China Ministry of Commerce,Government of Nepal,Chinese Government provides RMB 200 million grant for Nepal Armed Police Force Academy Construction Project,"In 2013, the Government of the People's Republic of China agreed to provide grant assistance amounting to RMB 200,000,000 (approximately NRS 3006 million) to the Government of Nepal for the Nepal Armed Police Force Academy Construction Project. An agreement to this effect was signed and exchanged at the Office of the Prime Minister and Council of Ministers, Kathmandu, Nepal, on June 25, 2013. The agreement was signed by Mr. Shanta Raj Subedi, Finance Secretary and Mr. Jiang Zengwei, Vice Minister, Ministry of Commerce, Government of People's Republic of China on behalf of the Government of Nepal and the Government of the People's Republic of China, respectively. The project involved the construction 19 individual buildings, including a teaching building, dormitory building, covered hall, indoor and outdoor training venue, canteen, stadium, and swimming pool. The total construction area was about 15,000 square meters. China Railway 14th Bureau Group was responsible for project implementation. The training academy is located on a mountain slope at Chandragiri municipality on the outskirts of Kathmandu and it is the first of its kind in Nepal.   The construction of the training academy began on April 16, 2015, just a few days ahead of a devastating earthquake, and it was completed on May 15, 2017.  The official handover ceremony took place on June 30, 2017. An official inauguration ceremony took place on March 19, 2018.  The ceremony was attended by more 400 people, including Nepalese PM Ollie, Interior Minister Thapa, Armed Police Director Shreitas, Chinese Ambassador Yu Hong, Business Counselor Peng Wei, and the Chairman of the 14th Bureau of the China Railway.  Ollie thanked the Chinese Government for their contribution towards peaceful development in Nepal, starting with this new training facility.  According to the Government of Nepal's Aid Management Information System (AMIS), the first grant disbursement for this project took place on July 17, 2014, the last grant disbursement took place on November 5, 2017 and total disbursements through the grant agreement amounted to $26,956,160. ",Grant,41718748.6103993
Security,56989,Zambia,2018,GOVERNMENT AND CIVIL SOCIETY,Export-Import Bank of China (China Eximbank),Government of Zambia,China Eximbank provides $30 million loan for an unspecified defense project,"According to Zambia's Ministry of Finance, between January and June of 2018, China Eximbank and the Government of Zambia signed a $30 million loan agreement for an unspecified defense project. No further details are available.",Loan,37174774.90014166
Security,52684,Armenia,2015,TRADE POLICIES AND REGULATIONS,Export-Import Bank of China (China Eximbank),Government of Armenia,"China Eximbank provides RMB 155.4 million government concessional loan for Customs Management, Technology, and Modernization Project","On March 25, 2015, China Eximbank and the Government of Armenia signed an RMB 155,440,000 government concessional loan (GCL) agreement [No. GCL NO.5 (2015) TOTAL NO.(544)] for the Customs Management, Technology, and Modernization Project. The loan carries the following terms: a 2% interest rate, a 5-year grace period, a 20-year maturity, a 0.25% commitment fee, and a 0.15% management fee. The loan repayment period was scheduled to begin on September 21, 2020, and end on March 21, 2035. The proceeds from the GCL were to be used by the borrower to finance a commercial contract (number NUC-1-14-1092) worth RMB 155,439,953 between the Government of Armenia’s Ministry of Finance and Nuctech Company Limited («Նուքթեք քամփնի»), which was signed on November 14, 2014, and subsequently modified on June 9, 2016. The purpose of the Customs Management, Technology, and Modernization Project is to acquire portable x-ray scanners that are capable of detecting explosive devices, weapons, and other types of contraband.  Nuctech Company Limited is the contractor responsible for implementation. Project implementation was underway as of November 2017; however, the precise project implementation start date is unknown. ",Loan,31556780.82971217
Security,34421,Nepal,2011,GOVERNMENT AND CIVIL SOCIETY,People's Liberation Army of China,Nepali Army (NA) (Gorkhali Army) (Royal Nepali Army),Chinese Government provides RMB 130 million grant for upgrading of Shree Birendra Army Hospital and provision of equipment,"In March 2011, a Chinese delegation from the People's Liberation Army visited Nepal and it signed an RMB 130 million (NPR 1.42 billion) grant agreement with the Nepali Army (NA). RMB 100 million of the grant proceeds were to be used to (a) upgrade the Birendra Sainik Army Hospital (also known as Shree Birendra Hospital or श्री विरेन्द्र अस्पताल) in Chhauni and (b) acquire equipment for rescue operations. RMB 30 million of the grant proceeds were to be used to (c) procure engineering equipment including heavy construction vehicles for the NA Directorate of Development and Construction Works.   The implementation status of this project is unknown. A foundation-stone laying ceremony for the upgrading and modernization of the Birendra Sainik Army Hospital took place in April 2021. However, it is unclear if this effort is being financed with the proceeds from the March 2011 grant from the Chinese Government.",Grant,28120804.6078512
Security,72291,Nepal,2019,EMERGENCY RESPONSE,Unspecified Chinese Government Institution,Nepali Army (NA) (Gorkhali Army) (Royal Nepali Army),China grants RMB 150 million to Nepal Army for the purpose of humanitarian and disaster relief management in 2019,"In 2018, China and Nepal began talking about a potential grant.  On October 20, 2019, Deputy Prime Minister and Minister of Defence Ishwar Pokhrel held bilateral talks with China's State Councillor and Defence Minister Gen Wei Fenghe in Beijing. During this meeting, Pokhrel and Wei signed an agreement whereby China will provide an assistance of RMB 150 million (around Rs 2.53 billion) to Nepal Army over a period of 3 years for the purpose of humanitarian and disaster relief equipment. ",Grant,27905393.62735015
Security,88857,Nepal,2019,DISASTER PREVENTION AND PREPAREDNESS,Unspecified Chinese Government Institution,Ministry of Defence of Nepal,China provides $21 million in disaster relief materials to Nepalese army,"Around October 12, 2019, China signed an agreement to provide the Nepal army with about $21 million in unspecified disaster relief materials over the next three years, as Beijing strengthens its ties with Kathmandu. The agreement on disaster relief was signed by Nepali defense minister Ishwar Pokharel and his counterpart Wei Fenghe, as a part of Xi Jinping's visit to Nepal. ",Grant,26827352.24698307
Security,745,Guinea-Bissau,2008,HEALTH,China Ministry of Commerce,Government of Guinea-Bissau,Chinese Government provides $14.5 million grant for Military Hospital Construction Project,"In August 2007, President Vieira of Guinea-Bissau obtained agreement from the Chinese Government to build a military hospital in the city of Bissau. Then, on January 16, 2008, the Chinese Government and the Government of Guinea-Bissau signed an exchange of notes regarding the Military Hospital Construction Project. _x000D_ _x000D_ According to email correspondence between AidData’s Executive Director and the Director General of the Office of the Secretary of State for Planning and Regional Integration in Guinea-Bissau, the Chinese Government provided a grant worth $14.5 million to the Government of Guinea-Bissau to support the Military Hospital Construction Project. China’s Ministry of Commerce was the funding source. _x000D_ _x000D_ This project involved the construction of a 200-bed military hospital (known as the Hospital de Amizade Sino-Guineense) — with a total construction area of ​​over 8,200 square meters — in the Brá neighborhood within the city of Bissau. China IPPR was the contractor responsible for project design, and Zhengtai Group was the contractor responsible for project implementation.  _x000D_ _x000D_ On April 29, 2009, a groundbreaking ceremony took place. The ceremony was attended by the Prime Minister of Guinea-Bissau, Carlos Gomes Junior, and the Chinese Ambassador to Guinea-Bissau, Yan Bangua. The project was inspected and accepted by China’s Ministry of Commerce on July 28, 2010 and August 6, 2010, respectively. Then, on August 20, 2010, the project was officially completed and handed over to the Government of Guinea-Bissau.",Grant,25135085.80221298
Security,38777,Pakistan,2008,GOVERNMENT AND CIVIL SOCIETY,Unspecified Chinese Government Institution,Pakistani Ministry of Internal Affairs,China donated 100 million RMB worth of police trucks to Pakistan,"On 14 November 2008, in a ceremony which Ambassador Luo Zhaohui, the Pakistani Prime Minister, and the Pakistani Ministry of Internal Affairs adviser attended, China donated 15 police pickup trucks worth 100 million Yuan. In his speech, Ambassador Luo expressed his appreciation for the protection and personal safety provided to the Chinese-funded institutions, provided by Pakistan, and that China supports the Pakistani government to safeguard the social stability, and the promotion of economic development efforts, emphasising the implementation of aid to Pakistan.",Grant,24941393.35660538
Security,71714,Peru,2014,EMERGENCY RESPONSE,China Ministry of Commerce,Peru Ministry of Defense (Ministerio de Defensa) (MINDEF),"Chinese Government provides RMB 117 million grant — via ETCAs — for National Emergency Operations Center (COEN) Construction Project (Linked to Project ID#36258, #73188, #36351, #62359, #36419, and #62921)","Discussions between the Peruvian and Chinese governments about the National Emergency Operations Center (COEN) Construction Project started as early as 2012. Letters of exchange funding a feasibility study were signed April 6, 2013 (as captured via Project ID#62921). Letters of exchange to construct COEN were signed on November 12, 2014 by the Chinese Minister of Commerce and the Peruvian Minister of Foreign Relations. A design contract was signed with China International Engineering Design & Consult Co., Ltd. (CIEDC) (Chinese: 中外建工程设计与顾问有限公司) on April 22, 2015. Then, on August 26, 2016, the two governments signed an execution agreement for the construction of the National Emergency Operations Center, or Centro de Operaciones de Emergencia Nacional (COEN) in Chorrillos, Peru near Lima. The agreement committed RMB 117,630,000 in grant funding for the National Emergency Operations Center (COEN) Construction Project. The funds were drawn from the Economic and Technical Cooperation Agreements (ETCAs) that were signed by the two governments on August 20, 2012 (as captured via Project ID#36258), April 6, 2013 (as captured via Project ID#62359), November 12, 2014 (as captured via Project ID#36419); September 23, 2011 (as captured via Project ID#36351); and November 23, 2009 (as captured via Project ID#73188).  The purpose of the project was to construct the National Emergency Operations Center, or Centro de Operaciones de Emergencia Nacional (COEN) in Chorrillos, Peru near Lima. The construction area was 3,733.29 square meters. The center consists of a room for each of the modules, administrative offices, a crisis room, press room, an inter-sectoral coordination room to facilitate communication with the police and armed forces, meeting rooms, an international conference room, amenities for personal such as a gymnasium. The project also included a mobile command center.  Technical assistance was also provided through this project, including the provision of training for personnel who would work in the center and sending a technical team from China to help with the creation of the center.  The COEN's purpose is to monitor, validate and provide official information on dangers, emergencies and disasters for timely decision-making. It also included an Awareness, Simulation and Training Center, for both experts and members of the general public. COEN is part of the larger National Disaster Risk Management System (Sistema Nacional de Gestión del Riesgo de Desastres/SINAGERD). It is overseen by the National Institute for Civil Defense, or Instituto Nacional de Defensa (INDECI).   Yanjian Group Co. was the project's contractor, and one of their subsidiaries, Yanjian Group Peru SAC also participated in project implementation. The Peruvian Agency for International Cooperation (APCI) also helped with the project's implementation and the Agency of International Economic Cooperation of the Chinese Ministry of Commerce was also involved with project implementation, though the precise extent is unknown. About 90% of the project was funded by the Chinese government, with an additional 6,754,781 soles provided by INDECI on top of the grants from the ETCAs, including from INDECI’s Fund for Interventions in the Occurrence of Natural Disasters (Fondo Para Intervenciones ante la Ocurrencia de Desastres Naturales/FONDES).  Construction began on May 22, 2017. In 2017, the entrance tracks and the main structure of the building were completed, along with a trench and canal on the Surco River that passes through the construction area. By the end of 2018, the reception and installation of various equipment for operations -– such as LED screens, speakers, projectors, liquid crystal displays, and splicing displays for a GIS map and disaster scenes, among other items -- was completed.  Construction ended in 2019, with the official handover and unveiling ceremony taking place on July 18, 2019.",Grant,24031260.15596593
Security,69281,Argentina,2018,GOVERNMENT AND CIVIL SOCIETY,China Ministry of National Defense,Argentina Ministry of Security,Chinese Ministry of Defense donates police equipment worth $17.5 million ahead of 2018 G20 Summit,"On July 18, 2018, the Chinese Ministry of Defense and Argentina's Ministry of Security signed two cooperation agreements. The first was a cooperation agreement for the provision of free material assistance to the Ministry of Security in Argentina, which would involve the donation of transport vehicles and logistics equipment to assist with security of the G20 Summit (to be held in Buenos Aires from November 30, 2018 to December 1, 2018). The second agreement was related to Police Equipment Cooperation and it aimed 'to promote the exchange for the purchase and transfer of equipment in the security sector'. On November 16, 2018, a handover ceremony of donated police equipment from the Chinese Ministry of Defense to Argentina's Ministry of Security took place at the headquarters of Argentina's Federal Police Mounted Police Force. The equipment consisted of 30 presidential custody motorcycles, 87 detectors (dual-sensor), 40 anti-explosive protective suits, an anti-explosive kit, 2 trucks, 4 armored counterinsurgency vehicles (Dongfeng CSK131), and 45 inspection systems. The Coordination Secretary of the Ministry of Security, Alberto Föhrig estimated the monetary value of the donation at $17.5 million. This donation was meant to ensure security for the 2018 G20 Summit, which was held in Buenos Aires. The equipment is expected to be dispersed across Argentina's four federal forces after the completion of the G20 Summit.",Grant,21685285.35841592
Security,63923,Philippines,2016,OTHER MULTISECTOR,Unspecified Chinese Government Institution,,"China signs RMB 100 million ETCA in October 2016 for anti-illegal drug activities and law enforcement cooperation purposes for Philippines (linked to #63926, #65720, #63927, and #63928)","On October 20, 2016, China signed an Economic and Technical Cooperation Agreement (ETCA) for an RMB 100 million grant to the Philippines for anti-illegal drug activities and law enforcement security cooperation purposes. This agreement was signed by Chinese and Filipino officials under the supervision of Chinese President Jinping and Filipino President Duterte._x000D_ _x000D_ This project is linked to project #63926, an RMB 50 million grant funded through the ETCA, for the establishment of two drug rehabilitation facilities (See project #63927 for the facility in Agusan del Sur Province and project #63928 for the facility in Sarangani Province); and project #65720, an RMB 50 million grant funded through the ETCA to the Philippine National Police and the Philippine Drug Enforcement Agency.",Grant,20204080.87458732
Security,68473,Samoa,2016,GOVERNMENT AND CIVIL SOCIETY,China Ministry of Commerce,Government of Samoa,Chinese Government provides RMB 100 million grant for Police Academy Construction Project (Linked to Project ID#65332),"In January 2016, the Chinese Government provided a grant worth RMB 100 million ($15 million) to the Government of Samoa for the Police Academy Construction Project. The grant proceeds were at least partially drawn from an Economic and Technical Cooperation Agreement (ETCA) that the two governments signed on October 12, 2016 (as captured via Project ID#65332).    The purpose of the project is to construct a police academy in Tafaigata (where an old prison was located) and thereby raise the standards of policing in Samoa. The academy will include a driving track course, sports field, classrooms, among other facilities. The design specification plan for the project was revealed in 2018 in Shanghai. Then, on June 26, 2018, a project implementation agreement was signed by the CEO of Samoa’s Ministry of Foreign Affairs and Trade (MFAT).   Construction was originally scheduled to commence in May 2019. However, the project implementation start date was later pushed back to March 2021. Then, in June 2022, a Samoan Government Minister explained that the delay in project implementation was due to New Zealand banning flights from China. One month later, in July 2022, the Government of Samoa announced that project implementation would begin as soon as 100 workers from China arrived at the project site in Tafaigata.  Construction for the project finally began on October 25, 2022, with a groundbreaking ceremony held on the site at Tafa'igata. Construction is estimated to be completed in 2024.",Grant,20204080.87458732
Security,60138,Ghana,2017,GOVERNMENT AND CIVIL SOCIETY,Unspecified Chinese Government Institution,Government of Ghana,Chinese Government provides RMB 100 million grant to Ghana Police,"On July 13, 2017, the Chinese Government fulfilled an earlier pledged to donate RMB 150 million of military assistance to the Armed Forces of Ghana and the Ghana Police Service. A third of the grant proceeds (RMB 50 million) was earmarked to support the Armed Forces of Ghana with financial aid and logistics in order to facilitate its peacekeeping activities (captured in project ID#88156). The remaining RMB 100 million was earmarked for use by the Ghana Police Service (captured in this project, ID#60138). The donation was formally signed over during Ghana's Vice-President Mahamudu Bawumia's visit to China on July 13, 2017.   Some of the funding through this grant was reportedly used to train and educate Ghanaian service members in China. Six armed forces personnel were to be sent to China to receive training on how to use a recently donated set of boats. 28 men and women from the Ghanaian Navy, Army, and Air Force also received full scholarships to study security and defense in China",Grant,19389106.48458025
Security,53911,Pakistan,2015,GOVERNMENT AND CIVIL SOCIETY,China Ministry of Commerce,Government of Pakistan,"Chinese Government provides RMB 95 million grant for provision of police pick-ups, ambulances for hospitals and office equipment","On April 20, 2015, the Chinese Government and the Government of Pakistan signed letters of exchange for an RMB 95 million for the provision of police pick-ups, ambulances for hospitals and office equipment. The project hand-over certificate was signed on June 9, 2016.",Grant,19286503.98110303
Security,30118,Ghana,2011,GOVERNMENT AND CIVIL SOCIETY,China Ministry of Commerce,Government of Ghana,Chinese Government provides RMB 88.26 million interest-free loan for Ministry of Foreign Affairs and Regional Integration Office Complex Construction Project,"In March 2011, the Chinese Government provided an RMB 88,260,000 interest-free loan for the Ministry of Foreign Affairs and Regional Integration Office Complex Construction Project.   The project involved the construction of an office complex in Accra with two, six-story buildings, 141 offices, a 300-person capacity conference room, mini-conference room, a library, a canteen, security rooms, a diesel generator room, an outdoor fire pool and switch room, drainage systems, a fire alarm system, a public address system, a door access system, a satellite TV system, video and audio systems for conference rooms, and a DY660C(600KV) diesel generator.   China Friendship Development International Engineering Design & Consultation Limited Liability Company (FDDC) was responsible for project design, and Yanjian Group was the contractor responsible for implementation. Construction began on August 30, 2011 and a formal groundbreaking ceremony took place on September 2, 2011. Construction ended in February 2013 and the project was officially completed and handed over to the Ghanaian authorities on March 18, 2013. This project was funded and implemented after Ministry of Foreign Affairs and Regional Integration’s previous office building was destroyed by a fire in 2009.",Loan,19091863.18991492
Security,58577,Egypt,2011,GOVERNMENT AND CIVIL SOCIETY,China Ministry of Commerce,Ministry of Interior (Egypt),MOFCOM provides EGP 80 million grant for Phase 1 of Egyptian Police Vehicles Project (Linked to Project ID#30705),"On September 28, 2011, the Chinese Ambassador to Egypt and the Egyptian Minister of Planning and International Cooperation signed an exchange of letters, which committed EGP 80 million of grant funding for Phase 1 of the Egyptian Police Vehicles Project. This project involved the supply of 400 four wheel drive vehicles from Chery Automobile Co., Ltd., 150 cars of an unspecified make and model, and 150 mini buses from Brilliance Auto to Egypt’s Ministry of Interior. The ultimate purpose of the project was to restore a set of vehicles to the Egyptian police force following the significant property damage that took place after the January 25th Revolution.  This project officially commenced on September 28, 2011. Then, a supply contract was issued on December 15, 2011.   An official equipment transfer certificate was issued on April 29, 2012. The equipment handover ceremony on the same day was attended by General Magdy El-Gohary, Head of Police Supplies at the Ministry of Interior of Egypt, and Chinese Commercial Counselor to Egypt, Ma Jianchun. Then, on August 29, 2012, China’s Ministry of Commerce extended a second grant for the provision of 300 police vehicles to the Egyptian Ministry of Interior, raising the total amount of donated vehicles to 1,000.",Grant,18820862.92911699
Security,69175,Trinidad and Tobago,2020,GOVERNMENT AND CIVIL SOCIETY,China Ministry of Commerce,Trinidad and Tobago Ministry of National Security,Chinese Government provides TT$100 million grant -- via January 2020 ETCA -- for Forensic Science Center Construction Project (Linked to Project ID#69011 and ID#95316),"On January 7, 2020, the Chinese Government provided a TT$100 million grant to the Trinidad and Tobago Ministry of National Security for the ongoing construction of the New Forensic Science Center in Mt. Hope. Grant funds were committed via an Economic and Technical Cooperation Agreement (ETCA) signed by the Minister of National Security and the Chinese Ambassador to Trinidad and Tobago (as captured via Project ID#95316).  The new building is expected to replace the current smaller one in St. James. The building is set to go up in two stages: first a new main forensic sciences building, and then a ""L-shaped"" DNA storage building. The new center is being constructed with the goal of alleviating personnel and infrastructure issues that have been plaguing the forensic department for some time.   The Trinidadians requested funding for the project from China after the Prime Minister visited a similarly Chinese-funded forensics center in Jamaica. As of January 2020, the project had not yet broken ground despite its proposed completion date by the beginning of 2020.   The 2020 grant represents additional funding for the project after the Chinese Government provided a $10 million dollar grant in 2018 (as captured via Project ID#69011).",Grant,18784669.69991817
Security,103981,Jamaica,2019,GOVERNMENT AND CIVIL SOCIETY,China Ministry of Commerce,Jamaica Ministry of Foreign Affairs and Foreign Trade (MFAFT),Chinese government provides USD 18 million grant of electronic office equipment and airport security scanners to Jamaica (Linked to Record ID #69489),"On November 21, 2023, the Chinese government donated airport security scanners and office equipment, including multifunctional printers, computers, laptops, and video conferencing systems, to the Government of Jamaica. The grant was valued at USD $18 million and would be used to enhance border security and furnish the office of the Jamaican Ministry of Foreign Affairs and Foreign Trade. The donations had been agreed upon in the Economic and Technical Cooperation Agreement signed on July 30, 2019, which is captured in Record ID #69489.",Grant,18683774.8363341
Security,88611,Sri Lanka,2019,GOVERNMENT AND CIVIL SOCIETY,Unspecified Chinese Government Institution,Sri Lanka Police,Chinese Government provides LKR 2.6 billion grant to Sri Lanka Police,"On May 14, 2019, the Chinese Government agreed to provide an LKR 2.6 billion grant to the Sri Lanka Police. It is unclear whether these funds were ever disbursed and how they were spent.   Following the Easter Sunday terrorist attacks on April 21, 2019, the Chinese Government provided various donations to the Government of Sri Lanka: 1) 10 police vehicles on May 8, 2019 (Project ID #71784) 2) 100 jeeps worth LKR 1.5 billion on May 14, 2019 (Project ID #91210) 3) LKR 2.6 billion grant on May 14, 2019 (Project ID #88611) 4) X-rays and metal detectors worth LKR 60 million on June 19, 2019 (Project ID #88629) 5) Security equipment work LKR 765 million on September 27, 2019 (Project ID #88635) 6) Police equipment worth unknown amount on December 5, 2019 (Project ID #71776)",Grant,18670000.13641752
Security,67088,Georgia,2019,TRADE POLICIES AND REGULATIONS,China Ministry of Commerce,Revenue Service of the Ministry of Finance (Georgia),Chinese Government provides a RMB 100 million grant—via 2019 ETCA—for the purchase of customs inspection systems in Georgia,"According to the Ministry of Foreign Affairs of Georgia, on February 13, 2019, the Chinese Government and the Government of Georgia signed an Economic and Technical Cooperation Agreement (ETCA), in which the Chinese Government committed RMB 100 million in grant funding. The Revenue Service of the Georgian Ministry of Finance will finance inspection systems for customs checkpoints using these grant funds. The primary purpose of the project was to implement an efficient security system within Georgian border customs and to avoid potential threats. ",Grant,18603595.75156669
Security,33061,Cambodia,2013,TRADE POLICIES AND REGULATIONS,China Ministry of Commerce,Government of Cambodia,Chinese Government provides $13.8 million grant — via ETCA — for the provision of 4 container scanners,"On May 31, 2013, Chinese Ambassador to Cambodia Pan Guangxue and Cambodian Deputy Prime Minister and Minister of Finance and Economy Ji Chun signed an exchange of letters on behalf of the Chinese and Cambodian governments in Phnom Penh, confirming that the Chinese government will present a batch of secure communications equipment to the Cambodian Ministry of Interior and the Ministry of National Defense.  On August 19, 2013, the signing ceremony of the 'Certificate of Delivery and Receipt of 4 Units of Container Scanning Machines Under the Economic and Technical Cooperation between The Royal Government of Cambodia and The Government's of the People's Republic of China' was held at Phnom Penh. Chinese Ambassador to Cambodia Bu Jianguo signed to provide the scanners to Cambodian Deputy Prime Minister and Finance Minister Keat Chhon at the Ministry of Economy and Finance. The four container scanning machines cost a total of 13.8 million U.S. dollars.  The port security equipment was already delivered to the Cambodian port of Sihanoukville on July 26, 2013, and mutual inspection has confirmed that they are in good condition.   China has provided security scanning equipment to Cambodia multiple times. A donation of one container scanner was given in 2007 (see ProjectID#32086), and another donation of three container scanners and other security equipment was given in 2012 (see ProjectID#33076).",Grant,17699570.3257898
Security,33076,Cambodia,2011,TRADE POLICIES AND REGULATIONS,China Ministry of Commerce,Government of Cambodia,Chinese Government provides $12.5 million grant for Security Inspection Equipment Project,"On July 23, 2010, Guangxue Pan, Chinese Ambassador to Cambodia, and Ji Chun, Deputy Prime Minister and Minister of Finance and Economics of Cambodia, signed an exchange of notes regarding a Security Inspection Equipment Project. Then, on October 16, 2011, the Chinese Government and the Government of Cambodia signed the more specific agreement: ""Exchange of Notes on the Establishment of 17 Sets of Security Inspection Equipment for Free"" with the Cambodian Deputy Prime Minister to provide the donation of X-Ray inspection equipment to Cambodia.  China’s Ministry of Commerce (MOFCOM) reportedly provided a $12.5 million grant for this project. The purpose of the project was to provide and install 17 baggage, body, and container scanners (seven full-body scanners, three large-scale baggage scanners and seven scanners for personal belongings) at security checkpoints in the run-up to a 2012 ASEAN meeting in Cambodia.  Nuctech Company Limited — known as Tongfang Vision Technology Co., Ltd. or 同方威视技术股份有限公司 — was the contractor responsible for implementation.  This project was officially completed and handed over to the local authorities on January 18, 2012.  The Chinese Government also provided grant funding for the provision of scanners in 2007 (see Project ID#32086) and 2013 (see Project ID#33061).",Grant,17479672.07731283
Security,64533,Jordan,2018,TRADE POLICIES AND REGULATIONS,China Ministry of Commerce,Government of Jordan,Chinese Government provides RMB 81.1 million grant for Customs Inspection Equipment Project (Linked to Project ID#64589),"On December 30, 2018, the Chinese Government and the Government of Jordan signed an exchange of letters, which committed RMB 81,100,000 (approximately $11,500,000) of grant funding for the Customs Inspection Equipment Project. This project involved the supply 10 sets of Chinese cargo and baggage X-ray scanners to Jordanian Customs. The scanners were assigned to each of Jordan's most important border crossings: Jaber-Nassib Border Crossing, Ar Ramtha Border Crossing,  Allenby Bridge Border Crossing,  Sheikh Housein Bridge Border Crossing, Wadi Araba Border Crossing, Al-Karamah Border Crossing, Umari Border Crossing, Mudawara Border Crossing, Durra Border Crossing, and Queen Alia International Airport.   On January 16, 2020 the inauguration ceremony for the equipment installation took place at Queen Alia Airport in Jordan where the Embassy of China officially handed over 10 sets of cargo and baggage X-ray scanners for Jordanian border crossings at the Jordanian Ministry of Planning and International Cooperation.  The purpose of the project was to increase Jordanian custom's capacity in inspection and customs clearance efficiency, help prevent smuggling and increase Jordanian national security.",Grant,15194744.96331063
Security,34024,Bangladesh,2006,GOVERNMENT AND CIVIL SOCIETY,China Ministry of Commerce,Government of Bangladesh ,Chinese Government gives RMB 50 million interest-free loan to support law enforcement activities (Linked to #34159),"On 24 April 2006, the Chinese Government signed an exchange of letters providing a 50 million RMB interest-free loan to the Government of Bangladesh. The loan intended to purchase equipment supporting Bangladesh's law enforcement apparatus; for areas such as criminal investigation, intelligence sharing, traffic management, cyber patrolling, personnel training, coastal and border security, fire service and civil defense, and in areas with shared interest such as terrorism, drug trafficking, and currency counterfeiting.   The government was supposed to purchase about 2,000 vehicles such as cars, jeeps, and motorbikes for the police department through the 2006 loan. However, it seems as if these funds were never spent and the terms were renegotiated in July 2009 (see Project #34159). ",Loan,14489571.62336544
Security,54613,Bolivia,2017,TRADE POLICIES AND REGULATIONS,China Ministry of Commerce, El Alto International Airport|Jorge Wilstermann International Airport|Viru Viru International Airport,Chinese Government provides RMB 73 million grant for customs inspection system in 2017 (linked to #71432),"On April 28, 2017, the Chinese and Bolivian governments signed letters of exchange outlining a grant of scanning equipment to Bolivian National Customs. The grant included 15 pieces of equipment worth in total 73 million RMB: 3 mobile vehicle container inspection equipment units, 10 baggage inspection units, and 2 human airport security inspection systems. It is funded through an Economic and Technical Cooperation Agreement (ETCA) signed on October 22, 2014, which granted a total of 80 million RMB (see linked Project ID#71432).  The equipment's purpose is to improve security, combat smuggling, and modernize customs. It will be used in the El Alto Airport (in La Paz), the Jorge Wilstermann International Airport (in Cochabamba), and the Viru Viru Airport (in Santa Cruz).   The equipment deliveries began September 20, 2017. The handover ceremony took place on December 18, 2017. Decree No. 3608 on June 27, 2018 confirms the donation of the inspection units described above and exempts them from import taxes.",Grant,14154047.73374366
Security,57876,Guinea-Bissau,2004,GOVERNMENT AND CIVIL SOCIETY,China Ministry of Commerce,Government of Guinea-Bissau,Chinese Government provides $5.35 million grant for Presidential Guard Dormitory Rehabilitation Project (Linked to Project ID#57383),"On May 26, 2004, the Chinese Ambassador to Guinea-Bissau Tian Guangfeng and Guinea-Bissau’s Minister of Foreign Affairs signed letters of exchange regarding the Presidential Guard Dormitory Rehabilitation Project. The estimated monetary value of the grant commitment from China’s Ministry of Commerce (MOFCOM) is $1.5 million.   The purpose of the project was to rehabilitate a housing complex for the Presidential Guard in Guinea-Bissau.   Hainan Provincial Construction Engineering Group was the contractor responsible for implementation  MOFCOM issued a construction contract to Hainan Provincial Construction Engineering Group on February 26, 2006. Construction contracts were also signed in Bissau on April 7, 2006 and May 10, 2006. Then, on July 4, 2007, the project was inspected by Guinea-Bissau’s Defense Minister and the Chinese Ambassador to Guinea-Bissau, Yan Banghua. The project was officially completed and handed over to the Government of Guinea-Bissau on June 4, 2008.",Grant,13854843.97483031
Security,87494,"Africa, regional",2012,OTHER SOCIAL INFRASTRUCTURE AND SERVICES,Unspecified Chinese Government Institution,African Union Commission,Chinese Government provides RMB 80 million grant to cover expenses of logistical materials supplied to the AU’s peacekeeping operations,"On November 7, 2012, the Chinese Government and the African Union Commission (AUC) signed an RMB 80 million grant agreement (‘protocol’) to cover the expenses of logistical materials supplied to the African Union’s peacekeeping operations. The agreement was signed at the African Union headquarters in Addis Ababa by Mr Erastus Mwencha, Deputy Chairperson of the AUC and Rear Admiral Guan Youafei for the Chinese side.",Grant,13743941.3409065
Security,54371,Tajikistan,2017,EMERGENCY RESPONSE,China Ministry of Commerce,Government of Tajikistan,"Chinese Government provides RMB 70 million grant for automobiles, munitions, and special technical equipment","In 2017, China committed to grant technical facilities worth 70 million RMB to Tajikistan to strengthen its capacity of emergency response. Committee of Emergency Situations and Civil Defense secured automobiles, munitions, and special technical equipment from China through an agreement under the United Nations Development Programme. It was estimated that Tajik authorities would begin to receive this assistance around September/October of 2017.  More than 100,000 people live in danger areas in Tajikistan, and 27 people have died in natural disasters in the first half of 2017. As of July, 2017, 284 areas in Tajikistan were considered dangerous for human habitation. Along with the project, the Committee will also receive $500,000 grant from Japan and $460,000 from Russia.   ",Grant,13572374.53920624
Security,52342,Afghanistan,2015,OTHER SOCIAL INFRASTRUCTURE AND SERVICES,China Ministry of Commerce,Government of Afghanistan,Chinese Government provides $10.4 million grant for equipping and training of border police,"In May 14, 2015, Afghani MoI General Noorul Haq Uloomi signed an agreement with Chinese authorities to allow Chinese experts to train officers of the Afghanistan Border Police in order to help them combat insurgents and drug trafficking in the area. The Chinese specialists also provided new detective equipment to the border police. The disbursed amount for the project was $10,470,000. ",Grant,13360006.06773995
Security,52649,Pakistan,2015,EMERGENCY RESPONSE,China Ministry of Commerce,Government of Pakistan,Chinese Government provides $10 million grant to support Internal Displaced Person Rehabilitation Program (Linked to Project ID#72697),"According to the Pakistani National Assembly records, in July 2015, the Chinese Government signed an agreement with the Government of Pakistan to provide a special cash grant to support the rehabilitation program for thousands of internally displaced persons (IDPs) who were affected by the military operation in Pakistan's northwestern restive tribal region. The agreement, involving a grant of $10 million, was signed by Chinese Ambassador to Pakistan Sun Weidong and Secretary of Pakistan's Economic Affairs Division Muhammad Saleem Sethi in Islamabad. The grant funds were used to support efforts to rehabilitate people of Federally Administered Tribal Areas (FATA) and promote social development. The special assistance that was earmarked for the rehabilitation of IDPs was recorded by the Government of Pakistan as 'fulfilled'. $5 million was received in September 2015 and the remaining $5 million in April 2016.",Grant,12760273.22611266
Security,34440,Nepal,2013,GOVERNMENT AND CIVIL SOCIETY,People's Liberation Army of China,Nepali Army (NA) (Gorkhali Army) (Royal Nepali Army),PLA provides RMB 59 million grant for acquisition of two mobile hospital units (Linked to Project ID#34439),"In July 2013, the Chinese People's Liberation Army (PLA) and the Nepali Army (NA) signed an RMB 59 million (Rs 917 million) grant agreement (‘protocol’) for the acquisition of two mobile hospital units. This agreement was signed by between Nepal’s Chief of Army Staff Gaurav Shumsher Rana and his Chinese (PLA) counterpart Fang Fenghui, during the former's visit to China's People's Liberation Army (PLA) general staff headquarters in Beijing.  The mobile hospital units were to be used in times of disaster to provide medical assistance to victims on location, as they are easy to transport and set up.   The two hospitals, which were outfitted with emergency beds, a critical care holding area, a fully digital X-ray unit, a small lab, a blood bank and operating rooms, can accommodate between 26 and 50 patients at a time. The mobile hospital units also contain surgical processing units with autoclave, surgical equipment disposal unit, a central medical supply with stores and an administrative with command control unit. The two mobile hospital units were successfully delivered to the NA on April 27, 2015.  This project is linked to project #34439, in which the Chinese Government committed Rs 778 million for military assistance during the same visit.",Grant,12307030.84006771
Security,91210,Sri Lanka,2019,GOVERNMENT AND CIVIL SOCIETY,Unspecified Chinese Government Institution,Sri Lanka Police,Chinese Government provides 100 jeeps worth LKR 1.5 billion to Sri Lanka Police,"On May 14, 2019, the Chinese Government agreed to ""immediately release"" 100 jeeps worth LKR 1.5 billion and other unspecified equipment to the Sri Lanka Police. It is unclear when exactly these donated goods were delivered to the Sri Lanka side.   Following the Easter Sunday terrorist attacks on April 21, 2019, the Chinese Government provided various donations to the Government of Sri Lanka: 1) 10 police vehicles on May 8, 2019 (Project ID #71784) 2) 100 jeeps worth LKR 1.5 billion on May 14, 2019 (Project ID #91210) 3) LKR 2.6 billion grant on May 14, 2019 (Project ID #88611) 4) X-rays and metal detectors worth LKR 60 million on June 19, 2019 (Project ID #88629) 5) Security equipment work LKR 765 million on September 27, 2019 (Project ID #88635) 6) Police equipment worth unknown amount on December 5, 2019 (Project ID #71776)",Grant,10771153.92485629
Security,52446,Malawi,2016,EDUCATION,China Ministry of Commerce,Government of Malawi,"Chinese Government provides $8 million interest-free loan via ETCA for education and police projects (Linked to Project iD#52348, #57910, #69223)","On January 21, 2016, the Chinese Government and the Government of Malawi signed letters of exchange for three separate projects: five community technical colleges (Project ID#57910), Mzuzu Youth Centre (Project ID #69223), and procurement of police vehicles (Project ID #57775).  Through these agreements, the Chinese Government signed letters of exchange for a soft loan of $8 million USD to support the five community technical colleges in Mzimba, Ntcheu, Zomba, Mulanje, and Nsanje districts. In addition to the loan, Chinese Government provided a $16 million grant to Malawi for the same project (Project ID #52348). The five community technical colleges project entered implementation on November 24, 2018. The contractor responsible for project implementation is China Railway 14th Bureau Group Co., Ltd. Around September 9, 2021, the company announced the completion of the project.",Loan,10740597.80802861
Security,36031,Bolivia,2011,WATER SUPPLY AND SANITATION,Unspecified Chinese Government Institution,Bolivia Armed Forces,Bolivian Army Construction Command Receives 49 million RMB Grant of Water Drilling Equipment from China,"On August 8, 2011, the Chinese government signed letters of exchange for the donation of 15 water well drilling equipment trucks and accessories, including 20 containers and 6 air compressors, worth a total of 49 million RMB. The donation occurred through the framework of two Economic and Technical Cooperation Agreements (ETCAs), one signed December 30, 2009 and the other signed December 30, 2010, which provided grants (""donaciones no reembolsables"")._x000D_ _x000D_ The equipment was then allocated for the provision of water in different communities. The president delivered the 15 rigs wells to the Corporation of the Armed Forces for Development (COFADENA) on May 28, 2012. These water drilling pieces of equipment will aid the program 'My Water', which is to supply drinking water to rural communities for drinking and irrigation.",Grant,10599380.19834393
Security,31452,Zambia,2013,HEALTH,Unspecified Chinese Government Institution,Government of Zambia,Chinese Government grants $8 million USD for provision of military and medical equipment,"On September 25th, 2013, the Chinese government signed a grant agreement providing $8 million USD (42.2 million ZK) to the Government of Zambia in the form of medical and military equipment to be used to upgrade military hospitals countrywide. Chinese Ambassador to Zambia Zhou Yuxiao explained that the delivery of the equipment would occur in three phases over the course of three years. It is unclear whether these goods were ever delivered.",Grant,10260620.47871874
Security,64774,Fiji,2018,TRADE POLICIES AND REGULATIONS,Unspecified Chinese Government Institution,Government of the Republic of Fiji ,Chinese Government grants FJD 17 million for Port Security Inspection Scanner Project,"On June 12, 2019, the China-aided Port Security Inspection Scanner Project was commissioned at the Port of Suva (the project is also known as Non-Intrusive Inspection Equipment or Seaport and Airport Security Inspection System Project or 援助斐济口岸安全扫描设备 ). The equipment was worth FJD 17 million. The project is meant to enhance Fijian border security capabilities.   According to the release from the Ministry of Commerce, Nuctech Co., Ltd is the provider of the equipment. On August 29, 2018, a Chinese government team visited Nuctech (also known as ""Tongfang Weishi Technology Co., Ltd."") to carry out delivery inspection and investigation of the security inspection and scanning equipment. The project materials were scheduled to be shipped from Tianjin in early September 2018 and arrive in Fiji in mid-October 2018. ",Grant,10124420.5947714
Security,69434,Peru,2016,GOVERNMENT AND CIVIL SOCIETY,China Ministry of Commerce,Peru Ministry of Defense (Ministerio de Defensa) (MINDEF),Chinese Government donates humanitarian de-mining and natural disaster response equipment worth RMB 50 million,"On December 15, 2016, the Deputy Minister of Defense Policy, Ambassador Librado Orozco Zapata, and the Ambassador of the People's Republic of China in Peru, Jia Guide, signed a formal agreement wherein China granted the Peruvian Ministry of Defense 50 million RMB (around USD$8 million) in military assistance._x000D_ _x000D_ On November 23, 2017, Minister of Defense Jorge Nieto Montesinos and the ambassador of the People's Republic of China, Jia Guide signed a protocol agreement to formally materialize the 50 million RMB in the form of equipment with dual-use properties, to be used both for military activities and for humanitarian de-mining and natural disaster response. This is one of many projects China has undertaken to enhance natural disaster response in Peru (see #71714). _x000D_ _x000D_ On January 8, 2019, these materials were delivered to the General Headquarters of the Army of Peru in San Borja, Lima, Peru, alongside 70 million RMB worth of transportation vehicles and other military supplies (see Project ID#69437). The equipment provided in this grant went to the Peruvian Army specifically. The President of Peru and the Joint Command of the Armed Forces were in attendance at the delivery ceremony. _x000D_ _x000D_ The delivery included the following: _x000D_ - Humanitarian de-mining equipment: 30 sets of BD2010 explosives deactivation suits, 30 sets of BDUC05 cable detector kits, 30 sets of ALBPG frequency interface instruments, 30 sets of GTL511 mine detection equipment and 30 mine detection toolkits. _x000D_ - Equipment for natural disasters: 15 sets of LTD-90B life-detecting equipment, one GQL111 bridge-launch vehicle system (which consists of 5 bridge-throwing vehicles), 15 sandbagging machines for flood control and 2 all-terrain off-road vehicles.",Grant,10102040.43729368
Security,65720,Philippines,2016,GOVERNMENT AND CIVIL SOCIETY,China Ministry of Commerce,Government of the Philippines,Chinese Government provides RMB 50 million grant - through October 2016 ETCA - for provision of law enforcement equipment to Philippine National Police and Philippine Drug Enforcement Agency (Linked to Project ID#63923 and #63926),"On October 20, 2016, China signed an ETCA for an RMB 100 million grant, RMB 50 million of which was allocated to procure law enforcement equipment for the Philippine National Police and the Philippine Drug Enforcement Agency. The agreement was signed by Philippine Finance Secretary Carlos Dominguez III and Chinese Commerce Minister Gao Hucheng in the presence of President Duterte and Chinese President Xi Jinping at the Great Hall of the People. The current status of this project is uncertain, as the handover date of this equipment could not be found.  The other RMB 50 million provided for in the ETCA was allocated for the construction of two drug rehabilitation centers, one in Agusan del Sur Province (recorded in project #63927), and one in Sarangani Province (recorded in project #63928). This project is linked to its funding RMB 100 million grant through an ETCA (recorded in project #63923) and the RMB 50 million allocated for the two drug rehabilitation facilities (recorded in project #63926).",Grant,10102040.43729368
Security,72539,Cameroon,2018,UNALLOCATED/UNSPECIFIED,Unspecified Chinese Government Institution,Cameroon Defense Forces ,Chinese Government grants 4.5 billion francs CFA of military equipment to the Cameroon Defense Forces ,"On 18 July 2018, the Chinese Ambassador to Cameroon, Wang Yingwu and Cameroon's Minister of Defense, Joseph Beti Assomo, signed a military assistance agreement worth 4.5 billion francs CFA (approximately USD7.9 million).  The type and quantity of military equipment to be supplied Cameroon by China will be determined by Cameroonian officials based on their needs; the Cameroonian government will be responsible for the transportation costs. The purpose of the grant was to assist the Cameroon defense forces and reinforce their capacities in peacekeeping and security operations in the region. Implementation of the agreement is expected to last five years.",Grant,10034580.23217787
Security,60141,Burkina Faso,2018,GOVERNMENT AND CIVIL SOCIETY,China Ministry of Commerce,Government of Burkina Faso,Chinese Government provides RMB 50 million for defense and security as part of September 2018 ETCA (linked to #67266),"In September 2018, an RMB 50 million agreement was signed between Burkina Faso and China for defense and security projects, although the exact allocations are unspecified. The agreement was part of a 3-year Economic and Technical Cooperation Agreement (ETCA) signed September 2019, totaling 1.2 billion RMB (see linked ProjectID#67266).",Vague,9367906.882435707
Security,40723,Costa Rica,2007,GOVERNMENT AND CIVIL SOCIETY,China Ministry of Commerce,Costa Rica Ministry of Public Security,Chinese government donated 200 police cars and other technical services to Costa Rica through ETCA,"On May 6, 2008, a Colombian official affirmed that the Chinese government had promised to donate 200 police cars worth 4,211,532 USD to Costa Rica's Ministry of Public Security, the recipient agency. On February 6, 2009, the handover ceremony of those 200 police cars occured. According to Costa Rica's Ministry of Planning and Economic Policy, under the project name ""Contrato de Suministro de Vehículos a la Policía de Costa Rica,"" the People's Republic of China donated the 200 police cars, 288 packages of spare parts, and the dispatch of a technical group of nine people to Costa Rica for post-sale technical service in total for this donation.   According Costa Rica's Ministry of Planning and Economic Policy, the contribution from the Chinese Government (the cars, parts, and technical team) was worth 4,211,532 USD. The Costa Rican Ministry of Governance and Police (Ministerio de Gobernación y Policía de Costa Rica) provided counterpart financing of 5.378,00 USD for project execution. In total, the project cost was 4,216,910 USD. 	 This donation was financed through an Economic and Technical Cooperation Agreement (ETCA) signed between the People's Republic of China and the Government of Costa Rica on October 24, 2007.",Grant,8615798.879898429
Security,38528,Myanmar,2012,GOVERNMENT AND CIVIL SOCIETY,Unspecified Chinese Government Institution,,China grants Myanmar 40 million yuan for Mekong River Security Cooperation Project,"In 2012, China committed 40 million yuan for the Security Cooperation Project for the Mekong River. The two countries signed an agreement under the Economic and Technical Cooperation. Start and end dates are as claimed by original source.",Grant,8464460.26799815
Security,36402,Togo,2014,GOVERNMENT AND CIVIL SOCIETY,China Ministry of Defense,Government of Togo,China donates 3 billion CFAF worth of trucks and military engineers to Togolese Army,"On June 7, 2014, the Chinese Ministry of Defense held a ceremony for the donation of 3 billion CFAF worth of trucks and military engineers to the Togolese Army. The ceremony was attended by Liu Yuxi, the Chinese Ambassador to Togo. The donation aims to equip the Togolese Army to better respond to disasters such as flooding and plague, and assist in building schools and roads. ",Grant,7804357.124290989
Security,71152,Pakistan,2017,GOVERNMENT AND CIVIL SOCIETY,China Ministry of Commerce,Government of Pakistan,Chinese Government grants RMB 40.2 million to Pakistan's Ministry of Interior for the provision of security equipment,"On August 13, 2017, the Chinese Government signed an agreement for a grant of 40.2 million RMB to the Government of Pakistan. The grant was designated for the Ministry of Interior for purchasing security equipment. The project number, as noted by the Economic Affairs Division is ""CHINA-17-SECEQP.'_x000D_ _x000D_ The official closing date for the financing of the project is August 31, 2018. ",Grant,7794420.806801299
Security,1119,Mozambique,2005,GOVERNMENT AND CIVIL SOCIETY,Unspecified Chinese Government Institution,Government of Mozambique,Chinese Government provides police equipment to Mozambique’s Ministry of Interior worth $3 million,"On March 2, 2005 the Mozambican Interior Ministry received a donation from China, valued at three million US dollars, intended to boost the capacity of the police force. The donation included 300 motorbikes, 500 helmets, bullet- proof jackets, and masks for the riot police, 100 large tents, with a capacity ranging from 36 to 100 people, 5,000 police uniforms, 6,000 torches for the traffic police, 25 computers, 15 fax machines, and even equipment for the police band. The donation results from an agreement on economic and technical cooperation signed between the two countries in Beijing in April 2004.   The donation was gifted at a handover ceremony in Maputo.  The handover certificates were signed by Minister José Pacheco and Ambassador Hong Hong.  ",Grant,7402665.955533855
Security,66076,Bosnia and Herzegovina,2017,GOVERNMENT AND CIVIL SOCIETY,China Ministry of Commerce,Government of Bosnia-Herzegovina,Chinese Government provides RMB 30 million grant for provision of customs inspection equipment to Border Police (Linked to #73250),"On September 13, 2017, the Chinese Government and the Government of Bosnia-Herzegovina signed an exchange of notes, which committed RMB 38 million of grant funding for the provision of customs inspection equipment. RMB 30 million of the grant proceeds were drawn from an Economic and Technical Cooperation (ETCA) that the parties signed on the same day. The remaining RMB 8 million was drawn from an ETCA that the parties signed on September 17, 2015.   The purpose of this project was to provide customs inspection equipment to the Border Police of Bosnia and Herzegovina for use at international airports in BiH. It also involved training for the police officers who will operate the equipment and support for the maintenance of the equipment (see Project ID#73250). Nuctech Company Limited was the contractor responsible for implementation. The project was officially completed and handed over to the BiH Border Police on November 13, 2018.",Grant,7367860.464140533
Security,54731,Costa Rica,2018,GOVERNMENT AND CIVIL SOCIETY,Unspecified Chinese Government Institution,Costa Rica Ministry of Public Security,Chinese Government donates ₡3.3 billion grant to Costa Rica's Ministry of Public Security to facilitate its acquisition of telecommunications and police protection equipment,"On November 5, 2018, Costa Rica's Ministry of Public Security and the People's Republic of China signed a grant agreement worth ₡ 3,378,046,534. The grant proceeds were to be used by Costa Rica's Ministry of Public Security to purchase telecommunications and police protection equipment. The donation was originally expected to be delivered during the first half of 2019. ",Grant,7244346.515130178
Security,42220,Belarus,2010,TRADE POLICIES AND REGULATIONS,China Ministry of Commerce,Government of Belarus,Chinese Government provides $4.4 million grant for provision and installation of relocatable customs inspection system,"On March 24, 2010, the Chinese Government and the Government of Belarus signed a $4.4 million grant agreement for the provision and installation of a relocatable customs inspection system. SCC head Alyaksandr Shpilewski and Gao Hucheng, China's vice minister of commerce, signed the agreement.   This project involved the provision and installation of non-intrusive customs inspection equipment for vehicles and containers passing through the Kozlovichi checkpoint (managed by Brest customs). The Chinese Government agreed to install the equipment and provide training to 24 Belarusian officers who would operate and maintain the equipment (18 operators and 6 service engineers for maintenance). The ultimate purpose of the project was to combat international terrorism and smuggling of weapons, drugs, cigarettes, alcoholic beverages and other goods.   On March 1, 2011, the implementation contractor was signed between the National Customs Committee of Belarus and China Nuctech Company Limited. Nuctech Company Limited was the contractor responsible for implementation. Its work was overseen by Brest customs and Minsk Central Customs. This project was officially completed and handed over to the local authorities on February 12, 2012.",Grant,6967534.314401423
Security,37880,Cook Islands,2004,GOVERNMENT AND CIVIL SOCIETY,China Ministry of Commerce,Government of Cook Islands,Chinese Government provides NZD 4 million grant for Police Headquarters Construction Project (linked to #69560),"In 2004, China’s Ministry of Commerce (MOFCOM) agreed to provide a NZD 4 million ($2.8 million) grant to the Government of the Cook Islands for the Police Headquarters Construction Project. The purpose of this project was to construct a new Police Headquarters building in downtown Avarua (exact locational coordinates: -21.206014, -159.777827) behind an already existing police station. China Civil Engineering Construction Corporation was the contractor responsible for implementation. In October 2004, a seven-member team from China — including an architect, structural engineer, quantity surveyor, reconnaissance, a Ministry of Commerce official and a translator — arrived in Rarotonga to undertake preliminary planning and design work related to the Police Headquarters Construction Project. The old police station was vacated in February 2006 in order to allow for the construction of the new building to take place.   Construction commenced in May 2006 and the project passed a mid-term MOFCOM inspection in November 2006. The project was officially completed and the new police station was handed over to the local authorities on March 30, 2007. The sponsor (China’s Ministry of Commerce) conducted an on-site, post-project inspection in November 2007 and December 2007. However, in 2014, it was reported that the police station required extensive repairs. The Chinese Government provided a grant to repair the building and several other government buildings in 2017 (as captured via Project ID#64019). According to Cook Islands Finance Minister Mark Brown, it was a major repair job because China’s previous construction work was ‘substandard’. ",Grant,6869116.482281709
Security,35728,Ecuador,2002,OTHER MULTISECTOR,China Ministry of Commerce,"Ecaudor Office of the Vicepresident|Ecuador Ministry of Agriculture and Livestock|Ecuador Ministry of Economy and Finance|Ecuador Ministry of Education|Ecuador Ministry of Foreign Affairs and Migration|Ecuador Ministry of Production, Foreign Trade, Investments and Fisheries|Ecuador Ministry of Tourism|Ecuador Ministry of Transportation and Public Works|Ecuador Rural Social Security (SSC)|Metropolitan Public Cleaning Company of Quito (Emaseo EP)|Municipal Government of Cotacachi (Ecuador)|Municipal Government of Echeandia (Ecuador)|Municipal Government of Francisco de Orellana (Ecuador)|Municipal Government of Salitre (Ecuador)|Municipal Government of Suscal (Ecuador)|Riobamba Higher Technological Institute (Ecuador)|Santísimo Sacramento School",Chinese government grants computers and agricultural equipment worth 20 million RMB to Ecuador through ETCA,"On September 30 and October 16, 2002, representatives of the governments of China and Ecuador signed and countersigned Letters of Exchange, in which the former agreed to provide the latter equipment worth 20 million RMB (about 2.5 million USD). The grant would be funded through an Economic and Technical Cooperation Agreement (ETCA) signed on May 15, 2001. The full amount provided in this ETCA was used for this project, with banking procedures handled by the Bank of China and Central Bank of Ecuador.   The grant specifically consisted of 120 agricultural tractors (Jimna brand, model JM404); 215 computers (Taiji brand, Pentium 4, including CPU monster, keyboard, mouse, and speakers); 215 printers (laser jet 1000); 23 yellow Steyr dump trucks (model 1291.260/K38/4X2NA); and one school bus (Golden Dragon brand, model XML61000A2, year 2002), to be transported to the port of Guayaquil. Additionally, per the Letters of Exchange, two technical teams from China were to arrive in Ecuador to guide the installation and readjustment of the tractors (for a period of 30 days) and dump trucks (for a period of 20 days).   The handover certificate was signed on July 13, 2003 in Quito.   The beneficiaries of the project were varied. All of the tractors went to the Ministry of Agriculture and Livestock (Ministerio de Agricultura y Ganadería). The school bus went to the Riobamba Higher Technological Institute (Instituto Superior Tecnológico Riobamba).  Of the computers and printers, 30 of each went to the Office of the Vice-presidency, 60 of each to the Ministry of Foreign Relations, 35 of each to the Ministry of Economy and Finances, 30 of each to the Ministry of Foreign Trade, Industrialization, and Fishing, 20 of each to the Rural Social Security (Seguro Social Campesino), 5 of each to the Ministry of Public Works, 5 of each to the Ministry of Education and Culture, 4 of each to the Ministry of Tourism, 5 of each to the Municipality of Cotacachi, 4 of each to the Municipality of Suscal (Cañar), 4 of each to the Municipality of Salitre (Guayas), 2 of each to the Municipality of Echeandia (Bolivar), 2 of each to the Municipality of Orellana (Orellana), 2 of each to the Prefecture of Sucumbios (Nueva Loja), 2 of each to the Municipality of El Chaco (Napo), 2 of each to the Municipality of Tena (Napo), 2 of each to the Municipality of Nabon (Azuay), and 1 of each to the Santísmo Sacramento School (Imbabura).   Of the dump trucks, 4 went to Empresa Emaseo, 1 to the Provincial Council of Carchi, 1 to the Provincial Council of Imbabura, 1 to the Provincial Council of Napo, and 1 to each of the following Municipalities: Napo, Zamora, Esmeraldas, Portovelo (El Oro), Morona Macas, Pelileo (Tungurahua), Daule, Marcelino Mariduena (Guayas), Loja, Puyango (Loja), Atahualpa (El Oro), Cañar, Tosagua (Manabi), Orellana, Guano (Chimborazo), and Milagro.",Grant,6866917.249688456
Security,38803,Nepal,2010,GOVERNMENT AND CIVIL SOCIETY,Unspecified Chinese Government Institution,,China donates security equipment to Nepal,"In July 2010, China agreed to donate security equipment to the police services worth 26 million RMB (3,831,135 USD) to Nepal. It appears that the grant is intended primarily to strengthen monitoring of the Tibetan community in Nepal and security along the borders with China’s Tibet Autonomous Region. In June 2013, the equipment was disbursed to Nepal. The total commitment amount is $3,831,135, and the actual disbursement amount is $4,241,228 (Updated January 2019). _x000D_ ",Grant,6716114.0057273
Security,54610,Barbados,2015,OTHER SOCIAL INFRASTRUCTURE AND SERVICES,People's Bank of China (PBC),Government of Barbados,[China Co-Financing Fund] IDB administers $5 million loan from CHC for Strengthening Human and Social Development in Barbados Project,"On December 18, 2015, the Inter-American Development Bank (IDB) signed two loan contracts with the Government of Barbados for the Strengthening Strengthening Human and Social Development in Barbados Project: a $5 million loan that IDB issued from its ordinary capital (Loan 3542/OC-BA), and a $5 million loan from the People's Bank of China (Loan 3542/CH-BA) via the China Co-Financing Fund for Latin America and the Caribbean (CHC). The $10 million of loan financing authorized by IDB was designed cover the total project cost. The IDB approval date for this loan financing was September 21, 2015, and it refers to this project as ‘BA-L1032 : Strengthening Human and Social Development in Barbados’. The CHC loan carries the following borrowing terms: a 25-year maturity, a 5.5-year (66-month) grace period, a 0.75% commitment (credit) fee, no management fee, and an annual interest rate of 3-month LIBOR plus a 0.5% funding margin (also known as the ‘Bank’s Cost of Funding’) and a 1.15% IDB lending spread.   As of June 2021, the IDB and CHC loan had jointly achieved a 29.71% disbursement rate (with $2,971,470.78 being disbursed and $7,028,529.22 not yet being disbursed). The project’s executing agency is the Ministry of Social Care, Constituency Empowerment and Community Development of the Government of Barbados.   The project is intended to increase financial security through access to job training and employment, especially for poorer families. The $10 million loan was to be used for a broad swathe of initiatives including creating a Management Information System for the government that will improve internal communication and accountability. It will also be used to promote health and human capital among 2,000 Barbadians through daycare services, school meals, school textbooks and uniforms, remedial learning courses, and selected health promotion services. Additionally, the program will seek to aid 8,000 more Barbadians through job counseling services, better local labor market information, and offering demand-driven technical training courses for unemployed youths.   The Barbados Information Service indicated in February 2017 that the project was being implemented.",Loan,6380136.613056342
Security,59169,Ecuador,2016,EMERGENCY RESPONSE,China Ministry of Defense,Ecuador Armed Forces (FFAA)|Ministerio de Defensa Nacional (Ecuador),Chinese Defense Ministry grants disaster relief materials worth 30 million RMB through Free Military Assistance Agreement (linked to #36026),"On June 17, 2016, the Chinese Ministry of Defense and the Ministry of Defense of Ecuador signed a Free Military Assistance Agreement, which provided a grant of disaster relief materials worth 30 million RMB (about 4.8 million USD), to be used by Ecuador's Armed Forces to mitigate the effects of the April 16, 2016 earthquake.   On August 15, 2016, the Chinese Government delivered the aid package to the 5th Brigade of the Ecuadorian army in Guayaquil. It consisted of 300 tents, 3,000 folding beds, 3,000 mattresses, 200 fans, 300 water tanks, 300 diesel electricity generators, 3 shower containers, and 3 multifunction purifier trucks.  On the same day, August 15, 2016, a separate grant for Ecuador's Armed Forces was also delivered (see project #36026).  ",Grant,6061224.262376207
Security,91390,Argentina,2021,HEALTH,Unspecified Chinese Government Institution,Argentine Army,Chinese Government donates field hospital worth USD 5 million to Argentine Army,"On January 18, 2021, the Chinese Ambassador to Argentina, Zou Xiaoli, and Argentine Minister of Defense, Agustín Rossi, met to discuss the donation of a mobile field hospital to the Argentine Army. On February 10, 2021, the hospital arrived at the port of Zárate. It is a KANGFEI brand model BLAT30EX14V equipped with an operating room, dental offices, radiology laboratory, water plant, and other medical services; it is worth approximately USD 5 million. Also included in this donation were four tents for the patient room, 90 VHF portable radios and 15 VHF backpack radios.   The hospital's place of deployment was not yet determined at the time of its arrival in Argentina.",Grant,5685000.0
Security,54984,Bolivia,2017,GOVERNMENT AND CIVIL SOCIETY,Unspecified Chinese Government Institution,Bolivia Ministry of Government,Chinese Government donates 570 video cameras to Bolivian Police Force (Linked to Project ID#54576),"On May 31, 2017, the Chinese government donated 570 videocameras to the Bolivian police force to strengthen its ability to monitor the cities of La Paz, El Alto, Cochabamba and Santa Cruz. An event took place for the ""unconditional donation"" at the Government Palace attended by Bolivian President Evo Morales and Chinese Ambassador Wu Yunshuan.   Bolivian Government Minister Carlos Romero said during the ceremony that the new cameras represent a 30 percent increase - to 2,325 - of such devices in use in the country. Camera installation is not supposed to replace police patrolling, but contribute to the monitoring system of Bolivia. 270 of the cameras will go to El Alto, and were handed over by the Bolivian Ministry of Government on June 7, 2017.  ",Grant,5502875.635037959
Security,88635,Sri Lanka,2019,TRADE POLICIES AND REGULATIONS,Unspecified Chinese Government Institution,Government of Sri Lanka,Chinese Government provides security equipment worth 765 million LKR to Sri Lanka,"On September 27, 2019, the Chinese government handed over security equipment to the Sri Lankan government at the Presidential Secretariat in Colombo. The equipment is worth LKR 765 million and includes 500 hand-held metal detectors, 25 walk-through safety inspection gates, 50 x-ray security inspection systems, 25 hand-held vehicle scanners, 3 explosive detectors (range of 3km), and 3 narcotics trace detectors. A technical team will also be sent to Sri Lanka for installation and training.   Following the Easter Sunday terrorist attacks on April 21, 2019, the Chinese Government provided various donations to the Government of Sri Lanka: 1) 10 police vehicles on May 8, 2019 (Project ID #71784) 2) 100 jeeps worth LKR 1.5 billion on May 14, 2019 (Project ID #91210) 3) LKR 2.6 billion grant on May 14, 2019 (Project ID #88611) 4) X-rays and metal detectors worth LKR 60 million on June 19, 2019 (Project ID #88629) 5) Security equipment work LKR 765 million on September 27, 2019 (Project ID #88635) 6) Police equipment worth unknown amount on December 5, 2019 (Project ID #71776)",Grant,5493288.501676708
Security,97409,Costa Rica,2021,GOVERNMENT AND CIVIL SOCIETY,Unspecified Chinese Government Institution,,China donates CRC $3 billion in equipment to the Costa Rican Ministry of Public Security,"On February 22, 2021, the Chinese Ambassador to Costa Rica Tang Heng and the Costa Rican president Alvarado attended a ceremony in which logistical materials were donated to the Costa Rican Ministry of Public Security. These materials included one hundred new CFMoto brand 2020 model police motorcycles, two thousand helmets, five hundred anti-ballistic vests and shields, two thousand sets of personal protective equipment and one hundred anti-explosive blankets. The motorcycles came equipped with police supplies, as well as basic spare parts and equipment such as boots and jackets, with a three-year or 50,000-kilometer guarantee. Each motorcycle was worth CRC $9 million, and the total value of the donation is CRC $3 billion.  This donation is part of an extensive list of bilateral cooperation projects that China and Costa Rica have undertaken after the establishment of diplomatic relations in June 2007.",Grant,5487981.465392403
Security,66989,Ghana,2018,GOVERNMENT AND CIVIL SOCIETY,Unspecified Chinese Government Institution,Ghana Ministry of the Interior,Chinese Government donates 100 police vehicles worth $4.33 million to Ghana's Ministry of Interior,"According to Ghana's Development Co-operation Management Information System (Gh-DCMIS), the Chinese Government and Ghana’s Ministry of Interior signed a $4,334,356.04 grant agreement on September 3, 2018. The grant proceeds were earmarked for the provision of 100 police vehicles to Ghana's Ministry of Interior to assist with capacity building in law enforcement, which is captured by this project entry.     The vehicles were officially delivered to the Ghanaian authorities on December 23, 2019. The delivery ceremony was attended by Chinese Ambassador to Ghana, Wang Shi Ting, Ghanaian President Nana Addo Dankwa Akufo-Addo, Ghanaian Interior Minister Ambrose Dery, Ghana's Inspector General of Police James Oppong-Boanuh, among other officials and media representatives. The Gh-DCMIS identifies September 3, 2018 and December 31, 2020 as the originally expected project commencement and completion dates, respectively. ",Grant,5370957.004135636
Security,57775,Malawi,2016,GOVERNMENT AND CIVIL SOCIETY,China Ministry of Commerce,Government of Malawi,Chinese government grants 100 vehicles worth $4 million to Malawi Police ,"On May 18, 2016, the Chinese and Malawi governments signed an Economic and Technical Cooperation Agreement (ETCA) for the provision of police vehicles to Malawi. This agreement granted 100 vehicles, including pick-ups, sedans, SUVs and buses, worth $4 million to the Malawi Police, according to the MOFCOM source. On December 11, 2017, the Chinese government handed over the vehicles to the Malawi Police Service. Donated vehicles include two buses, three lorries, 10 minibuses, 10 station wagons, 15 saloons and 60 pickups._x000D_ _x000D_ On October 22, 2015, the Chinese government initially pledged to grant $2 million for the procurement of 100 police vehicles. However, the grant amount outlined in the Embassy article clearly states that $4 million was granted for the vehicles.",Grant,5370298.904014299
Security,100436,Samoa,2022,GOVERNMENT AND CIVIL SOCIETY,Unspecified Chinese Government Institution,Government of Samoa,China provides $5.36 million USD for the construction of Samoa's first Police Academy ,"On October 27, 2022, Samoa announced that the construction of its first Police Academy started and would be completed in 18 months. The academy is funded by the Chinese Government at an estimated cost of over $15 million tala ($5.36 million USD) and the Samoa Government at a cost of $1 million tala.  A groundbreaking ceremony was held for the start of academy construction on the site at Tafa'igata, an old prison. Police and Prison Minister Faualo Lefau Harry Schuster, Prime Minister Fiame Naomi Mataʻafa, and China’s Ambassador to Samoa Chao Xiaoliang attended the ceremony and delivered speeches.   The academy is estimated to be completed by mid-2024. The project includes construction of both functional buildings and auxiliary facilities.",Grant,5328491.34238032
Security,31326,Liberia,2014,"INDUSTRY, MINING, CONSTRUCTION",Unspecified Chinese Government Institution,Armed Forces of Liberia,China donates road-building equipment worth $4 million USD Liberia (Linked to #35259),"On February 26, 2014, the Chinese government donated $4 million USD worth of road-building equipment to the 1st Engineering Company of the Armed Forces of Liberia (AFL). The equipment included ten trucks, several bull-dozers, caterpillars, mixers, and excavators among others.  According to Chinese Ambassador Zhang Yue, under the protocol signed between China and Liberia, the Chinese Government will also send a team of engineering experts to Liberia. The team was supposed to arrive in Liberia in March 2014 to train the AFL engineering personnel on how to use their new equipment (see Project ID #35259).   ",Grant,5035069.112445801
Security,87633,Cambodia,2001,GOVERNMENT AND CIVIL SOCIETY,Unspecified Chinese Government Institution,Government of Cambodia,Chinese Government provides $1.7 million grant for Preah Ket Mealea Military Hospital Renovation Project (Linked to Project ID#32020),"On February 13, 2001, China’s Ministry of Defense and the Cambodian Ministry of Defense signed an RMB 30 million ($3.7 million) grant agreement (see Project ID#32020). Then, on May 8, 2001, the Government of Cambodia announced that the Chinese Government had agreed to earmark $1.7 million of the grant proceeds for the renovation of the Preah Ket Mealea Military Hospital (មន្ទីរពេទ្យ​ព្រះកេតុ​មាលា:) in the capital city of Phnom Penh. The project involved the procurement of construction equipment in order to renovate the five-story building and improve nearby drainage and roads. Construction was slated to begin in November 2001, according to Co-Minister of Defense Prince Sisowath Sirirath. The project was ultimately completed in 2005. In 2007, four Chinese medical experts were dispatched to the hospital (as captured via Project ID#62711).",Grant,4860350.050633179
Security,72691,Pakistan,2018,GOVERNMENT AND CIVIL SOCIETY,Unspecified Chinese Government Institution,,Chinese government grants RMB 25 million for the Defence related Project (Linked to project ID#72690),"On December 7, 2014, China government signed a letter of exchange with the Pakistan government to provide an RMB 25 million grant for the Defence-related Project, named Intelligence Technology Equipment.",Grant,4683953.441217854
Security,64905,Bolivia,2013,TRADE POLICIES AND REGULATIONS,Unspecified Chinese Government Institution,,Chinese government granted $3.5 million USD to Bolivia for security scanner (linked to #36009),"In 2013, the Chinese government granted $3.5 million USD to the National Customs of Bolivia (ANB) for a second x-ray security scanner. The exchange of letters for the grant were signed in March 2013, and the scanner will be placed in Santa Cruz from September 2013 to December 2013 until appropriate infrastructure is completed for the scanner at the Bolivian-Chilean border at Puerto Suarez. Nuctech, a Chinese company, was contracted to construct the scanner for the ANB._x000D_ _x000D_ The scanner will expedite the import process, taking no more than 5 minutes to scan a container. This is the second scanner donated to Bolivia by the Chinese government, as the first scanner was donated in 2011 (captured in #36009).",Grant,4489021.459439445
Security,39445,Colombia,2012,OTHER MULTISECTOR,China Ministry of Commerce,Government of Colombia,People's Republic of China grants 20 Million Yuan to the Government of Colombia through and Economic and Technical Cooperation Agreement (October 2012),"On October 1, 2012, the People's Republic of China and the Government of Colombia signed a Economic and Technical Cooperation Agreement which grants 20 million Yuan (about 3.2 million USD) to Colombia.   It is unclear where the money ultimately went, but the Asociacion Ambiente y Sociedad noted several ETCA-funded projects that this agreement could have potentially funded, including training on hydraulic technology (see, potentially, #69470), the donation of cars for public entities (see project #46967), the donation of computers to DIAN (see project #39444), the donation of two aircrafts to the Air Force, and a donation for the implementation of the Magdalena River Development Master Plan (Plan Maestro de Aprovechamiento del Río Magdalena, see project #36653)  The delegation that was present at the signing of this ETCA was chaired by the Chinese Minister of Commerce.",Grant,4232230.133999069
Security,30375,Mozambique,2012,HEALTH,Unspecified Chinese Government Institution,,China pledges to donate equipment to the Maputo Military Hospital in Mozambique valued at 20 million CNY,"On February 27, 2012, the Chinese government pledged to donate equipment to the Maputo Military Hospital valued at a total of 20 million CNY (about 3.2 million USD). The equipment included both medical and office equipment (X-ray machines, scanners, and ultrasound machines), which should arrive between September and November of 2012. The agreement was signed by the Permanent Secretary of the Mozambican Defense Ministry, Maj-Gen Teofilo Joao, and the director of military cooperation in the Chinese Defense Ministry, Qian Li Hua. Reports from 2013 indicate that two donations were carried out in 2012 by the Chinese government to the Military Hospital.  Related to project #85219. ",Grant,4232230.133999069
Security,91725,Lao People's Democratic Republic,2015,GOVERNMENT AND CIVIL SOCIETY,China Ministry of Commerce,Cambodian Ministry of Economy and Finance,MOFCOM provides $4 million grant for Council of Ministers Bodyguard Building Project,"In 2015, China’s Ministry of Commerce (MOFCOM) provided a grant worth approximately $4 million to the Cambodian Ministry of Economy and Finance for the Council of Ministers Bodyguard Building Project. The purpose of the project was to construct a building for the Council of Ministers Bodyguard Unit (Command) in Toul Krosang (Toul Krasang), Takhmao City, Kandal Province. The project was completed and the building was officially inaugurated on June 21, 2018. The, on January 22, 2019, a project handover (consignment) certificatd was signed by Cambodian Ministry of Economy and Finance Secretary of State Vongsey Vissoth and Chinese Minister of Commerce Zhong Shan.",Grant,4184793.52560577
Security,66566,Ukraine,2013,HEALTH,China Ministry of Defense,Government of Ukraine Ministry of Defense,Chinese Government provides RMB 20 million grant for provision of medical equipment to Ukrainian Ministry of Defense,"On November 22, 2013, China’s Ministry of National Defense and Ukraine’s Ministry of Defense signed an exchange of letters, which committed RMB 20 million of grant funding for the provision of medical equipment. According to the agreement, China’s Ministry of National Defense was responsible for transportation costs and delivery of the medical devices. Any additional costs were to be covered by the Government of Ukraine.   The equipment package consisted of 22 medical devices, including a phthalmic excimer laser, photocoagulators with different wavelengths used to treat retinal diseases, an angiograph, an optical coherence tomograph, an endothelial microscope, an optical biometer, a computer perimeter, a frequency doubling perimeter (for the full list of devices, see the source, """"Угода між Міністерством...""""). The ultimate purpose of the project was to provide highly specialized ophthalmological care to wounded servicemen and patients of Holovnyy Viysʹkovyy Klinichnyy Hospitalʹ (Національний військово-медичний клінічний центр «Головний військовий клінічний госпіталь») in the capital city of Kyiv.   The equipment arrived at Boryspil International Airport in December 2015. The total weight of the equipment was 11.89 tons. The volume of the equipment is 28.23 cubic meters. The equipment arrived at the ophthalmology clinic of Holovnyy Viysʹkovyy Klinichnyy Hospitalʹ or around January 20, 2016. ",Grant,4171874.86103993
Security,87643,Tajikistan,2013,GOVERNMENT AND CIVIL SOCIETY,China Ministry of Public Security,Government of Tajikistan,"Chinese Ministry of Public Security provides RMB 20 million grant for police patrol cars, police communications equipment, and computers","In 2013, the Ministry of Public Security of the People's Republic of China provided a grant worth RMB 20 million to the Government of Tajikistan for the provision of police patrol cars, police communications equipment, and computers to Tajikistan’s Ministry of the Interior, Narcotics Administration and National Security Commission. The police patrol cars, police communications equipment, and computers were officially delivered to the local authorities on or around November 21, 2013.",Grant,4171874.86103993
Security,34521,Afghanistan,2007,GOVERNMENT AND CIVIL SOCIETY,Unspecified Chinese Government Institution,,China donates $2m in non-military items to the Afghanistan National Army,"On 11 January 2007, the Chinese government donated non-military items to the Afghanistan National Army. The value of this aid is US$2 million, and included 10 trucks, 12 Jeeps, 17 cars, 100 computers, 30 photocopy machines, 100 printers, 100 air conditioners, 140 TV sets, refrigerators, a diesel generator, shoes, tents, axes and shovels and electric fans. _x000D_ ",Grant,4091527.206678432
Security,33729,Lao People's Democratic Republic,2004,GOVERNMENT AND CIVIL SOCIETY,Unspecified Chinese Government Institution,,China provided 13 million yuan of grant aid for ASEAN Summit in Laos,"On August 25, 2004, an agreement of grant assistance was signed at the Ministry of Foreign Affairs of Laos between Sayyakan Soulivong, head of the ASEAN Department under the Ministry of Foreign Affairs, and Shen Yueming, assistant to the director-general of the Yunnan Corporation for International Technology and Economic Cooperation of China. Under the agreement, China will provide Laos with 13 million yuan worth of grant aid to host the 10th ASEAN Summit which will be held at the end of 2004. The grant aid comprises five vans, five ambulances, 20 police cars and some safety inspection devices._x000D_ _x000D_ It is unclear when the donation was handed over to Laos.",Grant,4067449.524931734
Security,64955,Ecuador,2015,DISASTER PREVENTION AND PREPAREDNESS,China Ministry of National Defense,Ministerio de Defensa Nacional (Ecuador),China Ministry of Defense grants disaster response equipment worth 20 million RMB to Ecuador Ministry of Defense in Free Military Assistance Agreement,"On November 18, 2015, the Ministries of Defense of China and Ecuador signed a Free Military Assistance Agreement, which provided a grant of 20 million RMB for the provision of materials to address natural disaster risks, such as the El Niño phenomenon and the eventual eruption of the Cotopaxi volcano.   On February 18, 2016, the protocol agreement was signed between the same two Ministries, specifying the materials to be granted. They include two series of model CH-902 drones, three model XZJ5160JSQX trucks with cranes, five model 400X250 equipment to fracture stone on a trailer, eighteen model GDQ120A rubber boats, two model WYH5050GYY 2000 liter fuel tanker trucks, four model CGJ5190GYS 10000 water tank trucks, one model ZZ4257N3247C tug boat, one model WYH9550TDP flat bed truck, six generators on trailers with 200 KW capacity, and six model FG6000CE diesel generators.  The entire 20 million RMB provided in the Free Military Assistance Agreement was utilized for this grant.  It is unknown when/if precisely the materials were delivered, but the protocol agreement specifies they are to arrive within five years of the agreement being signed.   ",Grant,4060316.627600649
Security,41243,Jordan,2011,GOVERNMENT AND CIVIL SOCIETY,China Ministry of Commerce,Jordanian Civil Defense Directorate ,Chinese Government provides RMB 18 million grant for Establishment and Equipping of Civil Defense Stations Project,"On November 21, 2011, China’s Ministry of Commerce and Jordan's Ministry of Planning and International Cooperation signed an RMB 18,000,000 grant agreement for the provision of firefighting machinery and equipment to the Jordanian Civil Defense Directorate. The grant proceeds were apparently drawn from two Economic and Technical Cooperation Agreement (ETCA) that the two governments previously signed in 2008.   This project was officially completed and handed over to the local authorities on December 8, 2011. The Chinese Ambassador to Jordan, Yue Xiaoyong, and the Jordanian Director General of Civil Defense, Major General Talal Abdullah al Kofahi, attended the handover ceremony. The equipment and machinery was earmarked for use in Abdali (العبدلي‎), which is an area within the Greater Amman Municipality.",Grant,3893649.868779402
Security,88560,Liberia,2020,HEALTH,Unspecified Chinese Government Institution,Liberia Ministry of Defense,Chinese Government donates medical supplies worth $3 million to 14th Military Hospital in July 2020,"On July 2, 2020, the Government of the Peoples’ Republic of China (PRC) donated $3 million worth of drugs and equipment to the Liberian Ministry of National Defense for use by the 14th Military Hospital, located in Margibi County. Items donated include two intensive care unit ambulances, medical devices, laboratory equipment, emergency department equipment, obstetrics equipment, surgical equipment, and out-patient equipment.   Only a portion of the materials were donated on July 2. The rest arrived in Liberia on September 25, 2020. The purpose of the donation ws to help alleviate the shortage of medical supplies on the continent in Liberia. The Minister of National Defense, Major General Daniel D. Ziankahn, Jr., (Rtd) received the donation on behalf of the Commander-in-Chief of the AFL, President George M. Weah.   At the turnover ceremony of the medical equipment, the Chinese ambassador to Liberia, Ren Yisheng, promised the construction of a $20 million clinical reference lab (captured via Project ID#55600).    The 14th Military Hospital is used by the Liberian military and other sectors of society. ",Grant,3809531.01514341
Security,34571,Ghana,2002,OTHER SOCIAL INFRASTRUCTURE AND SERVICES,Unspecified Chinese Government Institution,Government of Ghana,Chinese Government provides $1.3 million grant for Burma Hall Complex Construction Project,"In 2002, Chinese Government provided a $1.3 million grant for the Burma Hall Complex Construction Project. This project involved the construction of a two storey building with an auditorium (that has a seating capacity of 2000 people), modern offices, and a VVIP reception for receiving important guests. Upon completion, it was envisaged that Burma Hall would be used as a venue for Ghana Armed Forces (GAF) to receive foreign dignitaries, organize theatrical performances and musical concerts, host other social functions, and conduct promotion and entry examinations. China State Hualong Construction Limited was the contractor responsible for implementation. It received with technical assistance from the Ghana Armed Forces’ 49 Engineers Regiment. An official foundation stone laying ceremony took place on July 23, 2002, and construction began in 2003.  President Kufuor officially inaugurated the new-constructed building on April 28 2006. Burma Hall was originally built in 1945 from wood and bricks started. It fell into a state of disrepair and was torn down in 1998. At the time, it had a seating capacity of about 800 to 1000 people and it was used as a “nerve center” for GAF's official and social activities.",Grant,3694444.290651589
Security,35836,Peru,2003,OTHER MULTISECTOR,China Ministry of Foreign Trade and Economic Cooperation,,China donates $1.2 million to Peruvian government  to develop Peru-Ecuador border region,"On January 17, 2003, Visiting Chinese Minister of Foreign Trade and Economic Cooperation Shi Guangsheng handed over to the Peruvian government a fund of 1.2 million US dollars for the development of the Peru-Ecuador border region. Shi said the donation showed the friendship between China and Peru. It would promote bilateral cooperation and contribute to international security. Peruvian Foreign Minister Allan Wagner Tizon thanked China for the assistance noted the fund would be channeled into 2 major projects, one of which was the building and management of a clinic in the Peru-Ecuador border area, the other was research on the accessibility of rivers in the Amazon Basin to smaller boats so as to promote trade and local small-scale fishing. Both programmes are linked to the peace agreement signed in 1998 by Peru and Ecuador following a border conflict.",Grant,3323765.367372471
Security,66763,Serbia,2011,GOVERNMENT AND CIVIL SOCIETY,China Ministry of National Defense,Serbia Ministry of Defence,Chinese Government provides RMB 15 million grant for provision of acupuncture equipment to Serbia's Ministry of Defense,"On September 9, 2011, an agreement was signed by China's Ministry of National Defense and Serbia's Ministry of Defense in Belgrade. The agreement stipulated an RMB 15 million grant for the provision of equipment and furniture to an acupuncture center at a military hospital.",Grant,3244708.223982833
Security,64902,Fiji,2011,OTHER MULTISECTOR,Unspecified Chinese Government Institution,,Chinese Government donates FJD 4.1 millon worth of construction and civil engineering equipment to the Royal Fijian Military Forces,"On January 4, 2011, the Chinese Government donated 24 pieces of machinery worth FJD 4.1 million to the Royal Fijian Military Forces (RFMF) Engineers Regiment for development activities. The donation included 4 excavators; 5 dump trucks; 3 bulldozers, 2 vibratory rollers; 1 pneumatic roller; 2 motor graders; 2 wheel loaders; 2 loader diggers; 1 water truck; 1 pickup; 1 truck with a crane. The machinery will be used for rural development work. A team of technicians from China provided training. XCMG Construction Machinery Co., Ltd is the implementing agency. ",Grant,3198994.982019585
Security,66734,Serbia,2012,HEALTH,China Ministry of National Defense,Serbia Ministry of Defence,Chinese Government provides RMB 15 million grant for the provision of 20 ambulances to Serbia's Ministry of Defense,"On October 9, 2012, a donation protocol was signed between China's Ministry of National Defense and Serbia's Ministry of Defense, providing an RMB 15 million grant for the provision of 20 ambulances.",Grant,3174172.600499307
Security,56140,Guyana,2017,GOVERNMENT AND CIVIL SOCIETY,Unspecified Chinese Government Institution,Guyana Police Force,"Chinese Government donates vehicles, riot gear, and other equipment worth $500 million GYD to the Guyana Police Force","In 2017, the Chinese Government donated vehicles, riot gear, and other equipment worth $500 million GYD ($2.6 million USD) to the Guyana Police Force. According to the Department of Public Information, the donation includes 56 pickups, 35 All-Terrain-Vehicles (ATVs), three 21-seater buses, 44 motorcycles (20 600cc motorcycles and 24 200cc motorcycles), 100 bulletproof vests, helmets and riot shields, 10 tactical ladders, 200 police flak jackets, 20 bulletproof shields, 20 anti-riot suits, 30 laptops, 40 desktop computers, 10 copy machines, 30 sound level meters, 5 diesel generators, several spare parts and battery backups. It should be noted that one of the donated vehicles was crashed the day after the handover. ",Grant,3172417.638094056
Security,91809,Ethiopia,2020,GOVERNMENT AND CIVIL SOCIETY,Chinese Embassy,Ethiopian Federal Police Commission,Chinese Government provides ETB 87 million grant for Batch of Police Stability Maintenance Equipment Aid Project in Ethiopia,"On April 24, 2020, the Chinese Government and the Government of Ethiopia signed a grant agreement worth ETB 87,037,494 for the Batch of Police Stability Maintenance Equipment Aid Project. The grant was fully disbursed on the very same day. The purpose of the project was to help the Ethiopian Federal Police Commission provide for the security and safe operations of the Addis Ababa-Djibouti Standard Gauge Railway. On March 6, 2021, the Chinese Embassy in Ethiopia and the Ethiopian Federal Police Commission participated in a formal equipment handover ceremony.",Grant,3163251.60153939
Security,1583,Liberia,2004,GOVERNMENT AND CIVIL SOCIETY,Unspecified Chinese Government Institution,Government of Liberia,China Donates New Vehicles and Other Logistics to Liberia,"On July 22, 2004 the Chinese government donated 4 Jeeps, 2 mini buses, 80 Motorcycles, 110 sets of desktop computers  with laser printers, 10 small generators, 100 police batons, one radio communication, and sick beds, among other items.  In total, the items were valued at US$1,200,000.  The handover ceremony took place at the Liberian Foreign Ministry in Monrovia, Liberia.  Chinese Ambassador Lin Songtian expressed China's desire to help Liberia's transitional government in its reconstruction efforts.  ",Grant,3107628.555102123
Security,68542,Myanmar,2018,OTHER MULTISECTOR,Unspecified Chinese Government Institution,Lancang-Mekong Cooperation (LMC) Special Fund,Lancang-Mekong Cooperation Special Fund provides USD 2.4 million loan to Myanmar for 10 projects,"On January 5, 2018, China and Myanmar signed the project agreement for the first batch of Myanmar-designated projects under the Lancang-Mekong Cooperation Fund. According to the agreement, China sponsors Myanmar to carry out feasibility studies including the expansion of the Mekong River and Myanmar’s Wanpeng Port, rice cultivation and optimized planting, coffee production and quality improvement, rural development and vegetable cultivation technology transfer, safe and high-quality planting technology for fruits and vegetables, and promotion of home gardening technology promotion. The agreement marks the official implementation of the first 10 projects of the Lancang-Mekong Special Fund for Myanmar, such as poverty reduction, youth cultural exchange, and heritage protection. This agreement provided USD 2.4 million to aid these 10 projects implemented in Myanmar.  Details of projects provided for under this fund are listed below:  Project ID#64150: National Cultural Heritage Management Training Course; completed February 19-21, 2019; unknown transaction value Project ID#64003: Wan Beng Police Conference Room and Administration Building Construction Project; completed by the end of May 2019; unknown transaction value Project ID#64096: Wan Beng Terminal Construction Feasibility Study; completed by the end of May 2020; unknown transaction value Project ID#64149: Lancang-Mekong Cultural Exchange Youth Camp; unknown transaction value Project ID#63881: Five Agricultural Projects under LMC Fund; launched on December 19, 2018 and under implementation as of July 2019; unknown transaction value",Loan,2973981.992011328
Security,1196,Senegal,2011,GOVERNMENT AND CIVIL SOCIETY,Unspecified Chinese Government Institution,Armed Forces of Senegal,China donates computer hardware to the Senegalese armed forces worth FCFA 1 billion,"On April 3, 2011, Gong Yuan Xing, Chinese Ambassador to Senegal, donated computer hardware worth FCFA 1 billion to the Senegalese armed forces. It is unclear what the equipment consisted of.",Grant,2964126.834712486
Security,40207,Mongolia,2002,HEALTH,China Ministry of National Defense,Military Central Clinic of Mongolia,China donates medical equipment worth 8 million RMB to Mongolia,"On July 24, 2002 the Defense Ministry of China donated medical instruments worth 8 million yuan to the Military Central Clinic of Mongolia.  ",Grant,2746766.89987538
Security,30064,Burundi,2007,GOVERNMENT AND CIVIL SOCIETY,Unspecified Chinese Government Institution,Government of Burundi,Chinese Government provides RMB 10 million grant to support the Government of Burundi’s Strategic Framework for the Fight Against Poverty,"In 2007, the Burundian President received an RMB 10 million grant from the Chinese Government to support the Government of Burundi’s implementation of its Strategic Framework for the Fight Against Poverty. The goal of this framework is to reduce poverty in both urban and rural areas while also focusing on restoring social security and the national economy. The proceeds from this grant were used to obtain construction and transportation materials for use in Bujumbura. These materials were delivered in two batches: one on June 20, 2007 and one on August 14, 2007. ",Grant,2689594.356767287
Security,64741,Jordan,2011,GOVERNMENT AND CIVIL SOCIETY,Unspecified Chinese Government Institution,Jordanian General Directorate of Gendarmerie (المديرية العامة لقوات الدرك),Chinese Government provides $1.9 million grant for Jordanian Gendarmerie Equipment Project,"In 2011, the Chinese Government donated equipment to the General Directorate of Gendarmerie otherwise known as the Darak Forces (المديرية العامة لقوات الدرك), a public security agency which is part of the Jordanian Ministry of the Interior. The monetary value of this equipment was $1,900,000.",Grant,2656910.155751554
Security,56658,Liberia,2016,GOVERNMENT AND CIVIL SOCIETY,China Ministry of Public Security,Government of Liberia,Chinese Ministry of Public Security provides 13 million RMB worth of supplies to Liberian National Police Logistics,"On October 4, 2016, Acting Foreign Minister B. Elias Shoniyin and Chinese Ambassador Zhang Yue signed an Exchange of Notes for the provision of police supplies by the People’s Republic of China to the Government of the Republic of Liberia worth 13 million RMB. Police Inspector General, Gregory B. Coleman, attended the signing ceremony. In 2017, the Government of China through its Ministry of Public Security donated several items worth 13 million RMB (2 million USD) to the Liberia National Police (LNP) including uniforms for Liberian Police Form Unit, three vehicles, several motorbikes, raincoats, protective helmets for riot police, crowd control equipment, camp beds, expandable batons, speed breakers, and reflective jackets. ",Grant,2626530.513696351
Security,1800,Tanzania,2008,GOVERNMENT AND CIVIL SOCIETY,Unspecified Chinese Government Institution,Tanzania Ministry of Home Affairs,China Donates Information and Computer Technology Facilities for Interior Ministry,"On November 27, 2008, the government of China donated $1.5 million USD worth of computer equipment to the Tanzanian Ministry of Home Affairs. The donation given by China's Deputy Minister for Public Security, Cai Anji, and to the Ministry of Home Affairs Deputy Minister, Khamis Kagasheki, consisted of 50 desktop computers, 30 laptops, scanners, and digital cameras.",Grant,2600181.289884099
Security,34514,Afghanistan,2004,GOVERNMENT AND CIVIL SOCIETY,China Ministry of Foreign Affairs,,China grants $1 million in material assistance for Afghan elections ,"On 31 March 2004, at the International Conference on Afghanistan, Li Zhaoxing, Foreign Minister of the People's Republic of China, announced plans to offer material assistance worth US$1 million to Afghanistan for its elections. This include tents, photocopiers, and lighting equipment. The aid is aligned with China's position to prioritize election in Afghanistan, as evidenced from Minister Li's statement at the High-level ad-hoc Meeting on Afghanistan on 19 April 2004.  The aid is to arrive in Afghanistan at the end of September 2004._x000D_ _x000D_ At the Security Council session on 25 August 2004, Ambassador Zhang Yishan mentioned in his statement that the aid material will be ""on the ground"" in Afghanistan by the end of September 2004.",Grant,2589690.462585099
Security,47,Angola,2002,GOVERNMENT AND CIVIL SOCIETY,Unspecified Chinese Government Institution,Angolan Armed Forces,"China grants 900,000 USD in demining equipment to Angola in 2002","On April 16, 2002, the Angolan and Chinese governments signed an accord for logistical and de-mining equipment for the Angolan Armed Forces. They would help the military personnel and impact the reopening of roads in the country. General Demostenes Amos Chilingutila, the Vice Minister of Defense for Angola, and Jian Yaunde, the Chinese Ambassador, signed the agreement in Luanda. The equipment donated will include dormitories and catering equipment at $500,000 US dollars and de-mining equipment at $400,000 US dollars for a total commitment of $900,000.",Grant,2557692.201220329
Security,53814,Afghanistan,2005,GOVERNMENT AND CIVIL SOCIETY,Unspecified Chinese Government Institution,Government of Afghanistan,China donates $1 million in material aid to Afghanistan's Legislature,"In April 2005, during the period that Afghan Vice President visited to China, China government pledged to provide suppliers that worth $1 million to support the parliamentary election of the Afghan government. The grants include 24 sets of security monitoring system, 20 jeeps, 20 pickup trucks, lots of cooking utensils, and others. _x000D_ _x000D_ At the beginning of September 2015, all the materials arrived at Afghanistan. The handover ceremony was held on November 9, 2005._x000D_ _x000D_ _x000D_ ",Grant,2467555.318511277
Security,72795,Benin,2013,HEALTH,China Ministry of Commerce,Government of Benin,"Chinese Government provides RMB 11.5 million RMB grant for Phase 2 of Parakou Military Instruction Hospital Construction Project (linked to #34144, #72796)","In April 2013, China’s Ministry of Commerce (MOFCOM) provided an RMB 11.5 million grant to the Government of Benin for the Phase 2 of Parakou Military Instruction Hospital Construction Project. The Chinese Government had previously provided 6 billion CFAF of grant funding for Phase 1, which supported the the construction of a modern, 100-bed hospital in the town of Parakou within Okédama district (captured in linked Project ID#34144).  Phase 2 involved the construction of a water tower, a canteen, housing for duty guards, etc.  This project was officially completed and handed over to the Government of Benin on 3 April, 2014.  The Chinese Government subsequently provided an RMB 10 million grant for the provision of medical equipment to the hospital (captured in linked Project ID#72796).",Grant,2398828.045097953
Security,49662,Samoa,2004,GOVERNMENT AND CIVIL SOCIETY,Unspecified Chinese Government Institution,,China donated 20 Sedans to Samoa for Pacific Forum,"On April 30th, 2004, China confirmed it would donate 20 sedans to Samoa to assist the Pacific Islands Forum. These new luxury motor cars were donated for the purpose of VIP transport during the Pacific Islands Forum summit. On July 21st, 2004, the 20 cars were handed over to Samoa in the lobby of the Samoan government building. Chinese Ambassador Liu Guanren and Samoan Prime Minister Tuelaepa signed the transfer certificate and delivered warm speeches on behalf of their respective governments. The 20 cars provided by China were 45,000 USD Buick Regal sedans produced by Shanghai General Motors. Thus in total, this project cost 900,000 USD (20 * 45,000 = 900,000 USD). _x000D_ _x000D_ While  20 vehicles were purportedly sent, two cars were damaged and another pair was delayed during shipment. After the forum ended, the Samoan government decided that 14 of the Buick Regals would be used specifically as official Government escort vehicles to carry overseas guests and VIPs.The remaining four cars would be handed over to the Ministry of Police, Prisons and Fire Services for use as escort and security vehicles on special occasions.",Grant,2330721.416326592
Security,34520,Afghanistan,2006,GOVERNMENT AND CIVIL SOCIETY,Unspecified Chinese Government Institution,Government of Afghanistan,China donates $1m in aid to Afghan parliament,"In 2006 China donated vehicles, security equipment and kitchenware to the Afghan Parliament. This donation was worth 1 million USD, and included 20 jeeps, 20 pickup trucks, sets of security monitoring system, and cooking supplies. _x000D_ ",Grant,2310326.109936868
Security,90775,Papua New Guinea,2018,GOVERNMENT AND CIVIL SOCIETY,Unspecified Chinese Government Institution,Royal Papua New Guinea Constabulary (RPNGC),Chinese government donates two anti-riot vehicles worth PGK 6 million to Port Moresby Police of Papua New Guinea,"During the November 17-18 Asian-Pacific Economic Cooperation Summit, the Chinese government pledged two anti-riot vehicles worth PGK 3 million each to Port Moresby Police. The vehicles are equipped with anti-riot measures including water and teargas that can be shot up to 70 meters.   The vehicles were kept in storage until January 7, 2020, when it was announced that they were being put into use. It is unclear when they were delivered to Papua New Guinea. ",Grant,2259467.486161665
Security,70305,Mongolia,2016,GOVERNMENT AND CIVIL SOCIETY,China Ministry of Commerce,Government of Mongolia,Chinese Government provides RMB 10.3 million grant for provision of supplies and equipment to support the 11th ASEM Summit,"On January 5, 2016, Chinese Government and the Government of Mongolia signed letters of exchange, which committed RMB 10,395100 of grant funding for the provision of furniture and  audio-visual equipment — including simultaneous interpretation equipment, fire-fighting equipment, police equipment, large conference tables, sofas, and podiums — to support the 11th ASEM Summit in July 2016. The grant agreement was signed by the Minister of Commerce of the People's Republic of China (Gao Huchen). China Civil Engineering Construction Group Co., Ltd. and Jiangsu Sainty Co., Ltd.  were the contractors responsible for implementation. One batch of supplies and equipment arrived by plane on April 29, 2016. Another batch arrived by train on June 18, 2016.  All supplies were handed over by July 21, 2016.",Grant,2100234.410994228
Security,57338,Comoros,2018,GOVERNMENT AND CIVIL SOCIETY,Unspecified Chinese Government Institution,Comoros Ministry of Defense,China donates 700 milion Comorian Francs worth stability maintenance supplies to Comoros Ministry of Defense,"On June 9th, 2018, the Ambassador of China in Comoros handed over a donation of stability maintenance supplies for the Comoros Ministry of Defense to improve policing, anti-terrorism, stability, and security enforcement apparatus (援科摩罗维稳物资项目交接仪式在莫罗尼举行). The materials include 15 buses, 30 pickup trucks, 60 desktop computers, 60 black-and-white laser printers, 5 black-and-white copiers, power supplies, and various other consumables. At the ceremony, both Comorian and Chinese officials gave speeches praising defense cooperation. He Yanjun, the Chinese ambassador to Comoros, and Joseph Mohamed Ali, the Comoros Minister of Defense, signed the handover certificate on behalf of the two governments.  Comorian news outlet Al-Watwan reports that the total value of the donation is estimated to be roughly 700 million Comorian Francs (Coopération militaire sino-comorienne : La Chine remet un don de matériels de sécurité à la gendarmerie nationale). ",Grant,2082224.930333602
Security,72796,Benin,2014,HEALTH,Unspecified Chinese Government Institution,,"China provides 10 million RMB medical equipment donation for Parakou Army Instruction Hospital  (linked to #34144, #72795)","The Chinese-funded Parakou Army Instruction Hospital was inaugurated on February 13, 2011, and started its clinical activities on October 4, 2011 after a phase 1 construction costing 6 billion CFAF (see Project #34144). In order to improve the functioning of the said hospital and to improve its equipment, the Chinese government had offered an additional 11.5 million yuan or 920 million CFA francs for the second phase in April 2013, which allowed the construction of the water tower, the canteen, housing for duty guards, etc (see Project #72795). The Parakou Military Instruction Hospital was then officially handed over on Thursday, April 3, 2014. After this second phase, the government decides to provide medical equipment in the form of a donation for an amount of 10 million yuan or 800 million CFA francs to the hospital in Parakou. This equipment will help improve the services of the said hospital for the benefit of the populations of Parakou and the surrounding area._x000D_ _x000D_ Located in the Okédama district on the edge of the interstate road, it is a set of four groups of buildings on two levels arranged in a ""U"" and connected to each other. This set is made up of three blocks: an administrative block comprising the management and its components and an amphitheater with 256 seats; a medical-technical unit with many units: medicine, surgery, maternity, odontostomatology, emergencies, radiology services, biomedical analysis laboratory, a complex of three operating theaters, a research and fight center against malaria and a laundry room; a technical unit comprising a generator with a power of 550 KVA, a water tower with a capacity of 50,000 liters, a canteen with 100 places, a guardhouse building, a mortuary and an electrical technical room and incinerator.",Grant,2042953.341491619
Security,66830,Belarus,2015,GOVERNMENT AND CIVIL SOCIETY,Unspecified Chinese Government Institution,Government of Belarus,Chinese Government donates 2 luxury vehicles for Victory Day Parade,"On April 8, 2015, the Chinese Government donated two FAW HongQi L5 (“Red Banner”) grand vehicles to the Government of Belarus ahead of its Minsk Victory Day Parade. The vehicles reportedly have an estimated value of RMB 5 million each and they were financed with a military grant from the Chinese Government.",Grant,2030158.313800319
Security,55330,Dominica,2018,EMERGENCY RESPONSE,Unspecified Chinese Government Institution,Government of Dominica,China Grants 19 Vehicles Worth USD $1.6M to Dominica for Hurricane Maria Relief (Linked to ID#55319 and ID#55325),"China donated 19 military vehicles, which included a fire truck, ambulances, cargo trucks and so on, as well as materials for these vehicles and the equipment for repairing these materials at a sum of $1.6 million. The hand over ceremony was held at the Windsor Park Stadium on April 10th, 2018. This logistic material aid was expected to enhance Dominica's capacity in areas of recovery, disaster reduction and maintaining stability in a medical emergency. ",Grant,1982654.661340886
Security,70756,Costa Rica,2011,HEALTH,China Ministry of National Defense,Costa Rica Ministry of Public Security,Ministry of National Defense of the People's Republic of China Donates Hospital and Medical Equipment to Costa Rica's Ministry of Public Security,"On December 26, 2011, the donation of hospital and medical equipment by the Ministry of National Defense of the People's Republic of China to the Health Area of the Ministry of Public Security of Costa Rica was approved. The donation was worth 1.4 Million USD. The project was executed between 2011 and 2012, with an exchange of letters (canje de notas) related to the project's execution taking place July 31, 2012.   The purpose of the project was to improve the quality of health attention given to officials in Costa Rica's Ministry of Public Security. The name of the project according to Costa Rica's Ministry of Planning and Economic Policy is ""Donación Equipo Médico y Hospitalario.""  The project may have been funded through a Free Logistics Assistance Agreement (Acuerdo sobre la Asistencia Logística Gratuita), also signed December 26, 2011 by the Ministry of Public Security of Costa Rica and the Ministry of National Defense of China, which is listed in the ""project monitoring"" section of the database entry about the donation. ",Grant,1957723.272659036
Security,40222,Tajikistan,2002,GOVERNMENT AND CIVIL SOCIETY,China Ministry of Public Security,,"Chinese Ministry of Public Security grants aid worth $640,640 to Tajik Ministry of Internal Affairs","In 2002, the Chinese Ministry of Public Security and the Tajik Ministry of Internal Affairs (also known as the Ministry of the Interior) signed an agreement on the fight against terrorism, extremism and separatism, which included the provision of no-strings aid to Tajikistan. The aid was handed over on March 11, 2003. The aid consisted of twenty patrol cars (Radio Free Europe suggests it was 50 vehicles), special equipment, computers, laser printers, uniforms and footwear for the ministry's special subdivisions, special crime detection equipment, communication devices, night vision binoculars, cameras, metal detectors, shields, and helmets, among other goods. Material for bomb defusal was also included. _x000D_ _x000D_ Media sources indicate that the value of the aid was $700,000. However, according to the Flat Export from Tajikistan AIMS as of May 2018, the Chinese government funded ""Policemen facilities"" (AIMS project ID TJK/042056) worth $483,600. Additionally, there was an additional contribution of $157,040 USD for ""Different kind of equipment"" (AIMS project ID TJK/042058). Together, these two donations totaled $640,640, therefore it seems they are referencing this same project, even though transaction amounts differ slightly, so the transaction amount was coded as $640,640 USD to reflect official source information. ",Grant,1820622.146433096
Security,42070,Belarus,2003,HEALTH,China Ministry of Defense,Government of Belarus,"Chinese Government provides $630,000 grant to provide equipment to military hospital in Belarus","On September 28, 2003, the Main Military Clinical Hospital of the Ministry of Defense of Belarus received modern medical equipment worth $630,000 as part of a humanitarian aid program from the People's Republic of China. The Belarusian Defense minister, the Chinese ambassador extraordinary and plenipotentiary to Belarus, Yu Zhenqi, and other officials attended a ceremony dedicated to the signing of an agreement on its transfer. The Chinese Ministry of National Defense had previously to provide a grant worth RMB to million Military Hospital in April 2002.",Grant,1744976.81787054
Security,62575,Vanuatu,2005,OTHER SOCIAL INFRASTRUCTURE AND SERVICES,Unspecified Chinese Government Institution,,Chinese government donates equipment for Pekoa Airport to Vanuatu,"In 2005, the Chinese government donated $700,000 worth of equipment to the Peoka Aiport in Vanuatu, located in the city of Luganville on Espiritu Santo, the largest island of Vanuatu. According to page AIII-vi of ""The Dragon Looks South,"" the equipment included x-ray machines to improve security screening, a baggage conveyor, and fire equipment. The exact start and end dates are unclear. ",Grant,1727288.722957896
Security,85622,Papua New Guinea,2001,HEALTH,People's Liberation Army of China,Papua New Guinea Defense Force,Chinese Government provides RMB 5 million grant for provision of medical equipment and building materials to Taurama Military Hospital,"In 2001, the People's Liberation Army (PLA) of China and the Papua New Guinea (PNG) Defence Force signed an RMB 5 million ($600,000) grant agreement for the provision of medical equipment and building materials to Taurama military hospital. The medical equipment and building materials arrived in Port Moresby in April 2002. A formal handover ceremony took place on November 25, 2002",Grant,1727061.68996717
Security,36001,Ecuador,2012,DISASTER PREVENTION AND PREPAREDNESS,China Ministry of National Defense,Ecuador Armed Forces (FFAA),Chinese Ministry of Defense funds 10 million RMB of mobile field hospital grant worth 18 million RMB through Free Military Assistance Agreement (Linked to Record ID#88255),"On May 9, 2012, the Ministries of Defense of Ecuador and China signed a protocol agreement, which agreed to grant a mobile field hospital, consisting of vehicles and other equipment, worth 18 million RMB. The field hospital was to be used in Loja by the Motorized Infantry Brigade, part of Ecuador's Armed Forces (FF.AA). Its was to be used for medical emergencies and rescue operations during natural disasters.  This mobile field hospital was co-financed by the China's Ministry of Defense (captured in this project, 10 million RMB out of 18 million RMB) and the People's Liberation Army (captured in #88255, 8 million RMB out of 18 million RMB). Both the Ministry of Defense and the PLA funded the field hospital through a Free Military Assistance Agreement with Ecuador.   The Free Military Assistance Agreement between China's Ministry of Defense and Ecuador's Ministry of Defense was signed December 27, 2011, and provided a 10 million RMB grant captured in this project. The entire amount was used for the field hospital project. The Free Military Assistance Agreement between the PLA and the Armed Forces of Ecuador was signed November 12, 2010, and provided an 8 million RMB grant, which is captured in Record ID#. The entire amount was used to fund the field hospital project as well.  More specifically, the grant contained one of each of the following vehicles: ambulance, surgery vehicle, clinical laboratory vehicle, x-ray and type B ultrasound vehicle, sterilization/pharmacy/storage vehicle, restaurant vehicle, vehicle for medical oxygen preparation, shower vehicle, water purifying vehicle, and support vehicle. It also included one transition tent; four tents with a bed and equipment for triage, ICU, and care; and spare parts for two years of use.  The handover ceremony took place in Loja on July 19, 2013. ",Grant,1717992.66761332
Security,40290,Kyrgyz Republic,2002,GOVERNMENT AND CIVIL SOCIETY,Unspecified Chinese Government Institution,Kyrgyz Ministry of Defense,China grants Kyrgyz Republic 5 million RMB for food and other materials,"On April 11, 2002, China agreed to grant 5 million RMB (~600,000 USD) to the Kyrgyz Defense Ministry for material and technical facilities and foodstuff during a meeting between Kyrgyz Defence Minister Col-Gen Esen Topoyev and Extraordinary and Plenipotentiary Ambassador of the People's Republic of China (PRC) to Kyrgyzstan Hong Jiuyin. ",Grant,1716729.312422108
Security,97214,Solomon Islands,2021,GOVERNMENT AND CIVIL SOCIETY,Unspecified Chinese Government Institution,Royal Solomon Islands Police Force,China donates second batch of riot equipment worth SBD 12 million (linked to project ID#93528),"On December 23, 2021, the Chinese Government agreed to donate riot equipment (captured via Project ID #93528) and provide six police liaison officers (captured via Project ID #93529) to equip and train the Royal Solomon Islands Police Force (RSIPF). The riot gear includes shields, helmets, batons, and other non-lethal equipment. On December 29, 2021, the Chinese Ambassador officially handed over a batch of riot equipment as it arrived at the Henderson International Airport. This was part of a larger donation, and a second batch of riot gear worth USD 12 million arrived on February  24, 2022. The donation was received in a handover ceremony at Rove Police Headquarters. Nine Chinese police liaison officers arrived in the Solomon Islands in March 2022 to train RSIPF officers in anti-riot strategies.   In 2019, Solomon Islands' Prime Minister Manasseh Sogavare withdrew recognition of the Republic of China (Taiwan) and established diplomatic relations with the People's Republic of China (PRC). Malaita Province, an island struggling with unemployment and poverty, maintained informal ties with Taiwan. The premier of Malaita Province, Daniel Suidani, even held an independence referendum in 2020, which the national government dismissed as illegitimate. At the same time, Chinese businesses across the Solomon Islands were accused of giving jobs to foreigners instead of locals.  Between November 24 and 27, 2021, a series of protests in the Solomon Islands against relations with the PRC turned violent. Protesters attempted to storm Parliament and depose Prime Minister Sogavare. Businesses, mainly in Honiara's Chinatown district, were burnt and looted. A police station was set on fire. The government responded by deploying the police in which they used tear gas. Australia deployed the Australian Federal Police and Defence Force. Papua New Guinea and Fiji dispatched peacekeepers while New Zealand deployed police and troops.",Grant,1707634.543178969
Security,43219,Pakistan,2011,GOVERNMENT AND CIVIL SOCIETY,Unspecified Chinese Government Institution,Government of Pakistan,Chinese Government provides $1.2 million grant for Pakistani law enforcement agencies,"On September 27, 2011, a meeting in Islamabad between the Pakistani Interior Minister Rehman Malik, Chinese Vice Premier Meng Jianzhu, and Pakistani Army Chief Gen. Ashfaq Kayani resulted in the announcement that the Chinese government would provide a grant to Pakistani law enforcement agencies. The grant, worth 1.2 million USD, was committed to strengthen ties and with an underlying goal of fighting terrorism.",Grant,1678048.519422036
Security,63859,Vanuatu,2017,TRANSPORT AND STORAGE,Unspecified Chinese Government Institution,Government of Vanuatu,Chinese government donates 14 military vehicles to Vanuatu to be used by specialized units of Vanuatu's Mobile Force ,"In February 27th, 2017, China donated 14 military vehicles to be used by specialized units of Vanuatu's Mobile Force (VMF). The aim of this donation is to boost the country's capacity to deal with emergencies.    The donation includes includes transport vehicles, medics to evacuate casualties, vehicles for official use and other equipment to be used at the base, VMF workshop. Along with the vehicles, the police also received uniforms and safety equipment (""China Provides Vanuatu Mobile Force With 14 Military-Designed Vehicles"").   According to Papua New Guinea Today, ""the donation included vehicles, 3 troop carriers, 2 medium buses, 2 fully equipped recovery vehicles, 4 B90 sedan cars, 2 fully equipped ambulances and a fire truck,"" and is worth approximately 8 million RMB. The donation also included new uniforms and safety equipment.",Grant,1551128.518766424
Security,42475,Romania,2000,GOVERNMENT AND CIVIL SOCIETY,"China State Administration for Science, Technology and Industry for National Defence","Romania National Agency for Science, Technology and Innovation","Chinese Government donates 30 high-performance computers worth $500,000","On October 13, 2000, China's State Commission of Science, Technology, and Industry for National Defense donated 30 high-performance computers worth $500,000 to Romania’s National Agency for Science, Technology, and Innovation.",Grant,1459030.650320117
Security,101941,Solomon Islands,2022,GOVERNMENT AND CIVIL SOCIETY,China Ministry of Public Security,Royal Solomon Islands Police Force (RSIP),Chinese Ministry of Public Security provides RMB 9.86 million grant for Police Equipment Project in 2022,"At the request of the Solomon Islands Government following the November 2021 riots in Honiara, the Ministry of Public Security of the People's Republic of China dispatched a Police Liaison Team consisting of 9 members to assist the Royal Solomon Islands Police Force (RSIPF) and planned to provide several batches of police equipment.   Then, on February 22, 2022, the Chinese Ministry of Public Security delivered 18,000 pieces of police equipment — including uniforms, protective equipment, dispersive equipment, restrictive equipment, and warning equipment — worth RMB 9.86 million to the Royal Solomon Islands Police Force. The handover ceremony was attended by Solomon Islands Police Minister Hon. Anthony Veke, Solomon Islands Police Commissioner Mostyn Mangau, PRC Ambassador to the Solomon Islands Li Ming, China Police Liaison Team Leader Commissioner Zhang, and senior officials of both governments.   The Chinese Government also agreed to (a) support a Digital Mobile Radio Communication System for Honiara, a Forensic Autopsy Laboratory (see Record ID#108705), and an “I-24/7” Interpol Communication System; and (b) have its China Police Liaison Team train the RSIPF, including on the use of equipment, police techniques and tactics, public order management, riot control, and close personnel protection.",Grant,1384383.74969206
Security,40275,Kyrgyz Republic,2001,GOVERNMENT AND CIVIL SOCIETY,Unspecified Chinese Government Institution,Kyrgyz Ministry of Internal Affairs,China commits 4 million RMB worth of equipment to Kyrgyz Interior Ministry for police training ,"During a round of talks between Chinese and Kyrgyz officials on December 13th, 2001, the Chinese Public Security Minister pledged a donation of police equipment and training to the Kyrgyz police. The estimated value of the equipment and training is 4 million RMB. ",Grant,1381649.351973736
Security,88255,Ecuador,2012,DISASTER PREVENTION AND PREPAREDNESS,People's Liberation Army of China (PLA),Ecuador Armed Forces (FFAA),People's Liberation Army funds 8 million RMB of mobile field hospital grant worth 18 million RMB through Free Military Assistance Agreement (Linked to Record ID#36001),"On May 9, 2012, the Ministries of Defense of Ecuador and China signed a protocol agreement, which agreed to grant a mobile field hospital, consisting of vehicles and other equipment, worth 18 million RMB. The field hospital was to be used in Loja by the Motorized Infantry Brigade, part of Ecuador's Armed Forces (FF.AA). Its was to be used for medical emergencies and rescue operations during natural disasters.  This mobile field hospital was co-financed by the People's Liberation Army (captured in this project, 8 million RMB out of 18 million RMB) and China's Ministry of Defense (captured Record ID#36001, 10 million RMB out of 18 million RMB). Both the Ministry of Defense and the PLA funded the field hospital through a Free Military Assistance Agreement with Ecuador.   The Free Military Assistance Agreement between the PLA and the Armed Forces of Ecuador was signed November 12, 2010, and provided an 8 million RMB grant, which is captured in this project. The entire amount was used for the field hospital project. The Free Military Assistance Agreement between China's Ministry of Defense and Ecuador's Ministry of Defense was signed December 27, 2011, and provided a 10 million RMB grant captured Record ID#36001. The entire amount was used to fund the field hospital project as well.  More specifically, the grant contained one of each of the following vehicles: ambulance, surgery vehicle, clinical laboratory vehicle, x-ray and type B ultrasound vehicle, sterilization/pharmacy/storage vehicle, restaurant vehicle, vehicle for medical oxygen preparation, shower vehicle, water purifying vehicle, and support vehicle. It also included one transition tent; four tents with a bed and equipment for triage, ICU, and care; and spare parts for two years of use.  The handover ceremony took place in Loja on July 19, 2013. ",Grant,1374394.13409065
Security,65137,Philippines,2017,EMERGENCY RESPONSE,Unspecified Chinese Government Institution,,China donated P65M for troops injured in Marawi City [September 13th] (Linked to Record ID#65140),"On September 13, 2017, the Chinese government turned over a P65-million donation to the Philippines for troops wounded in ongoing offensives against terrorists in Marawi City. Chinese Ambassador to the Philippines Zhao Jianhua handed over the latest assistance to President Rodrigo Duterte in Malacañang.
 
 This project is linked to Record ID#65140, a P5 million for wounded troops in Marawi donated on September 6th, 2017.",Grant,1371936.55982755
Security,53320,South Sudan,2016,EMERGENCY RESPONSE,Unspecified Chinese Government Institution,,China provides $1 million aid to Sudan to implement the transitional security arrangements,"On May 31, 2016, the Chinese government provided $1 million aid to South Sudan to implement the transitional security arrangements. The handover ceremony was held in Juba.  The fund will be used to purchase logistical materials such as movable board houses, military tents, military blankets, mosquito nets, generators and electric fans. The aid assisted the establishment of the transitional government in Juba.",Grant,1342574.726003569
Security,64660,Myanmar,2005,GOVERNMENT AND CIVIL SOCIETY,Chinese Embassy,,Embassy of China donates office equipment to the police force,"On February 7, 2005,  based on the news release from the Embassy of China in Myanmar, Ambassador Li Jinjun went to the Ministry of the Interior of Myanmar to represent the embassy in donating five sets of 3 million Kyat computers and printers to the police force of the Ministry of the Interior. ",Grant,1272336.524410844
Security,53743,Afghanistan,2014,GOVERNMENT AND CIVIL SOCIETY,Unspecified Chinese Government Institution,Government of Afghanistan,Chinese Government RMB 6 million grant for provision of police equipment to Afghanistan’s Ministry of Interior,"On November 8, 2014, China delivered police equipment worths 6 million Chinese Yuan to Afghanistan. The equipment was handed to Minister of Interior._x000D_ _x000D_ The materials handed over by the Chinese side include communication equipment, forensic cameras, police helmets and shields, and rapid detection equipment for drugs (drugs). The Chinese side also provided assistance to the Afghan in equipment operation training. In addition to these, there are some computer equipment, which is Lenovo's E49 model. The network shows that the price of such computers does not exceed RMB 4,000._x000D_ _x000D_ There is no offensive weapon in this batch of public police materials, indicating that China has taken into consideration its stance and position when choosing assistance, and avoided transmitting information that is deeply involved in the armed conflict in Afghanistan._x000D_ _x000D_ ",Grant,1225772.004894967
Security,64729,Fiji,2015,GOVERNMENT AND CIVIL SOCIETY,China Ministry of Public Security,,China Ministry of Public Security grants RMB 2 million worth of equipment to Fiji Police,"On September 10, 2015, the Chinese Government exchanged letters with Fiji about the aid of police equipment in 2015. According to the agreement, the Chinese government will provide a grant of RMB 2 million to the Fiji Police Force. The agreement was reached between Acting Minister for Immigration, National Security, and Defence Jioji Konrote and China’s Vice-Minister for Public Security Deng Weipeng. The grant would include motorcycles and a digital monitoring system to assist in police operations and investigations. _x000D_ _x000D_ On December 9, 2015, a handover ceremony was held for the China Ministry of Public Security donation of police equipment to Fiji's Police Force. The donation included 10 motorbikes and a digital monitoring system. The bikes are worth RMB 2 million (FJD 666,000). 2 of the motorbikes went to the Western Division, five to Suva, Nausori, and Sigatoka patrols, and 3 will be used for VIPs and other 'special assignments.'_x000D_ _x000D_ This donation is part of the bilateral assistance agreed to under the 2011 Memorandum of Understanding on police cooperation signed between China's Ministry of Public Security and Fiji's Ministry of Defense, National Security, and Policing (see Project #64694).",Grant,1222213.175069269
Security,42165,Papua New Guinea,2005,GOVERNMENT AND CIVIL SOCIETY,People's Liberation Army of China,Papua New Guinea Defense Force,Chinese Government provides PGK 1.5 million grant for Taurama Military Hospital Upgrading Project (Linked to Project ID#42128),"On July 8, 2005, Papua New Guinea Defence Force and the People's Liberation Army (PLA) of China signed a protocol agreement, which committed PGK 1.5 million of grant funding to the Taurama Military Hospital Upgrading Project. Then, in May 2008, the PLA of China provided an additional $400,000 grant for the Taurama Military Hospital Upgrading Project. At some point during 2008, the PLA of China also provided an additional $100,000 for the Taurama Military Hospital Upgrading Project.   This project, ID#42165, captures the PGK 1.5 million grant that was provided in 2005. Project ID#42128 captures the $500,000 of total grant funding that was provided in 2008.    The purpose of the project was to upgrade the Taurama military hospital in the city of Taurama. It involved the construction of five buildings, including a pathology laboratory, an x-ray building, a dental clinic, and an accident and emergency building. The project also involved minor repairs to already existing health infrastructure at the 1RPIR [1st Battalion Royal Pacific Islands Regiment] headquarters.   China Jiangsu International Economic and Technical Cooperation Corporation was the contractor responsible for implementation. Construction began on June 12, 2008 and the project handover and completion ceremony was held on April 8, 2009. ",Grant,1209713.834872244
Security,94234,Serbia,2020,HEALTH,China Ministry of National Defense,Serbian Army,"Chinese Ministry of Defense donates medical equipment worth 755,000 euros to the Serbian military on July 2020","On July 16th 2020, the Serbian military health system received a donation of medical devices from the Chinese Ministry of Defense worth around 755,000 euros.   This donation includes 40 non-invasive ventilators, 20 monitors for vital signs, 30 infusion pumps, five portable infrared thermometers and six thermal imaging helmets for remote body temperature reading. The purpose of this donation is to help Serbia fight against the pandemic.",Grant,1089468.15016412
Security,87635,Tajikistan,2010,GOVERNMENT AND CIVIL SOCIETY,China Ministry of Public Security,Government of Tajikistan,Chinese Ministry of Public Security provides RMB 4.5 million grant for police materials,"On October 13, 2010, the Ministry of Public Security of the People's Republic of China donated police equipment worth RMB 4.5 million to the the Government of Tajikistan. China Jing’an Import and Export Corporation (also known as China Jing An Import and Export Corporation or 中国京安进出口公), which is a major state-owned arms and materials supplier to China’s security services, was the contractor responsible for implementation. No further implementation details are available.",Grant,1052709.728706949
Security,37937,Uganda,2014,GOVERNMENT AND CIVIL SOCIETY,China Poly Group Corporation Ltd.,Uganda Police Uniform Factory,China Poly Group donated 96 machines to Uganda Police Uniform Factory,"In 2014, the Chinese company, China Poly Technologies Inc, donated 96 machines worth $800,000 to the Ugandan Police garment factory and send technicians to train local employees. The factory will enable the Police to produce their own uniforms and at a later stage, supply other security organizations.  The Inspector General of Police, Gen. Kale Kayihura, said the factory would in addition to providing uniforms for the Force create jobs, especially for spouses of Police officers and tremendously reduce costs of uniforms.  He noted that the factory, which currently has a capacity of producing 100 uniforms per day, will, with time, be able to produce more than 200 uniforms per day.  The facility will reduce the cost of uniforms from $27 to $24 each.  There are over 200 people working in the factory producing over 260 suits of uniforms everyday.",Grant,1007013.82248916
Security,39420,Fiji,2014,GOVERNMENT AND CIVIL SOCIETY,Unspecified Chinese Government Institution,,"Chinese Government grants FJD 1,449,770 to assist Fiji in 2014 general elections","On June 6, 2014, China signed an agreement committing a grant of FJD 1.42 million (around USD 800,000) to Fiji for the 2014 election. The agreement was signed by Huang Yong, Chinese ambassador to Fiji and Aiyaz Sayed-Khaiyum, Fiji's acting prime minister, attorney- general, and minister responsible for elections. Chinese Ambassador Huang Yong said, ""the Chinese Government is willing to provide necessary assistance for the election.""  A total of FJD 1,449,770 was contributed to a grant fund set up for the 2014 election._x000D_ _x000D_ This grant is separate from the police assistance given by China which included equipment for the elections (see Project #64719).",Grant,968871.1031815578
Security,67209,Serbia,2014,TRADE POLICIES AND REGULATIONS,China Ministry of Commerce,Serbian Ministry of Finance,"Chinese Government provides EUR 550,000 grant to Serbia's Customs Administration for Liquid Security System","According to the Information System for Coordination of the Development Assistance to the Republic of Serbia (Isdacon), the Chinese Government provided an EUR 550,000 grant in 2014 for a Liquid Security System to Serbia's Customs Administration (Ministry of Finance), pursuant to a 2012 Economic and Technical Cooperation Agreement (ETCA) that was signed by the Chinese Government and the Government of the Republic of Serbia and that committed RMB 10 million of grant funding.  The proceeds from the EUR 550,000 grant were used by Serbia's Customs Administration to purchase 8 liquid inspection (control) devices from Nuctech Company Limited. These devices passed a set of tests and were nearly ready for commissioning as of December 2014.",Grant,918526.6400894988
Security,34643,Afghanistan,2012,GOVERNMENT AND CIVIL SOCIETY,Unspecified Chinese Government Institution,Afghanistan Ministry of the Interior,China provides RMB 4.3 million to Afghanistan Ministry of Interior,"On September 23, 2012, China and Afghanistan signed 3 agreements. One of them is the 'Agreement for Assistance for Completion of Police Equipment between Afghanistan and China', and it was signed between Deputy Minister of Interior Affairs and Deputy Minister of Public Security of China. Based on the report by Bakhtar News Agency, the assistance may be worth 4.3 million Chinese Yuan.  ",Grant,909929.4788098008
Security,54684,Grenada,2005,GOVERNMENT AND CIVIL SOCIETY,China Ministry of Commerce,Government of Grenada ,"Chinese Government provides $450,000 grant to repair her Majesty's Prison of Grenada","According to internal records that the Government of Grenada shared with AidData in June 2018, the Chinese Government provided a $450,000 grant to the Government of Grenada in 2005 to repair Her Majesty's Prison.",Grant,901948.733564823
Security,86900,Guinea-Bissau,2019,OTHER MULTISECTOR,Unspecified Chinese Government Institution,Government of Guinea-Bissau,"China donates USD $670,000 worth of military aid and farm machinery to Guinea-Bissau","On February 21, 2019, China handed over a batch of military aid and farm/construction machinery to the General Staff of Guinea-Bissau. The donation included 6 agricultural pieces of machinery and 5 construction machinery with an estimated value of $670,000 or 385 million CFA francs. The equipment is intended to help Guinea-Bissau's military to carry out agricultural production and engineering construction, and take solid steps towards the goal of building a more powerful army. ",Grant,855920.2859751747
Security,96580,Fiji,2021,GOVERNMENT AND CIVIL SOCIETY,China Ministry of Public Security,Fiji Police Force,Chinese Ministry of Public Security provides police supplies to Fiji Police in April 2021,"On April 15, 2021, the Chinese Ministry of Public Security donated a batch of police supplies to the Fiji Police. The donation included police vehicles, inspire drones, vehicle conference systems, and servers that connect CCTV cameras to the police monitoring network. This donation was made to support Fiji’s law enforcement capabilities. The monetary value of this donation is USD $730,357.32.   A handover ceremony was held for this donation. China’s Ambassador to Fiji, Qian Bo, Fiji’s Minister of Defense, National Security and Police, Serui Ratu, and the Acting Superintendent of the Fiji Police attended the ceremony. About 80 other officials from Fiji’s Ministry of Defense, Police Headquarters, Ministry of Foreign Affairs, and diplomats from the Chinese Embassy also attended the event. Following the handover ceremony, Ambassador Qian signed the material handover certificate with Minister Serui Ratu.",Grant,830416.27284
Security,58919,Democratic Republic of the Congo,2010,GOVERNMENT AND CIVIL SOCIETY,Unspecified Chinese Government Institution,Government of Democratic Republic of Congo ,"Chinese Government provides $501,174.63 grant for fence construction at the Ministry of Foreign Affairs (Linked to project #59984)","According to the Government of the Democratic Republic of Congo’s Aid Management Platform (AMP), the Chinese Government provided a $501,174.63 grant commitment for the construction of a fence at the DRC’s Ministry of Foreign Affairs office building in the Gombe commune of Kinshasa. This project was intended to improve the security situation of Congo's Ministry of Foreign Affairs. $513,133 was eventually disbursed in support of this project. This project was officially completed and handed over to the Congolese authorities on June 12, 2012. The French project title is Clôture de Ministère des Affaires Etrangères.",Grant,793625.3254619178
Security,32222,Cambodia,2012,GOVERNMENT AND CIVIL SOCIETY,"Shantui Construction Machinery Co., Ltd.",,Chinese company donates 2 fire trucks to Cambodia's National Police,"On August 29, 2012, a Chinese state-owned company, Shantui Construction Machinery Co., Ltd. donated two fire trucks worth 580,000 U.S. dollars to Cambodia’s National Police to help the Cambodia Fire Department improve its fire protection capabilities. Cambodia Machinery Group Co., Ltd. implemented the agreement. The National Police Director General Neth Savoeun, the Military Attache Wang Ximao of the Chinese Embassy in Cambodia, Chairman of Cambodia Machinery Group Co., Ltd. Yang Baifeng, and Public Equipment Product Manager of Shantui Construction Machinery Import and Export Co., Ltd.Zhao Ruifeng attended the handover ceremony.",Grant,774287.5215097778
Security,53322,South Sudan,2016,GOVERNMENT AND CIVIL SOCIETY,Unspecified Chinese Government Institution,,"China provides $550,000 grant to CTSAMM, South Sudan (linked to #53323)","On April 28, 2016, the Chinese government provided a $550,000 grant handover ceremony to the South Sudan Ceasefire and Transitional Security Arrangements Monitoring Mechanism (CTSAMM) at the CTSAMM headquarters in Juba. This grant is intended to ease the peace negotiation process._x000D_ _x000D_ This project is one of the two grants to CTSAMM made in the same event. The other one is a $150,000 worth of office and communication equipment , which is captured in #53323.",Grant,738416.0993019675
Security,37755,Vanuatu,2005,GOVERNMENT AND CIVIL SOCIETY,People's Liberation Army of China,Vanuatu Police Force,China finances Vanuatu for police projects (Linked to Project ID#63871),"According to a media report on August 2, 2005, China's People's Liberation Army and Vanuatu Police Force signed an agreement recently to finance police projects worth more than US$286,000. The funds also provided a 28-seater bus and three double cabin vehicles for use by the police force. A December 2005 Quarterly Economic Report by the Reserve Bank of Vanuatu confirmed that the agreement was worth US$319,000 and reached in July 2005.  During the same meeting, another aid agreement was signed between China's People's Liberation Army and the Vanuatu Mobile Force (VMF), which includes uniforms and equipment for the VMF (captured in Project ID#63871).",Grant,705720.8210942275
Security,33374,Sri Lanka,2010,GOVERNMENT AND CIVIL SOCIETY,Unspecified Chinese Government Institution,,China donates 50M rupees worth of de-mining detectors and equipment to Sri Lanka,"In March 2010, China donated a stock of de-mining equipment worth 50 million rupees to Sri Lanka to help de-mining activities in the Northern region. Chinese Ambassador to Sri Lanka Yang Xiuping handed over 50 de-mining detectors and 50 de-mining protective equipment kits to Sri Lanka Prime Minister Rathnasiri Wickramanayaka. The donation is expected to accelerate ongoing army de-mining operations in the north as part of resettlement, reconstruction, and rehabilitation efforts taking place under the 'Uthuru Wasanthaya' (Northern Spring) program.",Grant,700426.6825093087
Security,108703,Solomon Islands,2023,GOVERNMENT AND CIVIL SOCIETY,China Ministry of Public Security,Royal Solomon Islands Police Force (RSIP),Chinese Government provides SBD 5.5 million in police equipment to Royal Solomon Islands Police Force in June 2023,"On June 28, 2023, the Chinese Government donated police equipment and storage facilities valued at SBD 5.5 million to the Royal Solomon Islands Police Force (RSIPF). The donation included night-vision devices, drones, vehicle search mirrors, a wireless signal jammer, protective gear, and two police vehicles to strengthen the RSIPF’s Close Personal Protection (CPP) capability. The handover also included a newly designated police storage facility at Rove Police Headquarters for storing tactical equipment.  The handover ceremony was attended by Chinese Ambassador Li Ming, Minister of Police Anthony Veke, RSIPF Commissioner Mostyn Mangau, and Commissioner Zhao Jinyong of the China Police Liaison Team (CPLT). The donation forms part of the broader SI–PRC Police Cooperation Agreement, implemented by China’s Ministry of Public Security, which has also provided RSIPF with tactical training and ongoing advisory support. ",Grant,665035.83757213
Security,39286,Papua New Guinea,2008,GOVERNMENT AND CIVIL SOCIETY,Unspecified Chinese Government Institution,,China donates 1m kina to PNG for police equipment,"On March 5, 2008, Chinese Ambassador for PNG, Wei Ruixing, signed an agreement with PNG government under which China would allocate 1 million Kina for PNG to buy communication and transportation equipment for PNG police force.",Grant,652027.4180926793
Security,87645,Tajikistan,2011,GOVERNMENT AND CIVIL SOCIETY,China Ministry of Public Security,Government of Tajikistan,Chinese Ministry of Public Security provides RMB 3 million grant for police equipment,"On April 25, 2011, the Ministry of Public Security of the People's Republic of China and the Government of Tajikistan signed an RMB 3 million grant agreement for the provision of police equipment. No further implementation details are available.",Grant,648941.6447965677
Security,72018,Cameroon,2020,HEALTH,Unspecified Chinese Government Institution,Government of Cameroon ,Chinese government donates anti-epidemic equipment to Cameroonian government in June 2020,"On June 17, 2020, the Chinese government donated 8.3 tons of anti-epidemic equipment to the Cameroonian government. This batch of equipment consisted of 10,032 test kits, 20,000 N95 masks, 300,000 surgical masks, 15,000 protective suits, 15,000 pairs of protective glasses, 15,000 pairs of surgical gloves, and 3,000 pairs of surgical shoes. The monetary value of this donation is unknown.  A handover ceremony took place for this donation in Yaoundé, the capital of Cameroon. The Chinese Ambassador to Cameroon Wang Yingwu, a representative of President Biya, the Minister of State and Secretary-General of the Presidential Office, the Minister of Public Health of Cameroon, ​​the State Secretary of the Ministry of Public Health, the Governor of the Central Region, the Defense Attache Chai Xiaojiang, and the Economic and Commercial Counselor Wei Shengzi attended the ceremony.",Grant,645856.9168580911
Security,90762,Peru,2020,HEALTH,"Xinxing Jihua International Trade Co., Ltd",National Police of Peru,Xinxing Jihua International Trading Co. Ltd. donates masks to the National Police of Peru,"On August 4, 2020, Xinxing Jihua International Trading Co. Ltd., a Chinese company specialized in military supplies and logistics equipment exports, donated 200,000 KN95 masks and 400,000 disposable masks to the National Police of Peru.   The Foreign Ministry of Peru emphasized that this donation was made as a sign of the importance of multi-stakeholder cooperation in this sector of the Government.",Grant,621207.5242027193
Security,35613,Pakistan,2007,OTHER SOCIAL INFRASTRUCTURE AND SERVICES,Unspecified Chinese Government Institution,Pakistan National Art Council,China Donates 2.3 million CNY worth of equipment to National Art Gallery of Pakistan,"In July 2007, China donated equipment worth 2.3 million yuan (over $300,000) to the National Art Gallery of Pakistan. The equipment includes elevators, film projectors, security monitors, tape recorders, computers, printers, fax machines and various books and magazines about China. Chinese Ambassador Luo Zhaohui and Pakistani Cultural Minister G.G. Jamal signed the handing-over certificate on behalf of their respective governments. The donation was made to express the friendly sentiments of the Chinese government and people to Pakistan in view of the two countries' all-weather friendship._x000D_ ",Grant,618606.7020564765
Security,64719,Fiji,2014,GOVERNMENT AND CIVIL SOCIETY,China Ministry of Public Security,Fiji Police Force,China Ministry of Public Security donates RMB 3 million worth of equipment to Fiji Police Force,"On September 10, 2014, the handover ceremony of police supplies to the Fiji Police Force by the Chinese Ministry of Public Security took place at the Fiji Police Force camp. This donation by the Chinese Government included four vehicles, anti-riot equipment, communication equipment, monitors, camp beds, and sleeping bags. The donation was worth 3 Million RMB. It is expected that the donation would help the force ensure safety and order during the 2014 elections and play a positive role in guaranteeing the long-term security and stability of Fijian society.    This donation is part of the bilateral assistance agreed to under the 2011 Memorandum of Understanding on police cooperation signed between China's Ministry of Public Security and Fiji's Ministry of Defense, National Security, and Policing (see Project #64694).",Grant,612886.0024474858
Security,106986,Solomon Islands,2023,GOVERNMENT AND CIVIL SOCIETY,Unspecified Chinese Government Institution,Royal Solomon Islands Police Force (RSIP),Chinese Government provides SBD 5 million in security equipment to Royal Solomon Islands Police Force in October 2023,"On October 30, 2023, the Chinese Government donated security equipment and materials valued at SBD 5 million to the Royal Solomon Islands Police Force (RSIPF) to support security operations for the 2023 Pacific Games in November. The handover ceremony at Rove Police Headquarters was attended by Prime Minister Manasseh Sogavare, Chargé d’Affaires Ding Yonghua, and senior police officials from both countries. The donation included 1,600 items, namely 1,300 sets of security clothing and shoes, 2 unmanned aerial vehicles, 2 inspection machines, 29 metal detectors, 1 video transmission system, 200 radio walkie-talkies, and 120 handheld metal detectors.   The donation is part of a three-year ""SI–PRC Police Cooperation Agreement"", and was implemented by China’s Ministry of Public Security, which also conducted pre-Games security training for RSIPF officers and deployed additional personnel from the China Police Liaison Team (CPLT) as part of broader police cooperation efforts. The donation and increased Chinese police presence generated concern among some regional actors, particularly Australia, about China's growing security influence in the Solomon Islands.",Grant,604578.034156482
Security,40454,Papua New Guinea,2006,GOVERNMENT AND CIVIL SOCIETY,China Ministry of Commerce,,"China signs ETCA to provide 250,000 USD to police department","On August 6, 2006, Foreign Minister Li Zhaoxing visited Papua New Guinea and signed an Economic and Technical Cooperation agreement to provide special cash assistance to Papua New Royal Police Department for purchase of communications equipment and vehicles, for the Southern Highlands Province of Papua New Guinea._x000D_ _x000D_ On January 26, 2007, Abassador Wei Ruixing with Papua New Guinea Foreign Affairs and Trade Ministry Secretary-Pei Pusen signed a transfer certificate to provide $ 250,000 in cash assistance to Papua New Guinea. ",Grant,577581.527484217
Security,95239,Canada,2011,GOVERNMENT AND CIVIL SOCIETY,China National Offshore Oil Corporation (CNOOC),Calgary Police Youth Foundation,"CNOOC Petroleum North America ULC donates at least CAD 500,000 to the Calgary Police Youth Foundation","In 2011, CNOOC Petroleum North America ULC donated at least CAD 500,000 to the Calgary Police Youth Foundation, according to the Foundation's website.",Grant,574490.42210733
Security,99810,Ethiopia,2022,GOVERNMENT AND CIVIL SOCIETY,Unspecified Chinese Government Institution,Ethiopian Federal Police Commission,"Chinese government provides $600,000 worth of equipment to the Ethiopian Federal Police","On November 29 2022, the Chinese government donated $600,000 worth of equipment to the Ethiopian Federal Police. At the handover ceremony, Chinese Ambassador to Ethiopia Zhao Zhiyuan represented China and Ethiopian Federal Police Commissioner-General Demelash Gebremichael represented Ethiopia.   The equipment included five Corolla Cross patrol vehicles, a bullet-proof vehicle, digital forensic laboratory equipment, cash, and a communication upgrading system. The purpose of the donation was to promote security within Ethiopia and limit terrorism and piracy and strengthen the Ethiopian Federal Police.",Grant,566951.478829266
Security,1493,Tanzania,2003,GOVERNMENT AND CIVIL SOCIETY,Unspecified Chinese Government Institution,Tanzania Police Force,China Donates Police Vehicles to Tanzania,"On March 17, 2003, China donated five Toyota vehicles worth 200,000 USD to the Tanzanian police force to strength it's capacity. Commissioner of Police Wilson Mwansasu and Chinese Chief Economic and Commercial Representative Yu Yingfu were in attendance.",Grant,553960.8945620789
Security,91587,Mexico,2020,HEALTH,Unspecified Chinese Government Institution,Institute of Security and Social Services of State Workers,"Chinese Government provides USD $425,000 worth of anti-epidemic supplies to the Mexican Institute of Security and Social Services of State Workers in June 2020","On June 25, 2020, the Chinese government donated 100,000 surgical masks, 20,000 PPE suits, 20,000 N95 masks, 20,000 infrared thermometers, 10,000 goggles, and 20,000 face shields to the Mexican Institute of Security and Social Services of State Workers (ISSSTE). This donation is valued at USD $425,000.  A handover ceremony was held for this donation. China’s Ambassador to Mexico, Zhu Qingqiao, the Deputy Foreign Minister for Multilateral and Human Rights Affairs of the Mexican Ministry of Foreign Affairs, the Director of the Federal Commission for the Prevention of Health Risks, the Director of the Security and Service Bureau, and Zou Chuanming, the Commercial Counselor of the Embassy, ​​attended the ceremony.  Commercial Counselor Zou Chuanming and Director Ramirez signed a material handover certificate at the ceremony.",Grant,539683.5604786503
Security,98237,Cambodia,2008,GOVERNMENT AND CIVIL SOCIETY,Unspecified Chinese Government Institution,Cambodia Ministry of Interior,"Chinese Government signed a MoU worth USD 300,000 with Cambodian government to reform the national police and all police equipment in Cambodia in December 2008","On December 2, 2008, Interior Ministry Secretary of State Em Sam An signed a memorandum of understanding with Chinese Deputy Minister of Public Security Meng Hongwei, who was part of a delegation visiting Cambodia for the 50th anniversary of diplomatic relations be­tween the two countries. With this donation, the Ministry of Interior in Cambodia will use it to reform the national police and all police equipment, as well as improving anti-terrorism, anti-narcotics activities and enhancing international crime cooperation.  According to Interior Ministry spokesman Lieutenant General Khieu Sopheak, the money would go into the ministry’s budget and buy police equipment from China itself. ",Grant,520036.257976821
Security,49251,Lao People's Democratic Republic,2015,EMERGENCY RESPONSE,Unspecified Chinese Government Institution,Government of Laos,Chinese government donates seven ambulances and medical supplies worth 3 million yuan to Laos to support unexploded ordnance (UXO),"On April 2, 2015, the Chinese government donated seven ambulances and medical supplies worth 3 million yuan (about 480,000 U.S. dollars) in support of unexploded ordnance (UXO) to Laos. The ambulances will be allocated to provincial hospitals that deal with the majority of the nation's UXO casualties, as well as to the army's UXO Humanitarian Unit.
 
 On average, 300 people had been killed and countless more injured from accidents related to UXO in Laos each year from 1964 to 2008.",Grant,499350.202989414
Security,40281,Kyrgyz Republic,2002,GOVERNMENT AND CIVIL SOCIETY,Unspecified Chinese Government Institution,Kyrgyz Ministry of Internal Affairs,China Commits 20 Jeeps to Kyrgyz Interior Ministry,"On September 20, 2002, the Ministry of Public Security of China agreed to hand over 1.4 million CNY worth of Jeeps and technical assistance to the Ministry of Interior Affairs of the Kyrgyz Republic. The agreement was signed by the Minister of Public Security Jia Chunvan and Ambassador of the Kyrgyz Republic to China Erlan Abdyldaev.",Grant,480684.2074781912
Security,64897,Papua New Guinea,2013,GOVERNMENT AND CIVIL SOCIETY,Unspecified Chinese Government Institution,,"Chinese Government donation of police motorcycles, police uniforms and other police materials worth $374,000 (linked to #64516)","On January 10, 2013, the Chinese Government signed an economic and technical cooperation agreement (ETCA) to provide aid to the PNG police force (#64516)._x000D_ _x000D_ On February 5, 2015, the Chinese government handed over the police motorcycles, uniforms and other materials worth $364,000 to the Papua New Guinea police force.",Grant,479684.0073801007
Security,66632,Indonesia,2010,GOVERNMENT AND CIVIL SOCIETY,Unspecified Chinese Government Institution,,"China granted $293,000 for Human Resources Development and International Relations Studies in Indonesia","In 2010, China provided a USD $293,000 grant to Indonesia's Ministry of Foreign Affairs for workshops on ""Regional Security Cooperation: Challenges and Opportunities"" to enhance the human resources capacity and international relations studies of the Ministry. The duration is 12-months.",Grant,463974.4441180949
Security,90729,Peru,2020,HEALTH,"Guangdong Provincial Public Security Department |Xinxing Jihua International Trade Co., Ltd",Peru Ministry of Interior,"Guangdong Provincial Public Security Department and Xinxing Jihua International Trade Co., Ltd. donate medical supplies to Peru","On October 16, 2020,  the Ministry of the Interior of Peru held a handover ceremony of anti-epidemic materials aided to Peru by the Guangdong Provincial Public Security Department and the Shenzhen Branch of Xinxing Jihua International Trade Co., Ltd. These materials included 600,000 KN95 type masks and another 50,000 BYD FE2311 KQ type masks, valued at more than $345,000 USD. These masks will be distributed among the police personnel who enforce the measures and restrictions dictated by the Government in the current situation of pandemic.  Minister of the Interior Hentiere, Lieutenant General Alejandro, Deputy Commander of the National Police Li Yun, Political Counselor of the Chinese Embassy in Peru, and Colonel Xuan Kexiang, Military Attache, attended the ceremony.  During the ceremony, Minister Hentiere spoke on behalf of the Peruvian government and thanked China for their generous assistance. ",Grant,438096.0667414923
Security,88629,Sri Lanka,2019,TRADE POLICIES AND REGULATIONS,Unspecified Chinese Government Institution,Sri Lanka Parliament,Chinese Government provides x-rays and metal detectors worth LKR 60 million to Sri Lanka Parliament,"On June 19, 2019, the Chinese Government officially handed over three portable x-ray machines and five walk-through metal detectors to the Sri Lanka Parliament. The equipment would be installed in the parliamentary building in order to protect government officials.   Following the Easter Sunday terrorist attacks on April 21, 2019, the Chinese Government provided various donations to the Government of Sri Lanka: 1) 10 police vehicles on May 8, 2019 (Project ID #71784) 2) 100 jeeps worth LKR 1.5 billion on May 14, 2019 (Project ID #91210) 3) LKR 2.6 billion grant on May 14, 2019 (Project ID #88611) 4) X-rays and metal detectors worth LKR 60 million on June 19, 2019 (Project ID #88629) 5) Security equipment work LKR 765 million on September 27, 2019 (Project ID #88635) 6) Police equipment worth unknown amount on December 5, 2019 (Project ID #71776)",Grant,430846.1569942513
Security,940,Mozambique,2001,GOVERNMENT AND CIVIL SOCIETY,Unspecified Chinese Government Institution,Government of Mozambique,"Chinese Government donates de-mining equipment worth $150,000 to Mozambique's Armed Forces","On July 20, 2001 China delivered de-mining equipment to the Mozambique Defence Armed Forces. The equipment, which includes assorted mine detectors and protection gear for sappers, is worth more than 150,000 dollars.  Mozambican Defence Minister Tobias Dai said the equipment would be used in designated minefields so as to permit the implementation of socioeconomic projects. ",Grant,428854.4162323395
Security,64696,Fiji,2017,GOVERNMENT AND CIVIL SOCIETY,China Ministry of Public Security,Fiji Police Force,"Chinese Ministry of Public Security donates FJD 670,000 worth of equipment to Fiji Police Force (Linked to Project ID#64694)","On August 10, 2017, China Ministry of Public Security donated a batch of police equipment to Fiji's Police Force. The donation was worth FJD 670,000.00 and included traffic command vehicles, office equipment, radio communication equipment, fiberglass, and rubber boats for rescue operation, and other materials.  During the handover ceremony, the Chinese Ambassador to Fiji also announced the extension of a Memorandum of Understanding (MOU) between the Chinese Government and the Government of Fiji on police corporation for a further five years (see Project ID#64694). Another batch of Fijian police officers was invited by China's Ministry of Public Security to attend a training in Hubei Province.",Grant,425926.3493189595
Security,49660,Samoa,2007,OTHER SOCIAL INFRASTRUCTURE AND SERVICES,Unspecified Chinese Government Institution,,China Donated Two ZTE Pickup Trucks to Samoa for the South Pacific Games,"On January 19th, 2007, China donated two ZTE pickup trucks (also known in Chinese as 中兴皮卡) to the Samoan police to help with patrolling and logistics during the South Pacific Games. Chinese ambassador Shi Longzhuang and Samoa's Police Minister attended the handover ceremony in Apia and signed the transfer certificates. The total cost for this grant project amounted to 200,000 USD, and the two trucks were provided by Great Wall Motors. ",Grant,409152.7206678443
Security,38041,Maldives,2014,GOVERNMENT AND CIVIL SOCIETY,Unspecified Chinese Government Institution,Maldives Police Service,China donates 150 police motorcycles worth RMB 2 million to Maldives Police Service,"On August 16, 2014, an exchange of letters between Maldives and China was signed that stipulated that China was to provide 150 police motorcycles to the Maldives Police Service. On January 20, 2015, the Chinese Embassy to the Maldives handed over the donated motorcycles to the Maldives Police Service in Malé, Maldives. The estimated cost of these motorcycles was RMB 2 million, according to the Maldives Police Service. _x000D_ _x000D_ The vehicles were intended to help strengthen Maldivian law enforcement. The Maldives Police Service stated that the motorcycles would allow the police to perform their duties more efficiently and swiftly. According to Miadhu, the majority of the motorcycles were to be sent to different islands to improve their police service.",Grant,408590.6682983238
Security,101749,Namibia,2022,GOVERNMENT AND CIVIL SOCIETY,China Ministry of Public Security,"Ministry of Home Affairs, Immigration, Safety and Security of Namibia","China Ministry of Public Security donates security equipment worth NAD 7 million to Namibia Ministry of Home Affairs, Immigration, Safety and Security for law enforcement capacity building","On April 21, 2022, the Chinese Ministry of Public Security handed over a donation of security equipment worth NAD 7 million to the Namibian Ministry of Home Affairs, Immigration, Safety and Security. The donation included 1,500 rubber batons, helmets, riot shields, and knee and elbow caps, as well as 1,600 sets of protective vests. The donation was planned to be distributed to correctional facilities across Namibia to support law enforcement capacity building. ",Grant,404058.272429735
Security,66317,Mongolia,2017,GOVERNMENT AND CIVIL SOCIETY,China Ministry of National Defense,,Ministry of Defense of China grants 2 million RMB worth of Police Equipment to Mongolia,"On May 4, 2017, Chinese Ambassador Haiming Xing, representing the Chinese Government, handed over a donation of equipment from the Ministry of National Defense of China to the Mongolian Police. The donation includes Iveco minibuses, gas masks, and police equipment, and is worth 2 million RMB in non-refundable aid.",Grant,387782.1296916073
Security,1907,Tanzania,2009,GOVERNMENT AND CIVIL SOCIETY,China Ministry of Public Security,Tanzania Ministry of Home Affairs,China Donates Computer Equipment to Tanzania's Ministry of Home Affairs,"On 5 September of 2009, the Chinese Ministry of Public Security made another computer donation to the Tanzanian Ministry of Home Affairs. Worth about 1.5 million CNY, the donation included 150 personal computers, 50 notebook computers, 30 scanners, and 40 digital cameras. The donation was haded to Tanzanian Minister of Home Affairs Lawrence Masha.",Grant,374980.0264317948
Security,91894,Cameroon,2020,HEALTH,Chinese Embassy,Cameroon Ministry of Defense (MINDEF),Chinese Embassy donates XAF 164.5 million worth of anti-epidemic kits to Cameroon Defense Ministry in June 2020,"On June 15, 2020, the Chinese Ambassador to Cameroon, Wang Yingwu, handed over a donation of anti-epidemic kits worth XAF 164.5 million to the Cameroon Ministry of Defense. The kits included 50,000 regular masks, 6,000 surgical masks, 4,200 protective glasses, and various other anti-epidemic materials for disinfection and patient services.",Grant,362913.3306642412
Security,94079,North Macedonia,2020,HEALTH,China Ministry of National Defense,North Macedonia Ministry of National Defense,"Chinese Ministry of Defense provides protective medical equipment worth 250,000 euros to North Macedonian army in July 2020","On July 14, 2020, the Chinese Ministry of National Defense provided protective medical equipment to the North Macedonian army. The donated equipment included 62,000 protective masks, 4,200 protective glasses, 3,000 visors, 6,000 protective suits and sets, gloves, infusion pumps, electric thermometers, and 2 sets of thermal helmets. The monetary value of this donation is an estimated 250,611 euros.  A handover ceremony was held for this donation. The State Secretary of the Ministry, Dragan Nikolic, and China’s Ambassador to North Macedonia, Zhang Zuo, attended the ceremony and delivered speeches. ",Grant,361632.7186500396
Security,67211,Serbia,2009,HEALTH,China Ministry of Commerce,Government of Serbia,"Chinese Government provides EUR 150,000 grant for the provision of ultrasound devices","On August 20, 2009, the Chinese Government provided an EUR 150,000 grant to the Government of Serbia for the procurement of ultrasound devices for Serbia's Military Medical Academy (Ministry of Defense), pursuant to a prior ETCA.",Grant,355866.2287933141
Security,53612,Tajikistan,2011,GOVERNMENT AND CIVIL SOCIETY,Unspecified Chinese Government Institution,,"Chinese Government provides $305,810 in grant assistance for drug trafficking seminars in Xinjiang","In 2011, the Chinese Government provided grant assistance worth $305,810 to Tajikistan for seminars, as reported by the May 2018 Flat Export from Tajikistan AIMS. The AIMS Record ID is TJK/112259.",Grant,347552.192771652
Security,39931,Uzbekistan,2001,GOVERNMENT AND CIVIL SOCIETY,Unspecified Chinese Government Institution,Uzbek Ministry of Internal Affairs,Chinese Government donates forensic equipment worth RMB 1 million,"In November 2002, China's Ministry of Public Security committed a donation of forensic laboratory equipment worth 1 million RMB to their Uzbek counterparts. The current state of this project is unknown. According to Chinese source, the contract is signed in 2001._x000D_ _x000D_ ",Grant,345412.337993434
Security,40089,Kazakhstan,2002,GOVERNMENT AND CIVIL SOCIETY,China Ministry of Public Security,Kazakh Ministry of Internal Affairs,China's Public Security Ministry donates 1million yuan worth equipment to Kazakh police,"On February 19, 2003 China's Public Security Ministry donated police equipment to the Kazakh Interior Ministry in Almaty. The total cost was 1mil yuan. The police equipment and technology supplied by China includes night vision devices, metal detectors, microscopes, tape recorders, computers, scanners, printers, photo equipment, telephones and flashlights. The agreement on the supply of special equipment by the Chinese Public Security Ministry as technical no-strings aid to the Kazakh Interior Ministry was signed by the sides in Beijing on November 18, 2002.",Grant,343345.8624844228
Security,64080,Myanmar,2019,GOVERNMENT AND CIVIL SOCIETY,Chinese Embassy,Myanmar Ministry of Interior,"Embassy of China in Myanmar donates emergency police equipment worth $267,968.62 to Myanmar Ministry of Home Affairs in 2019 ","On January 24, 2019, China decided to grant Myanmar's Home Affairs Police equipment worth of $267,968.62. On April 6, 2019, the equipment arrived at the Port of Naypyidaw.  On May 13, 2019, according to the news release from the Embassy of China in Myanmar, the Embassy handed the equipment over. The aid was intended to help the Myanmar police maintain peace and stability in the context of the Rakhine State issue. The handover ceremony was held in Nay Pyi Taw, and the Chinese Ambassador to Myanmar Hong Liang and Myanmar Home Affairs Minister Kyaw Rui delivered speeches.",Grant,342328.0266608546
Security,60916,Madagascar,2018,GOVERNMENT AND CIVIL SOCIETY,China Ministry of Public Security,Government of Madagascar,China Ministry of Public Security donates security materials for Madagascar Police Material Purchase Project ,"On February 28, 2018, the Chinese Ambassador to Madagascar, Yang Xiaorong, took part in a signing ceremony for an Exchange of Letters Agreement with the Madagascar Ministry of Security. The letters specified that China's Ministry of Security would donate a batch of crime fighting materials to the Madagascar Ministry of Public Security. This agreement is seen as a way to strengthen diplomatic ties between China and Madagascar. This project is part of a continued investment on China's part in Madagascar's domestic security forces.   On July 25, 2019, the Government Procurement Office under the Chinese Ministry of Public Security announced a tender for the production of police equipment for the Ministry of Public Security Assisted Madagascar Police Material Purchase Project (Chinese project title: 公安部援马达加斯加警用物资采购项目). On September 6, 2019, China Machine International Tendering Co. Ltd. won the bid and will be carrying out the project for RMB 1.765 million (funded by China Ministry of Public Security). The equipment was to be delivered 51 days after the contract signing.  The equipment included 100 gas masks (RMB 480 each), 100 bulletproof vests (RMB 1,350 each), 100 police batons (RMB 300 each), 100 bulletproof helmets (RMB 1,200 each), 100 riot shields (RMB 160 each), 100 portable radios (RMB 2,860 each), 20 mobile radios (RMB 3,500 each), and 14 fixed long-distance transmission radios (RMB 57,500 each). China Machine International Tendering Co.also agreed to provide customers with free technical support, which includes: telephone support, on-site maintenance, replacement of spare parts, and regular inspections of customers.",Grant,330687.1129499807
Security,42128,Papua New Guinea,2008,GOVERNMENT AND CIVIL SOCIETY,People's Liberation Army of China,Papua New Guinea Defense Force,"PLA provides $500,000 grant for Taurama Military Hospital Upgrading Project (Linked to Project ID#42165)","On July 8, 2005, Papua New Guinea Defence Force and the People's Liberation Army (PLA) of China signed a protocol agreement, which committed PGK 1.5 million of grant funding to the Taurama Military Hospital Upgrading Project. Then, in May 2008, the PLA of China provided an additional $400,000 grant for the Taurama Military Hospital Upgrading Project. At some point during 2008, the PLA of China also provided an additional $100,000 for the Taurama Military Hospital Upgrading Project.   Project ID#42165 captures the PGK 1.5 million grant that was provided in 2005. This project, ID#42128, captures the $500,000 of total grant funding that was provided in 2008.    The purpose of the project was to upgrade the Taurama military hospital in the city of Taurama. It involved the construction of five buildings, including a pathology laboratory, an x-ray building, a dental clinic, and an accident and emergency building. The project also involved minor repairs to already existing health infrastructure at the 1RPIR [1st Battalion Royal Pacific Islands Regiment] headquarters.   China Jiangsu International Economic and Technical Cooperation Corporation was the contractor responsible for implementation. Construction began on June 12, 2008 and the project handover and completion ceremony was held on April 8, 2009.",Grant,326013.7090463392
Security,95090,Central African Republic,2021,GOVERNMENT AND CIVIL SOCIETY,Unspecified Chinese Government Institution,Government of Central African Republic,Chinese Government donates security supplies worth FCFA 156 million to the Central African Republic,"On January 22, 2021, the Chinese Government donated defense and security supplies worth FCFA 156 million to the Central African Republic. The donation includes an unknown quantity of computer equipment, handcuffs, and police uniforms. The equipment will be used by the Central African Republic's Defense and Security Forces.",Grant,319860.0616738495
Security,60023,Madagascar,2018,HEALTH,Unspecified Chinese Government Institution,Government of Madagascar,"Chinese Government donates $250,000 USD in medical equipment as part of Action Brilliant campaign (linked to #60024)","On June 6, 2018, a Memorandum of Understanding was signed between Chinese Ambassador to Madagascar Yang Xiaorong, and Madagascar's Minister of Public Health, Lalatiana Andriamanarivo, in which the Chinese Government agreed to a donation of $250,000 USD in medical equipment to the Malagasy Ministry of Public Health. The equipment was handed over on the same day.  This donation was part of the 2 week long ""Action Brilliant"" campaign that began in Antananarivo on May 31st, 2018 to offer free cataract treatment in the country. The equipment will be left in the Joseph Ravoahangy Andrianavalona Hospital. The Action Brilliant campaign may also be known as Bright Journey Project or Brightness Action campaign. As part of the program, 11 ophthalmic experts from China were sent to the capital in 2017 (see linked ProjectID#60024). ",Grant,309789.7908345137
Security,104567,Vanuatu,2023,GOVERNMENT AND CIVIL SOCIETY,Unspecified Chinese Government Institution,Vanuatu Police Force,"Chinese government provides grant of police supplies worth VUV 34.43 million to Vanuatu (linked to Record ID#104566, 104568)","On August 25, 2023, the Chinese Ambassador to Vanuatu Li Minggang attended the handover ceremony of a batch of police supplies (worth VUV 34.43 million) to improve the law enforcement conditions of the Vanuatu Police Force. The Ambassador also attended the launch ceremony for the first Chinese police expert group sent to Vanuatu (see Record ID #104566)  The batch of supplies included 1,036 sets of operational suits and fast-dry operational suits, 1,036 sets of training T-shirts, 748 pairs of tactical gloves, 70 sets of tactical belts, handcuffs, police flashlights, and police batons, as well as 2 sets of alcohol breathalyzer parts. (Linked to Record ID #104568)",Grant,286816.997759945
Security,53886,Afghanistan,2007,GOVERNMENT AND CIVIL SOCIETY,Unspecified Chinese Government Institution,,"China provides 140,000 USD to Afghanistan Police","From April 1, 2007 to December 31, 2008, China provides 140,000 USD assistance to the Afghanistan Police._x000D_ _x000D_ ",Grant,286406.904467491
Security,97590,Malawi,2021,GOVERNMENT AND CIVIL SOCIETY,Unspecified Chinese Government Institution,Malawi Police Service,Chinese Government provides security equipment to Malawi police force in April 2021,"On April 29, 2021, the Chinese Government donated security equipment to the Malawi police force. The equipment included 300 tents, bullet proof vests, handcuffs, gas masks, shields, helmets, shock baton sticks and binoculars. The donation has a monetary value of MK200 million ($250,000 USD).   A handover ceremony was held for this donation in Lilongwe, the capital of Malawi. Malawi’s Minister of Homeland Security, Richard Chimwendo Banda, and China’s Ambassador to Malawi, Liu Hongyang, attended the ceremony.",Grant,284734.0478813977
Security,64675,Timor-Leste,2005,GOVERNMENT AND CIVIL SOCIETY,Unspecified Chinese Government Institution,Timor-Leste Ministry of Home Affairs,"Chinese Government donates police uniforms worth $110,000 to Timor-Leste’s Ministry of Home Affairs","According to Timor Leste's 2006-07 General Budget of the State, the funding for the China's donation of police uniforms amounted to 111,000 USD. On September 8, 2005, the handover ceremony for the Chinese donation of police supplies and communications equipment to Timor-Leste was held at the Ministry of Home Affairs [内政部]. Chinese Ambassador to Timor-Leste Chen Duqing and Minister of Home Affairs Rogerio Lobato [罗热里奥·洛巴托] handed over the police supplies and communications equipment from the Chinese Ministry of Public Security, and both signed the transfer certificate. ",Grant,273898.6403547523
Security,97365,Malawi,2021,GOVERNMENT AND CIVIL SOCIETY,Unspecified Chinese Government Institution,Government of Malawi,China donates newly constructed K188 million Nsipe Police Post to Malawi in May 2021,"On May 18, 2021, the Chinese government donated a newly constructed Nsipe Police Post to the Government of Malawi. The Nsipe Police Post, located in the Ntcheu District, will be used to assist Malawi in its reduction of road accidents and crime. It will serve a population of about 80 thousand Malawian people from Traditional Authorities Kwataine, Makwangwala, and Champiti. The Nsipe Police Post is worth K188 million.   The donation occurred at a handover ceremony, where Chinese Ambassador to Malawi Liu Hongyang and Malawi Vice President Saulos Chilima were in attendance. In addition to the Nsipe Police Post, the Chinese government also donated furniture, five motorbikes, and a refrigerator to assist the new facility. ",Grant,267650.0050085144
Security,60988,"Africa, regional",2004,GOVERNMENT AND CIVIL SOCIETY,Unspecified Chinese Government Institution,Economic Community of West African States (ECOWAS),Chinese government donates 1 million Chinese Yuan to ECOWAS for peacekeeping,"The Chinese Government handed out 1 million RMB to the Economic Community of West African States (ECOWAS) in Abuja, Nigeria on 14 September 2004 for peacekeeping efforts in the region. ",Grant,254168.814425225
Security,64163,Philippines,2019,GOVERNMENT AND CIVIL SOCIETY,Unspecified Chinese Government Institution,the Philippine National Police ,The Chinese Embassy donated 50 electric motorcycles worth PHP 9452k to the Manila Police District in 2019,"On Jan 28, 2019, a handover ceremony was held at the Manila Police District (MPD) headquarters for the donation of 50 electric motorcycles from the Chinese Embassy in Manila. According to the Philippine News Agency, the donation was worth approximately PHP 9,452,700.",Grant,231988.4515519838
Security,32033,Cambodia,2001,GOVERNMENT AND CIVIL SOCIETY,Unspecified Chinese Government Institution,Cambodia National Police,China donates forensic equipment to Cambodian police,"According to a media report on October 23, 2001, China gave Cambodia a gift of forensic equipment worth 80,000 dollars. This donation included materials that would enable Cambodian authorities to find clues from fingerprints and blood. This donation would provide the Cambodian police with forensic investigation capabilities, where previously, the authorities have to rely on forensic specialists from neighboring Thailand and Vietnam or did not use forensic investigation techniques at all.",Grant,228722.3553239138
Security,104568,Vanuatu,2023,GOVERNMENT AND CIVIL SOCIETY,Unspecified Chinese Government Institution,Vanuatu Police Force,"Chinese government provides second batch of police supplies worth VUV 27 million to Vanuatu (linked to Record ID#104566, 104567)","On November 21, 2023, the Chinese government donated a second batch of police supplies (worth VUV 27 million) to Vanuatu, which included electronic data forensics laboratory equipment. The grant also included a 16-seater bus, a boxing ring, boxing gloves, punchbags, and fighting gear for the Vanuatu Police Force. (Linked to Record ID #104567).",Grant,224921.839660717
Security,96823,Samoa,2021,HEALTH,Unspecified Chinese Government Institution,,Chinese pathologist team provides technical assistance in autopsies to Samoan Ministry of Health ,"On April 29, 2021, a team of 8 Chinese forensic pathologists arrived in Apia Samoa to assist in the post-mortem examination of a backlog of 13 bodies that have been stored in the morgue for almost 1 year awaiting autopsies. The Chinese government provided the equipment for the post-mortem examination and also covered all the expenses including the autopsy, traveling, and accommodation of the Chinese forensic pathologist team, costing more than 500,000 Tala.    At the additional request of the Samoan government, the Chinese forensic pathologist team also conducted 3 more autopsies of current cases. The team also conducted two forensic technical training lectures at the invitation of the Samoa Police, including the crime scene investigation and the fingerprint application. ",Grant,223818.8976377948
Security,56719,Mauritius,2012,GOVERNMENT AND CIVIL SOCIETY,ZTE Energy,Mauritian Police Department,ZTE donation of radio equipment to Mauritius Police Force,"ZTE Corporation China donated two B.T.S. radio sets (Model ZXC10) worth Rs. 4,960,000 to the Mauritius Police Department, specifically the Communications Branch.  The date of donation is listed as April 5 2012.",Grant,219982.8465363131
Security,72170,Uzbekistan,2004,GOVERNMENT AND CIVIL SOCIETY,Unspecified Chinese Government Institution,Government of Uzbekistan,"Chinese Government grants RMB 700,000 for the provision of police equipment","On November 26, 2004, Chinese Government signed an RMB 700,000 grant for the provision of police equipment. Under the agreement between the Ministry of Internal Affairs of the Republic of Uzbekistan and the Ministry of Public Security of the People’s Republic of China, the Chinese government granted 700,000 RMB to the Ministry of the Internal Affairs of the Republic of Uzbekistan.",Grant,219016.5128809398
Security,41549,Liberia,2014,EMERGENCY RESPONSE,Unspecified Chinese Government Institution,Liberian National Police (LNP),"China grants $211,781 USD to Liberia National Police for Ebola response (Linked to Record ID#41547, #45060)","In 2014, China committed to various sectors of the Government of Liberia over 3 million dollars to fight Ebola. During the signing ceremony, the PRC Government is providing US$1 million cash to the Liberian Government (see #41547); US $2 million to the World Food Programme (WFP) (see #45060), and US $211,781 logistical support to the LNP. This project captures the donation to the LNP, which includes vehicles, motorcycles, communication equipment, among others.  Other Ebola-related assistance provided by the Chinese Government in 2014 is captured in umbrella Record ID#60642.",Grant,217192.678206384
Security,95540,Sri Lanka,2020,HEALTH,China Ministry of National Defense,Sri Lanka Ministry of Defence,China's Ministry of National Defense donates medical equipment to Sri Lanka's Ministry of Defence,"On May 12, 2020, China's Ministry of National Defense donated 70,000 disposable medical masks, 9,000 surgical masks, 9,000 medical surgical masks (KN95), 6,300 medical protective goggles, 4,500 disposable medical protective screens (face shields), 4,500 disposable one-piece medical protective suits, 4,500 disposable medical isolation (170) gowns, 9,000 pairs of disposable medical boot covers, 80 disposable medical gloves, 160 disposable nitrile gloves 50-packets,  30 infusion pumps, two 16-litere Knapsack disinfectant sprayers (16L), 70 frontal temperature gun CK - T1501 (IR thermometers) and two Thermal Imaging Smart Helmet (N901) (infrared image temperature observing helmets) to Sri Lanka's Defence Ministry. A People’s Liberation Army-Air Force Y-20 delivered the donation.",Grant,215487.3917152591
Security,53323,South Sudan,2016,GOVERNMENT AND CIVIL SOCIETY,Unspecified Chinese Government Institution,,"China provides $150,000 worth of office and communication equipment to CTSAMM, South Sudan (linked to #53322)","On April 28th, 2016, the Chinese government provided $150,000 worth of office and communication equipment to the South Sudan Ceasefire and Transitional Security Arrangements Monitoring Mechanism (CTSAMM) at the CTSAMM headquarters in Juba. This grant is intended to ease the peace negotiation process in South Sudan._x000D_ _x000D_ This project is one of the two grants to CTSAMM made in the same event. The other one is a $550,000 cash grant, which is reported in #53322.",Grant,201386.2089005365
Security,66147,Albania,2017,GOVERNMENT AND CIVIL SOCIETY,Unspecified Chinese Government Institution,,"Chinese Government grants 131,652 euros to Albania for Non-traditional Security Threats Seminar","In 2017, the Chinese Government granted 131,652 euros for a Seminar on Non-traditional Security Threats for Albania in Hangzhou, China. Seminar participants were from the State Police & Ministry of Interior. This project started on May 4, 2017 and reached completion on May 24, 2017. The seminar was to teach the State Police & Ministry of Interior on how to handle security threats, organized crime, terrorism, and trafficking. ",Grant,194519.3247827676
Security,54375,Kyrgyz Republic,2017,GOVERNMENT AND CIVIL SOCIETY,China Ministry of Public Security,,China offers technical assistance to Kyrgyz's Border Service,"In 2017, China's Ministry of Public Security agreed to provide technical assistance worth 1 million yuan to the Kyrgyz Border Service. This agreement was signed in context of strengthening cooperation between the two countries in the fields of counter-terrorism and personnel support. China additionally proposed training cooperation between Chinese and Kyrgyz personnel.",Grant,193891.0648458036
Security,53858,Uzbekistan,2015,GOVERNMENT AND CIVIL SOCIETY,China Ministry of Public Security,,"China Commits to Give Uniforms worth US$150,000 to Uzbekistan's Police","In February 2015, the Ministry of Public Security of China signed an agreement to provide uniforms (summer and winter clothing) to Uzbekistan's Ministry of Internal Affairs' policemen for a total amount of USD$150,000. ",Grant,191404.0983916894
Security,38217,Timor-Leste,2005,GOVERNMENT AND CIVIL SOCIETY,Unspecified Chinese Government Institution,Government of Timor-Leste,"Chinese Government donates communications equipment worth $75,000 to Timor-Leste’s Ministry of Home Affairs","On September 8, 2005, the handover ceremony for the Chinese donation of police supplies and communications equipment to Timor-Leste was held at the Ministry of Home Affairs (援助东帝汶内政部警用物资). Chinese Ambassador to Timor-Leste Chen Duqing and Minister of Home Affairs Rogerio Lobato [罗热里奥·洛巴托] handed over the police supplies (captured in #64675) and communications equipment from the Chinese Ministry of Public Security, and both signed the transfer certificate. According to Timor Leste's 2006-07 General Budget of the State, the funding for the communications equipment amounted to 75,000 USD.  ",Grant,185066.6488883463
Security,91960,Zimbabwe,2020,HEALTH,Chinese People’s Liberation Army (PLA),Zimbabwe Defense Forces (ZDF),Chinese People's Liberation Army donates anti-epidemic materials in June 2020 to Zimbabwe National Defense Forces,"On June 4, 2020, anti-epidemic materials provided by the Chinese People's Liberation Army to the Zimbabwe National Defense Forces arrived at the Harareman Air Base in Zimbabwe. The materials included 62,000 masks, 19,000 pieces of personal protection equipment, and other critical medical supplies. China’s Ambassador to Zimbabwe, Guo Shaochun, the Minister of Defense and Veterans Affairs of Zimbabwe, and the Commander of the National Defense Forces attended the handover ceremony.  ",Grant,168381.2708693389
Security,96586,Fiji,2021,GOVERNMENT AND CIVIL SOCIETY,Unspecified Chinese Government Institution,Fiji Police Force,"Chinese Government provides fingerprint image-only matching lab worth USD $147,574.37 to Fiji police force","In January of 2021, the Chinese Government donated a fingerprint image-only matching lab to the Fiji police. This donation is worth USD $147,574.37. The specific use of this donation is unspecified and requires more investigation. ",Grant,167792.05869
Security,2201,Zambia,2003,GOVERNMENT AND CIVIL SOCIETY,Unspecified Chinese Government Institution,Zambia Police Service,"Chinese Government donates computers, printers, and rain coats to the Zambian Police Service","In 2003, the Chinese Government donated 10 computers, 10 printers, and 1,000 rain coats worth more than $60,000 USD to the Zambian Police Service.",Grant,166188.2683686235
Security,72156,Barbados,2010,ACTION RELATING TO DEBT,China State Construction Engineering Corporation (CSCEC),Salvation Army of Barbados,,"In June 2010, the China State Construction Engineering Corporation (CSCEC) reduced the amount owed by the Salvation Army of Barbados by 100,000 USD. _x000D_ _x000D_ Between February 2005 and November 2006, CSCEC constructed a new accommodation building and restaurant project for the charitable organization. The opening ceremony for the project took place in December 2006. The project cost a total of 350,000 USD, owed to the CSCEC, but the Salvation Army struggled to pay the full amount. In July 2010, the contractor decided to reduce the amount owed as a contribution to the charity. For forgiving the debt, the CSCEC was awarded the ""Outstanding Contribution Award to Charity."" ",Grant,158353.0526000325
Security,93778,Lesotho,2020,GOVERNMENT AND CIVIL SOCIETY,China Ministry of Public Security,Lesotho Ministry of Police and Public Safety,China's Ministry of Public Security Donates 30 Motorbikes to Lesotho's Ministry of Police and Public Safety September 2020,"On September 10, 2020, the Chinese Ministry of Public Security donated 30 motorbikes to Lesotho's Ministry of Police and Public Safety. These bikes were estimated to be worth 2 million loti. They all had a logo that said ""China Aid"" on them. At the handover ceremony, Chinese Ambassador to Lesotho Lei Kezhong stated that the motorbikes were donated to strengthen safety and law enforcement in Lesotho.",Grant,154107.2417129211
Security,104398,Cabo Verde,2023,GOVERNMENT AND CIVIL SOCIETY,Unspecified Chinese Government Institution,Cabo Verde Ministry of Justice,"Chinese government donates CVE 15 million worth of forensic equipment to Cabo Verde Judicial Police, September 2023","On September 6, 2023, the Chinese ambassador in Cabo Verde held a handover ceremony of a batch of forensic equipment for the Cabo Verde Judicial Police (Polícia Judiciária). This donation included computer equipment for the digital forensic laboratory that was worth CVE 15 million.",Grant,147340.793361413
Security,96942,Malaysia,2021,HEALTH,Chinese Consulate General,"Government of Sarawak, Malaysia","The Chinese Consulate General in Kuching donates 380,000 masks to various sectors of the Sarawak government (linked to project ID #96940, #96941)","In June 2021, the Chinese Consulate General in Kuching donated 380,000 masks to various sectors of the Sarawak government, including the Kuching Airport Immigration Bureau, Police Station, Fire and Rescue Bureau, charity organizations and other sectors of Sarawak. The staff of the Consulate General donated the masks directly.   This was part of a series of donations to various entities in Sarawak State, Malaysia, in June 2021. Other donations include 99,000 masks (30 boxes) to the Federation of Sarawak Chinese Associations (see project ID #96940) and a donation of 201,000 masks (67 boxes) to the Sarawak State Disaster Management Committee (see project ID #96941). ",Grant,144308.04
Security,103276,Malawi,2023,GOVERNMENT AND CIVIL SOCIETY,Unspecified Chinese Government Institution,Malawi Police Service,"Chinese Government donates 143,000 USD modern fingerprint and forensic science laboratory to Malawi Police Service","On July 28, 2023, the Chinese Government provided a 143,000 USD fingerprint testing laboratory to the Malawi Police Service (MPS) in a handover ceremony in Lilongwe, Malawi. The donation will bridge the technological gap in Malawi’s police force. ",Grant,143000.0
Security,103402,Madagascar,2021,GOVERNMENT AND CIVIL SOCIETY,Unspecified Chinese Government Institution,Government of Madagascar,Unspecified Chinese Government Institution grants police supplies worth RMB 1 million to Madagascar,"In 2021, China and Madagascar signed a cooperation agreement for police supplies. On June 21, 2023, Zhang Wei, Charge d'Affaires of the Chinese Embassy in Madagascar and the Secretary-General of Madagascar's Ministry of Public Security signed a handover certificate for the donation of police supplies.  The equipment included including VPN servers, security gateways, network switches, laptops, uninterruptible power supplies, and other electronic equipment. This grant was to help Madagascar's government upgrade the police communication system and upgrade to the ""I-24/7"" communication system. The value of the equipment is RMB 1 million.  The equipment was expected to arrive May 3, 2023, in the port of Toamasina. It was handed over June 21, 2023. The donation is being implemented through the National Central Bureau of INTERPOL in Madagascar.  The Madagascar national police said the donation would allow them to detect suspicious persons entering Madagascar from other countries. It will Madagascar's INTERPOL office to communicate with other countries' INTERPOL offices and store data on suspicious persons entering and leaving the country.",Grant,142967.695686513
Security,69469,Ecuador,2015,GOVERNMENT AND CIVIL SOCIETY,China Ministry of Commerce,Government of Ecuador,Chinese Embassy funds feasibility study for project strengthening ECU 911 through ETCA (linked to #35814),"On August 12 and 24, 2015, the governments of China and Ecuador signed and countersigned Letters of Exchange committing 700,000 RMB (or  107,373 USD) to be used for a feasibility study for the ""Equipment for the Strengthening of the Integrated Security Service ECU 911 in the Coastal and Rural Areas"" project (Dotación de Equipamiento para el Fortalecimiento del Servicio Integrado de Seguridad ECU 911 en el Litoral y Áreas Rurales). The Chinese government agreed to send a team of experts to Ecuador in order to carry out the study.  The project was funded through the grant provided in an Economic and Technical Cooperation Agreement (ETCA) singed on June 2, 2006 (see project #35814).  The executing agency was the Ecuador Ministry of Coordination for Internal and External Security (Ministerio de Coordinacion de Seguirdad Interna y Externa). The Chinese Embassy additionally helped with project implementation, and 100% of the funds have been disbursed. ",Grant,142111.0819660223
Security,103865,Seychelles,2023,GOVERNMENT AND CIVIL SOCIETY,Unspecified Chinese Government Institution,Seychelles Police Force,"Chinese Government donates Digital Forensic Laboratory Equipment worth RMB 1 million to Seychelles Police Force, November 2023","On November 13, 2023. the Chinese government handed over digital forensic laboratory equipment to the Seychelles police. The laboratory's major functions include data extraction, storage media back-up, quick data acquisition, data analysis and authentication, and data recovery.   The equipment is valued at RMB 1 million.",Grant,141234.080800582
Security,65140,Philippines,2017,EMERGENCY RESPONSE,Unspecified Chinese Government Institution,,China donated PHP 5M to the Philippines for troops injured in Marawi city [September 6th] (linked to #65137),"On September 6, 2017, China donated a PHP 5 million check for injured soldiers from Marawi City. Chinese Ambassador to the Philippines Zhao Jianhua turned over the donation to Armed Forces of the Philippines chief of staff Gen in Camp Aguinaldo, Quezon City._x000D_ _x000D_ This project is linked to project #65137, a PHP 65 million donation for wounded troops made on September 13, 2017",Grant,129938.5076701562
Security,95176,Costa Rica,2020,HEALTH,Beijing Municipal Government,San Jose Municipal Government (Costa Rica),"Beijing Municipal Government provides donation of 10,000 test kits and PPE to San José Municipal Government in November 2020","On November 4, 2020, the Chinese Ambassador to Costa Rica handed over a donation from the Beijing Municipal Government to the Municipality of San José. The donation consisted of 10,000 PCR testing kits, as well as an unknown number of protective clothing, isolation glasses, surgical gloves, and thermometers.   The testing kits were to be delivered to the Costa Rican Social Security Fund (CCSS), which would in turn use them in clinics in the Central Canton of San José and mass testing in affected areas of the city. The PPE was to be used by front line workers collaborating with the municipal government.",Grant,122920.8674219607
Security,93090,Sao Tome and Principe,2021,GOVERNMENT AND CIVIL SOCIETY,Unspecified Chinese Government Institution,Sao Tome and Principe Ministry of Justice,Chinese government provides aid for the reinauguration of the Lembá Tribunal in São Tomé and Príncipe ,"On March 29, 2021, the ceremony of the reinauguration of the Lembá Tribunal was held. The newly renovated building has a court room, offices for judges and judicial police, two cells, and a nursery for minors. According to a Facebook post uploaded by the São Tomé and Príncipe Department of Justice, the renovation of the building cost 1.8 million dobras. The funding for the building was provided by the Government of China. ",Grant,98819.82113351634
Security,68379,Lao People's Democratic Republic,2017,HEALTH,Unspecified Chinese Government Institution,Laos 103 Military Hospital,Chinese People's Liberation Army's medical team donated medical equipments worth 0.5M RMB to the Laos 103 Military Hospital. (linked to #65324),"From July 25 to August 8, 2017, the Chinese People's Liberation Army dispatched 90 personnels to carry out free medical service in Luang Namtha Province and Vientiane in Laos (or 中国人民解放军 “和平列车—2017”医疗服务队""). During the visit, the team donated more than 2000 pieces of medical equipments including medicines, training protective gear, etc., with a total value of 500000 RMB, to the Laos 103 military hospital._x000D_ _x000D_ It is linked to #65324, the medical support from the team.",Grant,96945.53242290182
Security,88761,Lao People's Democratic Republic,2019,HEALTH,People's Liberation Army of China,Government of Laos,"People's Liberation Army donates medications and medical equipment worth RMB 500,000 (Linked to Project ID#88686 and #88757)","In August 2019, the Chinese People's Liberation Army (PLA) provided medical assistance to Laos under Peace Train-2019 (see linked project ID#88686). As part of the assistance, a PLA medical team traveled to the Hospital of the 5th Division of the Lao People's Armed Forces in Pakse City in the Champasak Province. The team arrived on August 23, 2019. It brought medications and medical equipment worth RMB 500,000, which it was set to donate to Laos after the completion of the medical assistance. Further details are unknown.",Grant,93017.97875783402
Security,65043,Togo,2015,GOVERNMENT AND CIVIL SOCIETY,Unspecified Chinese Government Institution,,China donates motorcycles and office equipment worth 37 million CFA in 2015,"On May 7, 2015, China handed over the donation of motorcycles, LED screens, computers, photocopiers, and fax machines to Togo. Chinse Ambassador to Togo, Liu Yuxi, and the Togolese Minister of Foreign Affairs, Robert Dussey attended the donation ceremony. The equipment was estimated to be worth 37 million CFA and was donated in preparation for the upcoming African Union Summit on Maritime Security and Development. ",Grant,79825.87021154267
Security,96941,Malaysia,2021,HEALTH,Chinese Consulate General,Sarawak State Disaster Management Committee (SDMC),"The Chinese Consulate General in Kuching donates 201,000 masks to the Sarawak State Disaster Management Committee in June 2021 (linked to project ID #96940, #96942)","In June 2021, the Chinese Consulate General in Kuching donated 201,000 masks to the Sarawak State Disaster Management Committee (a total of 67 boxes) to support medical workers and other front-line anti-epidemic personnel. Minister of Local Government and Housing of Sarawak Dato' Seri Sim Kwai Hsien received supplies on behalf of the Sarawak Disaster Management Committee.   This was part of a series of donations to various entities in Sarawak State, Malaysia, in June 2021. Other donations include 99,000 masks (30 boxes) to the Federation of Sarawak Chinese Associations (see project ID #96940) and a total of 380,000 masks to the Immigration Bureau, Police Station, Fire and Rescue Bureau, charity organizations and other sectors of Sarawak (see project ID #96942).",Grant,76331.35800000001
Security,34758,Indonesia,2003,GOVERNMENT AND CIVIL SOCIETY,Unspecified Chinese Government Institution,Indonesia Police Force,China donates 1000 motocycles to Indonesian police force,"In September 2003, China donated 1000 Chinese-made motorcycles to the Indonesia police. The motorcycles, which are equipped with sirens and radio receivers, were handed over by Chinese Ambassador to Indonesia Lu Shumin to Police Chief General Da'i Bachtiar. The valuation of the donation was at $1 million.",Grant,74302.63369212116
Security,90874,Chile,2020,HEALTH,Zhejiang Provincial Government,Government of Chile,Chinese municipality of Lishui donated medical supplies to Municipality of Santiago and Police in Chile April 2020,"On April 6th 2020, the Chinese municipality of Lishui donated medical supplies worth an estimated $44,000 to the Municipality of Santiago and Police in Chile. Specifically, Lishui donated 60,000 masks to the Municipality of Santiago. Lishui also donated 40,000 masks and 15,000 pairs of surgical gloves to Police stations in China. The purpose of this donation is to assist Chile in fighting against the pandemic.",Grant,55873.12155543673
Security,97202,Guyana,2021,RECONSTRUCTION RELIEF AND REHABILITATION,China National Offshore Oil Corporation (CNOOC),Guyana Civil Defense Commission,China National Offshore Oil Corporation provides GYD $10 million grant to Guyana's Civil Defense Commission for flood relief efforts,"On June 9, 2021, China National Offshore Oil Corporation donated GYD $10 million to the Civil Defense Commission in Guyana. The purpose of this donation was to aid flood relief efforts throughout the country.  ",Grant,54532.37410071937
Security,95538,Sri Lanka,2020,HEALTH,Unspecified Chinese Government Institution,Sri Lanka Ministry of Defence,Chinese Government donates thermometers and face masks to Sri Lanka's Ministry of Defence in April 2020,"On April 8, 2020, the Chinese Government donated 70 frontal thermometers, 750 medical disposable 20-mask packets (15,000 masks), 2,080 medical disposal 10-mask packets (20,800 masks), 440 medical disposable 50-mask packets (22,000 masks) to Sri Lanka's Ministry of Defence.",Grant,53600.10138306788
Security,91768,Venezuela,2020,HEALTH,Unspecified Chinese Government Institution,Government of Venezuela,China donates 1st shipment of anti-epidemic materials to Venezuela in March 2020,"On March 19, 2020, the first shipment of anti-epidemic materials from China arrived in Venezuela. The shipment included 4,000 early diagnosis test kits, as well as materials used to administer these tests such as biosecurity suits, protective goggles, gloves, and air purifiers to support Venezuelan health care systems. The shipment arrived at Simon Bolivar International Airport in Caracas.",Grant,49422.3157031272
Security,104559,Trinidad and Tobago,2023,DISASTER PREVENTION AND PREPAREDNESS,Unspecified Chinese Government Institution,Trinidad and Tobago Ministry of National Security,Chinese government donates natural disaster equipment to National Security Ministry,"On April 28, 2023, the Chinese government donated 30 emergency tents, 10 standby generators, 5 rescue boats with of engines, fuel containers, and 25 life jackets to Trinidad and Tobago's Office of Disaster Preparedness and Management, a division of the National Security Ministry. The donation was completed at a handover ceremony held on April 28, 2023. Later, in November 2023, the materials were disbursed by the Office of Disaster Preparedness and Management to various government bodies, including the Ministry of Rural Development and Local Government’s Disaster Management Units, the Trinidad and Tobago Defense Force, the Trinidad and Tobago Police Force, the Trinidad and Tobago Fire Service, and the Tobago Emergency Management Agency. The donation was valued at TT $330,000.00.",Grant,48747.1610318149
Security,103060,Sierra Leone,2022,TRANSPORT AND STORAGE,Chinese Embassy,Sierra Leone Police,Chinese embassy donates 10 motorcycles to Sierra Leone Police Headquarters in 2022,"On June 14, 2022, the Chinese Embassy in Sierra Leone donated 10 motorcycles to the Sierra Leone Police headquarters. The donation was made to help improve transportation conditions in remote areas. The donation is valued at roughly $43473.12.",Grant,41078.5827888702
Security,96940,Malaysia,2021,HEALTH,Chinese Consulate General,Federation of Sarawak Chinese Associations,"The Chinese Consulate General in Kuching donates 99,000 masks to the Federation of Sarawak Chinese Associations in June 2021 (linked to project #96941, #96942)","In June 2021, the Chinese Consulate General in Kuching donated 99,000 masks, or a total of thirty boxes, to the Federation of Sarawak Chinese Associations. Consul General Cheng Guangzhong led the staff of the Consulate General to donate masks to the Federation of Sarawak Chinese Associations.  This was part of a series of donations to various entities in Sarawak State, Malaysia, in June 2021. Other donations include 201,000 masks (67 boxes) to the Sarawak State Disaster Management Committee (see project ID #96941) and a total of 380,000 masks to the Immigration Bureau, Police Station, Fire and Rescue Bureau, charity organizations, and other sectors of Sarawak (see project ID #96942).",Grant,37596.042
Security,93501,South Africa,2020,HEALTH,People's Liberation Army of China,South African National Defence Force (SANDF),People's Liberation Army donates medical protective gear to the South African National Defense Force (SANDF) in November 2020 (linked to project ID#93500 and 93502),"On November 27, 2020, the People's Liberation Army donated medical protective gear to the South African National Defense Force (SANDF). The supplies included 30,000 masks, 400 suits, and 500 thermometers. The monetary value of the donation is unknown.   The supplies were donated in a handover ceremony where Rear Admiral Bravo Mhlana received the donation on behalf of SANDF.  The donation of medical supplies to SANDF was a part of a series of medical supply donations on behalf of the People's Liberation Army of China; previous donations occurred in March 2020 (project ID#93500) and August 2020 (project ID#93502).   ",Grant,36570.2279017051
Security,58000,Malawi,2017,GOVERNMENT AND CIVIL SOCIETY,Chinese Embassy,Government of Malawi,Chinese Embassy in Malawi donates motorcycles worth K20 million to police,"On June 16, 2017, the Chinese embassy donated motorcycles to the Malawian police, according to the Chinese Embassy. According to the Malawi Times, 14 motorcycles were donated at a value of K20 million.  Around 100 people attended the ceremony, including Ambassador Wang, the Minister of the Interior and Internal Security, Chiumia, The Secretary-General of the State, Madura, and police chief Kachama, among other government officials and police officers.",Grant,36125.99369506268
Security,93197,Benin,2022,TRANSPORT AND STORAGE,Chinese Embassy,Republican Police of Benin,Chinese Embassy in Benin donates 45 motorcycles to the Republican Police of Benin,"On September 8, 2022, the Chinese Embassy in Benin provided 45 motorbikes to the Republican Police of Benin. The total value of the bikes came in at 20 million West African CFA francs. The purpose of the donation was to ameliorate the operational capacity of the Police.  A handover ceremony was held for this donation. Peng Jingtao, China’s Ambassador to Benin, and Sai Yidu, Minister of the Interior and Public Security of Benin, attended the ceremony and delivered speeches. The Secretary-General of the Ministry of Internal Affairs, the main heads of ministries and commissions, and the main heads of the Republic Police also attended.",Grant,30297.5224888454
Security,56720,Mauritius,2012,GOVERNMENT AND CIVIL SOCIETY,Unspecified Chinese Government Institution,Mauritian Police Department,"Chinese Government donates printers, laptops, TVs and other equipment valued at Rs. 675,000 to the Mauritius Police Force","In 2012, the Chinese Government donated 15 system unit Lenovos, 15 flat panel monitor Lenovos, 10 HP Printers, 5 Lenovo laptops, 2 LCD Hisense TVs and 1 Konika TV to the Mauritius Police Force. These items have an estimated value of 675,000 Rs. The donation was received on June 5, 2012.",Grant,29937.18173629266
Security,71947,Barbados,2018,GOVERNMENT AND CIVIL SOCIETY,Chinese Embassy,Royal Barbados Police Force (RBPF),China Embassy grants two segways to Royal Barbados Police Force,"On February 28, 2018, the Chinese ambassador to Barbados handed over two segways, valued at BDS$40,000, to the Royal Barbados Police Force (RBPF). The handover occurred at RBPF headquarters, and the Embassy Political Counsellor Zou Xi, Barbadian Chief Inspector Tyrone Griffins as well as all assistant chief inspectors attended the ceremony. The grant is intended to improve the response time of the police force.",Grant,24732.43299439845
Security,70615,Jamaica,2018,EDUCATION,Unspecified Chinese Government Institution,National Police College of Jamaica (NPCJ),"Chinese government grants 2,560,000 Jamaican dollars to the National Police College of Jamaica to improve Chinese language training classes","On 18 November 2018, the Ambassador of the People's Republic of China to Jamaica, Tian Qi, donated 2,560,000 Jamaican dollars to the Chinese language classes at the National Police College of Jamaica (NPCJ). The donation will be used to improve the Chinese language classroom and to attract more police officers to learn Chinese language, culture, and history. The donation follows the 2017 establishment of a Mandarin program at the college.",Grant,24532.44048906892
Security,60018,Cameroon,2017,GOVERNMENT AND CIVIL SOCIETY,Unspecified Chinese Government Institution,,China donates FCFA 10 million worth of Agricultural tools and Office Equipment to Ex-Servicemen and War Victims in Cameroon,"On April 25th, 2017, Chinese Ambassador to Cameroon handed over agricultural tools and office equipment to Ex-Servicemen and War Victims in Cameroon. This donation was given to Cameroon's Secretary of State in the Ministry of Defense in charge of Ex-Servicemen and War Victims, Koumpa Issa, from the Chinese Ambassador to Cameroon, Wei Wenhua. The materials comprising of cutlasses, hoes, sprayers, watering cans, rain boats, wheel barrows, trucks, dig axe, artisanal oil milling machine, six computers and two printers are worth FCFA 10 million. This project is completed._x000D_ _x000D_ ",Grant,22511.0129122699
Security,52150,Guinea,2015,GOVERNMENT AND CIVIL SOCIETY,Unspecified Chinese Government Institution,Government of Guinea,Chinese Government donates fans and air conditioners to Guinea Ministry of Security and Emergency Preparedness,"On January 1, 2015, the Ambassador of China in Guinea, Bian Jianqiang, presented a donation of equipment and facilities to the Guinean Ministry of Security and Emergency Preparedness. This donation was worth 120 million Guinean francs (16,000 USD) and included 25 air conditioners and 25 fans.  ",Grant,20416.43716178026
Security,94516,Lebanon,2021,HEALTH,Unspecified Chinese Government Institution,Government of Lebanon,"20th Chinese peacekeeping force donates medicine worth USD 22,000 to a Lebanese village in November 2021 (Linked to Record ID#94431)","On November 29, 2021, the 20th Chinese peacekeeping force dispatched to Lebanon provided medicine, worth USD 22,000, to a local village in Nabatieh, South Lebanon. The force donated 51 medications, including antihypertensive, antibacterial, and topical drugs, as well as analgesics. The monetary value of the donation is unknown.  The donation occurred in a handover ceremony attended by Chinese Liaison officer Duan Da and the head of the Lebanese village.",Grant,20287.1160179163
Security,95096,Ukraine,2020,HEALTH,China Ministry of State Security,Government of Ukraine,China Ministry of State Security donates masks to Ukraine in April 2020,"On April 10, 2020, 20,000 three-layer medical masks and 1,000 N95 masks donated by China's Ministry of State Security were held in a warehouse in Beijing to be loaded onto a plane to Ukraine. The supplies were eventually delivered to Ukraine.",Grant,18666.70197420268
Security,72467,Egypt,2008,EDUCATION,Unspecified Chinese Government Institution,Government of Egypt,"Chinese Government provides grant worth EGP 55,000 provision of computers and fax machines to Egypt's Ministry of Defense Language Institute","On November 5, 2008, according to Egyptian Ministry of Defense and Military Production Resolution No. 132 of 2008, the Government Egypt accepted a grant of eight computers and two fax machines worth EGP 55,000 pounds from the Chinese Government for the Ministry of Defense Language Institute (also known as Languages ​​Armed Forces Institute or معهد لغات القوات المسلحة). The specific Chinese Government institution that donated the materials is unknown.",Grant,17536.80382326237
Security,37637,Papua New Guinea,2001,GOVERNMENT AND CIVIL SOCIETY,Unspecified Chinese Government Institution,Royal Papua New Guinea Constabulary (RPNGC),"China grants computer packages worth 20,000 kina to Papua New Guinea police","On May 17, 2001, five computer packages worth more than 20,000 kina were donated to the Royal Papua New Guinea Police Constabulary. The computers were donated by the Chinese government and received by Police Minister Jimson Sauk in Port Moresby. They included printers, inkjets, diskettes and other computer accessories. Mr Sauk said three of the computers would be used at police headquarters at Konedobu while the other two would be used in the ministry. The computers will greatly benefit the entire constabulary and the ministry in their effort to effectively compile and store vital information in their job as law enforcers.  Mr Zhao Zhenyu said the government would give more computers later in the year.",Grant,17002.34659195129
Security,95300,Costa Rica,2020,GOVERNMENT AND CIVIL SOCIETY,Unspecified Chinese Government Institution,Costa Rica Ministry of Public Security,Chinese government donates 7.5 million colons in supplies to Costa Rican Ministry of Public Security,"On or about December 1, 2020, the Chinese Embassy in Costa Rica handed over a donation of supplies worth 7.5 million colons to Costa Rica's Ministry of Public Security to be used by police forces in the country, particularly those patrolling the border.  More specifically, the donation included 164 pairs of steel-toed rubber boots, a canopy that will serve as a food and meeting center measuring 8x8 meters, 240 units of sunscreen, and 25,000 disposable masks.",Grant,16283.10885441453
Security,63067,Myanmar,2017,GOVERNMENT AND CIVIL SOCIETY,Chinese Embassy,,Embassy of China in Myanmar donates police bicycles and communication equipment to the Yangon Provincial Police Department in 2017,"On January 13, 2017, based on the press release from Embassy of China in Myanmar, the Embassy donates 100 police bicycles and 13 intercoms to the Yangon Provincial Police Department. According to the release from CRI.cn, the value of the donation is about USD 12 thousand._x000D_ ",Grant,15722.50181439407
Security,98396,Argentina,2020,HEALTH,Unspecified Chinese Government Institution,Government of the Province of Jujuy in Argentina,"Chinese Government provides 10,000 surgical masks to Argentina in June 2020","On June 12, 2020, the Chinese government made a donation of 10,000 surgical masks to the Governor of the Jujuy province in Argentina and the Minister of Security. The masks will be dispersed throughout the different sectors in Jujuy that need them the most.   The donation was part of the ""Jujuy Seguro e Interconectado"" (Safe and Interconnected Jujuy) Project. ",Grant,12698.43671714462
Security,30309,Tanzania,2012,GOVERNMENT AND CIVIL SOCIETY,Police Bureau of Changzhou City,Dar es Salaam Special Zone Police,Changzhou City Police Bureau Donates Laptops to Tanzanian Police,"On November 24, 2012, the Police Bureau of Changzhou City donated ten laptops to the Dar es Salaam Special Zone Police for facilitation of combating crime. The donation was worth an estimated 15 million Tanzanian shillings. ",Grant,12619.02536443054
Security,71554,Lesotho,2018,"AGRICULTURE, FORESTRY, FISHING",Unspecified Chinese Government Institution,Lesotho Ministry of Police and Public Safety,"China donates 100,000 M for greenhouse project at the Police Training College in Lesotho","On November 27, 2018, the Chinese Ambassador, Mr. Song Changqing, officially handed over a 100,000 M check to the Police Training College (PTC) in Lesotho to assist in a greenhouse project. The project details are unknown.   In the same donation ceremony, China also donated community policing kit and resources, including blankets, gumboots and torches, to the Lesotho Ministry of Police and Public Safety (Project ID#55767). Furthermore, China has also agreed to donating a fingerprint examination lab to Lesotho. ",Grant,9354.65051744649
Security,107090,Philippines,2023,ENERGY,Chinese Consulate General,Benguet Police Provincial Office|Benguet Provincial Advisory Group for Police Transformation and Development (BPAGPTD),"Chinese Consulate donates PHP 500,000 for the Pailaw Project in La Trinidad, Philippines","On June 9, 2023, the Chinese Consulate in Laoag donated PHP 500,000 to the Benguet Police Provincial Office in the Philippines for the Pailaw Project. The project is run by the Provincial Advisory Group for Police Transformation and Development (PAGPTD). The purpose of the project is to provide local residents with electricity for their homes.    The donation ceremony was held at the Benguet Provincial Capitol Hall in La Trinidad, Philippines.",Grant,8988.66870445778
Security,91663,Panama,2020,HEALTH,Unspecified Chinese Government Institution,Panama City Municipality,Chinese government provides masks to Mayor's Office of Panama City in April 2020,"On April 8, 2020, the Chinese government donated 10,000 masks to the Mayor’s Office of Panama City. These masks will be utilized by staff and working personnel of the office. They will be distributed among collaborators of the Municipality of Panama, the Houses of Peace, and the Municipal Police. The monetary value of this donation is unknown. Mayor José Luis Fábrega accepted this donation which was handed over by the Chinese Embassy. ",Grant,8888.905702001306
Security,97485,Sri Lanka,2021,GOVERNMENT AND CIVIL SOCIETY,Unspecified Chinese Government Institution,Sri Lanka Air Force (SLAF),Chinese Embassy in Sri Lanka donates materials valued 1.5 million rupees to the Seva Vanitha Unit of the Sri Lanka Air Force in November 2021,"On November 12, 2021, the Embassy of China made a donation of over Rs. 1.5 million to the Seva Vanitha Unit of the Sri Lanka Air Force. This was delivered by the Chinese delegation led by the Defence Attache of the Chinese Embassy in Sri Lanka, Senior Colonel Wan Dong. The purpose of this donation is to continue the dedicated work by the SLAF Seva Vanitha Unit to uplift the living standards of families of service and civilian personnel who are in need through welfare projects in the year 2022.  ",Grant,8594.970518570772
Security,95355,Sri Lanka,2020,OTHER SOCIAL INFRASTRUCTURE AND SERVICES,China Merchants Port (CMPort) Holdings Company Limited|Colombo International Container Terminals Limited (CICT),Sri Lanka Tennis Association (SLTA),"Colombo International Container Terminals contributes to a donation of three wheelchairs worth $9,000 USD to wheelchair tennis players (Linked to Project ID#95354)","In late June 2020, China Merchants Foundation (CMF), a foundation established by the China Merchants Group (CMG) for philanthropic endeavors, and Colombo International Container Terminals (CICT) — a joint venture between China Merchants Port (CMPort) Holdings Company Limited and Sri Lanka Ports Authority (SLPA) — collaborated donate three custom-made, professional grade, titanium wheelchairs worth $9,000 USD (£7,200 GBP; €8,000 EUR) to three internationally-ranked Sri Lankan wheelchair tennis players, as part of CMF and CICT's support for the Wheelchair Tennis Programme of the Sri Lanka Tennis Association (SLTA). The three players were all veterans of Sri Lanka Army that became para-athletes after injuries sustained during the Sri Lankan Civil War.  CMF's contribution to the donation is captured in Project ID#95354. CICT's contribution to the donation is captured in Project ID#95355.",Grant,5714.296522715121
Security,91623,Panama,2020,HEALTH,Chinese Embassy|Fujian Province Municipality,Colón City Municipality,"Fujian Province and Chinese Embassy provide anti-epidemic materials to Colón City, Panama in May 2020","On May 19, 2020, the Fujian Province of China and the Chinese Embassy provided anti-epidemic materials to Colón City in Panama. These materials included 15,000 masks and will be used by administrative, security and maintenance staff of the Colón Free Trade Zone. The monetary value of this donation is unknown.  A handover ceremony was held for this donation. Ambassador Wei Qiang, the Mayor of Colón, and the General Manager of the Colón Free Trade Zone Management Committee attended the ceremony. In May of 2020, the Fujian province donated 80,000  medical masks, 40,000  pairs of gloves and 1,000 goggles to Panama. This was part of that total amount. ",Grant,5714.296522715121
Security,95354,Sri Lanka,2020,OTHER SOCIAL INFRASTRUCTURE AND SERVICES,China Merchants Foundation (CMF),Sri Lanka Tennis Association (SLTA),"China Merchants Foundation contributes to a donation of three wheelchairs worth $9,000 USD to wheelchair tennis players (Linked to Project ID#95355)","In late June 2020, China Merchants Foundation (CMF), a foundation established by the China Merchants Group (CMG) for philanthropic endeavors, and Colombo International Container Terminals (CICT) — a joint venture between China Merchants Port (CMPort) Holdings Company Limited and Sri Lanka Ports Authority (SLPA) — collaborated donate three custom-made, professional grade, titanium wheelchairs worth $9,000 USD (£7,200 GBP; €8,000 EUR) to three internationally-ranked Sri Lankan wheelchair tennis players, as part of CMF and CICT's support for the Wheelchair Tennis Programme of the Sri Lanka Tennis Association (SLTA). The three players were all veterans of Sri Lanka Army that became para-athletes after injuries sustained during the Sri Lankan Civil War.  CMF's contribution to the donation is captured in Project ID#95354. CICT's contribution to the donation is captured in Project ID#95355.",Grant,5714.296522715121
Security,97340,Bolivia,2021,HEALTH,Chinese Consulate General,"Santa Cruz, Bolivia Police Department",Chinese Consulate General donates surgical masks to Santa Cruz Police in March 2021," On March 2nd, 2021, the Chinese Consulate General donated 15,000 surgical masks to the Santa Cruz police department. Consul General Wang Jialei handed over the supplies to deputy commander of the Santa Cruz Police, Marcelo Flores.",Grant,5679.315
Security,93364,Sierra Leone,2020,HEALTH,Chinese Embassy,Sierra Leone Ministry of Health and Sanitation,Chinese Embassy donates COVID aid to Sierra Leone Ministry of Health and Sanitation in March 2020 ,"On March 19, 2020, the Chinese Embassy in Sierra Leone held a handover ceremony for a batch of COVID aid for the Ministry of Health and Sanitation of Sierra Leone. The donation includes 500 sets of protective gowns and N95 masks, 1,000 pairs of medical gloves and surgical masks, 200 medical goggles, and one 50 kw generator. According to the Chinese Ministry of Foreign Affairs, part of the materials were donated by Chinese-funded institutions in Sierra Leone, though which groups and the exact amounts are unspecified. The specific monetary value of the donations is also unspecified. The Chinese Embassy additionally equipped CDC experts and Chinese military groups working in Sierra Leone with testing kits.  Ambassador Hu Zhangliang and senior officials from Sierra Leone attended the handover ceremony. ",Grant,5650.804339129398
Security,95291,Central African Republic,2020,HEALTH,Zhangzhou Municpal Public Security Bureau of Fujian Province ,Central African Republic Ministry of Internal Affairs and Public Security.,"Zhangzhou Public Security Bureau provides 10,000 masks to the Central African Ministry of Internal Affairs and Public Security in August 2020 (Linked to #92941 and #95290)","On August 3, 2020, the Red Cross Society of China, the Fujian Provincial Association for Friendship with Foreign Countries, and the Zhangzhou Public Security Bureau of the Fujian Province jointly provided anti-epidemic materials to the Central African Republic. The Red Cross Society provided five ventilators to the Central African government (captured via #92941). The Fujian Provincial Association for Friendship with Foreign Countries provided 4,000 masks and 40 forehead thermometers to the Prime Minister’s office (captured via ##95290). The Zhangzhou Public Security Bureau of the Fujian Province provided 10,000 masks to the Central African Ministry of Internal Affairs and Public Security (captured via #95291).  A handover ceremony was held for this donation at the office of the Prime Minister of the Central African Republic. Chinese Ambassador Chen Dong, representatives of the Prime Minister of the Central African Republic, the Minister of Health, and the Director of the Ministry of Internal Affairs and Public Security attended the ceremony.",Grant,4101.595059637737
Security,95290,Central African Republic,2020,HEALTH,Fujian Association for Promotion of Asia-Pacific Economic and Cultural Exchanges,Central African Republic Ministry of Internal Affairs and Public Security.|Government of the Central African Republic,Fujian Provincial Association for Friendship with Foreign Countries provides masks and thermometers to the Prime Minister’s office in August 2020 (Linked to #92941 and #95291),"On August 3, 2020, the Red Cross Society of China, the Fujian Provincial Association for Friendship with Foreign Countries, and the Zhangzhou Public Security Bureau of the Fujian Province jointly provided anti-epidemic materials to the Central African Republic. The Red Cross Society provided five ventilators to the Central African government (captured via #92941). The Fujian Provincial Association for Friendship with Foreign Countries provided 4,000 masks and 40 forehead thermometers to the Prime Minister’s office (captured via ##95290). The Zhangzhou Public Security Bureau of the Fujian Province provided 10,000 masks to the Central African Ministry of Internal Affairs and Public Security (captured via #95291).  A handover ceremony was held for this donation at the office of the Prime Minister of the Central African Republic. Chinese Ambassador Chen Dong, representatives of the Prime Minister of the Central African Republic, the Minister of Health, and the Director of the Ministry of Internal Affairs and Public Security attended the ceremony.",Grant,3621.594151729674
Security,90692,Myanmar,2020,HEALTH,State Power Investment Corporation (SPIC) Yunnan International Company,Myanmar Ministry of Immigration and Population (MIP)|Myanmar Myitkyina Airport|Myitkyina District Police Force,State Power Investment Corporation Limited donates medical equipment in March 2020 to Myanmar government ,"SPIC Yunnan International (Chipwi Nge Branch) has donated 4,000 medical masks, 112 bottles of disinfectant and other supplies to Myitkyina Airport, Myitkyina Police Station and Immigration Office of Kachin State on behalf of SPIC Yunnan International on March 17, 2020.",Grant,3555.562280800516
Security,103120,Sierra Leone,2022,GOVERNMENT AND CIVIL SOCIETY,Chinese Embassy,Sierra Leone Ministry of Internal Affairs ,Chinese embassy donates media equipment to Sierra Leone Police Department in 2022,"On July 12, 2022, the Chinese Embassy, represented by Li Xiaoyong, donated 1 video camera, 1 camera, 1 digital camera, 2 power banks, and 1 digital recording pen to the Media Department of the Sierra Leone Police force. ",Grant,3401.70887297559
Security,93346,Namibia,2020,GOVERNMENT AND CIVIL SOCIETY,Chinese Embassy,Homas Provincial Police Department in Namibia,"Chinese Embassy donates 200 reflective jackets and 2 laptops to the Police Department of Khomas Region, Namibia","On February 12, 2020, Yang Jun, Political Counselor of the Embassy, on behalf of Ambassador Zhang Yiming, presented police reflective jackets and laptops to the police department of Khomas Province, where the capital is located in Namibia. The donation includes 200 jackets and 2 computers. The total value of the donation is estimated to be NAD 32000.   This donation is expected to help police in the Khomas region accomplish crime prevention initiatives. The donation was handed over at the police headquarters in Windhoek.",Grant,2465.715867406733
Security,95539,Sri Lanka,2020,HEALTH,Unspecified Chinese Government Institution,Sri Lanka Ministry of Defence,"Chinese Government donates masks, coveralls, disinfectant cans, and helmets with face shields to Sri Lanka's Ministry of Defence in April 2020","On April 10, 2020, the Chinese Government donated 50 medical disposable mask 50-packets (2,500 masks), 100 special coveralls, six liquid disinfectant 4-liter cans, and six helmets with face shields to Sri Lanka's Ministry of Defence.",Grant,2323.813919237485
Security,93145,Chad,2020,HEALTH,Chinese Embassy,Chad National Police Department,Chinese Embassy provides anti-epidemic materials to the Chad National Police Department in June 2020,"On June 26, 2020, the Chinese Embassy provided anti-epidemic materials to the National Police Department of Chad. The donated materials consisted of 5,000 medical masks. These materials were raised by the Chinese Embassy in Chad. The monetary value of this donation is unknown.  A handover ceremony was held at the National Police Headquarters of Chad. Secretary Yusuf and other officials attended the meeting.  ",Grant,1904.765507571699
Security,89194,Papua New Guinea,2020,HEALTH,China Harbor Engineering Company,Chimbu (Simbu) Provincial Government|Royal Papua New Guinea Constabulary (RPNGC),China Harbour Engineering Company donates 4050 masks to Simbu provincial government in Papua New Guinea in May 2020,"On May 14, 2020, China Harbour donated 4050 masks to the Simbu province of PNG. 3000 masks were given to frontline health workers while 1050 masks were given to the police. The provincial government received the masks through the department of health, and police were present at the handover ceremony to receive the masks. ",Grant,1542.860061133073
Security,93697,Cote d'Ivoire,2020,HEALTH,Unspecified Chinese Government Institution,Cote d'Ivoire Ministry of the Interior and Security,China provides anti-epidemic materials to Côte d'Ivoire's Ministry of Security and Citizen Protection in August 2020,"On August 17, 2020, China provided anti-epidemic materials to Côte d'Ivoire’s Ministry of Security and Citizen Protection. The donated materials included 3,000 disposable medical masks and 5 forehead thermometers. The monetary value of this donation is unknown.   A handover ceremony was held for this donation. Wan Li, the Chinese Ambassador to Côte d'Ivoire, and Lieutenant General Vagondo, the Minister of Security and Citizen Protection of Côte d'Ivoire, jointly attended the ceremony. Senior Colonel Song Feng, the Defense Attaché of the Embassy, ​​Brigadier General Bunet, the Foreign Affairs Advisor to the Minister of Security and Citizen Protection, and other officials also attended the event.",Grant,1478.098033875643
Security,56721,Mauritius,2012,GOVERNMENT AND CIVIL SOCIETY,Unspecified Chinese Government Institution,Mauritian Police Department,Chinese Government donates electronic equipment to the Mauritius Police Force,"In 2012, the Chinese Government donated equipment to the Mauritius Police Force, listed as: diagnosis equipment for an MG6 vehicle, a Samsung laptop, a charger, a mouse, and laptop carrying case worth Rs. 30,000. The donation was received on October 24, 2012. ",Grant,1330.54141050189
Security,95621,Philippines,2020,HEALTH,Unspecified Chinese Government Institution,Philippine Bureau of Customs,Chinese government donates face masks and shields to the Philippines,"On October 30, 2020, the Chinese government, through its Ministry of Public Security (MPS), donated over 40 boxes of face masks and face shields to the Bureau of Customs (BOC). The donation from the MPS of the People's Republic of China was received by Commissioner Rey Leonardo Guerrero together with Deputy Commissioner for Intelligence Group (IG) Raniel Ramiro, during the turnover ceremony on Friday at the OCOM Conference Room, Port of Manila, the BOC said in a statement. According to the BOC, this batch of medical supplies consisting of 20 boxes of face masks and 22 boxes of face shields, the personal protective equipment shall be used in ensuring the safety and health of the men and women of the Bureau in the delivery of efficient public service. ",Grant,0.0
Security,95316,Trinidad and Tobago,2020,OTHER MULTISECTOR,China Ministry of Commerce,Trinidad and Tobago Ministry of National Security,Chinese Government provides grant via Economic and Technical Cooperation Agreement in January 2020 (Linked to Project ID#69175),"On January 7, 2020, the Chinese Ambassador to Trinidad and Tobago and the Minister of National Security of Trinidad and Tobago signed an Economic and Technical Cooperation Agreement (ETCA). The ETCA provided an unspecified amount of grant funding and was to be used to finance both the construction of the New Forensic Science Center in Mt. Hope (captured via Project ID#69175) and ""other projects agreed upon between both Governments.""   The grant value likely exceeds TTD 100 million (about USD 14.8 million), given reports that the Prime Minister of Trinidad and Tobago announced TTD 100 million had been granted for the New Forensic Science Center.",Grant,0.0
Security,70021,Trinidad and Tobago,2019,GOVERNMENT AND CIVIL SOCIETY,Unspecified Chinese Government Institution,Trinidad and Tobago Police Service (TTPS),Chinese Government donates 200 motorcycles to the Trinidad and Tobago Police Service,"On August 21, 2019, Chinese ambassador Song Yumin formally presented a gift of 200 motorcycles to the Trinidad and Tobago Police Service (TTPS) at the Policy Academy in St. James, Port of Spain. The donation was originally announced on May 14, 2019. The motorcycles are equipped with GPS and camera technology, and the Prime Minister hopes that they will reduce the response time of the TTPS and give citizens a greater sense of security. ",Grant,0.0
Security,69448,Trinidad and Tobago,2019,GOVERNMENT AND CIVIL SOCIETY,China Ministry of Public Security,Government of the Republic of Trinidad and Tobago,China Ministry of Public Security provides a 10-day police training course to Trinidadian law-enforcement agencies,"On November 16th, 2019, a team of instructors from Chongqing Police Academy began a 10 day training course titled ""2019 Trinidad and Tobago Criminal Technology Seminar"" for local Trinidadian police. The course was hosted by the Chinese Ministry of Public Security and was jointly organized by Chongqing Police Academy and the Trinidad and Tobago Police Academy. 30 officers from various branches of the Special Police Force and immigration border inspection participated in the training, which covered forensic inspection in the fields of technology, homicide investigation office, DNA inspection technology, criminal image processing, and drug inspection. The training course ended on November 26 after a closing ceremony attended by Ambassador Song Yumin. ",Grant,0.0
Security,67121,Tonga,2009,GOVERNMENT AND CIVIL SOCIETY,Chinese Embassy,Tonga-China Friendship Association,Chinese Embassy donates 12 motorcycles to the Tonga-China Friendship Association,"On June 27, 2009, the Chinese Embassy in Tonga donated 12 motorcycles to the Tonga-China Friendship Association. These motorcycles were set to be allocated to local police departments in six villages. The monetary value of this donation is unknown. ",Grant,0.0
Security,65343,Tonga,2018,HEALTH,Unspecified Chinese Government Institution,, Chinese naval hospital ship Ark Peace arrived at Tonga to provide medical service (linked to project #37762),"On 13 August, 2018, the Chinese naval hospital ship Ark Peace arrived at Port Nukualofa, capital of the Kingdom of Tonga, the fourth stop of Mission Harmony 2018, starting an eight-day good-will visit and humanitarian medical service. Ark Peace paid her first successful visit to Tonga on the same date four years ago. (See project #37762)_x000D_ The Tongan government hosted a grand welcome ceremony at the Vuna Wharf. At the ceremony, the Acting Prime Minister Sika warmly welcomed Ark Peace's second visit to Tonga on behalf of the Tongan government and conveyed his appreciation to the ship for providing medical services to the Tongan people. _x000D_ Ambassador Wang pointed out that the second visit of Ark Peace, as an important part of events to jointly celebrate the 20th anniversary of the normalization of relations between China and Tonga, will further strengthen mutual trust and friendship between the two countries and the two armed forces.",Grant,0.0
Security,65012,Tonga,2017,GOVERNMENT AND CIVIL SOCIETY,Unspecified Chinese Government Institution,,"Chinese government donated a fire-fighting pick-up truck to the Tonga Minister of Police, Fire and Emergency Services","On September, 22, 2017, Chinese Ambassador to the Kingdom of Tonga handed over a pick-up truck donated by China to Hon. Mateni Tapueluelu, Minister of Police, Fire and Emergency Services of Tonga. Minister Tapueluelu said the truck will be allocated to Ha'apai Fire Station. The truck is to improve the capabilities of the local fire service.",Grant,0.0
Security,39235,Tonga,2007,GOVERNMENT AND CIVIL SOCIETY,Unspecified Chinese Government Institution,,"China donated 20 police motorcycles to Tonga for the Pacific Islands Forum (linked to projects #37641, #37673)","On September 28, 2007, the Chinese government handed over 20 police motorcycles to support Tonga's hosting of the 38th Pacific Islands Forum. The value of this donation is unknown. This project is linked to #37641 and #37673, which record donations of cars and office supplies for the same forum respectively._x000D_ ",Grant,0.0
Security,37762,Tonga,2014,HEALTH,People's Liberation Army of China,,China military hospital ship provides medical services to Tonga (linked to project #65343),"On August 13, the Peace Ark hospital ship of the Chinese People’s Liberation Army Navy arrived at the port of Nukualofa, Vuna Wharf in Tonga for a 7-day visit. While providing various medical services, the hospital ship also sent its medical team to local hospitals to carry out surgical operations in cooperation with the medical staff of Tonga, and set up medical teams to pay rounds of visits to remote islands and islets to provide diagnosis and treatment services. In addition, it also sent its teams to local schools and centers for the disabled to give diagnosis and treatment and carry out donation activities. The ship departed on Wednesday, 20 August after a week of providing free medical services that included 39 surgeries, including removing a bullet from a Tongan who had been shot while he was in the United States. Medical teams were also dispatched to the Vaiola Hospital. Patients on ‘Eua Island also received free assistance when a team flew to the island on board the vessel’s medical helicopter._x000D_ ",Grant,0.0
Security,37673,Tonga,2007,GOVERNMENT AND CIVIL SOCIETY,Unspecified Chinese Government Institution,,"China grants office equipment to Tonga for the Pacific Islands forum (linked with projects #39235, #37641)","On October 8, 2007, Ambassador Hu Yeshun handed over a batch of office supplies to Tonga to aid in their hosting of the 38th Pacific Islands Forum. This donation included 20 laptop computers, 10 computer desks, a laser printer, one fax machine, two photocopiers and 20 mobile phones. The donation, and forum, took place in Nuku'alofa. The value of this donation is unknown._x000D_ _x000D_ This project is linked to #39235, which records a donation of police motorcycles, and #37641, which records a donation of cars, both for the same forum._x000D_ _x000D_ ",Grant,0.0
Security,93517,Togo,2021,OTHER SOCIAL INFRASTRUCTURE AND SERVICES,Chinese Embassy,Togo Women's Movement,Chinese Embassy provides supplies to Togolese Women's Organizations in September 2021,"On September 10, 2021, the Chinese Embassy in Togo and the Women's Movement of the Alliance for the Defense of the Republic jointly provided materials to the Togolese Women’s Organization. This donation was made to provide material assistance to women in need in Togo. The monetary value of this donation is unknown.  A material handover ceremony was held for this donation. China’s Ambassador to Togo, Chao Weidong, the Executive Secretary of the Alliance Party, the Vice Chairman, and representatives of women's movement members attended the ceremony.",Grant,0.0
Security,72440,Togo,2017,HEALTH,Unspecified Chinese Government Institution,,China donates anti-malaria medication to Togo in 2017,"On December 8th, 2017, a handover ceremony was held for the donation of antimalarial medication to the Ministry of Health and Social Security of Togo by the Chinese Ambassador to Togo._x000D_ _x000D_ According to a deputy dean in charge of the Lomé Regional Central Hospital in Togo, artemisinin is the first choice for the treatment of malaria in the hospital. Every year, the Chinese government assists Togo with artesunate antimalarial drugs and conducts malaria treatment and training and guidance for local medical staff.",Grant,0.0
Security,96516,Timor-Leste,2021,GOVERNMENT AND CIVIL SOCIETY,Chinese Embassy,East Timor National Police,Chinese Embassy donates detention center to Dili Police,"In April 2021, The Timor-Leste government requested help from the Chinese Embassy to construct a detention center. Construction took more than 6 months to complete. On December 17th, 2021, construction was complete and the Chinese Embassy handed over the center to National Police. ",Grant,0.0
Security,96343,Timor-Leste,2021,GOVERNMENT AND CIVIL SOCIETY,Unspecified Chinese Government Institution,East Timor National Police,China donates flashlights to Timor-Leste National Police,"On January 28, 2021, the Chinese government donated 200 flashlights to Timor-Leste National Police (PNTL). The handover ceremony took place at Timor Leste National Police Headquarters.",Grant,0.0
Security,89202,Turkmenistan,2018,OTHER SOCIAL INFRASTRUCTURE AND SERVICES,Chinese Embassy, Yenme (Turkmenistan),China Donates 90 Wheelchairs to Turkmenistanis with Disabilities throug NGO Yenme in 2018,"On December 18, 2018, the Chinese government donated 90 wheelchairs to children and adults with disabilities in Turkmenistan. The handover took place at an event hosted by Yenme, a public social welfare organization recognized by the United Nations operating in Turkmenistan. In attendance were China's Ambassador to Turkmenistan, Sun Weidong; Director Muhamedova of the Department of Disabled Affairs of the Turkish Ministry of Health, Director Ovetsova of the Social Services Department of the Ministry of Labor and Social Security, and Director Kasayev of the Ashgabat Social Services Bureau, as well as representatives from Yenme. ",Grant,0.0
Security,21328,Niger,2010,GOVERNMENT AND CIVIL SOCIETY,Unspecified Chinese Government Institution,Government of Niger,China donates Office Supplies to Niger for Presidential Election,"On December 10, 2010, the Chinese Ambassador to Niger, Niger's Ministers of State, Security, Decentralization, and Religious Affairs attended the handover ceremony for China's donation of unspecified office supplies. The office supplies will be used for Presidential Election.",Grant,0.0
Security,41589,Nigeria,2014,GOVERNMENT AND CIVIL SOCIETY,Unspecified Chinese Government Institution,Government of Nigeria ,Chinese Government donates Peugeot 301 vehicle to the Nigerian FCT Police Command,"On October 24, 2014, the Chines Ambassador to Nigeria donated a Peugeot 301 vehicle to the Nigerian FCT Police Command. The donation was aimed at assisting crime fighting within the territory. Set start_actual field to October 24, 2014. Set end_actual field to October 24, 2014.",Grant,0.0
Security,96277,Timor-Leste,2021,GOVERNMENT AND CIVIL SOCIETY,Unspecified Chinese Government Institution,East Timor National Police,Chinese government donates police supplies to Timor-Leste National Police,"On January 22, 2021, the Chinese government donated police supplies to the Timor-Leste National Police (PNTL). The donated supplies included boots, rainproof uniforms, and other goods. The handover ceremony took place at Timor Leste National Police Headquarters. ",Grant,0.0
Security,62010,Nigeria,2017,GOVERNMENT AND CIVIL SOCIETY,Chinese Embassy,Government of Nigeria ,Chinese Government donates motorcycles and air conditioners to Lagos Police,"On November 9, 2017, the Chinese consulate in Lagos donated supplies to the police in Lagos. The donation include nine motorcycles and nine split floor type room air conditioners.  ",Grant,0.0
Security,90708,Timor-Leste,2020,HEALTH,China Ministry of National Defense,Timor-Leste Defence Force (F-FDTL),Chinese Ministry of National Defense donates Covid supplies to the Ministry of National Defense of Timor-Leste in June 2020,"On June 25, 2020, the Chinese Embassy in Timor-Leste handed over Covid materials provided by the Chinese Ministry of National Defense to the East Timor Defense Ministry and the National Defense Forces. The materials will be used to help the Eastern Timor Defense Forces better combat the epidemic. The specific amounts and monetary value of this donation are unknown.  The handover ceremony was held at the East Timor Defense Force Headquarters.  Ambassador Xiao Jianguo, East Timor Minister of Defense, Commander of the National Defense Forces, and Defense Attaché to East Timor, Senior Colonel Huang Damin, attended the ceremony.",Grant,0.0
Security,89130,Timor-Leste,2018,GOVERNMENT AND CIVIL SOCIETY,Unspecified Chinese Government Institution,Timor-Leste Defence Force (F-FDTL),China sponsors training for Timor-Leste Police Officers in 2018,"On August 30, 2018, the ""2018 Timor-Leste Police Law Enforcement Officer Training Course"" (in Chinese, ""东帝汶警务执法官员研修班"") pre-departure education event was held at the Timor-Leste National Police Headquarters. The training was undertaken in China by the Yunnan Police Officers College. A total of 20 Timorese police officers attended the 15 days of training. The opening ceremony of the training was held at the Yunnan Police Officers College on September 3, 2018.",Grant,0.0
Security,89125,Timor-Leste,2019,GOVERNMENT AND CIVIL SOCIETY,Unspecified Chinese Government Institution,Timor-Leste Defence Force (F-FDTL),China donates uniforms to Timor-Leste National Police in 2019,"On December 13, 2019, the handover ceremony of police uniforms from China for the Timor-Leste National Police was held at the Timor-Leste National Police Headquarters. Chinese Ambassador to Timor-Leste Xiao Jianguo and Minister of the Interior Filomeno da Paixão de Jesus signed the handover certificates on behalf of the countries.",Grant,0.0
Security,89111,Timor-Leste,2018,GOVERNMENT AND CIVIL SOCIETY,Unspecified Chinese Government Institution,Timor-Leste Defence Force (F-FDTL),China donates security equipment to Timorese National Police in 2018,"On March 14, 2018, a ceremony was held at the Timor-Leste National Police Headquarters for the donation of security equipment from China to the Timor-Leste National Police. The donation included multi-functional command and control systems, digital trunking communication systems, explosives removal suits and alcohol testers, and other items. Chinese Ambassador to Timor-Leste, Liu Hongyang, and East Timorese Minister of Defense and Security, Somochu, signed the handover certificate on behalf of the two governments. The monetary value of the donation is unknown.",Grant,0.0
Security,89109,Timor-Leste,2017,GOVERNMENT AND CIVIL SOCIETY,Unspecified Chinese Government Institution,Timor-Leste Defence Force (F-FDTL),China completes well-drilling project for TLDF barracks in 2018,"On February 6th, 2018, the completion ceremony for the Timor-Leste Defense Force Bakao (Bacau?) well-drilling project (in Chinese, ""东帝汶国防军包考军营打井项目"") aided by the Chinese government was held at the Timor-Leste Defense and Security Ministry. The project was implemented by Shandong Foreign Economic and Technical Corporation (中国山东对外经济技术合作集团有限公司). The project will reportedly address water shortage issues for personnel stationed at the barracks and nearby residents. Signing and construction start dates are unknown. ",Grant,0.0
Security,63156,Timor-Leste,2019,GOVERNMENT AND CIVIL SOCIETY,Unspecified Chinese Government Institution,Timor-Leste Defence Force (F-FDTL),China donates logistic materials to the Timor-Leste Defense Force (FDTL) in 2019,"On August 14th, 2019, the handover ceremony of logistics materials occurred at the Timor-Leste Defense Force, FDTL (Falintil-Forcas de Defesa de Timor-L'este) headquarters. The FDTL headquarter was built with Chinese aid in 2010 (see project #38001). Ambassador Xiao Jianguo of China attended the ceremony, emphasizing that the provided logistics materials will improve the self-sustaining capability of the F-FDTL and improve the living conditions of military officers/soldiers. The handover certificate was signed by Ambassador Xiao and Minister Filomeno.  ",Grant,0.0
Security,35384,Timor-Leste,2011,GOVERNMENT AND CIVIL SOCIETY,Unspecified Chinese Government Institution,Government of Timor-Leste,16th Chinese Deployment of Police Forces in Timor-Leste,"On May 11, 2011, China sent its 16th deployment of peacekeeping forces to Timor Leste. This squad comprised of 23 members from the Department of Public Safety of Fujian Province. Member had received training from the Chinese Peacekeeping Police Training Center in topics such as situation identification, international law and peacekeeping behaviors. They will replace the 15th deployment from Shandong Province and will complete a year long mission in Timor Leste with the United Nations. The 16th batch of Chinese peacekeepers would return to China at the end of 2012.",Grant,0.0
Security,53524,Pakistan,2010,GOVERNMENT AND CIVIL SOCIETY,Unspecified Chinese Government Institution,,Chinese Embassy in Pakistan donates office supplies to the Pakistani capital police department,"On June 2, 2010, the Embassy in Pakistan donated a batch of office supplies to the Pakistani Capital Police. _x000D_ Chinee Ambassador Luo Zhaohui and other diplomats of the Embassy, ​​and Kalim, as well as the director of the Pakistani Police Department, attended the donation ceremony. ",Grant,0.0
Security,34457,Timor-Leste,2012,GOVERNMENT AND CIVIL SOCIETY,Unspecified Chinese Government Institution,Government of Timor-Leste,17th Chinese Deployment of Peacekeeping Police in Timor-Leste,"On May 16, 2012, China deployed its 17th batch of police officers to Timor-Leste to support the UN peacekeeping operation in the country. The team comprised of 13 officers from the Chinese province of Heilongjiang and would be staying for six months to support law enforcement efforts in Timor-Leste. The team formally began their work on May 22, 2012 and returned to China November of the same year. Prior to their tenure, the team underwent nine months of training in preparation for their mission.",Grant,0.0
Security,34455,Timor-Leste,2010,GOVERNMENT AND CIVIL SOCIETY,Unspecified Chinese Government Institution,Government of Timor-Leste,15th Chinese Deployment of Peacekeeping Police Timor-Leste,"China sent its 15th deployment of peacekeeping police officers to Timor-Leste May 11, 2010. The team comprised of 24 members from the province of Shandong with backgrounds in criminal investigation, public security, and traffic control. Like previous teams, the Chinese police officers will be working with the UN mission in Timor-Leste to help stabilize the country. Eight out of the 24 police personnel had previously participated in United Nations peacekeeping missions.",Grant,0.0
Security,97346,Trinidad and Tobago,2021,GOVERNMENT AND CIVIL SOCIETY,Chinese Embassy,Trinidad and Tobago Ministry of National Security,Chinese Embassy in Trinidad and Tobago donates intelligent conference terminals to Ministry of National Security in Trinidad and Tobago for digitization of government affairs,"On November 19, 2021, the Chinese Embassy in Trinidad and Tobago held a handover ceremony for the donation of intelligent conference terminals to the Ministry of National Security in Trinidad and Tobago. This ceremony was attended by Fang Yu, the Chinese Ambassador to Trinidad and Tobago, as well as Atiba Dirchang, the Secretary of the Ministry of National Security, and Lin Qi, the Deputy Director of the Department of International Affairs in Trinidad and Tobago. The purpose of this donation was to aid in the digitization of government affairs in Trinidad and Tobago. The monetary value of the donation is unknown.",Grant,0.0
Security,37947,Uganda,2014,GOVERNMENT AND CIVIL SOCIETY,Chinese Embassy,Uganda Police Force,Chinese Embassy in Uganda donated office supplies to Uganda International Police Organization,"On December 30, 2014 the Chinese Ambassador to Uganda Zhao Yali donated office supplies to the Uganda International Police Organization.   The total cost of the donation is unclear.",Grant,0.0
Security,37912,Uganda,2014,EDUCATION,Chinese Embassy,Uganda Police Force,Chinese Embassy in Uganda funded the construction of Uganda Police Department kindergarten project," On January 7, 2014 the Chinese Ambassador, Mr. Zhao Yali handed over a Children Day Care Center to the Inspector General of Police, Gen. Kale Kayihura at Naguru, Kampala.  The China-Uganda Friendship Kindergarten was constructed by the Tian Tang Group and donated by the Chinese Embassy to the Uganda Police Force. The center will cater to Police Officers’ children who stay and work within Kampala.  The total cost of this project is unclear.",Grant,0.0
Security,90103,Vanuatu,2020,TRADE POLICIES AND REGULATIONS,Unspecified Chinese Government Institution,Vanuatu Department of Customs and Inland Revenue,China donates customs inspection equipment to Vanuatu in 2020,"On June 4 2020, a handover ceremony was held for inspection equipment from China to Vanuatu Department of Customs and Inland Revenue.  The donation includes CT baggage scanners, mobile x-ray system from Nuctech and is delivered by CCOEC. The equipment is to be used to improve border security, detection and seizure of illicit drugs, and prevent smuggling into Vanuatu.",Grant,0.0
Security,30145,Zimbabwe,2013,EDUCATION,Unspecified Chinese Government Institution,Zimbabwe Wushu Association (ZWA),Chinese Government provides training for teachers from Zimbabwe Wushu Association (ZWA),"In February 2013, China sent Wushu experts to train 63 local teachers in this form of martial arts at Chaminuka Training Centre in Mashonaland Central province. In August 2013, China was to select the top twenty teachers from the local school to travel to China and enhance their skills in Wushu martial arts. The selected teachers were to stay in China for one year.  The teachers arrived in China in November 2013 to study at Tianjin Huo Yuanjia Civil and Military School for African students. According to China Daily, the Zimbabwean students ended up studying Chinese more than Yushu. Zimbabwean Deputy Minister Dokora said the move to send the teachers to China reflected the good ties that the two countries enjoyed. “This is reciprocal and they too will be benefiting from English classes given by the Zimbabwe nationals,” he said. He said the program was being implemented in fulfillment of the China–Africa cooperation framework.  The ZWA president, Gilbert Makowah, said the Chinese Ambassador would also look at the prospects of getting some scholarships for Zimbabwean Wushu fighters. This training comes as a result of an agreement signed on 2 January, 2012, where the Chinese Embassy in Harare pledged development support for the Zimbabwe Wushu Association (ZWA).",Grant,0.0
Security,63066,Myanmar,2012,GOVERNMENT AND CIVIL SOCIETY,Chinese Embassy,,Chinese Government donation of office equipment to the police force in Myanmar in 2012,"On March 14 of 2012, based on the news release from Embassy of China in Myanmar, the Embassy donates computer equipment such as computers to the police forces of the Ministry of Internal Affairs of Myanmar. _x000D_ _x000D_ The Chief of Staff of the Myanmar Police Force, Brigadier General Xi Xianxi, attended the handover ceremony and thanked the Chinese Embassy for giving office equipment to the Myanmar police. He praised the move and reflected the friendship between China and Myanmar. He said that the Myanmar police are willing to further strengthen law enforcement cooperation between the two countries._x000D_ ",Grant,0.0
Security,18770,Zimbabwe,2006,ENERGY,Unspecified Chinese Government Institution,Zimbabwe Republic Police (ZRP),Chinese Government donates 180 solar water heaters to Zimbabwe Republic Police (ZRP) in 2006,"On August 24, 2006, the Chinese Government donated 180 solar water heaters to the Zimbabwe Republic Police as part of a project to introduce China's experience and technology in solar energy development to the solar energy-rich country.  The goal of this project was to evaluate the performance of the Chinese-made solar heaters under local conditions, to train local technicians in installation and maintenance, to demonstrate the green energy technology, and to promote commercial and industrial cooperation in green energy.  The pilot project, worth 1.5 million yuan (187,500 U.S. dollars), was completed in 1998, positively affecting the lives of 110 households.  The financial value of this second phase of the project is unclear. ",Grant,0.0
Security,41539,Zambia,2014,OTHER SOCIAL INFRASTRUCTURE AND SERVICES,China Ministry of Commerce,Government of Zambia,Chinese Government provides training for Zambia's Golden Jubilee Celebration,"On May 22, 2014, China’s Ministry of Commerce sent a team to assist in the design and training of a choreography team for Zambia’s 50th Independence Day celebration (or “Golden Jubilee Celebration”) on October 24, 2014. At the request of Zambian Government, the China’s Ministry of Defense and the Chinese Armed Police also dispatched 7 instructors to train 500 members of the Zambia National Service for the much-anticipated independence celebration.",Grant,0.0
Security,35627,Zambia,2015,HEALTH,People's Liberation Army of China,Government of Zambia,18th military medical team dispatched to Zambia,"China has been sending military medical teams to Zambia since 1984. On January 20, 2015, China’s 18th military medical team arrived in Zambia. The 11-person team was stationed at Maina Soko Hospital in Lusaka and completed its term of service on January 18, 2016. The members of the team undertook outpatient service, consultation, operation, guidance and teaching activities at Maina Soko military hospital. They also provided medical care for the President and the First Lady, and treated hundreds of senior officials and officers from both Zambian government and military. ",Grant,0.0
Security,95951,Viet Nam,2020,EDUCATION,Chinese Embassy,Vietnam Ministry of Public Security ,Chinese Embassy Establishes Sino-Vietnamese Cultural Reading Room and Donates Books to the Police Academy,"On January 1, 2021,  a ribbon-cutting ceremony was held for the new Sino-Vietnamese Cultural Reading Room of the Police Academy of the Ministry of Public Security of Vietnam. On behalf of the embassy, Counselor Yin Haihong also donated Chinese language books including ""Xi Jinping on Governing the Country"" to the reading room.",Grant,0.0
Security,90430,Viet Nam,2020,EDUCATION,Chinese Embassy,Vietnam Ministry of Public Security ,Chinese Embassy in Vietnam contributes reading room and Chinese books to Foreign Affairs Bureau of the Ministry of Public Security of Vietnam in 2020,"On November 3, 2020, the Chinese Embassy in Vietnam assisted the Foreign Affairs Bureau of the Ministry of Public Security of Vietnam by providing a reading room and Chinese language book corner. A ribbon-cutting ceremony for the reading room was held on November 3, 2020.   Minister Counselor Yin Haihong was invited to attend and cut the ribbon with Lieutenant General Nguyen Thanh Son, Director of the Vietnam Foreign Affairs Bureau. In addition, Minister Counselor Yin Haihong presented Chinese books such as ""Xi Jinping: The Governance of China"" to Vietnam on behalf of the embassy. Counselors Zhao Wanpeng, Wang Ben, Zhang Yi, and Director Zhu Yu of the Chinese Embassy also attended the ceremony. ",Grant,0.0
Security,90426,Viet Nam,2020,HEALTH,China Ministry of Public Security,Vietnam Ministry of Public Security ,Chinese Ministry of Public Security provides anti-epidemic supplies to the Ministry of Public Security of Vietnam in September 2020 ,"On September 14, 2020, Counselor Zhao Wanpeng of the Chinese Embassy in Vietnam provided anti-epidemic materials to the Ministry of Public Security of Vietnam on behalf of the International Cooperation Bureau of the Ministry of Public Security of China. Major General Jian Ling, the deputy director of the Foreign Affairs Bureau of the Ministry of Public Security of Vietnam, received disposable medical masks, goggles, and protective clothing.",Grant,0.0
Security,89919,Venezuela,2015,GOVERNMENT AND CIVIL SOCIETY,Chinese Embassy,Venezuela Ministry of People's Power for Defense,Chinese Ambassador to Venezuela gifts books to the Minister of Defense,"On October 15, 2015, during a meeting between Chinese Ambassador to Venezuela, Zhao Bentang, and Venezuelan Minister of Defense, Vladimir Padrino Lopez, Ambassador Zhao gifted Minister Padrino a Spanish version of the Chinese book ""The Chinese Dream and the World"".",Grant,0.0
Security,63836,Myanmar,2015,GOVERNMENT AND CIVIL SOCIETY,Unspecified Chinese Government Institution,,Chinese Government donates police vehicles to Myanmar,"On November 27 2015, based on the news release from the Embassy of China in Myanmar,  the handover ceremony of Chinese police vehicles to Myanmar was held in Naypyidaw. _x000D_ _x000D_ The donation includes 245 police pickups and 120 police saloon cars. _x000D_ _x000D_ The Chinese ambassador to Myanmar Hong Liang, the Myanmar Interior Minister's elder brother Lieutenant General and police director Major General Zo Wen attended the ceremony.",Grant,0.0
Security,63837,Myanmar,2017,GOVERNMENT AND CIVIL SOCIETY,Unspecified Chinese Government Institution,,Chinese Government donate police equipments to Myanmar Government ,"On September 20th 2017, based on the news release from Embassy of China in Myanmar, Ambassador Hong Liang in Burma met with Minister of State Affairs of the State of the Republic of Myanmar Juddin Rui and donated police supplies to the Myanmar government on behalf of the Chinese government. _x000D_ _x000D_ According to the news release from mhwmm.com, donated police equipments include 500 bulletproof helmets and 200 law enforcement recorders. This batch of police materials will be mainly used for the equipment update of the security forces in Rakhine State and enhancing the level of local police security. ",Grant,0.0
Security,69375,Venezuela,2010,TRADE POLICIES AND REGULATIONS,China Development Bank (CDB),Banco de Desarrollo Económico y Social de Venezuela (BANDES)|China-Venezuela Joint Fund,[China-Venezuela Joint Fund] Merida Cable Car Modernization Project (linked to #58677),"The China-Venezuela Joint Fund financed the Merida Cable Car (""Teleferico de Merida"") Modernization Project. The commitment date of funding for this project is unclear.   The China Development Bank has provided three tranches and one long term facility to the Joint Fund in total (#58677). FONDEN also contributes to this fund, and it's administered by BANDES. The first commitment to this fund was made in 2007.  The Mérida cable car one of the longest and highest cable car systems in the world. In August 2008, the Mérida cable car was shut down to protect user safety because it had reached the end of its service life. In 2010, the Venezuelan government hired the Austrian Doppelmayr company to modernize the Mérida cable car system. The modernization project included upgraded wagons, towers, safety devices, communication and security systems, seats for the disabled, an anti-slip floor, escape routes, and stairs. The new wagons have an increased capacity of 60 people per trip compared to the previous 40 people per trip. The Merida Cable Car reopened on 29 April 2016 in the pre-commercial stage for for children, the elderly and people with disabilities and reopened to the public on 7 October 2016.",Loan,0.0
Security,64577,Myanmar,2016,GOVERNMENT AND CIVIL SOCIETY,People's Liberation Army of China,,PLA donation of medical equipment to the Burmese military in 2016,"Based on the news release from the Embassy of China in Myanmar, on August 9, 2010, the handover ceremony of China's army's assistance to the Burmese military medical equipment was held in the command headquarters of the National Defense Forces in Naypyidaw. Military officer Wang Jinbo and the director of the Military Medical Bureau of the National Defense Command jointly signed the transfer documents. The batch of medical equipment includes ambulances, digital X-ray machines, and mobile dental clinics.",Grant,0.0
Security,34452,Timor-Leste,2007,GOVERNMENT AND CIVIL SOCIETY,Unspecified Chinese Government Institution,Government of Timor-Leste,China deploys 11th civilian police peacekeeping team to Timor-Leste,"On March 27, 2007, China sent a group of 10 civilian police officers to Timor-Leste to help the country stabilize following its crisis in May 2006. They were accompanied by three military observers from the UN mission in Timor-Leste (UNMIT). The officers are specialists in the fields of administrative management, information technology, public security, criminal investigation and border security. They have received training in weapons, driving, and languages in China's peace-keeping police training center. _x000D_ _x000D_ On September 25, 2007, the team received UN peace medals for their efforts in Dili. Together, they represent the 11th civilian peacekeeping team that China has sent to Timor-Leste.",Grant,0.0
Security,63870,Vanuatu,2016,OTHER SOCIAL INFRASTRUCTURE AND SERVICES,Unspecified Chinese Government Institution,,China government donates Military Band Music Equipment to Vanuatu,"On January 13th, 2016, the Chinese Ambassador, Xie Bohua, a ceremony was held for the donation of musical instruments to the Vanuatu Mobile Force (VMF) (or 捐赠瓦机动部队乐器). The VMF is the paramilitary arm of the country's police force. The ceremony was also attended by 30 officers and soldiers, including the Mobile Band Commander.  These instruments are intended to help the Vanuatu Mobile Forces military band renew and upgrade their instruments, and help the military band to better rehearse and perform for major events.",Grant,0.0
Security,64710,Myanmar,2017,EDUCATION,Chinese Embassy,,Chinese embassy provides Chinese language training course for the Police Force,"Based on the news release from the Embassy of China in Myanmar, on May 2, 2017, the Embassy provides a Chinese language training course for the Myanmar Police Force. The opening ceremony was held in the headquarters building of the Myanmar Police Force in Naypyidaw. This training course is the fourth Chinese language training course for Burmese civil servants organized by the Chinese Embassy in Myanmar at the request of the Myanmar Police Force._x000D_ _x000D_ _x000D_ _x000D_ ",Grant,0.0
Security,67077,Myanmar,2018,GOVERNMENT AND CIVIL SOCIETY,People's Liberation Army of China,Government of Myanmar (Burma),People's Liberation Army of China participates in the minesweeping at Myanmar border,"On December 27, 2018, the emergency minesweeping action on the border between China and Myanmar formally began. This minesweeping action is an emergency clearing of a minefield on the border between China and Myanmar in the city of Mangshi of Dehong Dai and Jingpo Autonomous Prefecture in southwestern China’s Yunnan Province, and will help protect the lives and property of the people along the border and improve safety to facilitate the development and opening up of the border area. The Army of Southern Theater Command of the Chinese People’s Liberation Army (PLA) organized a team comprised of more than 300 minesweepers from the former Yunnan de-mining group to form this minesweeping unit. The exact end date of this project is unknown, but this project is completed. ",Grant,0.0
Security,39362,Vanuatu,2014,HEALTH,Unspecified Chinese Government Institution,,Chinese Army provides medical training and service through the ‘Peace Ark’ Naval Hospital Ship to Vanuatu,"On August 31st, 2014, the Chinese Navy Ship, Peace Ark, arrived in Vanuatu to provide medical services. The ship served as the main platform for free-of-charge medical services, including ""outpatient and surgical treatment"" (according to ""驻瓦努阿图大使谢波华在中国海军和平方舟医院船甲板招待会上的致辞""). The Chinese press release, ""驻瓦努阿图大使谢波华陪同瓦总理参观和平方舟医院船"", stated that the boat has received a total of 7,512 outpatients, completed 58 operations, admitted 26 inpatients, carried out 3382 CT and X-ray auxiliary examinations, and conducted comprehensive medical examinations for 33 people. Additionally, medical teams were dispatched to local hospitals and villages. The ship left on September 7th after completing its service. The arrival of the Peace Ark is heralded as one of the biggest bilateral events between the two nations.",Grant,0.0
Security,37744,Vanuatu,2004,GOVERNMENT AND CIVIL SOCIETY,Unspecified Chinese Government Institution,Vanuatu Police Force,China agrees to provide training to Vanuatu police force,"During Vanuatu Prime Minister Serge Vohor's visit to China from September 5 to 12, 2004, China and Vanuatu signed an initial agreement that would provide equipment and training for the Vanuatu police force, following a request from the Vanuatu Minister of Public Utilities. Members of the police force will undergo training in China, particularly in anti-terrorism warfare and bodyguard and self-defense skills. Details regarding the agreement and further project details are unknown. ",Grant,0.0
Security,98115,Uganda,2017,GOVERNMENT AND CIVIL SOCIETY,Unspecified Chinese Government Institution,Uganda Police Force,Chinese Government agrees to send a team to train the Ugandan police in December 2017,"On December 20, 2017, during a meeting between the Inspector General of Police, Kale Kayihura, and a delegation of the China Public Security, the Chinese Government agreed to send a team to Uganda to train the Uganda police in areas of criminal investigations, crime intelligence, and cybercrime. The decision was made after two Chinese nationals were murdered in Uganda.",Grant,0.0
Security,88729,Myanmar,2018,EDUCATION,Chinese Embassy,Myanmar Ministry of Hotels and Tourism,Chinese Embassy hosts Chinese training course for Myanmar Ministry of Hotels and Tourism staff in 2018,"In 2018, the Chinese Embassy funded a Chinese training course for staff in the Ministry of Hotels and Tourism and its police force in Myanmar. A total of 21 people attended the course, which was taught by Eastern Language & Business Center in Yangon. On October 5, 2018, the closing ceremony of the training course was held in Yangon. Tian Shanting, the Cultural Counselor of the Chinese Embassy in Myanmar, and Wu Ne Win, the Director of the Department of Hotel and Tourism Supervision, attended the closing ceremony and delivered speeches. The monetary value of the training is uknown.",Grant,0.0
Security,60598,Uganda,2018,GOVERNMENT AND CIVIL SOCIETY,Unspecified Chinese Government Institution,Uganda INTERPOL,Chinese Embassy donates a 22-seater bus to the Ugandan International Police,"On August 14, 2018, Zheng Zhuqiang handed over a 22 - seater bus to Uganda Police Force at function held at the offices of Directorate of INTERPOL and International Relations in Kololo, Mabua road.  The Deputy Inspector General of Police, Brig. Sabiiti Muzeyi thanked the Chinese embassy for its continued support towards Uganda Police Force.  ",Grant,0.0
Security,92993,Myanmar,2020,HEALTH,Yunnan Geology and Mineral Resources Exploitation Group,Mandalay Region Government|Ministry of Defense of Myanmar|Myanmar Ministry of Natural Resources and Environmental Conservation (MONREC),"Yunnan Geology and Mineral Resources Exploitation Group donates Covid supplies in May 2020 to Myanmar Ministry of Natural Resources and Environmental Protection of Myanmar, the Myanmar National Defense Forces, and the Mandalay Provincial Government","On May 15, 2020 the Yunnan Gold Group (formerly known as Yunnan Geology and Mineral Resources Group) donated anti-pandemic supplies including surgical and N-95 masks to Ministry of Natural Resources and Environmental Protection of Myanmar, the Myanmar National Defense Forces, the Mandalay Provincial Government, and other unspecified government agencies. ",Grant,0.0
Security,53491,Uganda,2016,HEALTH,China Tianjin International Economic and Technical Cooperation Group Corporation,Uganda People’s Defence Force (UPDF),China Tianjin International Economic and Technical Cooperation Group Corporation donated 1200 mosquito nets to UPDF and two schools in Uganda,"On April 8, 2016, the ribbon-cutting ceremony of the mosquito repellent net factory jointly established by China-Africa Medical Materials Co., Ltd (中非医用材料有限公司) and Tianjin Yongkuo International Trade Co., Ltd.(天津永阔国际贸易有限公司) was held in Kampala. At the ceremony, the mosquito net factory also donated 1200 long-lasting mosquito repellent nets to the UPDF and the two schools.",Grant,0.0
Security,62621,Namibia,2018,GOVERNMENT AND CIVIL SOCIETY,Unspecified Chinese Government Institution,Khomas Police Department,China donates computers to Khomas Regional Police Headquarters in Namibia,"On November 1, 2018, the Chinese Ambassador to Namibia donated a desktop computer, laptop computer and large LCD flat screen TV to the Khomas Police Department. The value of this donation is unknown.",Grant,0.0
Security,53483,Uganda,2016,GOVERNMENT AND CIVIL SOCIETY,Chinese Embassy,,China donated motorcycles and laptops to Ugandan Police Darpartment,"On August 29, Ambassador Zhao Yali and U.S. Police Chief Kei Hula attended the Chinese Embassy’s donation of the Ugandan Police Department’s material handover ceremony. The donated materials include motorcycles and laptops.　　_x000D_ _x000D_ ",Grant,0.0
Security,34454,Timor-Leste,2009,GOVERNMENT AND CIVIL SOCIETY,Unspecified Chinese Government Institution,Government of Timor-Leste,China deploys 14th team of peacekeeping police in Timor-Leste,"China's 14th peacekeeping squad to Timor Leste arrived in 2009. The 21-person squad was sent to work with the UN mission in East Timor for one year, setting the end date to be in February 2010. Seven out of the 21 members had previously participated in UN peacekeeping missions. The squad, which includes staff from the criminal investigation, public security, traffic and entry and exit sections in the southeastern Jiangxi Province, all passed strict exams in the regional situation, world affairs, international law, driving, first aid, and English.",Grant,0.0
Security,88922,Thailand,2018,GOVERNMENT AND CIVIL SOCIETY,Unspecified Chinese Government Institution,Government of Thailand,Chinese Government donates office equipment to Police Region 5 in Thailand ,"On December 11, 2018, on behalf of the Chinese Government, Chinese Ambassador Ren Yisheng donated office equipment, such as computers and projectors to Police Region 5 of the Royal Thai Police. Region 5 consists of the northern Thai city of Chiang Mai.",Grant,0.0
Security,91685,Thailand,2020,HEALTH,Chinese Embassy,Government of Thailand,The Chinese Embassy in Thailand donates masks to Thai government institutions and hospitals,"On April 5th, 2020, the Embassy of the People's Republic of China in the Kingdom of Thailand donated N95 and disposable masks to the Palace Affairs Office, the National Assembly, the Ministry of Foreign Affairs, the Airport Customs, the Airport Administration, the Airport Immigration Bureau, and various police stations, as well as Ratchaviti Hospital and Sirirat Hospital. The quantity sent to each institution is unknown.",Grant,0.0
Security,60696,South Sudan,2017,GOVERNMENT AND CIVIL SOCIETY,People's Liberation Army of China,Government of South Sudan,China sends sixth peacekeeping police force to South Sudan in March 2017,"In March 2017, China's sixth peacekeeping police force arrived in South Sudan. This force was formed by the Zhejiang Provincial Public Security Bureau and consisted of seven officers. On February 23, 2018, they had a final meeting with the Chinese Ambassador to South Sudan before returning to China. The amount of funding China provided to send this force to South Sudan is unknown. The team earned a medal from the United Nations in November 2017. This project is completed.",Grant,0.0
Security,93502,South Africa,2020,HEALTH,People's Liberation Army of China,South African National Defence Force (SANDF),People's Liberation Army donates medical protective gear to the South African National Defense Force (SANDF) in August 2020 (linked to project ID#93500 and 93501),"On August 3, 2020, the People's Liberation Army donated masks to the South African National Defense Force (SANDF). The monetary value of the donation is unknown.  The gear was meant to be utilized by members of the SANDF and the National Department of Health.   The donation of medical supplies to SANDF was a part of a series of medical supply donations on behalf of the People's Liberation Army of China; a previous donation occurred in March 2020 (project ID#93500) and a subsequent donation occurred in November 2020 (project ID#93501). ",Grant,0.0
Security,89165,Papua New Guinea,2009,GOVERNMENT AND CIVIL SOCIETY,Chinese Embassy,Royal Papua New Guinea Constabulary (RPNGC),Chinese Embassy donates office equipment to the Royal Papua New Guinea Constabulary,"On February 23, 2009, the Chinese Embassy in Papua New Guinea donated office equipment to the Royal Papua New Guinea Constabulary (RPNGC). The donated equipment included 10 computers and printers; the computers were set to be used at Bomana Police College for training purposes and at the police headquarters for administrative purposes. The monetary value of this donation is unknown.",Grant,0.0
Security,63021,Myanmar,2014,GOVERNMENT AND CIVIL SOCIETY,Unspecified Chinese Government Institution,,Chinese Government donates police supplies in 2014,"During the visit of Premier Li Keqiang to Myanmar, in November 12-14, 2014, the Exchange Letter of the China-Aid Police Supplies between MOFCOM and Ministry of National Planning and Economic is signed. China is going to donate police supplies to Myanmar Government. The project is completed in 2014. ",Grant,0.0
Security,93500,South Africa,2020,HEALTH,People's Liberation Army of China,South African National Defence Force (SANDF),People's Liberation Army donates medical protective gear to the South African National Defence Force (SANDF) in March 2020 (linked to project ID#93502 and 93501),"On March 26, 2020, the People's Liberation Army donated medical protective gear to the South African National Defence Force (SANDF). The supplies included 30,000 face masks and 2000 eye goggles. The monetary value of the protective gear is unknown.  Chinese Defence Attache Major General Shang Hong delivered the equipment to Chief of the SANDF General Solly Shoke in a handover ceremony at the South African Military Health Services (SAMHS) medical depot in Pretoria. Other members in attendance included SANDF Chief of Staff Lieutenant General Lindile Yam, Lieutenant General Jabulani Mbuli (Chief Logistics Division), Major General Noel Nhdlovu (Deputy Surgeon General), and representatives from Hennox Supplies Company.  The donation of medical supplies to SANDF was the beginning of a series of medical supply donations on behalf of the People's Liberation Army; subsequent donations occurred in August (project ID#93502) and November 2020 (project ID#93501).",Grant,0.0
Security,96755,Papua New Guinea,2021,HEALTH,Unspecified Chinese Government Institution,Port Moresby General Hospital,Chinese Government donates medical supplies to Port Moresby General Hospital in June 2021,"On June 21 2021, Chinese Ambassador Zeng Fanhua donated a batch of medical equipment to Port Moresby General Hospital in Papua New Guinea. The donation included ventilators and consumables.  At the handover ceremony, Ambassador Zeng announced that the Chinese government would be supporting a revitalization of the Taurama Military Hospital, also in Port Moresby.",Grant,0.0
Security,86978,South Africa,2019,GOVERNMENT AND CIVIL SOCIETY,Unspecified Chinese Government Institution,Johannesburg Metropolitan Police Department,Fujian Police College provides anti-crime training to 28 South African officers from the Johannesburg Metropolitan Police Department (JMPD),"On August 2019, China's Fujian Police College hosted 28 police officers from South Africa's Johannesburg Metropolitan Police Department (JMPD) for a free training course in anti-crime activities. The Chinese Government provided a grant to cover the cost of travel and training. It focused on hand-to-hand combat, unarmed defense, firearm use, and Kung Fu tactics. This two-week training course began on August 9, 2019 and ended on August 23, 2019. ",Grant,0.0
Security,59031,South Africa,2018,OTHER SOCIAL INFRASTRUCTURE AND SERVICES,Chinese Embassy,Hong Ning Chinese Aged Home,Chinese Embassy in South Africa donates living materials to Hong Ning Chinese Aged Home (Linked to Project ID#58920),"On August 25, 2018, Chinese Ambassador Lin Songtian and his wife led the Embassy's women's team and their family members to visit the Hong Ning Chinese Aged Home (华人康宁安老院) to send warmth and care and conduct field research on overseas Chinese living conditions. The Chinese Embassy in South Africa made a donation of unspecified living supplies to the nursing home. Li Xinzhu, director of the South African Chinese Police and Civilian Cooperation Center, and Zhu Yiyuan, president of the All-African Chinese Women’s Federation attended the event. The monetary value of the donation is unknown.  The Hong Ning Chinese Aged Home was founded in 1980 by elderly South Africans living in South Africa. It is a non-profit non-governmental organization and the only Chinese old-age care institution in South Africa.",Grant,0.0
Security,53035,Somalia,2016,GOVERNMENT AND CIVIL SOCIETY,Chinese Embassy,,Chinese embassy donates office equipments to the Somali Police Force,"In October 2016, the Chinese Embassy in Somalia donated some office equipments including computers, filing cabinets, tables and chairs to the Somalia Police Force in the two district police stations in the capital Mogadishu. According to the Embassy website, the ambassador Wei Hongtian, and the commander of the police unit, General Mohammed, signed the item handover certificate. The consignment will help the police to improve their working conditions, improve their work efficiency, strengthen the fight against criminals and terrorist activities, and maintain the security of the capital._x000D_ _x000D_ ",Grant,0.0
Security,93529,Solomon Islands,2021,GOVERNMENT AND CIVIL SOCIETY,Unspecified Chinese Government Institution,Royal Solomon Islands Police Force (RSIP),Chinese Government sends police liaison officers to train Royal Solomon Islands Police Force following November 2021 unrest,"On December 23, 2021, the Chinese Government agreed to donate riot equipment (captured via Project ID #93528 and ID#97214) and provide six police liaison officers (captured via Project ID #93529) to equip and train the Royal Solomon Islands Police Force (RSIPF). The riot gear includes shields, helmets, batons and ""other non-lethal gears."" On December 29, 2021, the Chinese Ambassador officially handed over a batch of riot equipment as it arrived at the Henderson International Airport. According to the Ambassador, this initial donation was ""part of a larger batch, which will be delivered in the coming months."" Nine Chinese police liaison officers arrived in the Solomon Islands in March 2022 to train RSIPF officers in anti-riot strategies.  In 2019, Solomon Islands' Prime Minister Manasseh Sogavare withdrew recognition of the Republic of China (Taiwan) and established diplomatic relations with the People's Republic of China (PRC). Malaita Province, an island struggling with unemployment and poverty, maintained informal ties with Taiwan. The premier of Malaita Province, Daniel Suidani, even held an independence referendum in 2020, which the national government dismissed as illegitimate. At the same time, Chinese businesses across the Solomon Islands were accused of giving jobs to foreigners instead of locals.  Between November 24 and 27, 2021, a series of protests in the Solomon Islands against relations with the PRC turned violent. Protesters attempted to storm Parliament and depose Prime Minister Sogavare. Businesses, mainly in Honiara's Chinatown district, were burnt and looted. A police station was set on fire. The government responded by deploying the police in which they used tear gas. Australia deployed the Australian Federal Police and Defence Force. Papua New Guinea and Fiji dispatched peacekeepers while New Zealand deployed police and troops.",Grant,0.0
Security,93528,Solomon Islands,2021,GOVERNMENT AND CIVIL SOCIETY,Unspecified Chinese Government Institution,Royal Solomon Islands Police Force (RSIP),Chinese Government donates first batch of riot gear to Royal Solomon Islands Police Force (linked to project ID#97214),"On December 23, 2021, the Chinese Government agreed to donate riot equipment (captured via Project ID #93528) and provide six police liaison officers (captured via Project ID #93529) to equip and train the Royal Solomon Islands Police Force (RSIPF). The riot gear includes shields, helmets, batons, and other non-lethal equipment. On December 29, 2021, the Chinese Ambassador officially handed over a batch of riot equipment as it arrived at the Henderson International Airport. This was part of a larger donation, and a second batch of riot gear worth SBD 12 million arrived in February 2022 (see project ID#97214). Nine Chinese police liaison officers arrived in the Solomon Islands in March 2022 to train RSIPF officers in anti-riot strategies. The monetary value of this donation is unknown.   In 2019, Solomon Islands' Prime Minister Manasseh Sogavare withdrew recognition of the Republic of China (Taiwan) and established diplomatic relations with the People's Republic of China (PRC). Malaita Province, an island struggling with unemployment and poverty, maintained informal ties with Taiwan. The premier of Malaita Province, Daniel Suidani, even held an independence referendum in 2020, which the national government dismissed as illegitimate. At the same time, Chinese businesses across the Solomon Islands were accused of giving jobs to foreigners instead of locals.  Between November 24 and 27, 2021, a series of protests in the Solomon Islands against relations with the PRC turned violent. Protesters attempted to storm Parliament and depose Prime Minister Sogavare. Businesses, mainly in Honiara's Chinatown district, were burnt and looted. A police station was set on fire. The government responded by deploying the police in which they used tear gas. Australia deployed the Australian Federal Police and Defence Force. Papua New Guinea and Fiji dispatched peacekeepers while New Zealand deployed police and troops.",Grant,0.0
Security,93454,Solomon Islands,2020,OTHER SOCIAL INFRASTRUCTURE AND SERVICES,"China Harbour Engineering Co., Ltd. (CHEC)",Royal Solomon Islands Police Force (RSIP),China Harbour Engineering Company donates New Year's gifts to Honiara Central Police Station (Linked to Project ID#90227 and #93453),"On December 18, 2020, China Harbour Engineering Company donated food and solar lanterns to the Honiara Central Police Station as New Year's gifts.  The Chinese Embassy and China Civil Engineering Construction Corporation also donated.",Grant,0.0
Security,93453,Solomon Islands,2020,OTHER SOCIAL INFRASTRUCTURE AND SERVICES,China Civil Engineering Construction Corporation (CCECC),Royal Solomon Islands Police Force (RSIP),"China Civil Engineering Construction Corporation donates new year gifts to Honiara Central Police Station (Linked to #90227, #93454)","On December 18, 2020, China Civil Engineering Construction Corporation donated food and solar lanterns to the Honiara Central Police Station as New Year's gifts.  The Chinese Embassy and China Harbour Engineering Company also donated. ",Grant,0.0
Security,90227,Solomon Islands,2020,OTHER SOCIAL INFRASTRUCTURE AND SERVICES,Chinese Embassy,Royal Solomon Islands Police Force (RSIP),"Chinese Embassy donates new year gifts to Honiara Central Police Station (Linked to #93453, #93454)","On December 18, 2020, the Chinese Embassy donated food and solar lanterns to the Honiara Central Police Station as New Year's gifts.  Chinese state-owned companies also donated. The list includes China Civil Engineering Construction Corporation (#93453), the China Harbor Engineering Company (#93454). ",Grant,0.0
Security,73899,Peru,2010,HEALTH,People's Liberation Army of China,Peru Ministry of Defense (Ministerio de Defensa) (MINDEF),Stage 2 of Angel of Peace 2010 humanitarian mission conducted by Chinese military doctors and Peruvian Army (linked to #72911),"From November 24 to 29, 2010, military doctors from the People's Liberation Army of China and the Peruvian Army provided medical procedures for four thousand residents of Villa María del Triunfo. These procedures included those in the fields of gynecology, pediatrics, ophthalmology, dentistry, traumatology, general medicine, internal medicine, traditional Chinese medicine, and others. The operation utilized materials granted alongside a mobile field hospital, captured in project #72911. The team consisted of 25 experts from China and 50 from Peru.  This is the second stage of the humanitarian mission ""Angel of Peace 2010"" (“Ángel de Paz 2010”). The first stage was the technical assistance associated with the grant of the field hospital and medical supplies, again captured in project #72911. ",Grant,0.0
Security,93363,Sierra Leone,2020,HEALTH,Unspecified Chinese Government Institution,Government of Sierra Leone,China donates COVID aid to Sierra Leone in November 2020,"On November 24, 2020, the Chinese Embassy in Sierra Leone held a handover ceremony for a batch of COVID aid donated to Sierra Leone. The content of the aid was included testing kits, respirators, surgical masks, personal protective equipment and other related accessories. (See: The cost of the equipment was unspecified. The handover ceremony was attended by Ambassador Hu Zhangliang and senior officials from Sierra Leone, including the Minister of Defense, General Coordinator of the National New Crown Epidemic Emergency Command Center, Deputy Minister of Defense, Vice Minister of Health, and the General Staff of the Armed Forces Cisse.  ",Grant,0.0
Security,86649,Sierra Leone,2018,TRANSPORT AND STORAGE,China Ministry of National Defense,Republic of Sierra Leone Armed Forces (RSLAF),Chinese Ministry of Defense provides grant for Government Wharf Slipway Construction Project (Linked to Project ID#62951 and #86459),"In a speech delivered on February 18, 2019, Sierra’s Leone's President announced that grant funding from the Chinese Ministry of Defense to Sierra Leone's Armed Forces would be used to finance the enhancement of the Government Wharf in Freetown by constructing a dry-docking and a slipway facility. The current status of this project is unknown. The funding for the project is reportedly being drawn from an RMB 50 million military grant assistance agreement that the Chinese Government and the Government of Sierra Leone signed in March 2018 (captured via Project ID#62951).",Grant,0.0
Security,86092,Sierra Leone,2019,HEALTH,Chinese Center for Disease Control and Prevention,Sierra Leone Ministry of Health,Chinese Center for Disease Control and Prevention holds 'China-Sierra Leone International Training on Malaria Diagnostic Techniques' in October 2019,"On October 28, 2019, the ""China-Sierra Leone International Training on Malaria Diagnostic Techniques,"" jointly organized by the Chinese Center for Disease Control and Prevention, USAID/PMI and the Ministry of Health of Sierra Leone, was launched in the Bintumani Hotel in Freetown. The course lasted for six days, consisted of two three-day sessions, and trained a total of 75 Sierra Leonean hospital technicians responsible for malaria diagnosis. Experts from the Chinese Center for Disease Control Team and the Chinese Military Medical Expert Team conducted the trainings. Dr. Amara Jambai was chairman of the program.  In attendance at the opening ceremony for the course were Chargé d’affaires of the Chinese Embassy, Sierra Leone's Vice Minister of Health, Sierra Leone’s Chief Medical Officer and Deputy Chief Officer of the Ministry of Health, and the Head of the Chinese Center for Disease Control and Prevention Expert Team.",Grant,0.0
Security,63243,Sierra Leone,2017,GOVERNMENT AND CIVIL SOCIETY,China Ministry of Commerce,,China provides training on urbanization construction management to 30 Sierra Leonean students,"On July 18, 2017, 30 Sierra Leonean students arrived in China for a three-week-long training on urbanization construction management, organized by the Chinese Ministry of Commerce. These 30 participants were from different ministries, departments, and agencies including Ministries of Agriculture and Tourism, Sierra Leone Roads Authority, Environmental Protection Agency, and the Freetown City Council._x000D_ _x000D_ The session took place in Hefei, Anhui Province. Edmond Abu, of the Ministry of Agriculture, Forestry and Food Security was the team leader. These trainees were expect to learn a lot and return home and with wealth of knowledge on urbanization construction management. _x000D_ ",Grant,0.0
Security,64157,Philippines,2016,GOVERNMENT AND CIVIL SOCIETY,Yunnan Police Officer Academy,,Yunnan Police Officer Academy held drug control and law enforcement training program for Philippines officers,"From October 19th to November 2nd, 2016, Yunnan Police Officer Academy held the first drug control and law enforcement training program for fifty Philippine officials. According to ""China Holds Drug Control Training Program for PNP officers,"" the trainees learned about ""Chinese anti-drug legislation, the anti-drug law enforcement cooperation, and intelligence analysis."" ",Grant,0.0
Security,63232,Sierra Leone,2017,HEALTH,People's Liberation Army of China,,Chinese military sends the 2nd team of Military Medical Experts to Sierra Leone  (linked to #63231),"In June 2017, Chinese military sent the 2nd team of Military Medical Experts consisting of 14 experts from the People's Liberation Army to Sierra Leone. The team was tasked with helping Sierra Leone's armed forces building a modern center for prevention of infectious diseases in the post-Ebola era (China military medical team treats more than 70 disaster-affected people in Sierra Leone)._x000D_ _x000D_ In July 2017, after a mudslide hit Freetown, the team carried out free medical service to those people affected by the disaster (project #63231)._x000D_ _x000D_ In August 2018, after a year of service in Sierra Leone, the team returned to China. (中国军医是最亲的人)",Grant,0.0
Security,53006,Seychelles,2016,GOVERNMENT AND CIVIL SOCIETY,Unspecified Chinese Government Institution,Seychelles Ministry of Internal Affairs ,Chinese Government donates 20 computers and 12 printers for the Police Database Management System Project,"On August 4, 2016, the Chinese Government donated 20 computers and 12 laser Lenovo printers to the Ministry of Internal Affairs of the Seychelles for the Police Database Management System Project, which sought to create a networked database to link police stations in Seychelles together to allow for sharing of information related to the combat of crime in the Seychelles. ",Grant,0.0
Security,73156,Sao Tome and Principe,2018,GOVERNMENT AND CIVIL SOCIETY,Unspecified Chinese Government Institution,Government of São Tomé & Príncipe,Chinese Government donates 46 vehicles for use by the military and taxi drivers in STP,"In August 2018, Gao Jinbao, the Economic and Trade Adviser at the Chinese Embassy in São Tomé and Principe signed a donation agreement with Charles Neto, the Financial Director of the Ministry of Infrastructure and Natural Resources of São Tomé and Príncipe. Under the terms of the agreement, the Chinese Government agreed to donate 46 vehicles for use by the military and taxi drivers in São Tomé and Príncipe. Of the 46 vehicles donated, 40 are six-seater taxis for the taxi drivers of São Tomé and six are for the paramilitary sectors assigned to the Ministry of Defence and Security.   The vehicles were delivered on May 31, 2019. According to the Chinese ambassador, these vehicles include 40 minibuses, 4SUVs and 2 pickups, all of the FOTON brand, and are the result of the Chinese government's ""technical assistance project"" under the framework of cooperation between the two countries. Most of the vehicles are intended for Sao Tome taxi drivers in the form of credits repayable in installments, while the rest will be distributed by some public sectors of the Sao Tome state's central administration. The monetary value of these 46 vehicles is unknown.",Grant,0.0
Security,96607,Philippines,2021,GOVERNMENT AND CIVIL SOCIETY,Overseas Chinese Affairs Office of Dazhou City,Philippine Chinese Education Center,Overseas Chinese Affairs Office of Dazhou City donates books and sporting goods to establish the the 'Overseas Huiqiao Panda Bookstore' at the Philippine Chinese Education Center (linked to project ID#96389),"On November 23, 2021, the Overseas Chinese Affairs Office of Sichuan Province and the Overseas Chinese Affairs Office of Dazhou City made a donation of goods to the Philippine Chinese Education Center. This donation included over 300 books for the establishment of the ""Overseas Huiqiao Panda Bookstore,"" (Chinese:海外惠侨熊猫书屋) The ""Overseas Huiqiao Panda Bookstore"" project is sponsored by the Overseas Chinese Affairs Office of Sichuan Province to provide Chinese-language materials to overseas Chinese people and spread Chinese language and culture. The donation also included a variety of sporting goods and games, including basketballs, soccer balls, volleyballs, table tennis equipment, badminton equipment, jump ropes, Chinese chess, go, checkers, and military flags. The Overseas Chinese Affairs Office of Dazhou City and the Overseas Chinese Affairs Office of Sichuan Province both contributed to this donation, although the monetary value and the amount contributed by each party is unknown. See project ID#96389 for the Overseas Chinese Affairs Office of Sichuan Province's contribution. ",Grant,0.0
Security,96440,Philippines,2021,GOVERNMENT AND CIVIL SOCIETY,Unspecified Chinese Government Institution,The Philippine National Police ,China donates 52 Huawei Matebook Laptops to the Philippine National Police,"On December 23, 2021, Chinese Ambassador Huang Xilian paid a visit to Philippines National Police (PNP) Chief, Police General Dionardo B. Carlos in Camp Crame, Quezon City. During the visit, 52 Huawei Matebook Laptops were handed over to the PNP. The monetary value of the laptops is unknown. ",Grant,0.0
Security,96389,Philippines,2021,GOVERNMENT AND CIVIL SOCIETY,Overseas Chinese Affairs Office of Sichuan Province,Philippine Chinese Education Center,Overseas Chinese Affairs Office of Sichuan Province donates books and sporting goods to establish the 'Overseas Huiqiao Panda Bookstore' at the Philippine Chinese Education Center (linked to project ID#96607),"On November 23, 2021, the Overseas Chinese Affairs Office of Sichuan Province and the Overseas Chinese Affairs Office of Dazhou City made a donation of goods to the Philippine Chinese Education Center. This donation included over 300 books for the establishment of the ""Overseas Huiqiao Panda Bookstore,"" (Chinese:海外惠侨熊猫书屋)  The ""Overseas Huiqiao Panda Bookstore"" project is sponsored by the Overseas Chinese Affairs Office of Sichuan Province to provide Chinese-language materials to overseas Chinese people and spread Chinese language and culture. The donation also included a variety of sporting goods and games, including basketballs, soccer balls, volleyballs, table tennis equipment, badminton equipment, jump ropes, Chinese chess, go, checkers, and military flags. The Overseas Chinese Affairs Office of Dazhou City and the Overseas Chinese Affairs Office of Sichuan Province both contributed to this donation, although the monetary value and the amount contributed by each party is unknown. See project ID#96607 for the Overseas Chinese Affairs Office of Dazhou City's contribution. ",Grant,0.0
Security,96388,Philippines,2021,GOVERNMENT AND CIVIL SOCIETY,Unspecified Chinese Government Institution,Davao City Government,China donates 43 police motorcycles to Davao City Government,"On March 9, 2021, the Chinese Consulate General in Davao handed over 43 police motorcycles to the Davao City Government and other cities in the consular district. 32 of the donates motorcycles were distributed to other cities across Mindanao. The recipients of the motorcycle units donated to Davao City included:  Malita Davao Occidental (1), Jose Abad Santos Davao Occidental (1), Digos City Davao del Sure (2), Panabo City Davao del Norte (1), Carmen Davao del Norte (1), Tagum City Davao del Norte (2), Island Garden City of Samal (1), Mati City Davao Oriental (2), Nabunturan Davao de Oro (1), Monkayo Davao de Oro (1), Criminal Investigation and Detection Group (CIDG) Davao (2), General Santos City (2), Zamboanga City (2), Tangub City Misamis Occidental (1), Bongao Tawi-Tawi (1), Jolo Sulu (1), Iligan City (1), Marawi City (1), Tandag City (1), Surigao City (1), Butuan City (1), Cagayan de Oro City (2), Malaybalay City Bukidnon (1), and Philippine Coast Guard Southeastern Mindanao (2). The monetary value of this donation is unknown. ",Grant,0.0
Security,96129,Philippines,2021,GOVERNMENT AND CIVIL SOCIETY,Chinese Embassy,Philippine Bureau of Immigration,Chinese Embassy donates two commercial vehicles and one SUV to the Philippines Bureau of Immigration,"The Chinese Embassy in the Philippines reports that on November 16, 2021, the Chinese Embassy in the Philippines donated two commercial vehicles with 16 seats each and one SUV with 7 seats  to the Philippines Bureau of Immigration.  The handover ceremony took place at the Bureau of Immigration in Manila, Philippines and was attended by the Chinese Ambassador to the Philippines, the Director of the Philippines Bureau of Immigration, and the embassy's police liaison. The monetary value of the donation is unknown. ",Grant,0.0
Security,60619,South Sudan,2013,GOVERNMENT AND CIVIL SOCIETY,Unspecified Chinese Government Institution,Government of South Sudan,China sends third peacekeeping police force to South Sudan,"On November 22, 2013, Chinese Ambassador in South Sudan, Ma Qiang, hosted a party at the Chinese Embassy to welcome China's third peacekeeping police force to South Sudan. This force included 16 Chinese officers. The party was also held to send off China's second peacekeeping police force (#60621). The amount of funding China provided to send the peacekeepers and the length of time that they spent in Sudan are unknown. The exact completion date is unknown, although the fourth peacekeeping force arrived in November 2014 (see project ID#60640).  The United Nations has sent peacekeeping forces to South Sudan to help protect the country's oil fields.",Grant,0.0
Security,64686,Papua New Guinea,2003,GOVERNMENT AND CIVIL SOCIETY,Unspecified Chinese Government Institution,,"Chinese Government donation of gymnasium, boxing ring and sports equipment to PNG Defense Force","On July 9, 2004, the Chinese government donated a gymnasium, boxing ring, and sports equipment to the PNG Defense Forces.",Grant,0.0
Security,92959,Philippines,2020,HEALTH,China Ministry of National Defense,Philippines Department of National Defense,China’s Ministry of National Defense Donates Medical Supplies to Philippine's Military in May 2020,"On May 13th, China’s Ministry of National Defence donated medical supplies to the Philippines. Included in the supplies were more than 80,000 pieces of surgical masks, protective goggles, and suits.",Grant,0.0
Security,64684,Papua New Guinea,2018,GOVERNMENT AND CIVIL SOCIETY,Unspecified Chinese Government Institution,Government of Papua New Guinea,Chinese Government donation of customs scanners to PNG in 2018 (Linked to Project ID #64683 and #64656),"On October 18, 2018, the Chinese government donated customs scanners and mobile security vehicles to the Papua New Guinea government in preparation for the 2018 APEC meeting.  This donation is a part of China's APEC Safety Network Project in Papa New Guinea, which is detailed in Project ID #64683.",Grant,0.0
Security,72618,Pakistan,2018,GOVERNMENT AND CIVIL SOCIETY,Chinese Embassy,Pakistan Army,"Chinese Embassy in Pakistan donates electric fans, generators, tents to Pakistani Army stationed in FATA","On April 4th, 2018, Chinese Ambassador Yao Jing held a brief ceremony in the museum to hand over donated materials to the Pakistani Army. The Chinese Embassy in Pakistan donated electric fans, generators, tents, and other materials and donated them to the Pakistani military in order to help the Pakistani army improve the working and living conditions of the troops stationed in the Federally Administered Tribal Areas (FATA).",Grant,0.0
Security,88310,Tanzania,2019,GOVERNMENT AND CIVIL SOCIETY,Unspecified Chinese Government Institution,Zanzibar Police Department,China donates office supplies to the Zanzibar Police Station.,"On October 17, 2019, the ceremony of a donation of office supplies to the Zanzibar Police Station by the Consulate General in Zanzibar was held at the Zanzibar Police Station. The donation included some computers and other office equipment, and was made to improve office conditions and improve work efficiency. The value of the donation is not known.",Grant,0.0
Security,89097,Pakistan,2019,GOVERNMENT AND CIVIL SOCIETY,Chinese Consulate General,Sindh Police,China donates Equipment to Sindh Police,"On October 11, 2019, officials of the Consulate General of China donated three automobiles, fifty walkie-talkie sets, fifteen printers, two computers, a photocopy machine and a set of monitoring equipment to the Sindh Police during a ceremony at the Sindh Central Police Office. Later, Inspector General of the Sindh Police, Dr. Syed Kaleem Imam, distributed the equipment among different departments. Two mobile vans were given to Foreigners Security Cell while other items were handed over to the Special Security Unit.   The donation came 11 months after two police officers from the Sindh Police were killed while defending the Chinese Consulate in Karachi from a terrorist attack in November 2018. Five months after the attack, in June 2019, the Chinese Consul General, Wang Yu, met with the Sindh Province Chief of Police and expressed willingness to assist the Sindh Police in capacity building and personnel training. ",Grant,0.0
Security,94462,Pakistan,2020,HEALTH,Chinese Consulate General,"Government of Punjab, Pakistan",Chinese Consulate General provides anti-epidemic supplies to the Special Protection Unit of Pakistan’s Punjab Province in May 2020,"On May 21, 2020, the Chinese Consulate General in Lahore, Long Dingbin, provided a second batch of anti-epidemic materials to the Special Protection Unit (SPU) of Pakistan’s Punjab Province. The specific type and amount of materials donated are unknown. The monetary value of this donation is also unknown. The handover ceremony was held for this donation on May 21, 2020. Consul General Long Dingbin, the Senior Police Superintendent of the Punjab Province, and other police officers attended the ceremony. ",Grant,0.0
Security,98180,Pakistan,2019,GOVERNMENT AND CIVIL SOCIETY,Chinese Consulate General,"Government of Punjab, Pakistan","Chinese Consulate General in Lahore provided police training to a group of security officials from the Punjab Province, Pakistan (Linked to Project #98180)","In 2019, the Chinese Consulate General in Lahore organized a group of security officials from the Punjab Province, Pakistan to visit China and take special police training courses. ",Grant,0.0
Security,61005,Tanzania,2014,GOVERNMENT AND CIVIL SOCIETY,China Ministry of Commerce,Tanzania Police Force,China donates 50 motorcycles to Tanzania Police Force,"On June 23, 2014, China's Vice Minister of Commerce Li Jinzao attended a ceremony to donate 50 motorcycles to the Tanzania Police Force. This came as part of the ""Second China-Tanzania Investment Forum.""",Grant,0.0
Security,98181,Pakistan,2019,GOVERNMENT AND CIVIL SOCIETY,Chinese Consulate General,"Government of Punjab, Pakistan",Chinese Consulate General in Lahore provides materials to the Punjab Province Police Force (Linked to Project #98180),"In 2019, the Chinese Consulate General in Lahore donated materials to the Punjab Province Police Force. ",Grant,0.0
Security,60805,Tanzania,2017,GOVERNMENT AND CIVIL SOCIETY,China Ministry of Commerce,Government of Tanzania ,Chinese Government grant for Moshi Police Academy Expansion Project,"On March 22, 2017, a Chinese Embassy official signed a project implementation agreement with a Tanzanian Government representative for the Moshi Police Academy Expansion Project. The monetary value of the grant commitment from China’s Ministry of Commerce (MOFCOM) that support this project is unknown.  The Chinese Government originally financed the construction of the Moshi Police Academy back in the 1960s, and the facility was in need of renovation and expansion. The total construction area was 5,500 square meters consisting of 1 office building, 2 teaching buildings, and 4 dormitory buildings. It was equipped with computers, projectors, desks and chairs and other teaching equipment. Jiangsu Construction Group was the contractor responsible for project implementation. Construction began on June 1, 2017 and was completed on December 12, 2018. The official handover ceremony took place on April 10, 2019.",Grant,0.0
Security,71794,Tajikistan,2018,GOVERNMENT AND CIVIL SOCIETY,Chinese Embassy,Government of Tajikistan,Chinese Embassy donates communications equipment to Ministry of Foreign Affairs of Tajikistan,"On August 23, 2018, the Chinese Embassy donated communications equipment to the Tajik Ministry of Foreign Affairs. The equipment included communication stations and intercoms to improve working conditions. The donated batch of communication equipment was expected to improve Tajikistan's diplomatic reception capabilities and its security. The value of the donated items is unknown.",Grant,0.0
Security,98388,Pakistan,2017,EDUCATION,Chinese Consulate General,,"Chinese Consulate-General in Karachi, Pakistan funds scholarships for Chinese Language Students at Petaro Naval School in Sindh Province","On November 13, 2017, the Consul General of Chinese Consulate-General in Karachi, Pakistan, Mr. Wang Yu, awarded scholarships to Chinese-language students studying at the Petaro Naval School in Sindh Province. ",Grant,0.0
Security,53590,Tajikistan,2016,GOVERNMENT AND CIVIL SOCIETY,China Ministry of Public Security,,China-funded Takuriabu Anti-drug Branch office building,"On March 18, 2016, Yue Bin, the ambassador to Tajikistan, attended the completion handover ceremony of the office building of the China-funded Takuriabu Anti-drug Branch office building. The project was funded by Ministry of Public Security of China and implemented by China Jing'an Import & Export Corporation. The office building aided by the Chinese side is a three-story brick-concrete structure with a construction area of ​​more than 1,000 square meters, including offices, equipment rooms, interrogation rooms, lounges. ",Grant,0.0
Security,64630,Syrian Arab Republic,2017,HEALTH,Unspecified Chinese Government Institution,Syrian Military Hospital,Chinese Government donates medical equipment to Military Hospital 601,"On March 22, 2017, the Chinese Embassy in Syria donated 90 wheelchairs and 40 crutches to Military Hospital 601 (المشفى العسكري or المستشفى العسكري ""601"") in the city of Damascus.",Grant,0.0
Security,56298,Suriname,2017,GOVERNMENT AND CIVIL SOCIETY,Unspecified Chinese Government Institution,,China grants 2 police vans to Suriname's Police Department (linked to #56253 and #56507),"According to the Chinese Embassy of Suriname, on March 17, 2017, China granted 2 police vans to the KPS (Korps Politie Suriname), the Suriname police department. The goal of this donation is to improve law enforcement and ensure security in Suriname. The value of the two vans is unknown.  According to Starnnieuws, in April 2017, four instructors from China arrived to train ten members of the KPS in how to operate the 2 police vans. This information was confirmed via the KPS website, which stated that the training was conducted on April 7th, 2017. China has worked with the KPS in the past and donated 30 bulletproof vests to them 3 months prior to this donation (#56253). Additionally, the embassy will send Surinamese police officers to train in China to strengthen local law enforcement (captured in #56507)",Grant,0.0
Security,56253,Suriname,2016,GOVERNMENT AND CIVIL SOCIETY,Chinese Embassy,,China donated 30 bulletproof vests to Suriname police headquarters (linked to #56298 and #56507),"According to the Chinese Embassy in Suriname, on December 16, 2016, Chinese ambassador Zhang Jinxiong donated 30 bulletproof vests to the KPS (Korps Politie Suriname), the Suriname police department. The vests were received by the police director at the Suriname Police Headquarters. Additionally, the Chinese Embassy assisted in repairing patrol vehicles, offered training for some officers in China to strengthen police law enforcement capabilities (captured in #56507) and donated two police vans (#56298). ",Grant,0.0
Security,56181,Suriname,2006,GOVERNMENT AND CIVIL SOCIETY,Unspecified Chinese Government Institution,,China grants police materials to Suriname Customs,"On June 29, 2006, a letter of exchange was signed by Chinese Ambassador Chen Jinghua and Minister of Finance Humphrey Hilton Bach for the Chinese government’s donation of police materials to Suriname Customs. _x000D_ _x000D_ On May 17, 2007, a supply contract was signed. _x000D_ _x000D_ On August 20, 2007, the police materials were handed over to the Suriname customs agency. The materials are intended to assist the Suriname customs agency in preventing illegal smuggling.",Grant,0.0
Security,86887,Sudan,2019,GOVERNMENT AND CIVIL SOCIETY,Unspecified Chinese Government Institution,Government of Sudan,China donates security and safety equipment to Sudan customs,"On December 16, 2019, the Chinese Government signed an agreement with the transitional government of Sudan for the donation of security and safety equipment to the Sudan customs. The deal was signed between the Ministry of Finance and Economic Planning of Sudan and the Chinese Government. China also offered personnel training and technical services, to help Sudan crack down upon smuggling, enhance the capacity of customs clearance for both personnel and goods, and safeguard national security. The monetary value of the donation is unknown.",Grant,0.0
Security,56937,Sudan,2018,"AGRICULTURE, FORESTRY, FISHING",Unspecified Chinese Government Institution,The Popular Defense Forces,,"On May 10, 2018, the Chinese Ambassador to Sudan Li Lianhe and other Chinese and Sudanese officials attended a ceremony for the donation of agricultural and other production equipment to Sudan. Sudan’s Minister of Defence Aud, Chief of Staff of the Army Abdul Fatah, Undersecretary of the Ministry of Finance Mustafa, Director General of Foreign Financing Omar and Zhou Chunlin, Economic and Commercial Counselor of the Chinese Embassy in Sudan attended the ceremony. The donation was provided to the Popular Defense Forces as part of the Disarming and Demobilization program in rural areas. This program aims to help former rebels reintegrate into society. The monetary value of the donation is unknown.",Grant,0.0
Security,2167,Sudan,2005,GOVERNMENT AND CIVIL SOCIETY,Unspecified Chinese Government Institution,Government of Sudan,China sends 435 peacekeepers on UN mission to Sudan in 2005,"On September 8, 2005, China announced it would send 435 peacekeepers on a UN mission to help rebuild Sudan. The first batch of peacekeepers arrived in Sudan in October 2005. These 435 peacekeepers included a 275-man engineering unit, a 100-man transportation unit, and a 60-man medical unit, all of whom were from the Jinan Military Region. These peacekeepers' main assignment was to aid in the reconstruction of Sudan.   It is unknown when this peacekeeping mission ended: however, in 2007 another peacekeeping team was sent to Darfur (recorded in project #2402), and as of 2019 it was reported that China had sent a total of 15 engineering units to Darfur. However, where they were sent and how many engineers were in the units is unknown.  ",Grant,0.0
Security,98748,Sri Lanka,2019,OTHER MULTISECTOR,Chinese Embassy,Sri Lanka Navy (SLN),Chinese Embassy in Sri Lanka donates 50 bicycles and 3 electric buggies to Sri Lanka Navy (SLN),"On December 10, 2019, the Chinese Embassy in Sri Lanka donated 50 bicycles and 3 electric buggies to the Sri Lanka Navy (SLN). The purpose of the donation was to support the SLN's ""Green and Blue environment"" initiative that seeks to protect and conserve the environment  The Deputy Military Naval and Air Attaché of the Embassy of the People’s Republic of China in Sri Lanka, Lieutenant Colonel Chang Qianjin, handed over the bicycles and buggies to Commander of the Navy, Vice Admiral Piyal De Silva during a ceremony on December 10.  The Navy intends to use these bicycles and electric vehicles at the Naval Dockyard in Trincomalee.",Grant,0.0
Security,95845,Sri Lanka,2020,HEALTH,China Electronics Technology Group Corporation (CETC),Sri Lanka Ministry of Defence,China Electronic Technology Group Corporation (CETC) donates 149 non-contact digital thermometer guns and 2 non-contact smart access control cameras to Sri Lanka Ministry of Defence in June 2020,"On June 8, 2020, China Electronic Technology Group Corporation (CETC) donated 149 non-contact digital thermometer guns and 2 non-contact smart access control cameras to Sri Lanka’s Ministry of Defence. The monetary value of this donation is unknown.  ",Grant,0.0
Security,95712,Sri Lanka,2021,GOVERNMENT AND CIVIL SOCIETY,Chinese Embassy,Sri Lanka Police,Chinese Embassy donates motorcycles to Sri Lankan Police Headquarters,"On December 29, 2021, Ambassador Qi Zhenhong attended the donation ceremony of motorcycles to Sri Lankan Police Headquarters. The number and monetary value of the donated motorcycles is unknown. ",Grant,0.0
Security,71784,Sri Lanka,2019,GOVERNMENT AND CIVIL SOCIETY,Unspecified Chinese Government Institution,Sri Lanka Police,Chinese Government provides 10 jeeps to Sri Lanka Police,"On May 8, 2019, the Chinese Government officially donated 10 jeeps to the Sri Lanka Police. The Beijing Automobile Manufacturing Plant produced the vehicles. The monetary value of this donation unknown.   Following the Easter Sunday terrorist attacks on April 21, 2019, the Chinese Government provided various donations to the Government of Sri Lanka: 1) 10 police vehicles on May 8, 2019 (Project ID #71784) 2) 100 jeeps worth LKR 1.5 billion on May 14, 2019 (Project ID #91210) 3) LKR 2.6 billion grant on May 14, 2019 (Project ID #88611) 4) X-rays and metal detectors worth LKR 60 million on June 19, 2019 (Project ID #88629) 5) Security equipment work LKR 765 million on September 27, 2019 (Project ID #88635) 6) Police equipment worth unknown amount on December 5, 2019 (Project ID #71776)",Grant,0.0
Security,39396,Papua New Guinea,2014,HEALTH,Unspecified Chinese Government Institution,,China's 'Peace Ark' Naval Hospital Ship Project in PNG,"On September 11, 2014, the Chinese ""Peace Ark"" Naval Hospital Ship arrived in Port Moresby Wharf in PNG. The ship's 8-day mission, from September 11th to 18th, focused on supplying Humanitarian Aid medical service to PNG residents. The boat had over 300 crew members. The boat included the eye clinic, laboratory, ultrasound room, disinfectant and supply room, Chinese traditional medicine room, information centre, intensive care unit, operating room and emergency room. In Port Moresby, the hospital ship provided outpatient services for 4,591 people, auxiliary examinations (such as CT and DR) for 2,391 people, and 47 operations._x000D_ ",Grant,0.0
Security,71776,Sri Lanka,2019,GOVERNMENT AND CIVIL SOCIETY,Unspecified Chinese Government Institution,Sri Lanka Police,Chinese Government provides police supplies to Sri Lanka Police,"On December 5, 2019, the Chinese Government provided police supplies to the Sri Lanka Ministry of National Defense on behalf of the Sri Lanka police. The donation included patrol motorcycles, bicycles, laptops, handheld video recorders, and other unspecified materials. The monetary value of this donation is unknown.   Following the Easter Sunday terrorist attacks on April 21, 2019, the Chinese Government provided various donations to the Government of Sri Lanka: 1) 10 police vehicles on May 8, 2019 (Project ID #71784) 2) 100 jeeps worth LKR 1.5 billion on May 14, 2019 (Project ID #91210) 3) LKR 2.6 billion grant on May 14, 2019 (Project ID #88611) 4) X-rays and metal detectors worth LKR 60 million on June 19, 2019 (Project ID #88629) 5) Security equipment work LKR 765 million on September 27, 2019 (Project ID #88635) 6) Police equipment worth unknown amount on December 5, 2019 (Project ID #71776)",Grant,0.0
Security,60782,South Sudan,2019,GOVERNMENT AND CIVIL SOCIETY,Unspecified Chinese Government Institution,South Sudan Ceasefire and Transitional Security Arrangements Monitoring and Verification Mechanism,Chinese Government provides grant to Ceasefire and Transitional Security Arrangements Monitoring and Verification Mechanism,"On May 10, 2019, the Chinese Government provided a cash donation to Ceasefire and Transitional Security Arrangements Monitoring and Verification Mechanism (CTSAMVM) in South Sudan. This organization monitors compliance by South Sudanese armed groups to the Revitalised Agreement on the Resolution of the Conflict in South Sudan. The monetary value of this donation is unknown.",Grant,0.0
Security,60728,South Sudan,2012,EMERGENCY RESPONSE,Unspecified Chinese Government Institution,Government of South Sudan,China sends peacekeeping engineers and medics to South Sudan,"Starting on November 15, 2012, a group of 275 Chinese peacekeeping engineers were scheduled to be deployed to Wau, South Sudan in three batches. These engineers were responsible for the construction and maintenance of roads, bridges and airports in the mission area as well as water supply and power supply facilities. This force was sent from the Jinan Military Region. The mission period for the peacekeepers was 8 months.  In addition, the force of Chinese peacekeepers included a separate 63-member medical team.  The medical team will be separate from the other group of 275 peacekeepers. The total length of time that the team spent in South Sudan is uncertain.",Grant,0.0
Security,60722,South Sudan,2011,GOVERNMENT AND CIVIL SOCIETY,Unspecified Chinese Government Institution,Government of South Sudan,Chinese Government sends first peacekeeping police force to South Sudan,"On November 12, 2011, China's first peacekeeping police force in South Sudan departed from China for their one-year mission. The force consisted of 12 officers selected from the Chongqing Police Department. This group would help South Sudan to achieve a smooth transition to independence by assisting the local police in maintaining order, reforming and rebuilding law enforcement agencies, and training the local police. They were scheduled to stay in South Sudan for one year; however, the exact date that they returned to China is unknown. As of January 2020, China has now sent seven peacekeeping police forces to South Sudan.",Grant,0.0
Security,570,"Africa, regional",2000,GOVERNMENT AND CIVIL SOCIETY,Unspecified Chinese Government Institution,Government of Angola|Government of Ethiopia|Government of Mozambique|Government of Rwanda,"Chinese government holds a De-mining training workshop for Angola, Ethiopia, Mozambique, and Rwanda (Linked to Record ID#601)","The Chinese government and the Mine Action Service of the United Nations Department of Peacekeeping Operations are co-sponsoring another training workshop on de-mining technology from May to June 2000, with trainees from Angola, Ethiopia, Mozambique, and Rwanda.   China is also donating de-mining equipment to Eritrea, Angola, Ethiopia, Mozambique, and Rwanda, recorded in Record ID#601. ",Grant,0.0
Security,30365,Kenya,2012,GOVERNMENT AND CIVIL SOCIETY,Unspecified Chinese Government Institution,,Donation of buses to Ministry of Security,"In 2012, China donated 20 buses to the Ministry of Security to facilitate police and security deployment during the general election. The buses were manufactured by China Auto Caiec Ltd. The buses arrived in Kenya in March, 2012, but were still delayed at the Kenya Ports Authority when they were last reported on in May 2012.",Grant,0.0
Security,34242,Myanmar,2005,GOVERNMENT AND CIVIL SOCIETY,Unspecified Chinese Government Institution,,China trains 4th batch of Myanmar police in combating drug trafficking,"Through a bilateral program, China provided in-country drug enforcement training to 35 Myanmar police officers for one month. This was the fourth group from Myanmar to undergo the training program, which began in 2002. The police officers were trained in the Yunnan Police Officer Academy.",Grant,0.0
Security,68286,Angola,2012,GOVERNMENT AND CIVIL SOCIETY,Unspecified Chinese Government Institution,,"China and Angola sign letters of exchange for immigration bureau, airport customs, and transportation police training","On September 19, 2012, China and Angola signed letters of exchange for three free training courses. The trainings would include training courses for officials of the Angolan Immigration Bureau, training courses for the Angolan airport customs police, and Angola traffic police training courses. All of the courses would be provided free of charge._x000D_ _x000D_ On April 15, 2013, the traffic police training courses began for 20 Angola police officers at Shandong Police Academy. The training was set to last 14 days. The training course for officials of the Angola Immigration Bureau was held in December 2012. The training course for Angolan customs police was held in March 2013.",Grant,0.0
Security,73083,Barbados,2012,OTHER SOCIAL INFRASTRUCTURE AND SERVICES,People's Liberation Army of China,Barbados Cadet Corps (BCC)|Barbados Defence Force (BDF)|Royal Barbados Police Force (RBPF),"People's Liberation Army Military Band performs, provides training in Barbados ","From August 5 to 18, 2012, twenty members of the Chinese People's Liberation Army Military Band visited Barbados on invitation from the Barbados Defense Force to conduct various performances, engage in business exchanges, and provide training. The visit was part of the celebrations for the 35th anniversary of diplomatic relations between China and Barbados, and it was intended to promote cultural exchange and facilitate further friendly relations between the two countries. _x000D_ _x000D_ Throughout the visit, the Chinese band conducted training for the Barbados Defense Force Military Band, the Royal Barbados Police Band, and the Barbados Cadet Corps Band (a program under the Barbados Defense Force for Barbadian youth, age 13-20). They also performed twice for summer camps for Barbadian students on unspecified dates._x000D_ _x000D_ Information for specific performances is as follows:_x000D_ _x000D_ On August 12, the band held a performance for overseas Chinese citizens residing in Barbados. Over 100 people attended the event._x000D_ _x000D_ On August 15, the band performed at Frank Collymore Hall in Bridgetown for a crowd of about 500 people. Members of both the Barbadian government and the general public were in attendance. The band performed some pop songs independently and other pieces in collaboration with the Barbados Defense Force Military Band and the Royal Barbados Police Band. The event was hosted by the Barbados Ministry of Culture and Chinese Embassy._x000D_ _x000D_ On August 16, the band attended and performed at the Barbados Defense Force's Army Day, playing both Barbadian and Chinese songs. _x000D_ _x000D_ On August 17, in the evening, the band performed at the weekly Oistins Fish Fry on an open-air stage, reaching a few thousand people. This event was hosted by the Chinese Embassy in Barbados and the Barbados Ministry of Culture.",Grant,0.0
Security,73023,Barbados,2019,OTHER SOCIAL INFRASTRUCTURE AND SERVICES,Chinese Embassy,Barbados Defence Force (BDF),Chinese Embassy in Barbados holds Embassy Open Day for Camp Energy campers,"On August 21, 2019, the Chinese Embassy in Barbados held an Embassy Open Day for over 80 campers and instructors from Camp Energy. As part of their 2019 ""Around the World"" theme, campers visited the Embassy and learned about Chinese geography and scenery, history, culture, and traditional customs. The event was intended to increase campers' understanding of Chinese culture and was run by the Barbados Defence Force (BDF).  Camp Energy, run specifically by the BDF's Morale, Welfare and Recreation Committee, is for children of either soldiers or civilian employees, age 5 to 14.  ",Grant,0.0
Security,71654,Barbados,2008,OTHER SOCIAL INFRASTRUCTURE AND SERVICES,Unspecified Chinese Government Institution,Barbados Cadet Corps (BCC)|Barbados Defence Force (BDF),Chinese military music experts donate musical instruments to the Barbados Defense Force and Cadet Corps (Linked to Project ID#71653),"On February 20, 2008, a team of Chinese military music experts arrived for a four-month long training course with the bands of the Barbados Defense Force (BDF) and the Barbados Cadet Corps (BCC) (see linked project ID#71653). During the training course, China donated musical instruments to the BDF and the BCC. These instruments were used in a joint performance by the Barbadian and Chinese groups playing Chinese and Barbadian music during the closing ceremony of the training course on June 19, 2008.",Grant,0.0
Security,71653,Barbados,2008,OTHER SOCIAL INFRASTRUCTURE AND SERVICES,Unspecified Chinese Government Institution,Barbados Cadet Corps (BCC)|Barbados Defence Force (BDF),Chinese military music experts provide a four-month long training course to the Barbados Defense Force and Cadet Corps (Linked to Project ID#71654),"On February 20, 2008, a team of Chinese military music experts arrived in Barbados for a four-month long training course with the bands of the Barbados Defense Force (BDF) and the Barbados Cadet Corps (BCC). During the training, China donated musical instruments to the BDF and the BCC (see linked project ID#71654). The training course was completed on June 19, 2008, with a joint performance by the Barbadian and Chinese groups performing both Chinese and Barbadian music.",Grant,0.0
Security,71651,Barbados,2013,OTHER SOCIAL INFRASTRUCTURE AND SERVICES,People's Liberation Army of China,Barbados Defence Force (BDF),People's Liberation Army donates musical instruments to the Barbados Defence Force,"On June 26, 2013, the People's Liberation Army (PLA) donated musical instruments to the Barbados Defence Force (BDF). The donated instruments included saxophones, trumpets, and horns. The donation was intended to assist the BDF's band. The monetary value of this donation is unknown.",Grant,0.0
Security,34055,Bangladesh,2006,GOVERNMENT AND CIVIL SOCIETY,Unspecified Chinese Government Institution,,China donates bullet proof helmets and vests to Bangladesh police,"On March 22, 2006, China handed over security gear (bullet proof vests and helmets) to the Bangladeshi police as a gesture of friendship.  The handover took place between the Chinese Ambassador of Dhaka, Chai Xi, and Bangladesh State Minister for Home Affairs, Lutfozzaman Babar.",Grant,0.0
Security,90578,Argentina,2019,GOVERNMENT AND CIVIL SOCIETY,China Ministry of Public Security,Argentina Ministry of Security,16 Argentine police officers attend security training in China in 2019,"From December 5th to 19th, 2019, 16 police officers from the Argentine Police Department of Córdoba Province attended a security training at a Municipal Police Vocational Training College (市警察职业培训学院) in Jinan, China. The training was organized by the China Ministry of Public Security. A closing ceremony was held two days early, on the 17th. ",Grant,0.0
Security,89903,Argentina,2015,GOVERNMENT AND CIVIL SOCIETY,Unspecified Chinese Government Institution,Argentine Army,Chinese Government donates Relocatable Military Hospital to the Argentine Army,"In 2015, China committed to donating a Relocatable Military Hospital (HMR) to the Argentine Army, which was formally donated and received in 2017. The HMR allows for providing surgical and emergency healthcare support for a 48 hour uninterrupted period, performing 2 surgeries simultaneously, hospitalizing 28 patients, and can be easily transported by land, air, and sea in 13x20 foot containers. It serves as an intermediary between outposts of soldiers and permanent military hospitals, intended to diagnose and care for patients during operational deployments.",Grant,0.0
Security,89381,Argentina,2019,GOVERNMENT AND CIVIL SOCIETY,Unspecified Chinese Government Institution,Argentina Ministry of Security,Argentinian Naval personnel attend security training session in China in 2019,"According to a report from the Government of Argentina's website, from October 10th through 30th, 2019, personnel from the Argentinian Naval Prefecture and other Argentinian security forces attended a training session hosted by Chinese security officials in Hangzhou, China. The objective of the training was the strengthening of cooperation in security matters, the joint fight against international terrorism and organized crime. The training covered the following topics: administration of police resources, international law enforcement cooperation, international terrorism, introduction of organized crimes, anti-organized crime work, public relations, and community policing strategy. The trainees also visited police departments in Shanghai, Shenzhen and Tongxiang.",Grant,0.0
Security,69294,Antigua and Barbuda,2018,HEALTH,Unspecified Chinese Government Institution,Government of Antigua and Barbuda,China Naval Hospital Ship arrives in St. John's port to provide medical assistance in Harmony Mission-2018,"On October 22, 2018, the Chinese “Peace Ark” naval ship arrived in St. John’s port in Antigua and Barbuda to carry out the “Harmony Mission-2018” or “和谐使命-2018”.” The mission lasted eight days, and the ship departed on October 29th 2018. The Chinese Navy ambulance set up an air health channel between Antigua and Barbuda to care for both islands. During the visit, the Chinese Navy and Ark Hospital ship completed 3924 diagnoses and treatments, 2410 CT, DR and other auxiliary examinations, 53 physical examinations, 16 hospitalizations, and 14 operations.",Grant,0.0
Security,85374,Angola,2010,OTHER MULTISECTOR,Export-Import Bank of China (China Eximbank),Government of Angola,"China Eximbank provides a loan for Phase 1 of the Sambizanga Municipal Infrastructure Project (linked to #67304, #67310)","In or around 2010, China Eximbank provided a loan to the Government of Angola for Phase 1 of the Sambizanga Municipal Infrastructure Project. The loan terms are unknown. Also in or around 2010, China Development Bank (CDB) provided a buyer’s credit loan (BCL) for Phase 1 of the same project (see #67304). CDB provided an $80 million loan for Phase 2A of this project (see #67310).  Phase 1 of this project involved the construction and installation of highways, water supply systems, drainage systems, power supply systems, communication stations, street lamps, and other supporting facilities (including an administrative office, a police station, a library and a health center). Sichuan Huashi Overseas Investment & Engineering Co. Ltd. and CCR Agência 13 were the contractors responsible for implementation. The contract value with Sichuan Huashi Overseas Investment & Engineering Co. Ltd. is RMB 242.08 million (or $10,723,213.20). A foundation stone laying ceremony took place on 8 November 2010, and construction began in January 2011. As of 3 August 2016, construction was 94% complete with expected completion in October 2016.  This project is located in the District of Sambizanga within the city of Luanda. More specifically, it is located where the “Roque Santeiro” market used to be located. Sambizanga is one of the six districts in the municipality of Luanda. It consists of the communes of Sambizanga, Bairro Operário and Ngola Kiluanje. It has 14.5 square kilometers and about 244,000 inhabitants.",Loan,0.0
Security,67629,Angola,2016,GOVERNMENT AND CIVIL SOCIETY,Unspecified Chinese Government Institution,,China trains 15 Angola police officers in Jiangsu,"On July 10, 2016, 15 Angolan police officers departed for China's Jiangsu Police Academy to participate in a 15-day training course. The officers were also scheduled to visit the Jiangsu Provincial Public Security Bureau's Physical Evidence Appraisal Center, Nanjing Public Security Bureau Command Center, Nanjing Confucius Temple Police Station, etc. to learn from China's advanced experience in police work.",Grant,0.0
Security,85284,Bolivia,2004,GOVERNMENT AND CIVIL SOCIETY,Unspecified Chinese Government Institution,Government of Bolivia,Chinese Government donates security equipment to Bolivia to safeguard the Plurinational Legislative Assembly's building,"On July 29, 2004, the Chinese Government and the Government of Bolivia signed an exchange of letters in which the Chinese Government committed to donating security equipment to Bolivia to safeguard the Plurinational Legislative Assembly's building. The exchange of letters came after a bombing in front of the assembly's building in March 2004 killed three Bolivian police officers. The equipment was handed over on July 28, 2005. A monument was erected to commemorate the aid from China. The monetary value of this aid is unknown.",Grant,0.0
Security,67304,Angola,2010,OTHER MULTISECTOR,China Development Bank (CDB),Government of Angola,"China Development Bank provides a buyer's credit loan for Phase 1 of the Sambizanga Municipal Infrastructure Project (linked to #67310, #85374)","In 2010, China Development Bank (CDB) and the Government of Angola signed a buyer’s credit loan (BCL) for Phase 1 of the Sambizanga Municipal Infrastructure Project. The face value and borrowing terms of this loan are unknown. China Eximbank also provided a loan for Phase 1 of this project (see #85374). CDB provided an $80 million loan for Phase 2A of this project (see #67310).   Phase 1 of this project involved the construction and installation of highways, water supply systems, drainage systems, power supply systems, communication stations, street lamps, and other supporting facilities (including an administrative office, a police station, a library and a health center). Sichuan Huashi Overseas Investment & Engineering Co. Ltd. and CCR Agência 13 were the contractors responsible for implementation. The contract value with Sichuan Huashi Overseas Investment & Engineering Co. Ltd. is RMB 242.08 million (or $10,723,213.20). A foundation stone laying ceremony took place on 8 November 2010, and construction began in January 2011. As of 3 August 2016, construction was 94% complete with expected completion in October 2016. The first phase of 500 apartments and supporting municipal infrastructure was to be completed by the end of December 2016. In 2017, a 60kV High voltage cable with the conductor of 1200mm² was signed into contract for the project and had completed production.   This project is located in the District of Sambizanga within the city of Luanda.  More specifically, it is located where the “Roque Santeiro” market used to be located. Sambizanga is one of the six districts in the municipality of Luanda. It consists of the communes of Sambizanga, Bairro Operário and Ngola Kiluanje.  It has 14.5 square kilometers and about 244,000 inhabitants. ",Loan,0.0
Security,66135,Albania,2018,GOVERNMENT AND CIVIL SOCIETY,China Ministry of Commerce,Government of Albania,Chinese Embassy to Albania launches the China-Albania Public Management and Administrative Capability Training Project,"On October 5th, 2018, the Chinese Embassy to Albania held a launching ceremony for the ""China-Albania Public Management and Administrative Capability Training Project"" . The project promotes human resources development among Albanian participants in the program. During the launching ceremony, the Chinese Ambassador to Albania and Albanian Director-General of the National Resources and Anti-Corruption Departments met with Albanian participants of the program. The Albanian participants will travel to participate in courses arranged by the China National Academy of Administration. The courses are composed of classroom seminars, and visits to Beijing, Zhejiang Province, Shanghai, and other places to study local government, well known enterprises, and famous cultural cities.   According to the Chinese Embassy in Albania, the project takes place as part of an economic cooperation and technical agreement (ETCA) signed between China and Albania in 2016, concerning cooperation in human resources development. The China-Albania Public Management and Administrative Capability Training Project, is the fourth training course to take place under this ETCA. Previous courses included three training courses in police-security (ID#66147), water conservancy (ID#66136), and tourism (ID#66140).  ",Grant,0.0
Security,37865,Afghanistan,2014,OTHER MULTISECTOR,Unspecified Chinese Government Institution,Afghanistan Ministry of the Interior,China provides anti-terrorism and anti-drug training to police officers of Afghanistan (Linked to Project ID#37849),"On October 28, 2014, China announced that it would hold training on anti-terrorism and anti-drugs for Afghanistan. The announcement was made during Afghan's President Mohammad Ashraf Ghani Ahmadzai visit to China. On the same date the announcement was made, China and Afghanistan signed an agreement on economic and technical cooperation, under which China would provide 2 billion Chinese Yuan in grant (See Project ID#37849). China previously had been providing small-scale security training to Afghanistan, specifically in the form of mine clearance and counter-narcotics training.   In January 2015, the Xinjiang Frontier Corps and the Xinjiang Police College hosted the first Afghan anti-drug and anti-terrorism training seminar. The training was concluded on 29 January 2015 at Urumqi, Xinjiang. 50 police officers from the Afghanistan Interior Ministry Anti-drug, Anti-terrorism, and Border authorities Department participated in the training that lasted a month and were later awarded the certificate of completion by the People's Republic of China Ministry of Public Security and the Ministry of Commerce.",Grant,0.0
Security,34679,Afghanistan,2012,GOVERNMENT AND CIVIL SOCIETY,Unspecified Chinese Government Institution,Afghanistan National Army,China provides training for 300 Afghan police officers ,"On September 23, 2012, China signed an agreement with Afghanistan to provide training to 300 Afghan police officers over the next four years; the officers will be in China for the training. As of 2013, 45 Afghan police officers were receiving training in China on fighting drugs and riots. This number was expected to increase to 250 by 2015. The financial value and current status of this project are unknown. ",Grant,0.0
Security,104566,Vanuatu,2023,GOVERNMENT AND CIVIL SOCIETY,Unspecified Chinese Government Institution,Vanuatu Police Force,"Chinese government sends 1st Chinese police expert group to Vanuatu in 2023 (linked to records 104567, 104568)","On August 25, 2023, Chinese Ambassador to Vanuatu Li Minggang attended the launch ceremony for the first Chinese police expert group to Vanuatu to analyze its police capabilities and infrastructure requirements. The same day, the ambassador attended the handover ceremony of a batch of police supplies to improve the law enforcement conditions of the Vanuatu police (see record ID #104567).   After arriving in Vanuatu, the expert group assisted the Vanuatu Police Force and offered police capacity training to community-level policing on the islands of Santo and Efate.",Grant,0.0
Security,104129,Timor-Leste,2023,COMMUNICATIONS,Unspecified Chinese Government Institution,Government of Timor-Leste,Chinese government donates communication system equipment to the Scientific and Criminal Investigation Police (PCIC) in Timor-Leste in July 2023,"On July 25, 2023, the Chinese government donated the I-24/7 Communication System to the Scientific and Criminal Investigation Police (PCIC) in Timor-Leste. The I-24/7 Communication System Equipment is an advanced technological platform that provides critical resources for information sharing and institutional cooperation in the fight against transnational crime. The I-24/7 system will be used by INTERPOL-NCB Díli and the donated equipment strengthens the implementation of this system in Timor-Leste, which promotes security and maintenance of stability by fighting crime in the country. ",Grant,0.0
Security,107493,Thailand,2023,GOVERNMENT AND CIVIL SOCIETY,Chinese Consulate General,Government of Thailand,Chinese Consulate General in Chiang Mai donates office equipment to the Fifth Police District in Thailand in March 2023 (Linked to Record ID#107484),"On March 8, 2023, the Chinese Consulate General in Chiang Mai donated office equipment to the Royal Thai Police Fifth Provincial Region. The donation was provided to thank the Fifth Police District for its long-term work in protecting the safety of Chinese citizens in northern Thailand and combating transnational crime.  The monetary value of the donation is unknown. This is the second donation provided to the Fifth Police District in 2023. The second donation was provided in December 2023 (Record ID 107484).",Grant,0.0
Security,107484,Thailand,2023,GOVERNMENT AND CIVIL SOCIETY,Chinese Consulate General,Government of Thailand,Chinese Consulate General in Chiang Mai donates office equipment to the Fifth Police District in Thailand in December 2023 (Linked to Record ID#107493),"On December 19, 2023, the Chinese Consulate General in Chiang Mai donated office equipment to the Royal Thai Police Fifth Provincial Region. The donation was provided to thank the Fifth Police District for its long-term work in protecting the safety of Chinese citizens in northern Thailand and combating transnational crime.   The monetary value of the donation is unknown. This is the second donation provided to the Fifth Police District in 2023. The first donation was provided in March 2023 (Record ID 107493). ",Grant,0.0
Security,107966,Sri Lanka,2023,GOVERNMENT AND CIVIL SOCIETY,Unspecified Chinese Government Institution,Sri Lanka Police,Chinese government donates 26 motorcycles and 100 computers to Sri Lankan Police ,"On November 10, 2023, the Chinese government donated 26 Ranomoto motorcycles and 100 Lenovo desktop computers to the Sri Lanka Police.",Grant,0.0
Security,107763,Sri Lanka,2023,GOVERNMENT AND CIVIL SOCIETY,Chinese Embassy,Sri Lanka Police,Chinese Embassy in Sri Lanka donates fabric to Sri Lankan police department in March 2023,"On March 15, 2023, the Chinese Embassy in Sri Lanka held a handover ceremony for the donation of fabrics to make police uniforms to the Sri Lankan police department. According to the Chinese Embassy in Sri Lanka, the fabric can be used to provide two sets of standard police uniforms to 45,000 police officers. ",Grant,0.0
Security,107911,Pakistan,2023,GOVERNMENT AND CIVIL SOCIETY,Chinese Embassy,Government of Pakistan,"Chinese Embassy donates 250 bulletproof jackets to Islamabad, Punjab, and Khyber Pakhtunkhwa Police in Pakistan","On March 15, 2023, the Chinese Embassy donated 250 bulletproof jackets to Islamabad Capital Police, Punjab Police, and Khyber Pakhtunkhwa Police in Pakistan. A total of 50 bulletproof jackets were provided to Islamabad Capital Police, 100 jackets to the Punjab Police, and 100 jackets to the Khyber Pakhtunkhwa Police.",Grant,0.0
Security,94312,Belarus,2020,HEALTH,People's Liberation Army of China,Belarus Armed Forces,The People’s Liberation Army of China provides anti-epidemic materials to Belarusian Army in June 2020,"On June 13, 2020, the People’s Liberation Army of China provided anti-epidemic materials to the armed forces of Belarus. The donated materials included protective suits, medical masks, and other anti epidemic materials.    The monetary value of this donation is unknown. ",Grant,0.0
Security,90997,Bolivia,2021,GOVERNMENT AND CIVIL SOCIETY,Chinese Embassy,Bolivian National Police Corps,Chinese Government donates 5 police motorcycles to Bolivia,"On August 4th, 2021, the Chinese ambassador Huang Yazhong attended the donation ceremony of 5 police motorcycles and accompanying protective clothing at the La Paz South Police Station. Roberto Ríos, Deputy Minister of Civil Security of the Ministry of Internal Affairs of Bolivia,  and Jhonny Aguilera, Commander-in-Chief of the National Police attended the event. The motorcycles were a donation to the police forces of Bolivia to help them in their police work, and to ""thank them for efforts made to maintain social order and protect the legitimate rights and interests of Chinese personnel and institutions in Bolivia"" according to Ambassador Huang.   ",Grant,0.0
Security,95776,Cambodia,2021,GOVERNMENT AND CIVIL SOCIETY,China Ministry of National Defense,Cambodia Ministry of Defense,Chinese military sponsors development of shooting range at the Royal Gendarmerie Training Center,"On December 17, 2021 the Cambodian Deputy Prime Minister and Defense Minister General Tea Banh and Chinese ambassador to Cambodia Wang Wentian presided over the groundbreaking ceremony for a new shooting range at the Royal Gendarmerie Training Center. The Royal Gendarmerie Training Center will built a shooting range on 105 hectares, and the project is supported by the Chinese military. According to General Banh,  the shooting range will serve as the venue for the 2023 Association of Southeast Asian Nations (ASEAN) Armies Rifle Meet. ",Grant,0.0
Security,33134,Cambodia,2006,GOVERNMENT AND CIVIL SOCIETY,Unspecified Chinese Government Institution,Government of Cambodia,Chinese Government donates 30 fire trucks to Cambodia,"On April 8, 2006, China and Cambodia signed an Exchange of Notes Agreements to provide 30 firetrucks for Cambodia. On the afternoon of May 10, 2007, Cambodian Deputy Prime Minister and Minister of the Interior, Kennedy, personally presided over the handover of 30 fire engines to the Royal Government of Cambodia in the Cambodian capital of Phnom Penh. Mrs. Zhang Jinfeng, China's Ambassador to Cambodia, and Mr. Hok Lundy, National Police Chief of Cambodia, singed the Certificate of Delivery and Receipt on behalf of China and Cambodia respectively on May 14, 2007.  The donation is a follow-up to the pledge by the Chinese government to provide water pumps (see ProjectID#32127) and fire engines (as captured in this project) to Cambodia during the second summit of the Greater Mekong Subregion (GMS) in July 2005.",Grant,0.0
Security,90984,Cambodia,2020,OTHER MULTISECTOR,People's Liberation Army of China,Government of Cambodia,People's Liberation Army of China donates humanitarian supplies in March 2020 to Cambodia,"On March 21, 2020, the People's Liberation Army donated Covid materials to the Cambodian government amidst a joint-training exercise. The supplies included 15,000 sets of study, sport and medical materials. A ceremony was held on Saturday, March 21st at a military training field in Cambodia's Kampot province in the presence of military personnel from both nations as well as local officials, medical workers and students for the donation.  Code-named ""Golden Dragon-2020"", the joint training kicked off on March 15 in Kampot with the closing ceremony scheduled for March 30. Major General Pen Sokreth Vithyea, from the Royal Cambodian Armed Forces, told the Khmer Times that 2,746 soldiers, six helicopters, nine tanks, 12 armored personnel carriers and other heavy weapons from the Cambodian military participated in the exercise. According to Chinese sources, More than 800 troops from the Chinese and Cambodian armed forces were involved in the training, which is the fourth of its kind between the two sides. ",Grant,0.0
Security,88568,Cambodia,2018,HEALTH,China Ministry of Defense,Wangjiajun General Hospital,China's Ministry of Defense sends medical team to provide technical support and training at Preah Ket Mealea Hospital (linked to #62707),"On February 26, 2018, China's Ministry of Defense sent an aid team consisting of six doctors to provide technical support and training at the Preah Ket Mealea Hospital.  On the same day, China’s Ministry of Defense provided 24 kinds of medical equipment to the state-run Preah Ket Mealea military hospital to support heart and blood treatments (or 中国国防部援助柬埔寨王家军医疗物资) (see linked ProjectID#62707). The medical equipment donated included scanning machines and operating tools, specifically a 128-layer CT system, extracorporeal circulation machine, cardiac ultrasound equipment, and other modern medical equipment. The equipment was estimated to be worth approximately $5 million USD.",Grant,0.0
Security,85382,Cambodia,2017,EDUCATION,Hanban (Confucius Institute Headquarters),Cambodia Ministry of National Defense,Hanban provides grant for the establishment of Mandarin Center at Cambodia’s Ministry of Defense,"On July 12, 2017, a Mandarin Center officially opened at the Ministry of Defense of Cambodia. Established by the Confucius Institute, the Center provides Chinese language training at beginner and intermediate levels.",Grant,0.0
Security,62712,Cambodia,2007,OTHER MULTISECTOR,China Ministry of National Defense,,Chinese Ministry of Defense donates military band and medical equipment to Cambodia,"On December 6, 2007, the Ministry of National Defense of the People's Republic of China donated military band equipment to the Royal Army of Cambodia and medical equipment to the Preah Ket Mealea Hospital in Cambodia (or 向柬埔寨王家军提供军乐团装备与医疗设备). The handover ceremony was held at the Preah Ket Mealea military hospital. Chinese Ambassador to Cambodia Zhang Jinfeng and State Secretary of the Ministry of National Defense of Cambodia, General Monsoppan, attended the handover ceremony. The aid materials provided by the Chinese side include musical instruments and transportation for the military band, hemodialysis machines, water treatment machines, and some office equipment.",Grant,0.0
Security,62711,Cambodia,2007,HEALTH,Unspecified Chinese Government Institution,Government of Cambodia,Chinese Government dispatches medical experts to Preah Ket Mealea Military Hospital (Linked to Project ID#32020),"On May 8, 2007, the Ministry of National Defense of China dispatched four Chinese medical experts, Sihaichen, Nie Yongkang, Zhang Wuxing and Liu Gang, to the Preah Ket Melea military hospital in Phnom Penh to improve its medical level. It is part of a RMB 30 million pledge to Cambodia for the renovation and donation to the hospital and the construction of a Chinese-Cambodian Friendship Infantry Institution. (see project #32020)  On January 14, 2008, the completion ceremony was held and the head of the General Administration of Logistics and Finance of the Ministry of National Defense of Cambodia, General Song Sangnan, awarded the ""Friendship and Cooperation Medal"" approved by the Prime Minister of the Royal Government of Cambodia to the four Chinese military doctors in the Hospital of Cambodia for their past 9 months of contribution to improving the medical technology of the hospital. (""柬埔寨国防部向中国援柬军医授勋"").",Grant,0.0
Security,62707,Cambodia,2018,HEALTH,China Ministry of National Defense,Preah Ket Melea Military Hospital,Chinese Ministry of Defense donates medical equipment to Preah Ket Mealea Hospital (linked to #88568),"On February 26, 2018, China’s Ministry of Defense provided 24 kinds of medical equipment to the state-run Preah Ket Mealea military hospital to support heart and blood treatments (or 中国国防部援助柬埔寨王家军医疗物资). The medical equipment donated included scanning machines and operating tools, specifically a 128-layer CT system, extracorporeal circulation machine, cardiac ultrasound equipment, and other modern medical equipment. The equipment was estimated to be worth approximately $5 million USD.  On the same day, the Chinese side also sent an aid team consisting of six doctors to provide technical support and training at the Wangjiajun General Hospital (see linked ProjectID#88568).",Grant,0.0
Security,62656,Cambodia,2017,GOVERNMENT AND CIVIL SOCIETY,Unspecified Chinese Government Institution,,Chinese government signs agreement for Security Annex of the Prime Minister's Office Project in Cambodia,"On February 14, 2017, the implementation agreement for the construction of the security annex of the Cambodian Prime Minister's Office by the Chinese government was signed in Phnom Penh. Li An, Economic and Commercial Counsellor in Cambodia, and the Senior Minister Yim Nola, and Chairman of the China-Cambodia Friendship Promotion Committee signed the agreement. The project is also called Security Auxiliary Building of the Prime Minister’s Office in Cambodia and 柬首相府安全附楼项目 in Chinese. _x000D_ _x000D_ The design contract was signed on December 8th, 2015 by Hu'nan Architectural Design Institute and Yim Nola. Commercial Counselor Song Xiaoguo attended and witnessed the signing. (""援柬首相府安全副楼项目签署设计合同"").",Vague,0.0
Security,49560,Cambodia,2017,GOVERNMENT AND CIVIL SOCIETY,Unspecified Chinese Government Institution,Cambodian Mine Action Authority (CMAA),China provides anti-mining equipments to Cambodia,"On November 20, 2017, China provided Cambodia with anti-mining equipment for humanitarian reasons. The equipment delivered includes 40 motors, 14 laptops, ten iPads, 340 military tents, 1,400 wheelchairs, 18 blasting tools, 18 metal detectors, 18 demining tool kits, and 18 protective devices. China’s ambassador to Cambodia Xiong Bo said that contributions on mine clearance will increase the safety of many Cambodians.",Grant,0.0
Security,38876,Cambodia,2007,GOVERNMENT AND CIVIL SOCIETY,Unspecified Chinese Government Institution,,Chinese government donates 104 police motorcycles to Cambodia,"On September 25, 2007, China donated 104 police motorcycles to the Cambodian Cambodian Ministry of Interior. The motorcycles are to be used to help support the Cambodian police.",Grant,0.0
Security,38798,Cambodia,2013,GOVERNMENT AND CIVIL SOCIETY,People's Liberation Army of China,Royal Cambodian Armed Forces,China provides Technical de-mining course to Royal Cambodian Air Force (RCAF) (Part 2) (Linked to ID #38796),"From December 5, 2013 to January 14, 2014, a de-mining course was held in Kampong Speu Province. The course was sponsored by the People's Liberation Army of China (PLA) for the Royal Cambodian Air Force (RCAF), and was the second phase of China's support of humanitarian mine clearance technology within Cambodia. The course was 6 weeks long, with 2 weeks of theoretical training and 4 weeks of field training, and 52 RCAF members participated in the course. The closing ceremony for the course was held on January 14, 2014, at the Cambodia Peacekeeping Mine Clearance Training Institute.  Phase I of this project is captured in ID#38796.",Grant,0.0
Security,38796,Cambodia,2012,GOVERNMENT AND CIVIL SOCIETY,People's Liberation Army of China,Royal Cambodian Armed Forces,China provides Technical de-mining course to Royal Cambodian Air Force (RCAF) (Part 1) (Linked to ID #34798),"On November 5, 2012, an opening ceremony for the first phase of the technical de-mining course Royal Cambodian Air Force (RCAF) sponsored by the People's Liberation Army of China (PLA) was held in Oudong, Cambodia. The closing ceremony for the course was held on December 13, 2012, and 52 members of the RCAF participated.  Phase II of the de-mining initiative is captured in project #38798.",Grant,0.0
Security,33096,Cambodia,2010,EDUCATION,Unspecified Chinese Government Institution,Government of Cambodia,China provides Various Training Programs for 95 Cambodian Students,"In 2010, a total of 95 Cambodian students from core government sectors and social groups had attended 41 various training programs in China. The programs cover fields/issues such as financial crisis and economic recovery, industry, agriculture, transportation, health, communications, infrastructure, environmental protection, tourism, climate, water, SME development and food security. The Cambodian students have found the training useful and relevant in promoting social and economic development. ",Grant,0.0
Security,73250,Bosnia and Herzegovina,2017,TRADE POLICIES AND REGULATIONS,China Ministry of Commerce,Government of Bosnia-Herzegovina,China provides training programs for the new equipment they donated to the Border Police of Bosnia and Herzegovina (Linked to project #66076),"On September 13, 2017, the Chinese Government and the Government of Bosnia-Herzegovina signed an exchange of notes, which committed RMB 38 million of grant funding for the provision of customs inspection equipment. RMB 30 million of the grant proceeds were drawn from an Economic and Technical Cooperation (ETCA) that the parties signed on the same day. The remaining RMB 8 million was drawn from an ETCA that the parties signed on September 17, 2015.  The purpose of this project was to provide customs inspection equipment to the Border Police of Bosnia and Herzegovina for use at international airports in BiH. It also involved training for the police officers who will operate the equipment and support for the maintenance of the equipment (see Project ID#73250). Nuctech Company Limited was the contractor responsible for implementation. The project was officially completed and handed over to the BiH Border Police on November 13, 2018.",Grant,0.0
Security,32462,Cambodia,2008,GOVERNMENT AND CIVIL SOCIETY,China Ministry of National Defense,Royal Cambodian Armed Forces,"Chinese Government donates ambulances, buses, cars, and other items to Royal Cambodian Armed Forces","On November 24, 2008, the Chinese Ministry of Defense officially delivered a batch of donated equipment — including 33 ambulances, 7 minibuses, 1 bus, 3 cars, 1 excavator, 5 water pumps, 5 sawmills, 5 road-cutting machines, and 5 emergency electricity generators — to the Cambodian Ministry of Defense (Royal Cambodian Armed Forces). The purpose of the donation was to increase the capacities of the Cambodian Ministry of Defense in emergency natural disaster situations.",Grant,0.0
Security,32088,Cambodia,2004,GOVERNMENT AND CIVIL SOCIETY,Unspecified Chinese Government Institution,,Chinese government donates 400 police motorcycles to Cambodia,"The Chinese government agreed to give 400 police motorcycles to the Cambodian Ministry of Interior on March 23, 2004 (援助柬埔寨400辆警用摩托车 in Chinese). The motorcycles will be used to help support the Cambodian police. The motorcycles were delivered on March 11th, 2005 (""图文：中国援助柬埔寨400辆警用摩托车(1)"").",Grant,0.0
Security,32086,Cambodia,2006,TRADE POLICIES AND REGULATIONS,Unspecified Chinese Government Institution,Government of Cambodia,Chinese Government Donates Container Scanning System to Cambodia in 2007,"On April 8, 2006, the governments of China and Cambodia signed the Exchange of Letters agreement, ""The Government of the People's Republic of China presents a container inspection to the Royal Government of Cambodia"".  On April 28, 2006, the Ministry of Commerce of the People’s Republic of China discussed the tender mode of the Cambodia Container Inspection Equipment assistance project. The bidding method for the aid to Cambodia was studied and the Tender Committee decided to negotiate with Tsinghua Tongfang Weishi Technology Co., Ltd. (known as Nuchtech Company Ltd. in English) for the project.  On October 24, 2006, the aid agreement of the vehicle-mounted mobile container inspection equipment was signed by Li Jianmin, general manager of international business of Tsinghua Tongfang Weishi Company, and the Minister of Public Works and Transport of Cambodia, Sun Zhanto. On January 30, 2007, a ceremony was held at Phnom Penh to mark the official handover of the vehicle-mounted mobile container inspection equipment to the Royal Government of Cambodia. Cambodia hopes that such aid will help strengthen cargo security checks, help against smuggling and tax evasion, as well as modernize Cambodian custom clearance.   China has provided security scanning equipment to Cambodia several times. A donation of 3 container scanners and other security equipment was given in 2012 (see ProjectID#33076) and another four container scanners were given in 2013 (see ProjectID#33061).",Grant,0.0
Security,88063,Cabo Verde,2019,EDUCATION,China Ministry of Commerce,Government of Cabo Verde,China trains 150 professionals from Cabo Verde in China in 2019,"In 2019, 150 professionals from Cabo Verde were selected to visit China to participate in training seminars promoted by the International Training Centre and the Chinese Ministry of Commerce. The professionals include police officers, military personnel, journalists, economist, salespeople, computer and health technicians, and civil servants.   ",Grant,0.0
Security,57043,Cabo Verde,2017,GOVERNMENT AND CIVIL SOCIETY,Unspecified Chinese Government Institution,,China sends experts from the Criminal Investigation Police University of China (CIPUC) to Cape Verde to train police officers in 2017 (linked to #57041),"From June 19 to September 15, 2017, at the invitation from Cape Verde, 4 professors from the Criminal Investigation Police University of China (CIPUC) and 2 interpreters visited Cape Verde to provide 3 months of training for more than 100 local Cape Verdean police officers. The event took place within the scope of the Technical-Police Cooperation Program existing between Cape Verde and the People's Republic of China._x000D_ _x000D_ The training took place at the National Police Training Center in Praia from June 19, 2017 to September 15, 2017. This seminar consisted of 4 specialty courses, namely: Strategic Planning of Police Actions - Antiterrorism; Proximity Policing; Police Intelligence; and Safe Tourism. The Self Defense component (Martial Arts) was also given in each of the courses. On September 15th, 2017, the closing ceremony of the training program was held, and was attended by Ambassador Du Xiaocong, Minister of the Interior Paulo Rocha, and the Director of the General Administration of Police. This project is completed._x000D_ _x000D_ In 2016, a number of senior Cabo Verdean police officers went to China for additional training (captured in #51041).",Grant,0.0
Security,57041,Cabo Verde,2016,GOVERNMENT AND CIVIL SOCIETY,Unspecified Chinese Government Institution,,China provides China-based training for Cape Verde police in 2016 (linked to #57043),"On March 2, 2016, China and the Cape Verde Police Department met and exchanged opinions on implementing the training for police officers of Cape Verde. The Deputy Chief of Cape Verde Police Department agreed to lead a team of senior police officers to take relevant seminars in China._x000D_ _x000D_ In 2017, China trained more Cape Verdean police officers, which is recorded in project #57043. The capacity of this training seminar is unknown. The status of this project is also unclear.",Grant,0.0
Security,56097,Cabo Verde,2017,TRANSPORT AND STORAGE,China Ministry of Commerce,Government of Cabo Verde,Chinese Government provides grant — via ETCA — for São Vicente Marine Special Economic Zone Planning Project,"On December 14, 2013, China Road & Bridge Corporation (CRBC) met with Cape Verde's President and Prime Minister to discuss the possibility of building a deep water port at Mindelo on Porto Grande Bay as well as a cruise ship terminal, and the possibility of refurbishing Cabnave shipyard on São Vicente island. On July 6, 2017, the Chinese Government and the Government of Cape Verde signed an Economic and Technical Cooperation Agreement (ETCA), which committed grant funding for the São Vicente Marine Special Economic Zone Planning Project. Then, on January 10 and 11, 2018, Chinese and Cape Verdean officials signed letters of exchange for this project. _x000D_ _x000D_ China’s Ministry of Commerce (MOFCOM) was the source of funding, but the size of its financial commitment is unknown. The purpose of this project was to support planning activities related to the São Vicente Island Marine Special Economic Zone (EEZ or 佛得角圣文森特岛海洋经济特区 or Zona Económica Especial Marinha de São Vicente or ZEEMSV) in Cape Verde. The EEZ includes constructing a container terminal, refurbishing a Cape Verde Naval Shipyards (Cabnave) state-owned shipyard, and building a logistic center for fish exports in Saragarça, on São Vicente Island. _x000D_ _x000D_ The project is the result of a strategic partnership between the two countries encouraging private investments and public-private partnerships in maritime activities. AidData did not find evidence of any implementing contractors yet. The purpose of this project is to make Sao Vicente a ""maritime logistics platform in the central Atlantic Ocean region for the transhipment of cargo and containers, processing, marketing and distribution of maritime products and an internationally renowned tourist destination”. At the time of the ETCA signing in July 2017, the EEZ was predicted to be operational in just over three years (in 2020). _x000D_ _x000D_ On April 27, 2018, a group of 17 Chinese experts arrived in Cabo Verde for an inspection and planning project. In a subsequent press conference, the Minister of Marine Economy of Cabo Verde said planning was expected to end by September and actual works would begin after that. On May 8, 2018, Chinese and Cabo Verdean officials signed an inspection conference summary marking the end of planning. A Chinese Embassy official shared that a team of Cape Verdean experts travelled to China in June 2018 for training in how to carry out feasibility studies for ZEEMSV. _x000D_ _x000D_ The São Vicente Marine Special Economic Zone Planning Project was ultimately completed on or around August 31, 2018. Then, on May 9, 2019 at a planning promotion meeting ZEEMSV was held in Beijing, officials announced that after 2 ½ years of consultations and technical evaluations, the project was ready to progress to the next step of development. In January 2020, Paulo Alexandre Lopes da Silva, deputy coordinator of the Marine Special Economic Zone in São Vicente, presented a detailed implementation plan. In June 2020, the President of Cabo Verde enacted a law, officially establishing ZEEMSV in which works are carried out in three phases: the first from 2020 to 2025, the second from 2026 to 2030, and the last from 2031-2035.",Grant,0.0
Security,98507,Burundi,2020,OTHER MULTISECTOR,Chinese Embassy,Burundi Ministry of Public Security and Disaster Management,Chinese Embassy funds multi-functional stadium in Burundi,"On February 2, 2020, the Chinese Ambassador to Burundi Li Changlin attended the handover ceremony of the multi-functional stadium of the Ministry of Public Security and Disaster Management. Melchiade RUCEKE, director of the Ministry of Public Security in Burundi, and Wang Yuan, political counselor of the Chinese Embassy in Burundi, attended the ceremony. The stadium was funded by the Chinese Embassy in Burundi and undertaken by China Geological Engineering Corporation.",Grant,0.0
Security,93726,Burkina Faso,2021,TRANSPORT AND STORAGE,Unspecified Chinese Government Institution,Burkina Faso Ministry of Defense,Chinese Embassy provides motorcycles to the Ministry of Defense of Burkina Faso in November 2021,"On November 19, 2021, the Chinese Embassy provided off-road motorcycles to the Ministry of Defense of Burkina Faso. This donation was made to support the transportation operations of the ministry. The monetary value of this donation is unknown.  A handover ceremony was held for this donation. China’s Ambassador to Burkina Faso, Li Jian, and the Secretary General of the Burkina Faso Ministry of Defense, Senior Colonel Ouedraogo, attended the ceremony and signed the handover certificate.",Grant,0.0
Security,94136,Bulgaria,2020,HEALTH,Chinese Army,Bulgarian Army,Chinese army donates anti-epidemic materials to Bulgarian army in July 2020,"On July 3, 2020, the handover ceremony of the anti-epidemic materials aided by the Chinese army to the Bulgarian army was held at the Sofia Military Medical Academy. On July 2, 2020, the anti-epidemic materials aided by the Chinese army to the Bulgarian Army arrived in Sofia smoothly.   The materials include 13 types of anti-epidemic equipment such as masks, protective clothing, and goggles.  ",Grant,0.0
Security,97135,Brazil,2021,GOVERNMENT AND CIVIL SOCIETY,Chinese Consulate General,Municipality of Recife|Pernambuco State Military Police Association,China donates 1200 Christmas gift bags to the Recife City Government and the Pernambuco State Military Police Association in December 2021,"On December 15, 2021, the Consulate General of the People's Republic of China in Recife, through the Recife Overseas Chinese Association, donated 1200 Christmas gift bags to the Recife City Government and the Pernambuco State Military Police Association. The donation will be distributed to local poor families, the military, and the police. The USD value of the donation is unknown.   The donation was part of the ""Love from China"" charity activity, which aims to thank Recife City for its protection of local overseas Chinese citizens. This event marks the seventh year that China has hosted the ""Love from China"" activity in Brazil. ",Grant,0.0
Security,107680,Pakistan,2023,GOVERNMENT AND CIVIL SOCIETY,Wuxi Municipal Government ,Punjab Police,Wuxi Police College in China provides training for Punjab Assistant Superintendents of Police ,"In September 2023, the Inspector General of Punjab Police, Dr. Usman Anwar, announced a collaborative initiative with the Wuxi Police Training College in China. This program aims to send Assistant Superintendents of Police (ASPs) from Punjab to China for specialized training in operational and investigative techniques, including advanced drone technology. The objective is to enhance the professionalism, operational efficiency, and investigative skills of Punjab's police force through bilateral cooperation.",Grant,0.0
Security,107315,Pakistan,2023,GOVERNMENT AND CIVIL SOCIETY,Unspecified Chinese Government Institution,Sindh Provincial Government,"Chinese Government donates police equipment to Sindh police, Pakistan, November 2023","On November 1, 2023, the Consul General in Karachi, Yang Yundong, held a handover ceremony was held for police equipment donated to the police department of Sindh, in Pakistan.  The exact breakdown, amount, and monetary value of the supplies given are all unknown.",Grant,0.0
Security,104162,Kiribati,2023,GOVERNMENT AND CIVIL SOCIETY,Unspecified Chinese Government Institution, Kiribati Police Service (KPS),Chinese government donates equipment to the Kiribati Police Service in 2023,"On November 24, 2023, there was a handover ceremony for the Chinese-donated police equipment to the Kiribati Police Service (KPS) at the Police Headquarters in Betio. Chinese Ambassador to Kiribati Zhou Limin, KPS Acting Commissioner Eeri Aritiera, officials from the Chinese Embassy, the Assistance Police team from China, and the Senior Management Group from KPS attended the handover ceremony. The batch of equipment included brass band equipment, mobile phones, tablets, traffic cones and vests, sports wear, etc. The monetary value of this donation is unknown.",Grant,0.0
Security,31147,South Sudan,2013,GOVERNMENT AND CIVIL SOCIETY,Unspecified Chinese Government Institution,Government of South Sudan,China builds disarmament training center in South Sudan,"In April 2013, Chinese UN peacekeepers constructed interim training centers for Disarmament, Demobilization, and Reintegration (DDR) in South Sudan, which will teach new skills to around 400 ex-militants.  The peacekeepers also constructed a road through forests and swamps in order to ease access to the center. The transaction information on the agreement of peacekeeping operations and costs of construction are unknown.",Grant,0.0
Security,72576,South Sudan,2018,GOVERNMENT AND CIVIL SOCIETY,Unspecified Chinese Government Institution,Sudan People's Liberation Movement (SPLM),China donates 38 computers to South Sudan's ruling SPLM party,"On April 5, 2018, the Chinese Embassy in South Sudan donated 38 computers to the Sudan People's Liberation Movement, the ruling party of South Sudan. The total value of the donation is unknown. ",Grant,0.0
Security,65723,Philippines,2017,EDUCATION,Unspecified Chinese Government Institution,,China holds training program for Philippine Coast Guard officers,"From May 4 to 20, 2017, the Philippine Coast Guard (PCG) Legal Affairs seminar and the Junior Officers Law Enforcement training course took place in Ningbo City, Zheijang Province, China. Ten PCG legal officers participated in the legal affairs seminar while the rest of the PCG officers took the law enforcement training course.
 
 According to ""20 PCG officers training on maritime law enforcement in China,"" the 2-week program includes an ""introduction to the maritime law enforcement agencies in China, maritime law enforcement language (Chinese), maritime search and rescue, diving, boarding and capture, ship maneuvering, communication and navigation support.""",Grant,0.0
Security,67423,Democratic Republic of the Congo,2017,GOVERNMENT AND CIVIL SOCIETY,People's Liberation Army of China (PLA),Government of Democratic Republic of Congo ,Chinese government sends 21st peacekeeping mission to DRC,"On September 12, 2017, the first batch of peacekeepers in the 21st Peacekeeping mission set off for the DRC. The 218 peacekeepers in total came from the engineering unit and medical unit. The second batch of peacekeepers will set off on September 18 with 118 peacekeepers. The peacekeeping mission is likely supporting the United Nations Organization Stabilization Mission in the Democratic Republic of the Congo or MONUSCO. The mission was completed in September 2018. ",Grant,0.0
Security,59713,Democratic Republic of the Congo,2016,GOVERNMENT AND CIVIL SOCIETY,People's Liberation Army of China (PLA),,Chinese government sends 20th peacekeeping mission to DRC from the medical and engineering units,"On September 19, 2016, the 20th Peacekeeping mission set off for the DRC. The 218 peacekeepers in total came from the engineering unit and medical unit. The peacekeeping mission is likely supporting the United Nations Organization Stabilization Mission in the Democratic Republic of the Congo or MONUSCO. The mission was completed in September 2017. 
 
 As of July 2017, the 20th peacekeeping mission had completed 31 engineering investigations, 35 construction tasks, and 19 medical operations and had treated 1,430 patients. ",Grant,0.0
Security,59758,Democratic Republic of the Congo,2015,GOVERNMENT AND CIVIL SOCIETY,People's Liberation Army of China (PLA),Government of Democratic Republic of Congo ,Chinese government sends 19th peacekeeping mission to DRC,"On September 21, 2015, the first batch of peacekeepers in the 19th Peacekeeping mission set off for the DRC. The 225 peacekeepers in total came from the engineering unit and medical unit. The second batch of peacekeepers will set off on September 27. The peacekeeping mission is likely supporting the United Nations Organization Stabilization Mission in the Democratic Republic of the Congo or MONUSCO. The mission was completed in September 2016. ",Grant,0.0
Security,53106,"Africa, regional",2015,OTHER SOCIAL INFRASTRUCTURE AND SERVICES,Unspecified Chinese Government Institution,International Peace Support Training Center (IPSTC),China donates equipment to Kenya International Peace Support Training Center,"On November 27, 2015, an official donation ceremony was held at the Kenya International Peace Support Training Center (IPSTC) in Nairobi, Kenya; furthermore, the ceremony saw office equipment handed over from China, with Chinese Ambassador of Kenya Liu Xianfa present. The ambassador also gave a speech at the event, which addressed China-Kenya relations and announced that China would train 2,000 peacekeeping officers in multiple countries and provide 100 million USD to African Union standing forces. The office supplies donation is complete, however, the cost, specific donor organization, and specific supplies donated are unknown.",Grant,0.0
Security,41987,South Sudan,2014,EMERGENCY RESPONSE,People's Liberation Army of China (PLA),United Nations Mission in South Sudan (UNMISS),Chinese Government sends 350 non-combat peacekeepers to South Sudan (Linked to Record ID#41573),"In May 2014, the Chinese Government agreed to send 850 peacekeepers to support the United Nations Mission in South Sudan (UNMISS). The Chinese foreign ministry confirmed this in June of the same year.  Then, in September 2014, the Chinese Government announced that it would send 700 combat troops (as captured by linked Record ID#41573). These combat troops began arriving in January 2015, joining existing 350 Chinese peacekeeping medical workers and engineers in Juba, South Sudan captured in this project. There were 1,031 Chinese peacekeepers in South Sudan in December 2015, including the battalion.",Grant,0.0
Security,38087,Maldives,2014,EMERGENCY RESPONSE,Unspecified Chinese Government Institution,,"China provides emergency water supplies to Male, Maldives (link to Record ID#38403)","In early December 2014, China sent water bottles on commercial airliners including 32.5 tons of water from Mega Maldives and China Southern Airlines and 5 tons of water bottles from Emirates (following urgent contact on the part of CMEC, a Chinese machinery company) to the Maldives. In addition, China had the People's Liberation Army Navy (PLAN) Changxingdao warship deliver 600 tons of drinking water to Male Port. Then the PLAAF sent two planes to deliver 40 tons of water to Male International Airport. 
 
 The project is linked to Record ID#38403 where China provided a $500,000 emergency grant to the Maldives' government to speed up repairs in a desalination plant and restore water to the capital following a fire at a desalinization plant that threatened Male's water supply in 2014.",Grant,0.0
Security,38728,Indonesia,2014,EMERGENCY RESPONSE,China Ministry of National Defense,Government of Indonesia,China Ministry of Defense sends ships and aircraft to help find AirAsia QZ8501 plane crash (Linked to Record ID#39125),"On December 29th, 2014, China announced it would send aircraft and vessels to join the search and rescue for missing AirAsia flight QZ8501. On December 30, 2014, the Chinese Ministry of National Defense sent ships and an aircraft to assist in the search for the crashed AirAsia flight QZ8501 that went missing on December 28. The search mission was led by Indonesia. The flight was scheduled to land in Singapore but crashed in the waters off Belitung island.  In January 2015, China Civil Aviation Authority also sent three experts to assist in the search (see Record ID#39125). As of January 9th, 2015, a total of 48 bodies were found. As of January 12th, 2015, the investigation was still ongoing. On December 1st, 2015, the final report on the investigation was released, marking the completion of the provided aid.",Grant,0.0
Security,67421,Democratic Republic of the Congo,2014,GOVERNMENT AND CIVIL SOCIETY,People's Liberation Army of China (PLA),Government of Democratic Republic of Congo ,Chinese government sends 18th peacekeeping mission to DRC,"On December 16 2014, the peacekeepers in the 18th Peacekeeping mission arrived in the DRC. The 218 peacekeepers in total came from the engineering unit and medical unit. The peacekeeping mission is likely supporting the United Nations Organization Stabilization Mission in the Democratic Republic of the Congo or MONUSCO. The mission will reportedly last for 8 months.",Grant,0.0
Security,59762,Democratic Republic of the Congo,2014,GOVERNMENT AND CIVIL SOCIETY,People's Liberation Army of China (PLA),Government of Democratic Republic of Congo ,Chinese government sends 17th peacekeeping mission to DRC,"On April 16, 2014, the first batch of peacekeepers in the 17th Peacekeeping mission set off for the DRC. The 218 peacekeepers in total came from the engineering unit and medical unit. The second batch of peacekeepers will set off 10 days later with 118 peacekeepers. The peacekeeping mission is likely supporting the United Nations Organization Stabilization Mission in the Democratic Republic of the Congo or MONUSCO. The mission will reportedly last for 8 months.
 
 On November 11, 2014, a ceremony was held to honor the 17th peacekeeping mission. ",Grant,0.0
Security,40968,Lebanon,2013,GOVERNMENT AND CIVIL SOCIETY,Unspecified Chinese Government Institution,,Chinese engineers clear landmines in South Lebanon,"In 2013, a Chinese engineer brigade, part of a UN peacekeeping force, were on a mission to clear landmines in Southern Lebanon.  The landmines were remnants from the conflict in the region in 2006.  China has previously sent money and equipment to Lebanon specifically for clearing landmines in the past.
 ",Grant,0.0
Security,107129,Ecuador,2023,GOVERNMENT AND CIVIL SOCIETY,Chinese Embassy,Ecuador Ministry of Internal and External Security Coordination,"Chinese Embassy in Ecuador donates computers, printers, and a connectivity system to Ecuadorian police in 2023","On April 28, 2023, the Chinese Embassy in Ecuador donated 100 computers and printers to police in Ecuador, as well as a connectivity system aimed to improve cybersecurity measures. The monetary value of the donated items is unknown.   The donation was received in a ceremony attended by the Chinese Ambassador to Ecuador and Ecuador's Minister of the Interior. The Minister of the Interior noted that these materials would be deployed in the cities most affected by crime.",Grant,0.0
Security,60723,South Sudan,2012,EMERGENCY RESPONSE,People's Liberation Army of China (PLA),,Chinese peacekeeping medical team provides medical care to South Sudanese in Babi village,"On March 3, 2012, a group of doctors from the Chinese UN peacekeeping medical team in South Sudan visited the village of Babi to offer medical care to local people. During this visit they gave medicine, conducted checkups, and provided health education.",Grant,0.0
Security,59813,Democratic Republic of the Congo,2012,GOVERNMENT AND CIVIL SOCIETY,People's Liberation Army of China (PLA),Government of Democratic Republic of Congo ,Chinese government sends 14th peacekeeping mission to DRC,"On March 20, 2012, the first batch of peacekeepers in the 14th Peacekeeping mission set off for the DRC. The 218 peacekeepers in total came from the engineering unit and medical unit. The second batch of peacekeepers will set off in late March with 118 peacekeepers. The peacekeeping mission is likely supporting the United Nations Organization Stabilization Mission in the Democratic Republic of the Congo or MONUSCO. The mission will reportedly last for 8 months. ",Grant,0.0
Security,59765,Democratic Republic of the Congo,2012,GOVERNMENT AND CIVIL SOCIETY,People's Liberation Army of China (PLA),Government of Democratic Republic of Congo ,Chinese government sends 15th peacekeeping mission to DRC,"On November 27, 2012, the first batch of peacekeepers in the 15th Peacekeeping mission set off for the DRC. The 218 peacekeepers in total came from the engineering unit and medical unit. The second batch of peacekeepers will set off 10 days later with 118 peacekeepers. The peacekeeping mission is likely supporting the United Nations Organization Stabilization Mission in the Democratic Republic of the Congo or MONUSCO. The mission will reportedly last for 8 months.",Grant,0.0
Security,59817,Democratic Republic of the Congo,2011,GOVERNMENT AND CIVIL SOCIETY,People's Liberation Army of China (PLA),Government of Democratic Republic of Congo ,Chinese government sends 13th peacekeeping mission to DRC,"On July 18, 2011, the first batch of peacekeepers in the 13th Peacekeeping mission set off for the DRC. The 218 peacekeepers came from the engineering unit and medical unit. The second batch of peacekeepers will set off in late July with 118 peacekeepers. The peacekeeping mission is likely supporting the United Nations Organization Stabilization Mission in the Democratic Republic of the Congo or MONUSCO. ",Grant,0.0
Security,41416,Cyprus,2011,GOVERNMENT AND CIVIL SOCIETY,Unspecified Chinese Government Institution,Government of Cyprus,Chinese Government sends peacekeeping police force to Cyprus,"In 2011, the Chinese Government deployed peacekeeping police to Cyprus to support the United Nations Peacekeeping Force in Cyprus (UNFICYP), which was established under United Nations Security Council Resolution 186 in 1964 to prevent a return of violence following intercommunal fighting between Greek Cypriots and Turkish Cypriots. ",Grant,0.0
Security,60582,"Africa, regional",2011,GOVERNMENT AND CIVIL SOCIETY,Unspecified Chinese Government Institution,Government of South Sudan|Government of Sudan,Chinese government provides training to 20 mine-clearing personnel from Sudan and South Sudan,"On October 8, 2011, twenty mine-clearing personnel from Sudan and South Sudan began The International Humanitarian Mine Clearance Training Course in Xuzhou, Jiangsu. The training was conducted by the People's Liberation Army Academy of Engineering, and its content covered mine-sweeping technical equipment, mine-clearing methods, and the United Nations Information Management System for Mine Action. The course lasted six weeks. The amount of funding allocated by China for this training is unknown. ",Grant,0.0
Security,40193,Haiti,2010,EMERGENCY RESPONSE,Unspecified Chinese Government Institution,,China sends an additional 43 relief workers to Haiti (Linked to Record ID#85824),"On January 21, 2010, the Chinese government announced a 43 person medical care and epidemic prevention team would help assist disaster relief efforts in Haiti following a magnitude 7.3 earthquake. The team arrived on January 25 and left on February 9, and team members were from China's military medical system. 70 percent of them had participated in previous UN peacekeeping missions. They brought with them medical supplies worth 18 million RMB (see Record ID#85824).  The team will be replacing another 60 member team, consisting of medical professionals and individuals working on search and rescue operations (see Record ID#40186). ",Grant,0.0
Security,59823,Democratic Republic of the Congo,2010,GOVERNMENT AND CIVIL SOCIETY,People's Liberation Army of China (PLA),Government of Democratic Republic of Congo ,Chinese government sends 12th peacekeeping mission to DRC,"On November 19, 2010, the first batch of peacekeepers in the 12th Peacekeeping mission set off for the DRC. The 100 peacekeepers came from the engineering unit and medical unit. The second batch of peacekeepers with 118 peacekeepers will set off later. The mission will reportedly last for 8 months. The peacekeeping mission is likely supporting the United Nations Organization Stabilization Mission in the Democratic Republic of the Congo or MONUSCO. ",Grant,0.0
Security,23566,Gabon,2009,EMERGENCY RESPONSE,Unspecified Chinese Government Institution,Government of Gabon,China donates emergency supplies to the Gabonese military through Peace Angel 2009 (linked to ID #532 and ID#286),"Between June 21 and 28, 2009 the Chinese gave the Gabonese military ten shipping containers including tents, medicine, laboratory equipment, and mobile medical units. The equipment will be stocked at four locations around the country for use during emergencies. A financial amount for this project, as well as contacts, are unknown.   This donation was part of the Peace Angel 2009 military training held June 21-28, 2009 in Makokou, Ogooue-Ivindo Province. The training also included professional development and a rescue exercise (captured in ID#286) and medical aid (captured in ID#532).",Grant,0.0
Security,2402,Sudan,2007,EMERGENCY RESPONSE,Unspecified Chinese Government Institution,Government of Sudan,"China sends engineers to Darfur as part of UN Peacekeeping Mission to construct roads, camps, and wells","On May 8, 2007, China announced that it would send an engineering unit to join a UN-led peacekeeping force in Darfur, Sudan. The first batch of 135 engineers and troops of a total of 315 were deployed in Darfur in November 24, 2007. Their main task was to build camps, roads and to dig wells to allow for the deployment of more peacekeepers.  On January 12, 2008, the first batch of engineers left for China and were replaced by a team of 160 engineers. The third batch of 172 arrived in July 2008. In March 2011, a fifth detachment of engineers arrived to take part in the Darfur peacekeeping mission. A sixth detachment arrived in January 2012. In April 2019, it was reported that China had sent a total of 15 engineering units to Darfur, but when they were sent and how many engineers were in the units is unknown.",Grant,0.0
Security,61137,Somalia,2007,GOVERNMENT AND CIVIL SOCIETY,Unspecified Chinese Government Institution,African Union Mission to Somalia (AMISOM),China grants African Union financial aid for peacekeeping mission in Somalia in 2007,"On August 27, 2007, Lin Lin, the Chinese Ambassador to Ethiopia and Representative to the African Union (AU) granted financial aid to Alpha Oumar Konaré, Chairman of the Commission of the African Union. This aid was intended for the peacekeeping mission in Somalia (African Union Mission in Somalia - AMISOM), which was founded in the same year. The exact monetary value of this grant is unknown.",Grant,0.0
Security,87072,Sudan,2018,GOVERNMENT AND CIVIL SOCIETY,Unspecified Chinese Government Institution,Government of Sudan,China sends 15th peacekeeping team to Sudan,"On December 11, 2018, a group of 100 Chinese Peacekeepers left for Darfur, Sudan for a year-long peacekeeping mission. This is the first group of the 225-member peace-keeping force team, with the second group leaving on December 18 for Darfur. Together, the 225-member team is the 15th batch of peacekeepers that China has sent to the Darfur region. The team will be tasked with maintaining supplies, engineering projects, renovating buildings, and constructing/repairing homes, roads, and airports.  On December 4, 2019, the United Nations Peacekeeping Strategic Partnership Office evaluated the 15th Chinese peacekeeping team, and the team passed the evaluation with high standards.  On August 13, 2020, a group of 115 members from the 15th peacekeeping team successfully completed their 20-month mission and returned to China. During their mission, the peacekeeping team has successively completed the infrastructure construction of the Gloria Temporary Operation Base of UNIFIL, the clearing and remediation and transfer of 10 camps, the upgrade of the El Fasher super camp, etc. All 225 members were awarded the United Nations ""Peace Medal of Honor"" in July 2020.",Grant,0.0
Security,86672,Democratic Republic of the Congo,2019,GOVERNMENT AND CIVIL SOCIETY,Unspecified Chinese Government Institution,Government of Democratic Republic of Congo ,Chinese government sends 23rd peacekeeping mission troupe to the Democratic Republic of the Congo,"In September 2019, the Chinese government dispatched its 23rd peacekeeping mission troupe to the Democratic Republic of the Congo. The team had returned to China on September 16, 2020. According to CCTV via the Forum on China-Africa Cooperation the peacekeeping mission had over 200 members, with 90 officers and soldiers dispatched in the first batch (88 of the 90 were members of the engineering team). The team had completed 53 engineering tasks in one year, invested 19,437 man-hours, mobilized 6,520 units of equipment, repaired 62.64 kilometers of roads, leveled 20,216 square meters of ground, and pulled 30,250 square meters of earth and stone. The team had also destroyed more than 1,700 pieces of used ammunition and carried out more than 10 missions of humanitarian aid. The soldiers were commended by MONUSCO their supporting partner. ",Grant,0.0
Security,94410,Lebanon,2020,EMERGENCY RESPONSE,Unspecified Chinese Government Institution,Government of Lebanon,"Chinese Government provides 3,600 food parcels to families in Beirut, Lebanon in September 2020","In September 29th 2020, the Chinese Embassy in Lebanon provided 3,600 food parcels to poor families in Beirut, Lebanon affected by the Beirut port explosion. The monetary value of the donation is unknown.  The packages were delivered to the Lebanese army, which was tasked with distributing the parcels to approximately 15,000 people. The purpose of this donation is to support Lebanon during the aftermath of the Beirut port explosion.",Grant,0.0
Security,94518,Lebanon,2020,HEALTH,Unspecified Chinese Government Institution,Government of Lebanon,18th Chinese peacekeeping force donates medical supplies to Marjayoun District in August 2020 (Linked to Record ID#67574),"On August 10, 2020, the 18th Chinese peacekeeping force dispatched to Lebanon donated a batch of medical supplies to the local government of Marjayoun District, where it was stationed. The supplies included medicines for external use, preventive medicines, and some medical apparatus and instruments. The monetary value of the donation is unknown.  The 18th Chinese peacekeeping force dispatched to Lebanon is captured and detailed in Record ID#67574.",Grant,0.0
Security,103817,Cabo Verde,2023,GOVERNMENT AND CIVIL SOCIETY,Chinese Embassy,Cabo Verde National Police,"Chinese Embassy donates office supplies to police in Santiago and Maio, Cabo Verde, May 2023","On May 25, 2023, the Chinese embassy in Cabo Verde donated a batch of office supplies to the Cabo Verde National Police in Santiago and the island of Maio.  The type and amount of supplies and their monetary value are all unknown.",Grant,0.0
Security,103051,Tunisia,2022,HEALTH,Unspecified Chinese Government Institution,Government of Tunisia|Tunisian Ministry of National Defense,Chinese Government donates medical supplies to Tunisia in August 2022,"On August 2, 2022, Chinese Ambassador to Tunisia Zhang Jianguo and Major General Fergani, Director General of the Military Medical Services of the Tunisian Ministry of Defense, signed the certificate of handover of medical supplies donated by China to Tunisia. The supplies consist of a batch of ventilators and oxygen concentrators (see source ID #199407). The monetary value of this donation is unknown.",Grant,0.0
Security,100527,Timor-Leste,2022,GOVERNMENT AND CIVIL SOCIETY,Chinese Embassy,Government of Timor-Leste,Chinese Embassy donates forensic laboratory equipment to Timor-Leste in 2022,"On December 12, 2022, the Chinese Embassy donated forensic DNA laboratory equipment to the Government of Timor-Leste. The purpose of the equipment provided is to strengthen criminal investigations in Timor-Leste. Timor-Leste's Minister of Justice, Amaral and the Chief Police, Vincent attended the event. The specific financial value, or quantity of the equipment is unknown. ",Grant,0.0
Security,101211,South Africa,2022,GOVERNMENT AND CIVIL SOCIETY,Chinese Consulate General,Government of South Africa,Chinese Consulate General in Cape Town donates 56 mountain bikes to Wastern Cape Town Neighborhood Watch in 2022,"On 20 September 2022, acting Consul General of China Tang Changan and his delegation donated 56 mountain bikes to the Department of Community Safety of Western Cape Town Neighborhood Watch. It was handed over to Minister Reagen Allen, Minister of Police Oversight and Community Safety. The donation will support accredited Neighborhood Watch structures in their significant work across the province to create safer communities in the Western Cape.",Grant,0.0
Security,101170,South Africa,2022,GOVERNMENT AND CIVIL SOCIETY,Chinese Embassy,South African National Defence Force (SANDF),Chinese Embassy donates E-Learning Center to Peace Mission Training Center in South Africa ,"On September 30, 2022, Chinese Ambassador Chen Xiaodong unveiled the E-Learning Center for the Peace Mission Training Center controlled by South Africa's Defense Forces.   This new component to the structure has been donated in kind by the Chinese Embassy to enable the institution to provide exceptional research facilities to its personnel as well as learners attending courses at the PMTC. ",Grant,0.0
Security,101946,Solomon Islands,2022,GOVERNMENT AND CIVIL SOCIETY,Unspecified Chinese Government Institution,Royal Solomon Islands Police Force (RSIP),Chinese government donates police vehicles to Solomon Islands police force,"On November 4, 2022, the handover ceremony of police vehicles (riot control vehicles and motorcycles) donated by China to the Solomon Islands was held at the headquarters of the Solomon Islands Police Force. The donation was made in response to social unrest that broke out in Honiara, the capital of the Solomon Islands, in November 2021. The donation will further effectively enhance the law enforcement, patrol, anti-riot and social security capabilities of the police force.",Grant,0.0
Security,101646,Seychelles,2022,GOVERNMENT AND CIVIL SOCIETY,Chinese Embassy,Seychelles Police Force,China donates first aid dummies to the Seychelles Police Academy,"On December 29, 2022, the Chinese ambassador handed over a donation of several first aid dummies to the Commissioner of Police, Ted Barbe, at the Seychelles Police Academy. The donation was done in the presence of other representatives of the Chinese embassy and senior police officers.",Grant,0.0
Security,100546,Papua New Guinea,2022,GOVERNMENT AND CIVIL SOCIETY,Unspecified Chinese Government Institution,Royal Papua New Guinea Constabulary (RPNGC),Chinese Government provides 1000 bullet proof vests to Royal Papua New Guinea Constabulary in August 2022,"On August 19, 2022, the Chinese Government donated 1000 high quality bullet proof vests to Royal Papua New Guinea Constabulary. The supplies were distributed to front-line police forces in the highlands on August 20, 2022. The donation will enhance police capabilities and improve their completion of election security duties. The monetary value of this donation is unknown.  A handover ceremony was held for this donation. China’s Ambassador to Papua New Guinea, Zeng Fanhua, and Inspector General of PNG Police, David Manning, attended the ceremony and signed the material handover certificate.",Grant,0.0
Security,101316,Panama,2022,GOVERNMENT AND CIVIL SOCIETY,Unspecified Chinese Government Institution,Panama City Municipality,Chinese Government donated 10 motorcycles to Panama City Police Department ,"On December 15, 2022, the Chinese Ambassador to Panama attended a handover ceremony of 10 motorcycles to Panama City's police force. The motorcycles were donated from an unknown agency within the Chinese Government.  According to the ambassador, this donation is to help the Panamanian city government improve the hardware construction of the police force and better serve to ensure social security and citizen safety in the capital.",Grant,0.0
Security,103227,Nicaragua,2022,GOVERNMENT AND CIVIL SOCIETY,China Ministry of Public Security,National Police of Nicaragua,Chinese Ministry of Public Security provides equipment to the National Police of Nicaragua,"On November 8, 2022, the Chinese Ministry of Public Security donated protective equipment to the National Police of Nicaragua, including helmets, bulletproof vests, shields, batons, knee pads, handcuffs, and gloves. Francisco Díaz Madriz, Director General of the National Police of Nicaragua, and Chen Xi, Chinese Ambassador to Nicaragua, were present during the donation. ",Grant,0.0
Security,104303,Maldives,2022,GOVERNMENT AND CIVIL SOCIETY,China Ministry of Public Security,Maldives Police Service,Chinese Ministry of Public Security pledged information equipment to the Maldives Police Service in February 2022,"On February 22, 2022, the Chinese Ministry of Public Security pledged a donation of information equipment to the Maldives Police Service. The Chinese government formalized the pledged equipment assistance through a formalized Exchange of Notes at a ceremony attended by Chinese Ambassador Wang Lixin and Commissioner of Police Mohamed Hameed. The batch of information equipment will include computers and servers. The monetary value of the donation is unknown. ",Grant,0.0
Security,100226,Madagascar,2022,OTHER SOCIAL INFRASTRUCTURE AND SERVICES,Unspecified Chinese Government Institution,Madagascar Ministry of Public Security,Chinese Government donates police materials to Madagascar Ministry of Public Security in November 2022,"On November 4, 2022, the Chinese government donated police materials to the Madagascar Ministry of Public Security. The donation includes an unknown quantity of anti-riot helmets, bulletproof vests, and batons. The monetary value of the donation is unknown.",Grant,0.0
Security,100801,Liberia,2022,GOVERNMENT AND CIVIL SOCIETY,Chinese Embassy,Liberia National Police Academy ,Chinese Embassy in Liberia donates supplies to the Liberia Police Academy,"On September 23, 2022, the Chinese Embassy in Liberia donated a batch of daily necessities, including solar street lights, to the Liberia Police Academy community. Ambassador Ren Yisheng, Community Chairman Mr. Nyumah A. Borbor, and his delegation attended the ceremony. The monetary value of the donation is unknown.   The donation is intended to strengthen grassroots community infrastructure and enhance China-Liberia relations.",Grant,0.0
Security,100587,Kiribati,2022,GOVERNMENT AND CIVIL SOCIETY,Unspecified Chinese Government Institution, Kiribati Police Service (KPS),Chinese government donates equipment to Kiribati Police Service,"On November 24, 2022, there was a handover ceremony for the Chinese-donated police equipment to the Kiribati Police Service at the Police Headquarters in Betio.   The government of the People's Republic of China represented by Ambassador Zhou Limin has handed over police equipment including brass band equipment, mobile phones, tablets, traffic cones and vests, sport wear, and many more to the Acting Commissioner Mr Eeri Aritiera. These equipment will be used by the KPS for the enhancement of its services to the people of Kiribati. This handing over ceremony was witnessed by officials from the Chinese Embassy, the Assistance Police team from China, and the Senior Management Group from KPS. ",Grant,0.0
Security,93374,Guinea-Bissau,2022,GOVERNMENT AND CIVIL SOCIETY,Unspecified Chinese Government Institution,Guinea Bissau Ministry of Defense,Chinese Government Donates Aid to Guinea-Bissau's Defense Ministry (March 2022),"On March 3, 2022 China donated materials to Guinea-Bissau's Ministry of Defense including eight vehicles, cartography and office materials, and military engineering machines. The monetary value of this donation is unknown.",Grant,0.0
Security,99956,Gambia,2022,GOVERNMENT AND CIVIL SOCIETY,Chinese Embassy,Gambia Armed Forces,Chinese Embassy donates logistic equipment to Gambia Armed Forces,"On December 30, H.E. Liu Jin, Chinese Ambassador to The Gambia handed over a batch of logistic equipment to Gambia Armed Forces. The donation included eight double cabin pickup trucks, two single cabin pickup trucks, multiple other trucks, two water tank trucks, two vehicle lifters, one container, and one ambulance. The total cost of the donation is unknown. The purpose of the donation is to aid in peacekeeping efforts and support military training efforts. ",Grant,0.0
Security,101838,Djibouti,2022,GOVERNMENT AND CIVIL SOCIETY,China Ministry of Public Security,Djibouti National Police,Chinese Ministry of Public Security donates police supplies to Djibouti National Police Force,"On November 28, 2022, the Chinese Ministry of Public Security (Chinese:中国公安部援) donated supplies to Djibouti National Police. ",Grant,0.0
Security,99740,Democratic Republic of the Congo,2022,GOVERNMENT AND CIVIL SOCIETY,Chinese Embassy,Democratic Republic of Congo Ministry of Defense,Chinese Embassy in the Democratic Republic of the Congo donates information technology equipment to Democratic Republic of the Congo's Ministry of National Defense in December 2022,"On December 23, 2022, Charge d'Affaires of the Chinese Embassy in the Democratic Republic of the Congo Wang Hailong donated information equipment to the Ministry of Defense of Democratic Republic of the Congo. The donation was received by Secretary General of the Ministry of Defense Lu Kuikira, and was made on the behalf of Chinese Ambassador to Democratic Republic of the Congo, Zhu Jing.",Grant,0.0
Security,99430,Cambodia,2022,GOVERNMENT AND CIVIL SOCIETY,People's Liberation Army of China (PLA),Government of Cambodia,Chinese Government provides grant for construction of auditorium at Cambodia's Army Institute ,"On March 28, 2022, construction began for an Chinese Government grant-funded auditorium at Cambodia's Army Institute in Phnom Sruoch District within Kampong Speu Province. The monetary value of the grant from the Chinese Government is unknown. The auditorium is expected to consist of 5 floors and will be used for human resources training purposes.  When completed, the auditorium is expected to improve Cambodia’s training abilities and national defense operations.   Yunnan Construction and Investment Holding Group Co. Ltd. is the contractor responsible for implementation. A groundbreaking ceremony was held on March 28, 2022.  Vong Pisen, Commander-in-Chief of the Royal Cambodian Armed Forces, and Colonel Zhu Shuaifei, Deputy Military Attache of the Chinese Embassy to Cambodia, presided over the ceremony.",Grant,0.0
Security,95317,Mali,2021,EMERGENCY RESPONSE,Unspecified Chinese Government Institution,Government of Mali,Chinese medical peacekeeping contingent donates flood relief supplies to Mali ,"On August 11, 2021, the 8th Chinese medical peacekeeping contingent to Mali donated more than 600 pieces of emergency supplies to flood-stricken areas in Menaka, Mali. The donation was delivered to the affected area through the logistics department of the Mali military.",Grant,0.0
Security,93610,Mali,2021,GOVERNMENT AND CIVIL SOCIETY,Unspecified Chinese Government Institution,United Nations Multidimensional Integrated Stabilization Mission in Mali (MINUSMA),China sends 9th batch of peacekeeping forces to Mali ,"On October 23rd, 2021, China sent peacekeeping engineering contingency forces to Menaka, Mali as a part of the United Nations Multidimensional Integrated Stabilization Mission (MINUSMA). This is the ninth batch of peacekeeping forces China has sent as part of MINUSMA. The contingency consisted of 38 Chinese officers and soldiers. According to the Chinese Government, the contingency will carry out nine engineering tasks, including building bunkers, repairing roads, and erecting board houses. The mission period is 10 months. ",Grant,0.0
Security,95201,Canada,2021,OTHER SOCIAL INFRASTRUCTURE AND SERVICES,CNOOC Petroleum North America ULC (formerly CNOOC Canada Holding Ltd and Nexen Energy ULC),Salvation Army Calgary,CNOOC Petroleum North America ULC purchased critical items for Calgary's Salvation Army chapter,"In 2021, CNOOC Petroleum North America ULC purchased unspecified critical items for the Salvation Army's Calgary chapter, most likely to support the chapter's food pantry program.",Grant,0.0
Security,95939,Sri Lanka,2020,OTHER SOCIAL INFRASTRUCTURE AND SERVICES,Chinese Embassy,Sri Lanka Air Force (SLAF),Chinese Embassy in Sri Lanka donates to Sri Lanka Air Force Seva Vanitha Unit in 2020,"On June 8, 2020, Chinese Embassy in Sri Lanka made a monetary donation to the SLAF Seva Vanitha Unit at Air Force Headquarters. The donation was made by a Chinese delegation led by the Defence Attache of the Chinese Embassy, Senior Colonel Wan Dong to the Commander of the Air Force, Air Marshal Sumangala Dias at the Commanders' Office.   The donation was intended to be utilized to further develop SLAF Pre-School Projects conducted by the SLAF Seva Vanitha Unit and to empower family members of SLAF personnel also through the Seva Vanitha Unit.",Grant,0.0
Security,95277,Cambodia,2021,HEALTH,Overseas Chinese Charity Foundation|Shanxin Lianxin,"Sihanoukville Special Economic Zone Co., Ltd.",Overseas Chinese Charity Foundation provides medical equipment to Cambodian provinces in August 2021,"On August 25, 2021, the Chinese Overseas Chinese Charity Foundation joined hands with Shanxin Lianxin, a public welfare organization, to donate medical equipment to Sihanoukville Koh Kong in Cambodia. The medical equipment included 8 respirators, 48 sets of medical uniforms, and 1,920 medical masks   The distribution of respirators is as follows: 3 to the Sihanoukville Provincial Government, 1 to the Koh Kong Provincial Government, 1 to the Kep Provincial Government, 2 to the Kampot Provincial Government, and 1 to the Army Academy. Each province also received 6 sets of the medical uniforms and 240 medical masks. The monetary value of this donation is unknown.",Grant,0.0
Security,30192,Cameroon,2012,TRANSPORT AND STORAGE,Xi'an Aircraft Industrial Corporation,Cameroon Defense Forces ,Chinese company donates MA-60 passenger jet to Cameroon,"In 2012, the Cameroon Air Forces accepted the donation of a Modern Ark (MA-60) turboprop passenger jet from Xi'an Aircraft Industry Company. This project was financed by a Chinese government grant. The value of this project is unknown. ",Grant,0.0
Security,90651,Mongolia,2020,HEALTH,China Ministry of Public Security,General Police Department of Mongolia,Chinese Ministry of Public Security donates medical supplies to General Police Department of Mongolia,"On May 13, 2020, the Chinese Ministry of Public Security donated medical supplies including masks, protective clothing, goggles, and other anti-epidemic materials to the General Police Department of Mongolia to show support for the Mongolian police as they battle the pandemic. The monetary value of the donation is unknown.",Grant,0.0
Security,40310,Kyrgyz Republic,2003,GOVERNMENT AND CIVIL SOCIETY,China Ministry of Public Security,,China Donates Equipment to Kyrgyz Police,"On October 13th 2003, the Ministry of Public Security in China made a donation to Kyrgyzstan police, and it is the third donation from China since 2001. This donation includes 50 Beijing jeeps and an equipment used in detective experiments. It is to help maintain social security in Kyrgyzstan and better protect Kirghiz and Chinese citizens living in the central Asian country from crime.",Grant,0.0
Security,41558,Liberia,2014,GOVERNMENT AND CIVIL SOCIETY,People's Liberation Army of China,Government of Liberia,China sends 13th peacekeeping contingent to Liberia composed of policemen,"On July 11th 2014, China sends its 13th contingent of policemen for a UN peacekeeping mission to Liberia. This 19-member team received training on international laws, first aid, driving, English, and shooting, as well as orientations on the situation in the region. However, its return date could not be found.",Grant,0.0
Security,39977,Liberia,2012,GOVERNMENT AND CIVIL SOCIETY,China Chongqing International Construction Corporation (CICO),Government of Liberia,Chinese company CICO donates 30 police motorcycles to Liberia,"On July 23, 2012, China Chongqing International Construction Corporation (CICO) donated 30 police motorcycles to the government of Liberia. These motorcycles are mainly donated to the Liberian Police Department, the Immigration Department, and the VIP Security Bureau for security purposes.",Grant,0.0
Security,87304,Lesotho,2018,COMMUNICATIONS,Chinese Embassy,Lesotho Department of Immigration|Lesotho Ministry of Police and Public Safety,The Chinese Embassy in Lesotho holds first Chinese language training class for the Lesotho police and immigration departments,"On May 4, 2018, the Chinese Embassy in Lesotho held the opening ceremony of the first Chinese language training course for the police and immigration departments of Lesotho, aiming to improve the Lesotho police communication skills in order to better cooperate with the Chinese enterprises and expatriates. More than 50 people, including Ambassador Sun Xianghua, the Permanent Secretary of the Lesotho Police Department Tsovana, the principal of Ma Chiben Middle School, the head of the Confucius Classroom, representatives of the Overseas Chinese Police-Civil Cooperation Center, trainees and media reporters attended the event.   This Chinese training class lasted for one and a half months, and a total of 22 police officers and 8 immigration officials participated in the study. On June 18, 2018, the Chinese embassy in Lesotho held the completion ceremony of the first Chinese language training course. At the ceremony, Ambassador Sun Xianghua issued certificates of completion to 36 police and immigration trainees and commended 6 outstanding trainees. After this closing ceremony, 15 police trainees will be sent to China for further Chinese language studies.",Grant,0.0
Security,55986,Lesotho,2019,GOVERNMENT AND CIVIL SOCIETY,China Ministry of Commerce,Lesotho Ministry of Police and Public Safety,Chinese Government committed to provide unknown transaction amount donation via March 2019 ETCA for Lesotho policing and public safety,"On 8 March 2019, Chinese Embassy official Song Changqing signed an exchange of letters with Mr Matela Thabane, the Principal Secretary of Police and Public Safety of Lesotho, in which China committed to donating policing materials to Lesotho. The value, contents, and delivery date of this donation are unknown. ",Grant,0.0
Security,55767,Lesotho,2018,GOVERNMENT AND CIVIL SOCIETY,Chinese Embassy,Lesotho Ministry of Police and Public Safety, Chinese Embassy donates community policing kit and funds to Lesotho Ministry of Police and Public Safety ,"On 27 November 2018, the Government of China officially donated ""community policing kits"" to the Lesotho Ministry of Police and Public Safety. The kits included blankets, gumboots, flashlights, torches and other unspecified materials. The value of this donation is unknown.  In the same donation ceremony, China also donated 100,000 M towards greenhouse project at the Police Training College. (Project ID 71554) Furthermore, China has also agreed to donate a fingerprint examination lab to Lesotho at some point in the future. ",Grant,0.0
Security,21726,Lesotho,2010,GOVERNMENT AND CIVIL SOCIETY,Unspecified Chinese Government Institution,Lesotho Ministry of Police and Public Safety,China Donates Computers to Lesotho Police,"On January 29, 2010, the Chinese Ambassador to Lesotho, Gao Deyi, and the Lesotho Chief of Police attended the handover ceremony for China's donation of 10 desktop computers to the Lesotho police station.  ",Grant,0.0
Security,40917,Lebanon,2001,GOVERNMENT AND CIVIL SOCIETY,Unspecified Chinese Government Institution,Government of Lebanon,Chinese Government provides equipment for postwar mine removal activities,"In 2002, China donated landmine detection equipment to Lebanon. The initial agreement was signed in 2001. The equipment includes 50 mine detectors and 100 protective jackets. China also sent mine experts and technicians to train the Lebanese army in using the equipment.  The value of the equipment is unknown, but a NGO source aggregated landmine equipment donations from China to both Eritrea and Lebanon at $3 million. No financial value has been found for only Lebanon.",Grant,0.0
Security,92708,Lao People's Democratic Republic,2020,HEALTH,China Ministry of National Defense|People's Liberation Army of China,Laos Ministry of National Defense,China's Defense Ministry provides medical expert team and pneumonia supplies to Laos in April 2020,"On April 24, 2020, a team of five Chinese military medical experts, with pneumonia treatment materials donated by China's Defense Ministry, arrived in the Lao capital Vientiane. The Chinese People's Liberation Army (PLA) expert team was greeted at the Wattay International Airport of Vientiane by Lao’s Deputy Defense Minister, Aesamay Leuangvanxay, and Chinese Ambassador to Laos, Jiang Zaidong.  At the airport, the medical expert team handed over pneumonia epidemic medical materials to Laos. The materials were carried by cargo planes of the PLA Air Force and were donated by the Ministry of National Defense of China. The monetary value of this donation is unknown.",Grant,0.0
Security,90295,Lao People's Democratic Republic,2020,GOVERNMENT AND CIVIL SOCIETY,China Ministry of Public Security,Lao Ministry of Public Security ,China Ministry of Public Security provides first batch of law enforcement vehicles to Lao Ministry of Public Security in October 2020,"On October 23, 2020, the Ministry of Public Security of China donated law enforcement vehicles to the Ministry of Public Security of Laos. The vehicles will be used to improve law enforcement capabilities of the Lao Ministry of Public Security (“see 中国援助老挝执法车辆交接仪式在万象举行”). The monetary value of this donation is unknown.  A handover ceremony for this donation took place in Vientiane, Laos. Chinese Ambassador Jiang Zaidong and Laos Minister of Public Security attended the ceremony and delivered speeches.",Grant,0.0
Security,88757,Lao People's Democratic Republic,2019,HEALTH,People's Liberation Army of China,Attapeu Provincial Government,People's Liberation Army donates medicine to the Attapeu Provincial Government (Linked to Project ID#88686 and #88761),"On August 24, 2019, the People's Liberation Army (PLA), as part of medical assistance provided to Laos under Peace Train-2019, a PLA medical team traveled to the Sanamxay district of the Attapeu Province in southern Laos to provide medical services to the local people (see linked project ID#88686). The district had been the site of severe flooding in July 2018, which the PLA provided medical assistance for (see project ID#65394). At the end of their day-long stay, the PLA medical team donated all of their remaining medicine to the Attapeu Provincial Government. The monetary value of this donation is unknown.",Grant,0.0
Security,33706,Lao People's Democratic Republic,2002,GOVERNMENT AND CIVIL SOCIETY,Unspecified Chinese Government Institution,Government of Laos,China provides technical trainings for Laos' drug control programs in Yunnan province (linked to #33768),"On 24 May 2002, China pledged to provide more technical assistance to Laos in carrying out drug control programmes, specifically covering the training of drug control officials and the provision of alternative crops to replace opium. At a recent meeting for Chinese and Lao drug control officials in Beijing, the two sides outlined methods to strengthen cooperation and the exchange of drug-related information, the development of alternative crops, and to curb drug abuse to combat the problem.  In furtherance of the agreement, China has opened a 30-day course on drug control for 30 Lao security officers in China's Yunnan province. The 2005 resource mentions that the 2002 course had been completed.",Grant,0.0
Security,53104,Kenya,2016,GOVERNMENT AND CIVIL SOCIETY,Unspecified Chinese Government Institution,Government of Kenya,China funds Kilimani Police Station Upgrade Project,"On January 26, 2016, the launching ceremony for the upgrade project for the Kilimani Police Station in Nairobi Kenya was held. The Chinese Ambassador to Kenya, Liu Xianfa, along with Kenyan police chiefs, government officials, and political figures attended the ceremony. The project is expected to cost 500 million Kenyan shillings and will be implemented in two phases, the first of which is the remodeling and upgrade of offices and residential units at a cost of 300 million Kenyan shillings. The second phase is the construction of new housing units at a cost of 200 million Kenyan shillings. As of 2019, the project is still ongoing.  The organizations involved in this project include the Kenyan National Police Service, Kenya Private Sector Alliance (KEPSA) Foundation, the Chinese Embassy, and Nairobi County Government. It was also reported that other development partners are involved. ",Vague,0.0
Security,88200,Liberia,2003,GOVERNMENT AND CIVIL SOCIETY,People's Liberation Army of China,Government of Liberia,China sends medical personel and engingeers for UN peacekeeping mission in Liberia (linked to #1552),"In December 2003 China joined the UN peacekeeping operations in Liberia by deploying 500 soldiers to the country. A total of 600 Chinese peacekeepers rotated deployment at an 8 month interval between January 2004 and June 2010. The peacekeepers consisted of supplies transport, engineering and medical units, including civilian police, military observers and staff officers. The Engineering and Medical units, captured in this project, are based in Zwedru in UNMIL Sector 4, which covers the southeast region of Liberia. The other units are captured in project ID#1552.  China concluded its peacekeeping activities for Liberia in 2018, withdrawing the fifth Chinese peacekeeping police team on February 28, 2018.",Grant,0.0
Security,65167,Jordan,2012,GOVERNMENT AND CIVIL SOCIETY,Xinjiang Corps of Armed Police ,,Xinjian Corps of Armed Police Grant Martial Arts Training Course for the Jordanian Public Security Directorate ,"On November 27th, 2012, members of the Jordanian Public Security Directorate (PSD) demonstrated skills learned during a martial arts training course coached by members of the Xinjiang Armed Police Force. The Jordanian PSD invited cooperation with Chinese police and received training from five Chinese policemen as martial arts coaches from November 3, 2012, to December 19th, 2012.  At the graduation ceremony Jordanian PSD members demonstrated learned skills such as boxing, stick fighting, Taichi, and enemy apprehension. ",Grant,0.0
Security,64614,Jordan,2018,GOVERNMENT AND CIVIL SOCIETY,China Ministry of Public Security,Jordanian Public Security Directorate مديرية الأمن العام,Chinese Embassy Provides Policing Materials to the Jordanian Public Security Directorate (PSD),"On February 7th, 2018, Chinese Ambassador to Jordan, Pan Weifang, attended a handover ceremony granting unspecified policing materials to the Jordanian Pubic Security Directorate (PSD) on behalf of China's Ministry of Public Security.   The intent of the grant is to strengthen Chinese-Jordanian relations in internatinoal law cooperation as well as increase security in countries participating in China's Belt and Road Initiative (BRI).   ",Grant,0.0
Security,41911,Jordan,2007,GOVERNMENT AND CIVIL SOCIETY,China Ministry of Commerce,Government of Jordan,"Chinese Government agrees to train 40 Jordanian Government Officials (Linked to Project ID#41029, #41907)","On June 19, 2007, China's Assistant Minister of Commerce, Chen Jian, and Jordan's Minister of Planning and International Cooperation, Suhair Al-Ali, signed an agreement, which committed funding for the training of 40 Jordanian Government officials. According to the agreement 30 of the Jordanian officials will come from the public sector, while the remaining 10 come from Jordan's Civil Defense Directorate.",Grant,0.0
Security,89523,Jamaica,2019,GOVERNMENT AND CIVIL SOCIETY,China Ministry of Commerce|China Ministry of Public Security,Jamaica Constabulary Force (JCF),China provides training for 20 Jamaican police officers in 2019,"According to the Chinese Ministry of commerce, 20 Jamaican police officers traveled to China to take part in the Seminar on Police Capacity Building Seminar for Jamaica. The program was funded by Chinese Ministries of Commerce and Public Security. It took place in Shandong Police College Jinan, Shangdong from October 11th to October 30th. Chinese officials in Jamaica held a pre-departure meeting for the trainees on October 8th.  The seminar program started on October 11, 2019, and ended on October 30, 2019.",Grant,0.0
Security,89318,Jamaica,2011,GOVERNMENT AND CIVIL SOCIETY,China Harbor Engineering Corporation (CHEC),Government of Jamaica,CHEC donates a motorcycle to Spring Hill Police,"On November 3rd, 2011, China Harbour Engineering Co. and Stewart's Auto Sales Ltd. collaborated to each donate a motorcycle to the Spring Hill Police Station in Portland Parish, Jamaica. Present at the donation handover were Qi Wu Yang, CHEC's Jamaica deputy manager; J. Stewart-Lechler, director of Stewart's Auto Sales; Owen Ellington, commissioner of police; and Daryl Vaz, member of parliament. ",Grant,0.0
Security,71139,Jamaica,2018,EDUCATION,Unspecified Chinese Government Institution,Jamaica Constabulary Force (JCF),China provided training seminar on capacity building for 24 officers in the Jamaica Constabulary Force,"On 24 August 2018, the Chinese Embassy in Jamaica held a send-off meeting for participants of the Seminar on Capacity Building for Jamaica Constabulary Force (JCF). 24 police officers from the JCF traveled to Ji’nan, Shandong Province for the seminar provided by China. The seminar began on 5 September 2018 and ended on 24 September 2018. ",Grant,0.0
Security,70786,Jamaica,2015,EDUCATION,Hanban (Confucius Institute Headquarters)|Unspecified Chinese Government Institution,Jamaica Constabulary Force (JCF),Hanban and the Chinese government offer a Chinese language programme to the Jamaica Constabulary Force,"In 2015, Hanban and the Chinese government introduced the Chinese language programme to the Jamaica Constabulary Force (JCF). According to the JCF 2016 Annual Report, the JCF and the People's Republic of China collaborated to deliver the first Mandarin course to 65 JCF members in 2016. _x000D_ _x000D_ On 11 August 2017, 50 police officers from Jamaica and two police officers from Suriname were awarded certificates for a Chinese training course at National Police College of Jamaica (NPCJ). On 31 August 2018, 68 police officers from Jamaica, Trinidad and Tobago, and Suriname were awarded certificates of completion for a Chinese training course at the Jamaica Police Academy. On 2 August 2019, 78 police officers from Jamaica and two police officers from Suriname were awarded certificates of completion for a Chinese training course at the Jamaica Police Academy. These Chinese training courses help Jamaican police understand the Chinese language and culture.",Grant,0.0
Security,70696,Jamaica,2014,GOVERNMENT AND CIVIL SOCIETY,"China Harbour Engineering Co., Ltd.",,China Harbour Engineering Co donated two motor vehicles to the Jamaican Constabulary Force (JCF),"On 18 December 2014, China Harbour Engineering Company (CHEC) donated two motor vehicles, a Toyota Hiace bus and a Toyota pickup, to the Jamaican Police Force (JCF). The two vehicles will increase the JCF's capacity to provide traffic management and security along the North/South leg of Highway 2000. At the donation ceremony, the Minister of National Security, Peter Bunting, said the vehicles were the first of six being provided by CHEC. However, there are no sources confirming if the other four vehicles were ever donated. ",Grant,0.0
Security,70613,Jamaica,2018,GOVERNMENT AND CIVIL SOCIETY,Chinese Embassy,Jamaica Constabulary Force (JCF),China donated office equipment to the Jamaica Constabulary Force,"On 2 February 2018, the Chinese Embassy in Jamaica donated office equipment to the Jamaica Constabulary Force (JCF). The donation included a printer and an air conditioner, which will improve the working conditions of police officers in the newly-built JCF Emergency Centre on Old Hope Road, Kingston.",Grant,0.0
Security,70016,Jamaica,2019,EDUCATION,Hanban (Confucius Institute Headquarters),Caribbean Maritime University (CMU)|Cornwall College|National Police College of Jamaica (NPCJ)|Northern Caribbean University (NCU),Hanban signed an agreement on the provision of Chinese language teachers to four Jamaican universities in 2019,"On August 15, 2019, Hanban, the Caribbean Maritime University (CMU), Northern Caribbean University (NCU), the National Police College of Jamaica, and Cornwall College signed a memorandum of understanding for the provision of Chinese language teachers. The agreement will fly 10 Chinese educators to Jamaica to teach Mandarin at the beginning of the school year in September.   By August 2019, over 500 students had signed up for Mandarin classes.",Grant,0.0
Security,39907,Jamaica,2011,HEALTH,Unspecified Chinese Government Institution,Government of Jamaica,Chinese naval hospital ship completes humanitarian medical assistance mission in Jamaica (Linked to Project ID#39102),"In 2011, China sent the PLA (People's Liberation Army) Navy hospital ship Peak Ark on a voyage in the Western Hemisphere to provide humanitarian assistance. The Peace Ark traveled through the Caribbean and South America, visiting Cuba, Jamaica, Trinidad and Tobago and Costa Rica. It visited Jamaica from October 29 to November 4. During its 7-day stay, the 100-strong health professionals from the ship conducted over 1500 outpatient consultations, 150 physical checks, 29 surgeries, 18 hospitalized treatments, 89 CAT scans, 307 doppler radar scans, 643 ultrasound scans, 258 ECGs and 499 other tests for local Jamaican people and Chinese diaspora in Jamaica. The Olympic Garden Health Center in Kingston was overwhelmed daily by hundreds of local people seeking expedient and quality medical service when a Chinese medical team operated there for 4 days.  This project is linked to project ID #39102, which is an umbrella project capturing information on medical assistance provided to all four countries the Peace Ark visited in the Caribbean.",Grant,0.0
Security,56657,Liberia,2017,GOVERNMENT AND CIVIL SOCIETY,China Ministry of Public Security,,Chinese Government help to train the Liberian National Police,"On September 23rd 2017, the fifth Chinese peacekeeping police team in Liberia held a ceremony to consolidate police training in Liberia on the 22nd, marking the successful completion of the 33-day practical skills training. The training started on August 2017. _x000D_ _x000D_ On November 30th, 2017, China's Deputy Inspector General for International Cooperation at the Ministry of Public Security, Ll Ll announced that the Chinese government has committed to continuing assist with the training of the Liberian National Police (LNP) with an emphasis on Form Police Unit (FPU). _x000D_ ",Grant,0.0
Security,88343,Liberia,2015,GOVERNMENT AND CIVIL SOCIETY,Unspecified Chinese Government Institution,United Nations Mission in Liberia (UNMIL),Chinese Government dispatches third police peacekeeping riot team to Liberia in 2015,"On March 11, 2015, the Chinese Government dispatched China's third peacekeeping police riot team to Liberia for a one-year term as a Formed Police Unit (FPU) under the United Nations Mission in Liberia (UNMIL). The team consisted of 140 members drawn from the Shandong Provincial Public Security Border Defense Corps. The team arrived at Jinan Yaoqiang International Airport by chartered flight to complete the peacekeeping mission. In addition to peacekeeping missions, the team members also donated supplies for cultural and sports activities to the resident schools; participated in the commemorations of UN Peacekeeper Day and UN Day; performed tactical demonstrations, martial arts, gongs and drums, and national instrumental music performances to spread Chinese culture. The team returned on March 12, 2016.",Grant,0.0
Security,52713,Cameroon,2016,OTHER SOCIAL INFRASTRUCTURE AND SERVICES,Chinese Embassy,Reception and Security House for Children in Distress in Cameroon|Synergy Brotherhood of Orphans and Vulnerable Children in Cameroon,Chinese Consulate Donates Supplies to Orphanages in Cameroon,"On June 2, 2016, the Chinese Consulate in Douala, Cameroon donated flour and rice sacks, vegetable oil and sugar cartons, mineral water, gas plates, plastic chairs, footwear, detergents, a television set and stationery to the orphanages Synergie Fraternite des Orphelins et Enfant Vulnerables (SYFOEV) and the Japoma-based orphanage, Maison d'accueil et de securisation des enfants en detresse (MESED). The donation benefited 54 orphans and vulnerable children._x000D_ _x000D_ ",Grant,0.0
Security,53666,Maldives,2015,HEALTH,Unspecified Chinese Government Institution,Maldives National Defence Force,Chinese Government donates a sea ambulance to Maldives National Defence Force,"In 2014, during Xi Jinping's state visit to the Maldives, he pledged that the Chinese Government would donate a sea ambulance to Maldives. Then, in 2015, during the visit of President of Maldives Abdulla Yameen Abdul Gayoom to China, the Maldives and China formally agreed to gift a sea ambulance to the Maldives. The sea ambulance was handed over to the Maldives National Defence Force (MNDF) on July 12, 2018. _x000D_ _x000D_ Additionally, Chinese Ambassador to Maldives Zhang Lizhong pledged that China would provide the required technical assistance for the boat. A Chinese expert team trained the Maldivians in ambulance driving and use of the medical equipment. Training was completed by October 30, 2018. _x000D_ _x000D_ According to the Edition, the donated sea ambulance was larger and featured more medical facilities than the existing 25 Maldivian sea ambulances. The 26-meter-long vessel was equipped with a “mini-medical theater,” including facilities for scans, electrocardiography tests, intravenous therapy, and oxygen delivery. The Chinese Embassy reported in July 2018 that the ambulance would improve the health and well-being of the Maldivian people. Many Maldivians live on remote islands and have poor medical conditions, so the ambulance would greatly improve the ability to transport and treat them. According to the Edition, medics had encountered drawbacks while transferring emergency patients from the atolls to Malé because of the length of travel, and the donation of the fully-equipped sea ambulance would help alleviate this problem. The Coast Guard was to manage to the new vessel.",Grant,0.0
Security,94129,Moldova,2020,HEALTH,Unspecified Chinese Government Institution,Government of Moldova,Chinese Government donates second batch of anti-epidemic supplies to Moldova in March 2020 (linked to project ID#94131),"On March 30, 2020, the Chinese government donated the second batch of anti-epidemic supplies to Moldova. The handover ceremony was conducted at the Ministry of Health, Labor and Social Security of Moldova, and Zhang Yinghong, the Chinese Ambassador to Moldova, and Dombrevianu, the Minister of Health of Moldova, attended the event. The specific supplies are unknown, but the purpose of this donation is to help Moldova fight against the pandemic.  This project is linked to project ID #94131, which details the first batch of supplies donated to Moldova from China in March 2020. ",Grant,0.0
Security,64542,Micronesia,2017,GOVERNMENT AND CIVIL SOCIETY,Unspecified Chinese Government Institution,"Government of Micronesia, Federated States of",Chinese Government donation of police uniforms to FSM in 2017,"On September 15, 2017, a handover ceremony took place. During the ceremony, the Embassy handed over police uniform to the police of Pohnpei State and Kolonia Town. _x000D_ ",Grant,0.0
Security,98576,Mexico,2017,GOVERNMENT AND CIVIL SOCIETY,Chinese Consulate General,Secretariat of Security and Civilian Protection of Tijuana,"Chinese Consulate General in Tijuana, Yu Bo donates laptops to Tijuana’s Police Department in 2017","In 2017, the Consulate of the People’s Republic of China in Tijuana, Yu Bo donated office laptops to the Tijuana Police Department or the Secretariat of Security and Civilian Protection of Tijuana. The specific amount of laptops donated or their worth is unknown. ",Grant,0.0
Security,70317,Mexico,2017,GOVERNMENT AND CIVIL SOCIETY,Unspecified Chinese Government Institution,Government of Mexico,China Zhejiang Police Academy Holds Special Training Class for the Mexican police,"In July 2017, the China Zhejiang Police Academy will hold a special training class for the Mexican police in July. On 30 June 2017, the Ambassador to Mexico went to the Chinese Embassy in Mexico to prepare the Mexican police for their travels to China for training.",Grant,0.0
Security,98105,Mauritius,2016,GOVERNMENT AND CIVIL SOCIETY,Chinese Embassy,Mauritius Police Force,Chinese Embassy donates reflective vests to the Mauritius Police Force,"On July 14, 2016, the Chinese Embassy donated a batch of reflective vests to the Mauritius Police Force.",Grant,0.0
Security,92229,Mauritius,2020,HEALTH,Unspecified Chinese Government Institution,Government of Mauritius ,Chinese government donates COVID medical materials to Mauritius,"On July 23, 2020, Chinese Ambassador Sun Gongyi and his wife Wang Ju handed over anti-epidemic materials donated by the Chinese government to the wife of the Prime Minister of Mauritius, Kobita Jagannath, on behalf of first lady Peng Liyuan. The handover ceremony took place at the treasury building in Port-Louis, the capital of Mauritius.  The donated materials included medical protection gear, face masks, and body temperature scanning devices.   The supplies were donated at the request of the Organization of African First Ladies for Development. The donation to Mauritius was part of a larger series of donations to 53 African countries sent on the behalf of first lady Peng Liyuan.    The Mauritian Ministers of Social Integration, Social Security and National Solidarity, and Gender Equality and Family Welfare, as well as several female parliamentary representatives were also present at the handover ceremony.",Grant,0.0
Security,85868,Mauritius,2018,DISASTER PREVENTION AND PREPAREDNESS,Unspecified Chinese Government Institution,"Mauritius Ministry of Social Security, National Solidarity and Environment and Sustainable Development",,"On and around June 5, 2018, the Chinese Government provided the Flood Control and Disaster relief techniques and management for developing countries training to the Ministry of Social Security, National Solidarity and Environment and Sustainable Development of Mauritius. Two Mauritian officials received training in this project (pg.284 of ""Statement of Foreign Aid Received for the financial year 2017-2018""). ",Grant,0.0
Security,85678,Mauritius,2018,GOVERNMENT AND CIVIL SOCIETY,Chinese Embassy,Mauritius Police Force,Chinese Embassy donates office supplies to the Headquarters of the Mauritian Police,"On August 14, 2018, the Chinese Embassy in Mauritius donated some office supplies to the Mauritius Police Headquarters, and a donation ceremony was held. The donation was in gratitude for the Mauritian Police's assistance during President Xi Jinping's visit in July. The ceremony was attended by Mauritius Police Chief Connaught and Counselor Song Yanqun. The specific materials donated and the value of the donation is unknown.",Grant,0.0
Security,20599,Mauritius,2005,GOVERNMENT AND CIVIL SOCIETY,Unspecified Chinese Government Institution,Mauritius Police Force,Chinese Government donates 12 buses to Mauritius Police Force,"In 2005, China donated 12 seventeen-seat Huaxi buses for use by the Mauritian Police department. The value for this project is unknown.",Grant,0.0
Security,85693,Mali,2019,OTHER SOCIAL INFRASTRUCTURE AND SERVICES,Chinese Embassy,Malian Military Family Association,Chinese Embassy donates sewing machines and other materials to the Malian Military Family Association,"On September 20, 2019, the Chinese Embassy in Mali donated sewing machines and other materials to the Malian Military Family Association. The materials were handed over by Ambassador Zhu Liying.",Grant,0.0
Security,31113,Mali,2013,GOVERNMENT AND CIVIL SOCIETY,People's Liberation Army of China,United Nations Multidimensional Integrated Stabilization Mission in Mali (MINUSMA),Chinese Government sends peacekeeping medical workers and engineers to join the United Nations Multidimensional Integrated Stabilization Mission in Mali (Linked to Project ID#87024),"On December 3, 2013, the People's Liberation Army (PLA) sent 135 peacekeepers to Mali to join the United Nations Multidimensional Integrated Stabilization Mission in Mali (MINUSMA). The peacekeeping force, drawn from troops based in Harbin, China, consisted of 35 engineers, 65 medical workers, and 35 soldiers. For the soldiers involved in this peacekeeping detachment, see linked project ID#87024; the engineers and medical workers are captured by this project. The Chinese peacekeepers arrived in Bamako, Mali on December 4, 2013 for an eight-month long mission. More peacekeepers arrived later; ultimately, 365 Chinese peacekeepers served between December 2013 and the mission's completion in August 2014. The peacekeepers were set to work on repairing roads and bridges and providing medical assistance, while the security forces were to guard MINUSMA's headquarters and barracks. This was reportedly the first time the PLA sent security forces on a peacekeeping mission.",Grant,0.0
Security,38709,Maldives,2014,GOVERNMENT AND CIVIL SOCIETY,Unspecified Chinese Government Institution,,China funds scholarships for 20 Maldivian police officers to attend seminar in China,"On April 7, 2014, a farewell ceremony was held in Maldives for 20 officers to go to China for a seminar on police service. The program was held from April 10 to April 24.",Grant,0.0
Security,90318,Liberia,2014,GOVERNMENT AND CIVIL SOCIETY,China Formed Police Unit (FPU),Liberian Bureau of Immigration and Naturalization|Liberian Drug Enforcement Agency|Liberian Naitonal Police (LNP),Chinese Formed Police Unit Hosts Training for 27 Liberian Law Enforcement Officers (Linked to Project ID #90319),"From May 20 to 30, 2014, the Chinese Formed Police Unit hosted a training on law enforcement capacity building and computer operations in Sinoe County, Liberia. Twenty-seven officers from the Liberia National Police, Bureau of Immigration and Naturalization, and the Drug Enforcement Agency attended the training. Afterwards, they donated supplies to the local police force, which is captured in Project ID #90319. The Chinese Formed Police Unit were in Liberia as part of the UN Peacekeeping Mission. ",Grant,0.0
Security,70158,Malawi,2019,GOVERNMENT AND CIVIL SOCIETY,Unspecified Chinese Government Institution,Malawi Ministry of Defense,China donates office supplies to the Malawi Ministry of Defense in 2019,"On April 8, 2019, Ambassador Liu Hongyang met with Deputy Defense Minister Amos Melosi to exchange views on strengthening military relations between the two countries and to donate office supplies to the Ministry of Defense. China will continue to strengthen military relations through assistance, training, and cooperation to achieve new results. Melosi spoke highly of China's long-standing support for Malawi's national defense construction and thanked the Embassy for donating office supplies to the Ministry of Defense, and pledged to continue to promote military cooperation between the two countries. The monetary value of the donation is unknown.",Grant,0.0
Security,58226,Malawi,2008,GOVERNMENT AND CIVIL SOCIETY,Chinese Embassy,,Chinese embassy donates sports equipment to Malawi Police,"On November 17, 2008, the Chinese embassy granted sports equipment to the Malawi Police. The value of the donation is unknown. ",Grant,0.0
Security,58139,Malawi,2010,GOVERNMENT AND CIVIL SOCIETY,Chinese Embassy,,Chinese embassy grants computers and 10 motorcycles to the Lilongwe Police ,"On August 2, 2010, Chinese embassy granted computers, rain jackets and 10 motorcycles to the Lilongwe Police. The value of this donation is unknown.",Grant,0.0
Security,58117,Malawi,2011,GOVERNMENT AND CIVIL SOCIETY,Chinese Embassy,,Chinese embassy donates computers to Malawi police headquarters,"On December 7, 2011, Chinese embassy donated computers to Malawi police headquarters in Lilongwe. The value and amount of these computers is unknown.",Grant,0.0
Security,58083,Malawi,2016,GOVERNMENT AND CIVIL SOCIETY,Unspecified Chinese Government Institution,,Chinese government sends 20 Malawian police officers for training in China,"From May 31, 2016 to June 29, 2016, the government of China funded 20 Malawian police officers to train at the Zhejiang Police College in China. On July 1, 2016, a welcoming ceremony was held for 20 Malawian police officers who received training in China. The cost of the training is unknown._x000D_ ",Grant,0.0
Security,96955,Madagascar,2021,OTHER SOCIAL INFRASTRUCTURE AND SERVICES,Chinese Embassy,Malagasy National Gendarmerie,Chinese Embassy in Madagascar donates materials to Malagasy National Gendarmerie,"On November 2, 2021, the Chinese Embassy in Madagascar donates materials to Malagasy National Gendarmerie (National Police Force of Madagascar). The donation included helmets and bulletproof vests. The monetary value of the donation is unknown. ",Grant,0.0
Security,88607,Madagascar,2018,OTHER SOCIAL INFRASTRUCTURE AND SERVICES,Chinese Embassy,Madagascar Ministry of Defense,Chinese Embassy donates sporting goods to Madagascar State Secretariat of the Gendarmerie,"On February 22, 2018, Chinese Ambassador to Madagascar Yang Xiaorong, attended a ceremony commemorating the Chinese Embassy's donation of sporting goods to the State Secretariat of the Madagascar Gendarmerie. Landry Amaha Varisua, State Secretariat of the Gendarmerie of the Ministry of National Defense, and members of the Gendarmerie basketball team attended the ceremony. The donation appeared to include several basketballs, basketball shoes, and towels. ",Grant,0.0
Security,61002,Madagascar,2017,GOVERNMENT AND CIVIL SOCIETY,Chinese Embassy,Government of Madagascar,Chinese Embassy donates police equipment to Madagascar’s Ministry of Public Security,"On October 19, 2017, the Chinese Ambassador to Madagascar officially donated police equipment — including bulletproof vests — to Madagascar’s Ministry of Public Security. The monetary value of this donation is unknown.",Grant,0.0
Security,60854,Madagascar,2019,GOVERNMENT AND CIVIL SOCIETY,Unspecified Chinese Government Institution,Madagascar Ministry of Defense,Chinese Government donates police supplies to Madagascar National Gendarmerie  ,"On August 20, 2019, the Chinese Ambassador to Madagascar, Yang Xiaorong, presided over a ceremony officially handing over a batch of police equipment to  Madagascar's National Gendarmerie. The ceremony was also presided over by General Richard Ratsimandrava, State Secretariat in charge of the National Gendarmerie. The exact nature of the donation is unknown, as is the value of the donation.  The donation comes as a part of Chinese investment in crime prevention in other countries. According to the Embassy, Madagascar's Gendarmerie had previously received Chinese assistance, in the form of training, as well as previous donations (see ProjectID#60916). The Gendarmerie is under Madagascar's Ministry of Defense.",Grant,0.0
Security,60024,Madagascar,2017,HEALTH,Unspecified Chinese Government Institution,Government of Madagascar,Chinese Government dispatch 11 optometry experts to support the Light Action Campaign (Linked to Project ID#60023),"On September 19, 2017, a memorandum of understanding (MOU) for the 'Light Action Campaign' campaign was signed by Chinese Ambassador to Madagascar Yang Xiaorong and Malagasy Minister of Public Health Lalatiana Andriamanarivo. As part of the 2 week long program, 11 Chinese optometry experts were sent to the Antananarivo on May 31, 2017 to provide free cataract treatments to Malagasy patients. The goal of the campaign was to provide 200 free surgeries. Additionally, the medical equipment of the experts use was left at Joseph Ravoahangy Andrianavalona Hospital (see Project ID #60023). Because the project was only meant to run for 2 weeks, it is assumed to be completed.",Grant,0.0
Security,90319,Liberia,2014,GOVERNMENT AND CIVIL SOCIETY,China Formed Police Unit (FPU),Sinoe County Police,Chinese Formed Police Unit Donate Sporting and Security Equipment to Sinoe County Police ( Linked to Project ID #90318),"On May 30, 2014, the Chinese Formed Police Unit donated sporting goods and security equipment to the Sinoe County Police. This donation was made at the end of a law enforcement training run by the Chinese Formed Police Unit, which is captured in Project ID #90318. The monetary value of the donation is unknown. ",Grant,0.0
Security,94298,Iraq,2021,OTHER MULTISECTOR,Unspecified Chinese Government Institution,Government of Iraq,China donates humanitarian aid supplies to Iraq in January 2021,"On January 21, 2021, China delivered humanitarian aid supplies to Iraq. This donation included ambulances, mobile generators, and office equipment such as computers. Ambassador Zhang Tao and Vice Chair of Iraqi Ministry of Domestic Affairs attended the handover ceremony. The purpose of this donation is to help Iraq improve its ability to fight the epidemic, maintain its public security, and provide public services.",Grant,0.0
Security,94269,Iraq,2020,HEALTH,Provincial Government of the Xinjiang Uyghur Autonomous Region,Iraqi Ministry of Defense,China donates COVID-related supplies to Iraq in April 2020,"On April 22nd, 2020, the government of Xinjiang Uyghur Autonomous Region donated a batch of medical supplies to the Iraqi Ministry of Defense. The handover ceremony held that day was attended by Chinese Ambassador to Iraq and senior officials in the Iraqi Ministry of Defense. This is the third batch of the medical donations from China to Iraq.",Grant,0.0
Security,39092,Indonesia,2014,GOVERNMENT AND CIVIL SOCIETY,Unspecified Chinese Government Institution,Indonesia Maritime Security Coordinating Board (Bakorkamia),Indonesia receives Chinese support for their maritime security ,On 6 October 2014 China signed an agreement to send remote sensing data to Indonesia remote sensing satellite ground stations to help the country update the stations and improve its maritime law enforcement and disaster prevention mitigation. The two collaborating agencies include the Indonesian Maritime Security Coordination Board and the China National Space Administration. _x000D_ _x000D_ ,Grant,0.0
Security,87754,Cote d'Ivoire,2018,GOVERNMENT AND CIVIL SOCIETY,Unspecified Chinese Government Institution,Government of Côte d'Ivoire (Ivory Coast),China hosts 15 law enforcement officers from Cote d’Ivoire for training,"On June 13, 2018, Ambassador Tang Weibin in Côte d’Ivoire held a farewell reception at the embassy for the study and training of 15 law enforcement officers in China. Director of the Office of the Ministry of the Interior, Chief of Police, Director of the Department of International Cooperation of the Ministry of Culture, and Acting Director of the Department of Asia-Pacific Affairs of the Ministry of Foreign Affairs attended the reception. The program length and value are not known.  ",Grant,0.0
Security,30705,Egypt,2012,GOVERNMENT AND CIVIL SOCIETY,China Ministry of Commerce,Egyptian Ministry of Interior (وزارة الداخلية المصرية),"MOFCOM provides grant for Phase 2 of Egyptian Police Vehicles Project (Linked to Project ID#30426, ID#58577 and ID#30713)","On August 29, 2012, during Egyptian President Mohammed Morsi's state visit to China, China’s Ministry of Commerce provided a grant to the Government of Egypt for Phase 2 of the Egyptian Police Vehicles Project. The monetary value of this grant commitment is unknown. This project involved the supply of 300 police vehicles to the Egyptian Ministry of Interior. More specifically, it involved the provision of 150 Brilliance Jinbei Mini Buses and 150 Brilliance H530 sedans.   The ultimate purpose of the project was to restore a set of vehicles to the Egyptian police force following the significant property damage that took place after the January 25th Revolution. China's Brilliance auto-manufacturer was the contractor responsible for implementation. It is not clear whether or when this project was implemented. China’s Ministry of Commerce also provided a grant for Phase 1 of this project (captured in project ID#30705). ",Grant,0.0
Security,59152,Ecuador,2018,HEALTH,People's Liberation Army of China,Government of Ecuador,Chinese Hospital Ship Peace Ark provides free medical service to Ecuadorian locals in November 2018,"On November 15, 2018, the Chinese naval hospital ship Peace Ark (Arca de la Paz) arrived in Ecuador's western port of Guayaquil, where it was to stay docked for 8 days to provide free medical services to Ecuadorian locals. On November 16, 2018, a welcome reception was held for the ship's 380 medical staff and crew members, which included band performances and traditional Chinese lion dancing. The 178m long ship has a total of 300 beds, eight operating rooms, and medical staff with specialities in gastroenterology, neurology, nephrology, etc. The doctors are expected to treat around 4,000 selected cases and perform 70 surgeries during their time in Ecuador. On November 20, 2018, a reception for the work done by the doctors of the Peace Ark was held.  The Peace Ark's stop in Ecuador is part of a larger multi-national humanitarian mission titled ""Harmony 2018.""  ",Grant,0.0
Security,56064,Dominica,2013,GOVERNMENT AND CIVIL SOCIETY,Unspecified Chinese Government Institution,,China Grants Police Equipment to the  Commonwealth of Dominica Police Force,"On November 28, 2013, the Commonwealth of Dominica Police Force (CPDF) received 90 patrol motorcycles, 250 police safety sunglasses and other crime fighting accessories from the People's Republic of China. The equipment will be used to assist in Dominica's continued efforts to curb crime on the Island. It is mentioned by the official website of the Government of the Commonwealth of Dominica that the Dominica Police Force has also been taught formal communication language skills in Chinese Mandarin. ",Grant,0.0
Security,85639,Djibouti,2018,EDUCATION,Chinese Embassy|People's Liberation Army of China,Government of Djibouti,Chinese Embassy and the People's Liberation Army Navy donate school supplies to Victory Elementary School in Djibouti,"On May 15, 2018, the Chinese Embassy in Djibouti and the People's Liberation Army Navy (PLAN) Type 636 hydrographic survey ship ""Qian Weichang"" (Chinese: 钱伟长) donated school supplies to Victory Elementary School (French: École privée victoire) in Balbala in Djibouti City. The donated supplies included school bags, laptops, books, soccer balls (footballs), and other goods. The monetary value of this donation is unknown.",Grant,0.0
Security,94407,Democratic Republic of the Congo,2020,HEALTH,Chinese People's Liberation Army,Armed Forces of the Democratic Republic of the Congo (FARDC),Chinese People's Liberation Army donates anti-epidemic materials to the Armed Forces of the Congo in November 2020,"On November 21, 2020, the Chinese Embassy in the Democratic Republic of Congo handed over anti-epidemic materials donated by the Chinese People's Liberation Army to the Armed Forces of Congo. The donation includes medical masks, forehead thermometers, protective clothing, etc. The monetary value of the donation is unknown.",Grant,0.0
Security,92895,Democratic Republic of the Congo,2020,HEALTH,People's Liberation Army Air Force,Armed Forces of the Democratic Republic of the Congo (FARDC),People's Liberation Army Air Force donates anti-epidemic materials to the Armed Forces of the Democratic Republic of the Congo (FARDC) in November 2020,"On November 21, 2020, the Chinese embassy in the Democratic Republic of the Congo (DRC) held a handover ceremony for a donation of anti-epidemic materials to the Armed Forces of the DRC (FARDC). The materials were provided by the Chinese People's Liberation Army. Some of the materials included medical masks, forehead thermometers, and protective clothing. The purpose of the donation was to help the DRC further improve its prevention and control capabilities and respond to a new round of epidemic threats. The supplies were officially donated in June 2020 by the People's Liberation Army Air Force.   The handover ceremony was in Kinshasa and was attended by Chinese Ambassador to the DRC Zhu Jing, Congolese Defense Minister Ngoi, Deputy Chief of General Staff Lieutenant General Ndima, Defense Attache Colonel Ma Fei of the Chinese embassy, and Economic and Commercial Counselor Xu Yuanjie.",Grant,0.0
Security,87126,Democratic Republic of the Congo,2018,GOVERNMENT AND CIVIL SOCIETY,China Ministry of National Defense,Government of Democratic Republic of Congo ,China sends 22nd peacekeeping troupe to the Democratic Republic of the Congo. ,"On September 20, 2018, the Chinese government dispatched the 22nd peacekeeping mission to the Democratic Republic of the Congo. The peacekeeping mission will last for a year. According to the Ministry of National Defense of the PRC, the first batch of team was dispatched from Urumqi, Xinjiang on September 20th whereas the second batch would be dispatched on September 28. The first batch includes 100 engineering and medical troops, whereas the second batch includes 218 team members. This peacekeeping mission is in support of the United Nations Stabilization Mission in the Congo (MONUSCO) as China is a supporting partner and the roles of the engineering team include maintaining bridges, roads, blindages, and airports, whereas the medical team will be responsible for treating the wounded, epidemic prevention and humanitarian aid.  On the morning of August 8, 2019, an award ceremony was held to award the ""Peace Medal of Honor"" to 218 officers and soldiers of China's 22nd batch of peacekeeping troops to the Congo.",Grant,0.0
Security,34567,Democratic Republic of the Congo,2009,GOVERNMENT AND CIVIL SOCIETY,People's Liberation Army of China,,Chinese Government sends 10th Peacekeeping Mission to DRC consisting of medical and engineering personnel (Linked to Project ID#87023),"On July 3, 2009, the Chinese Government dispatched the first batch of peacekeepers in the 10th Peacekeeping mission to the Democratic Republic of the Congo. This batch consisted of 218 peacekeepers from the engineering unit and medical unit. On July 12, 2009, the Chinese Government was scheduled to dispatch a second batch of peacekeepers. This batch consisted 118 soldiers and military officers (linked project ID#87023). Both missions were to last for 8 months. They were completed on time.",Grant,0.0
Security,30731,Democratic Republic of the Congo,2013,GOVERNMENT AND CIVIL SOCIETY,People's Liberation Army of China,,Chinese government sends 16th peacekeeping mission to DRC composed of medical and engineering personnel,"On August 7, 2013, the first echelon of the 16th Chinese peacekeeping force to Democratic Republic of Congo totaling 100 officers and men flew from the Xi’an Xianyang International Airport to the mission area to perform eight-month-long peacekeeping operations. The 16th Chinese peacekeeping force to Democratic Republic of Congo is composed of an engineer detachment and a medical detachment with a total of 218 persons. The members of the engineer detachment are from a regiment under the 47th Combined Corps of the Chinese People's Liberation Army (PLA) and the members of the medical detachment are from a hospital of a joint logistics sub-department under the PLA Lanzhou Military Area Command (MAC)._x000D_ _x000D_ The 10th peacekeeping team was sent in 2009 (see project #34567).",Grant,0.0
Security,30089,Democratic Republic of the Congo,2010,GOVERNMENT AND CIVIL SOCIETY,People's Liberation Army of China,Government of Democratic Republic of Congo ,China sends 106 land mine experts for UN Peacekeeping Operation,"In March 2010, China sent a 106 member demining team to the DRC for an eight-month UN peacekeeping operation. This team was part of the 11th peace-keeping team sent by China to the DRC since 2003, and will be joined by a second team. The team, all from the Lanzhou Military Area Command, will carry out landmine detection as well as airport maintenance and medical care._x000D_ ",Grant,0.0
Security,72116,Cuba,2015,GOVERNMENT AND CIVIL SOCIETY,Unspecified Chinese Government Institution,,Cuban Government officials attend economic training course at Shanghai Administration Institute,"From March 25-26, 2015, Cuban Government officials attended a training course at the Shanghai Administration Institute.  There were a total of 25 Cuban students in this training class- consisting of 2 deputy ministerial level, and 23 departmental and divisional senior and intermediate civil servants and corporate executives.  The representatives came from the Cuban Ministry of Economy and Planning, the Ministry of Labor and Social Security, the Ministry of Industry, the Ministry of Energy and Mines, the Ministry of Finance and Price, the Ministry of Internal Affairs, the Ministry of Agriculture, the Ministry of Higher Education, the Ministry of Foreign Trade and Foreign Investment, and the Ministry of Revolutionary Armed Forces.  Relevant fields include: finance, electronics industry, food processing, tobacco, biology and medicine.  The purpose of this seminar is to understand China’s development experience since reforming, particularly in regards to their accumulated experience on the road of economic reform.  Professor Wang Zhiping, director of the Economics Teaching and Research Department, gave lectures on the experiences and inspiration of Shanghai's reform and opening up.  During the training period, the trainees conducted on-site teaching in the Shanghai Pilot Free Trade Zone in order to learn about the main achievements and experiences of the free trade zone construction.   The trainees also visited the Shanghai Pudong Development Bank and listened to special lectures to understand the reform context and competition of the Chinese banking industry.  They also visited the Shanghai Volkswagen Automobile Co., Ltd. and listened to presentations there in order to better understand the role of joint ventures in China's reform process as well as corporate operating models and management mechanisms..",Grant,0.0
Security,66328,Cote d'Ivoire,2017,TRANSPORT AND STORAGE,Unspecified Chinese Government Institution,,China donates vehicles to Cote d'Ivoire Police,"On 13 November 2017, the Chinese Ambassador officially donated vehicles to Cote d'Ivoire's General Directorate of the National Police (La Direction Générale de la Police Nationale). The value of this donation and number of vehicles are unknown. ",Grant,0.0
Security,40184,Haiti,2007,EMERGENCY RESPONSE,Unspecified Chinese Government Institution,Government of Haiti,China sends 95 peacekeeping troops to Haiti,"On April 13, 2007, the United Nations says that more Chinese police have arrived in Haiti to aid its peacekeeping force (MINUSTAH) there. The 95 Chinese officers, including seven women, will be attached to the Formed Police Unit (FPU) in the French-speaking Caribbean country. The new officers, who joined a group of 30 FPU members of the same contingent that arrived on April 4, bring the total number of Chinese officers in Haiti to 125. The UN said, prior to their deployment to Haiti, the officers underwent a five-month training course, covering language, shooting, driving, and combat/defensive tactics. They were the fifth team of Chinese peacekeeping troops in Haiti. They had conducted their mission in Portan-Prince for 8 months and came back to China on December 15, 2007.",Grant,0.0
Security,66323,Cote d'Ivoire,2016,GOVERNMENT AND CIVIL SOCIETY,Unspecified Chinese Government Institution,,China hosts 19 Ivorians for Law Enforcement Training,"On 12 December 2016, the Cote d'Ivoire Embassy in Beijing hosted a reception for 19 Ivorian police commissioners in China for a law enforcement training program. The program value and length are unknown. ",Grant,0.0
Security,66210,Cote d'Ivoire,2013,GOVERNMENT AND CIVIL SOCIETY,Unspecified Chinese Government Institution,,China provides training for 60 Ivorian journalists and policemen,"On 10 October 2013, the Chinese Embassy hosted a send-off ceremony for 60 Ivorian journalists and policemen headed to China for an unspecified training program. The transaction value, program details, and start and end dates are unknown. ",Grant,0.0
Security,66144,Cote d'Ivoire,2006,TRANSPORT AND STORAGE,Unspecified Chinese Government Institution,,China donates 4 police cars to Cote d'Ivoire,"On 8 June 2006, the Chinese Ambassador officially donated four police cars to the Government of Cote d'Ivoire to protect government officials. The value of this donation is unknown. ",Grant,0.0
Security,66015,Cote d'Ivoire,2018,GOVERNMENT AND CIVIL SOCIETY,Unspecified Chinese Government Institution,Cote d'Ivoire Armed Forces,Chinese Embassy donates office supplies to Cote d'Ivoire Armed Forces,"On November 8, 2018, the Chinese Ambassador to Cote d'Ivoire, Tang Weibin, officially donated office supplies including desks, computers, printers, and chairs to the Armed Forces of Cote d'Ivoire. A donation ceremony was held and was attended by the Military official from the Chinese Embassy, Colonel Song Feng, and the Chief of the General Staff 10 officers from the Armed Forces of Cote d'Ivoire. The value of this donation is unknown. ",Grant,0.0
Security,37318,Costa Rica,2012,GOVERNMENT AND CIVIL SOCIETY,Unspecified Chinese Government Institution,Government of Costa Rica,China donates 200 police cars to Costa Rica,"In 2002, China donated 200 police patrol cars to Costa Rica. Police will receive 150 of the cars and the traffic police will receive another 50. This donation is not to be confused with the donation of 200 police cars in 2008._x000D_ ",Grant,0.0
Security,30524,Congo,2012,EMERGENCY RESPONSE,Unspecified Chinese Government Institution,Government of Republic of Congo,China donates emergency equipment to Congo following the March 2012 arms depot explosion,"On 4 March 2012, an arms depot in Mpila run by the Congolese armed forces exploded. It killed 280 people, injured 2,500 people, and wrecked neighborhoods in seven different localities. In response, the Chinese government donated 480 insecticide-treated mosquito nets, 80 transistor radios, and 8 solar-powered streetlights to assist victims and newly homeless. The value of this donation is unknown.   China also donated 3 million USD to Congo following the blast (#30708).",Grant,0.0
Security,57311,Comoros,2016,GOVERNMENT AND CIVIL SOCIETY,Unspecified Chinese Government Institution,,China donates 30 computers to the police stations of the National Police in Comoros,"On December 1, 2016, the Chinese Ambassador to Comoros informed the president of Comoros that 30 computers had been donated to the police stations of the Comoros National Police. The cost of this donation is unclear.",Grant,0.0
Security,54975,Chile,2017,GOVERNMENT AND CIVIL SOCIETY,Unspecified Chinese Government Institution,,China donates 10 bikes to the Second Police Station of Santiago,"On 8 August 2017, China donated 10 bicycles to staff of the Second Police Station of Santiago (la Segunda Comisaría de Carabineros de Santiago). The handover ceremony was presided over by the mayor of Santiago, Felipe Alessandri, and the Chinese ambassador to Chile, Li Baorong.",Grant,0.0
Security,55852,Chad,2018,GOVERNMENT AND CIVIL SOCIETY,Unspecified Chinese Government Institution,Government of Chad,China donates police training equipment to Chad in 2018,"On April 16, 2018, China donated police training equipment to Chad. The ceremony was overseen and attended by Ambassador Wu Jie and the Minister of Territorial Administration, Public Security and Local Administration, Ahmed Mohamed al-Bashir. The donation amount of the project is unknown.",Grant,0.0
Security,92901,Central African Republic,2021,GOVERNMENT AND CIVIL SOCIETY,China Ministry of Public Security,Ministry of Internal Affairs and Public Security of the Central African Republic,Chinese Ministry of Public Security provides police materials to the Central African Republic Ministry of Internal Affairs and Public Security in December 2021,"On December 21, 2021, the Chinese Ministry of Public Security donated police materials to the Central African Republic Ministry of International Affairs and Public Security. The Chinese Ambassador, Chen Dong, attended the handover ceremony and signed the handover certificate with the Central African Republic Minister of Public Security, Nassan. The specific materials and the monetary value are unknown. ",Grant,0.0
Security,55702,Central African Republic,2018,GOVERNMENT AND CIVIL SOCIETY,Fujian Police Academy,Central African Republic's Armed Forces,Fujian Policy Academy trains 20 members of the Central African Republic Presidential Guard,"On November 20, 2018, the Fujian Police Academy began a two-week training course for members of the Central African Republic's Presidential Guard. The training covered topics such as free-hand fighting, escort protection, and emergency handling. On December 3, the completion ceremony of the Presidential Guard Training Course was held at the Presidential Palace of the Central African Republic. President Tuvadela and Ambassador Chen Dong respectively issued training completion certificates to 20 trainees. Including President Tuvadla, Chinese Ambassador to Central Africa Chen Dong, and Director of the Central African Presidential Palace Nguelbada, the Fujian Police Academy instructor group,  more than 50 people attended the event. ",Grant,0.0
Security,35924,Equatorial Guinea,2007,GOVERNMENT AND CIVIL SOCIETY,Unspecified Chinese Government Institution,Equatorial Guinea Ministry of Finance,China donates 10 motor tricycles to the Ministry of Finance in Equatorial Guinea,"On March 7, 2007, China donated 10 motor tricycles to the tax police in Ministry of Finance in Equatorial Guinea. ",Grant,0.0
Security,92801,Equatorial Guinea,2020,HEALTH,Unspecified Chinese Government Institution,Ministry of National Security of Equatorial Guinea,Chinese Government donates anti-epidemic materials to the Ministry of National Security for Equatorial Guinea,"On September 22, 2020, a ceremony was held for the handover of anti-epidemic materials from the Chinese Ambassador to Equatorial Guinea, Qi Mei on behalf of the to the Minister of State for National Security of Equatorial Guinea. The exact contents and value of this donation are unknown.  ",Grant,0.0
Security,55800,Eritrea,2017,GOVERNMENT AND CIVIL SOCIETY,Chinese Embassy,Government of Eritrea,Chinese Embassy donates different materials including computers and printers to Eritrean government and other organizations,"According to an article published by Eritrea-Ministry of Information in October 31, 2017, the Embassy of the People’s Republic of China donated different materials to different government, PFDJ and national associations in Eritrea in 2017. The material donation includes computers, printers, photocopiers, laptops, UPS, video cameras and stationeries as well as information system materials and wheelchairs for the disabled. The donation was made to the Eritrean Ministries of Information, Finance, Foreign Affairs, Agriculture, Labor and Human Welfare as well as to the PFDJ, Police, Commission of Culture and Sports, and the NUEW. The value of this donation is unknown. This project is completed.",Grant,0.0
Security,85105,Eritrea,2001,GOVERNMENT AND CIVIL SOCIETY,Unspecified Chinese Government Institution,Government of Eritrea,Chinese Government grants Mine Sweeping equipment to Eritrea (linked to #601),"On November 12, 2001, China donated mine-sweeping equipment to Eritrea. Chinese Ambassador to Eritrea Chen Zhanfu, Eritrean officials and Chinese military experts were present at the ceremony. Officials from the Chinese embassy said that Chinese military experts will conduct personnel training for Eritrea and go on a fact-finding mission to learn about landmine conditions in the country.    On this occasion it was reported that in 2001, China provided mine-detecting and clearance equipment to seven mine-affected countries (project #601).",Grant,0.0
Security,40183,Haiti,2004,EMERGENCY RESPONSE,Unspecified Chinese Government Institution,Government of Haiti,China sends 125 Police Officers to support UN peacekeeping operations in Haiti,"On October 17, 2004, 90 Chinese peacekeeping police officers arrived in Port-au-Prince, joining 35 others who arrived on September 18 of the same year, for a sixth-month peacekeeping mission in Haiti. The peacekeeping force is a part of the United Nation's mission in Haiti to secure the state after the coup d'état at the start of 2004, with the Chinese police officers specifically being overseen by the Chinese Ministry of Public Security and the riot squad's commander, Zhao Xiaoxun. The mission has been completed.",Grant,0.0
Security,98456,Guyana,2006,GOVERNMENT AND CIVIL SOCIETY,Unspecified Chinese Government Institution,Guyana Police Force,Chinese Government donates 100 walkie-talkies to the Guyana Police Force,"On July 31, 2006, the Chinese Government donated 100 walkie-talkies produced by Shenzhen Haoyitong Technology Co., Ltd. to the Guyana Police Force (GPF). The specific walkie-talkie model was the TC-700 Professional Walkie-Talkie (also known as the Hytera TC-700 Professional Two-way Radio). The donation came after a request from the Guyanese side and was expected to help maintain order during the August 2006 Guyanese general election.",Grant,0.0
Security,86003,Guinea,2019,GOVERNMENT AND CIVIL SOCIETY,Chinese Embassy,Guinea Ministry of Security and Civil Protection,Chinese Embassy donates motorcycles to the Guinea National Police Headquarters,"On November 29, 2019, the Chinese Ambassador to Guinea and the Minister of Security and Civil Protection of Guinea held the handover ceremony of motorcycles donated by the Chinese Embassy. The donation is thought to improve the maintenance of local public order. The value of the donation is not known. The Director of the National Police and more than 400 officers attended the ceremony. ",Grant,0.0
Security,64652,Guinea,2014,GOVERNMENT AND CIVIL SOCIETY,Unspecified Chinese Government Institution,Guinea Ministry of Security and Civil Protection,Chinese Government donates fans and air conditioners to the Guinea Ministry of Security and Civil Protection,"On December 31, 2014, the Chinese Ambassador to Guinea, Bian Jianqiang officially handed over a batch of equipment to the police school affiliated to the Ministry of Security and Civil Protection of Guinea. This donation included air conditioners and fans which would be used to improve working conditions. The value of these goods is unknown. ",Grant,0.0
Security,64625,Guinea,2016,GOVERNMENT AND CIVIL SOCIETY,Unspecified Chinese Government Institution,Government of Guinea,Chinese Government donates security equipment to Guinea's Ministry of Security and Civil Protection,"On August 19, 2016, the Chinese Ambassador to Guinea, Bian Jianqiang attended a ceremony for the donation of security equipment to Guinea's Ministry of Security and Civil Protection. This assistance was aimed to help the ministry build its capacity, improve its working conditions, and to strengthen Guinea's police force. The project was completed with the handover ceremony on August 19, 2016. ",Grant,0.0
Security,64605,Guinea,2017,GOVERNMENT AND CIVIL SOCIETY,Unspecified Chinese Government Institution,Guinea Ministry of Security and Civil Protection,Chinese Government donates 30 motorcycles to the Guinea Ministry of Security and Civil Protection,"On July 14, 2017, the Chinese Ambassador officially handed over a batch of 30 motorcycles to the Guinea Ministry of Security and Civil Protection. This donation was used to strengthen the Road Safety Bureau of the Ministry. The value of this donation is unknown. ",Grant,0.0
Security,91513,Grenada,2020,HEALTH,Unspecified Chinese Government Institution,Carriacou Police Station,China donates anti-epidemic supplies to Carriacou Police Station in December 2020,"On December 10, 2020, the Chinese Embassy in Grenada donated masks and other anti-epidemic supplies to Carriacou Police Station. The purpose of this donation is to maintain a good cooperation in the fields of police, justice, anti-corruption between China and Grenada.",Grant,0.0
Security,60128,Ghana,2017,TRADE POLICIES AND REGULATIONS,Unspecified Chinese Government Institution,Government of Ghana,Chinese Government donates security equipment to Ghana,"On January 4, 2017, the Chinese government donated security equipment, including 3 sets of x-ray baggage scanners, 3 sets of walk-through metal detectors, 100 sets of handheld metal detectors and 1 human body security detector to Ghana. They were installed with the help of technicians from China Nuctech Company Limited.   The donation was first announced in the previous year during a visit by Yu Zhengsheng, Chairman of the National Committee of Chinese Political Consultative Conference (CPPCC), and the handover ceremony was overseen by Sun Baohong, Chinese Ambassador to Ghana. ",Grant,0.0
Security,58484,Ghana,2014,GOVERNMENT AND CIVIL SOCIETY,Unspecified Chinese Government Institution,Government of Ghana,Chinese Government organizes counter-IED training for Ghanaian security officials,"From May 12 to June 10, 2014, the Chinese government sponsored a Counter-IED training course for Ghanaian security staff. The training courses were held in China, and attended by 20 security staff members from airports across Ghana, including Kotoka International Airport. Before they left, they were visited by Gao Wenzhi, Chinese Ambassador to Ghana, and Charles Asare, manager of the airport. ",Grant,0.0
Security,56814,Gambia,2018,GOVERNMENT AND CIVIL SOCIETY,Chinese Embassy,Gambia Ministry of Internal Affairs and Government,Chinese Embassy donates 20 police motorcycles to Ministry of the Interior for police forces in Gambia,"On January 24th, 2018, Zhang Jiming, the Chinese ambassador to the Gambia, attended a handover ceremony where several police motorcycles were donated to the Gambian Ministry of Internal Affairs and Government. The Permanent Secretary of the Ministry of the Interior, Diba, and Police Chief, Jin Te, attended the handover ceremony at the Kairaba Police Station in Fajara. These 2 motorcycles went to the Gambian police department. It will help improve the efficiency of Gambia’s traffic police on duty, increase police-civil contacts, and improve Gambia's traffic management and public order.",Grant,0.0
Security,532,Gabon,2007,HEALTH,Unspecified Chinese Government Institution,Government of Gabon,Medical aid during Peace Angel 2009 (linked to ID#286 and ID#23566),"During Peace Angel 2009, held June 21-28, 2009 in Makokou, Ogooue-Ivindo Province, the Chinese Academy of Military Medical Sciences, the Bai Qiuen [Norman Bethune] International Peace Hospital, and the Gabonese Military, jointly diagnosed and treated over 18,000 people within the space of five days, performing more than 300 operations. The initiative was part of the Peace Angel 2009 military training and was implemented by over 60 medical and epidemic prevention staff.   Peace Angel 2009 also included professional training and a rescue exercise (captured in project ID#286), as well as the donation of equipment to the Gabonese military (captured in project ID#23566).",Grant,0.0
Security,96583,Fiji,2021,OTHER SOCIAL INFRASTRUCTURE AND SERVICES,China Ministry of National Defense,The Republic of Fiji Military Forces (RFMF),Chinese Defense Attaché provides soccer supplies to Fiji Army football team in November 2021,"On November 23, 2021, the Chinese Defense Attaché, Senior Colonel Yu Ke, donated soccer supplies to the Fiji Army football team. The supplies included soccer balls, carry bags, water bottles, training cones, whistles, and goalkeeper gloves. This donation was made to support the football team as they returned to regularly scheduled games after a three year hiatus. The monetary value of this donation is unknown.  A handover ceremony was held for this donation. At the ceremony, Fiji Army Football President, Lieutenant Alfaaz Mohammed, thanked Chinese Defense Attaché Yu Ke for the donation.",Grant,0.0
Security,90313,Fiji,2014,GOVERNMENT AND CIVIL SOCIETY,China Ministry of Public Security,"Fiji Ministry of Defense, National Security and Policing ","China trains third attachment of Fijian police officers 2014 (Linked to Project #64694, 39407, 64696)","In June 2014, two Fijian police officers went to Guangzhou, China, for a three-month training program. This was the third group of Fijian police officers to travel to China for training. Project #39407 captures the second attachment of officers in 2013.  On April 18, 2011, China Ministry of Public Security signed a Memorandum of Understanding (MoU) with Fiji's Ministry of Defence, National Security and Policing about police cooperation on anti-terrorism and anti-crime. According to the MoU, the two sides will provide training of police personnel and meeting of working groups, and will also have technical cooperation in police science and the technology of police equipment. The MoU has an effective period of 5 years. Trainings are conducted by China's the Ministry of Public Security, and by 2015 around 60 Fijian officers had participated in training exchanges. In 2017, the MoU was extended for a further five years.",Grant,0.0
Security,90312,Fiji,2017,GOVERNMENT AND CIVIL SOCIETY,China Ministry of Public Security,"Fiji Ministry of Defense, National Security and Policing ","China Provides Fifth Batch of Police Attaches 2017 (linked to project ID#64964, 49130, 90311,90310 )","In 2017, two police officers from China visited Fiji on a sixth month tour to provide assistance and training to the Fiji police. Both of the officers were specialized in criminal investigations and international co-operation. This is the fifth batch of police attaches from China to visit Fiji.   Project #64964: first attachment of officers in 2011 Project #49130: third attachment of officers in 2015 Project #90311: fourth attachment of officers in 2016 Project #90312: fifth attachment of officers in 2017 Project #90310: sixth attachment of officers in 2018  On April 18, 2011, China Ministry of Public Security signed a Memorandum of Understanding (MoU) with Fiji's Ministry of Defence, National Security and Policing about police cooperation on anti-terrorism and anti-crime. According to the MoU, the two sides will provide training of police personnel and meeting of working groups, and will also have technical cooperation in police science and the technology of police equipment. The MoU has an effective period of 5 years. Trainings are conducted by China's the Ministry of Public Security, and by 2015 around 60 Fijian officers had participated in training exchanges. In 2017, the MoU was extended for a further five years.",Grant,0.0
Security,90311,Fiji,2016,GOVERNMENT AND CIVIL SOCIETY,China Ministry of Public Security,"Fiji Ministry of Defense, National Security and Policing ","China Provides Fourth Batch of Police Attaches 2016 (linked to project ID#64964, 49130, 90312, 90310)","On December 13, 2016, the two Chinese police attaches left Fiji after a six-month tour of duty. The two officers specialized in operational command centre concepts and traffic. They provided assistance and training to police officers in Fiji. This was the fourth batch of police officers from China to visit Fiji.  Project #64964: first attachment of officers in 2011 Project #49130: third attachment of officers in 2015 Project #90311: fourth attachment of officers in 2016 Project #90312: fifth attachment of officers in 2017 Project #90310: sixth attachment of officers in 2018  On April 18, 2011, China Ministry of Public Security signed a Memorandum of Understanding (MoU) with Fiji's Ministry of Defence, National Security and Policing about police cooperation on anti-terrorism and anti-crime. According to the MoU, the two sides will provide training of police personnel and meeting of working groups, and will also have technical cooperation in police science and the technology of police equipment. The MoU has an effective period of 5 years. Trainings are conducted by China's the Ministry of Public Security, and by 2015 around 60 Fijian officers had participated in training exchanges. In 2017, the MoU was extended for a further five years. ",Grant,0.0
Security,90310,Fiji,2018,GOVERNMENT AND CIVIL SOCIETY,China Ministry of Public Security,"Fiji Ministry of Defense, National Security and Policing ","China Provides Sixth Batch of Police Attaches 2018 (linked to project ID#64964, 49130, 90311, 90312)","On July 3, 2018, the Chinese ambassador to Fiji met with the sixth police delegation from China to Fiji. The officers were to assist with the training and development of the Fiji police force.  Project #64964: first attachment of officers in 2011 Project #49130: third attachment of officers in 2015 Project #90311: fourth attachment of officers in 2016 Project #90312: fifth attachment of officers in 2017 Project #90310: sixth attachment of officers in 2018  On April 18, 2011, China Ministry of Public Security signed a Memorandum of Understanding (MoU) with Fiji's Ministry of Defence, National Security and Policing about police cooperation on anti-terrorism and anti-crime. According to the MoU, the two sides will provide training of police personnel and meeting of working groups, and will also have technical cooperation in police science and the technology of police equipment. The MoU has an effective period of 5 years. Trainings are conducted by China's the Ministry of Public Security, and by 2015 around 60 Fijian officers had participated in training exchanges. In 2017, the MoU was extended for a further five years.  ",Grant,0.0
Security,89269,Fiji,2019,OTHER SOCIAL INFRASTRUCTURE AND SERVICES,Unspecified Chinese Government Institution,Fiji Police Force,Chinese Government funds two-week training targeting drug intervention for 33 Fijian police officers ,"In July 2019, the Chinese Government funded a two week training for 33 police officers from Fiji with the goal of improving investigations into drug cases. The training was facilitated by eight police officers from China's Shandong Province Narcotics Team. Fiji's Deputy Police Commissioner Rusiate Tudravu attended the opening of the two-week training session on July 15, 2019.",Grant,0.0
Security,65187,Fiji,2018,HEALTH,Unspecified Chinese Government Institution,Government of the Republic of Fiji ,Chinese hospital ship Peace Ark provides free medical service to Fijians as part of Harmony Mission 2018,"On August 2, 2018, the Chinese naval hospital ship, Peace Ark (和平方舟), visited Suva, the capital of Fiji,  on an eight-day visit as part of its Harmony Mission 2018. Several medical teams were also sent to the local health centers for joint consultation and treatment and a staffed medical helicopter staff flew to a local island to provide service. During the visit, the ship has diagnosed and treated a total of 6577 people, performed 3074 various auxiliary examinations, admitted 26 people to hospital, and completed 32 operations. The ship left Fiji in August 9, 2018.   Fiji was the third stop on this mission and the Peace Ark has visited Fiji once before in 2014, as recorded in project #39414. ",Grant,0.0
Security,64694,Fiji,2011,GOVERNMENT AND CIVIL SOCIETY,China Ministry of Public Security,,"China and Fiji cooperate on police training in 2011 (Linked to Projects #39407, #49130, #90311, #90312, Project #90310)","On April 18, 2011, China Ministry of Public Security signed a Memorandum of Understanding (MoU) with Fiji's Ministry of Defence, National Security and Policing about police cooperation on anti-terrorism and anti-crime. According to the MoU, the two sides will provide training of police personnel and meeting of working groups, and will also have technical cooperation in police science and the technology of police equipment. The MoU has an effective period of 5 years.  This project is ongoing and trainings provided by China include: Project #39407: second attachment of officers in 2013 Project #49130: third attachment of officers in 2015 Project #90311: fourth attachment of officers in 2016 Project #90312: fifth attachment of officers in 2017 Project #90310: sixth attachment of officers in 2018  Trainings are conducted by China's the Ministry of Public Security, and by 2015 around 60 Fijian officers had participated in training exchanges. In 2017, the MoU was extended for a further five years, and another batch of Fijian officers was invited by the Ministry of Public Security to attend training in Hubei Province. Equipment worth FJD 670,000 was also donated to the police force at that time (see Project #64696).",Grant,0.0
Security,63780,Fiji,2011,OTHER SOCIAL INFRASTRUCTURE AND SERVICES,Unspecified Chinese Government Institution,,China implements 2011 Chinese Wushu Coaching Program in Fiji,"On August 10, 2011, the ""2011 Chinese Wushu Coaching Programme"" was officially launched in Fiji. The program ended on October 19, 2011_x000D_ _x000D_ The 2011 Chinese Wushu Coaching Program is a cultural exchange program promoted and materialized by the Embassy of the People's Republic of China and the Department of Youth and Sports of Fiji government. The martial arts and tai chi program will be opened to interested members of the public every Saturday at the Civic Centre and every Wednesday for the police and military personnel._x000D_ _x000D_ This program was launched after the success of the Tai Chi coaching program in 2010 (see project #63779).",Grant,0.0
Security,63779,Fiji,2010,OTHER SOCIAL INFRASTRUCTURE AND SERVICES,Unspecified Chinese Government Institution,,China implements Tai Chi coaching program in Fiji in 2010,"On September 15, 2010, the Chinese Tai Chi coaching program was launched in Suva, Fiji. This Tai-Chi coaching program was conducted by China Wushu Association under the invitation of the Fiji government and will last for three months. The program ended on November 29, 2011. _x000D_ _x000D_ The program covers the coaching of Fiji public servants, the general public, as well as the local Chinese community. Interested learners from the Fiji Police Force and the Fiji Military Forces will also participate in the session during the Civil Service Weekly Programmes normally held on Wednesdays.",Grant,0.0
Security,49130,Fiji,2015,GOVERNMENT AND CIVIL SOCIETY,China Ministry of Public Security,,China trains third attachment of Fijian police officers (Linked to Project #64694),"On April 30, 2015, two expert police officers from the People's Republic of China arrived in Fiji to share their knowledge and expertise with local officers in forensics, traffic management, and other areas on behalf of the Chinese Ministry of Public Security. This is the third attachment of officers being trained under the Memorandum of Understanding on police cooperation signed in 2011 between China's Ministry of Public Security and Fiji's Ministry of Defence, National Security and Policing (see Project #64694).",Grant,0.0
Security,39407,Fiji,2011,GOVERNMENT AND CIVIL SOCIETY,China Ministry of Public Security,,China trains second attachment of of Fijian police officers (Linked to Project #64694),"On November 15, 2013, the Embassy of the People s Republic of China to Fiji hosted a ceremony for 15 senior police officers who will undergo training in China for three weeks. The objective is to give the Fiji police force an opportunity to grow in terms of leadership, co-operation, exchange, network, building our capability, knowledge, and skills. This is the second attachment of officers being trained under the Memorandum of Understanding on police cooperation signed in 2011 between China's Ministry of Public Security and Fiji's Ministry of Defence, National Security and Policing (see Project #64694).",Grant,0.0
Security,93295,Zimbabwe,2020,HEALTH,Unspecified Chinese Government Institution,Government of Zimbabwe,Chinese Government donates personal protective equipment in August 2020 to Zimbabwe,"On August 27, 2020, Zimbabwe received a donation of personal protective equipment (PPE) from the Chinese government, which included tests kits, face masks, ventilators, and oxygen generators form the Chinese Government. The donation was presented through a virtual meeting by the Chinese ambassador to Zimbabwe to the President of Zimbabwe, Health and Childcare Minister, Defense and War Veterans Affairs Minister.",Grant,0.0
Surveillance,47031,Senegal,2015,TRANSPORT AND STORAGE,Export-Import Bank of China (China Eximbank),Government of Senegal ,China Eximbank provides $690.7 million preferential buyer’s credit loan for 113km Thiès-Touba Toll Road Project,"On June 8, 2015, China Eximbank and the Government of Senegal signed a preferential buyer’s credit (PBC) agreement worth USD 690,728,949 for the Thiès-Touba Toll Road Project. The PBC reportedly carries the following terms: a 25-year maturity, a 5-year grace period, and a 2% interest rate. The purpose of this loan was to cover 85% of the total project cost equal to $812 million.   This project involved the construction of a 112.933 km, four-lane, toll road between the city of Touba and the city of Thiès and the installation of tolling and video surveillance equipment. The purpose of the project was to connect two of the country’s primary growth areas by linking Touba, Senegal’s second-largest city, with the existing highway network in Thiès, on the perimeter of Dakar, the country’s dominant urban area. The road was designed to conform with French codes and standards.   CCCC First Highway Consultants Co. Ltd. was responsible for the design of the project. China Road and Bridge Corporation (CRBC), a subsidiary of China Communications Construction Company, was the general contractor responsible for project implementation. CCCC First Navigation Engineering Bureau Co., Ltd. also served as subcontractor. The project commenced on January 16, 2016 and it was originally anticipated that the project would reach completion within 45 months (with a defect liability period of 12 months). However, the road was ultimately completed opened for traffic on December 20, 2018. Then, on February 1, 2019, the road officially began toll operations.",Loan,722639508.43092
Surveillance,30450,Nigeria,2010,GOVERNMENT AND CIVIL SOCIETY,Export-Import Bank of China (China Eximbank),Government of Nigeria ,China Eximbank provides $399.5 preferential buyer’s credit for Nigeria National Public Security Communication System Project,"On August 7, 2010 the Government of Nigeria signed a $470 million commercial contract with ZTE for the Nigeria National Public Security Communication System Project. Then, on December 20, 2010, China Eximbank and the Government of Nigeria signed a $399.5 million preferential buyer’s credit (PBC) agreement for the Nigeria National Public Security Communication System Project (NPSCS). The proceeds from the PBC were used to finance 85% of the cost of the commercial contract with ZTE. The Government of Nigeria agreed to fund the remaining 15% ($70.5 million) itself. The PBC carried the following borrowing terms: a 20 year maturity, a 7 year grace period, and a 2.5% interest rate. The final maturity date of the loan is September 21, 2030.   As of December 31, 2020, Nigeria’s Debt Management Office (DMO) reported that the China Eximbank PBC (loan) had achieved a 100% disbursement rate ($399.5 million) and the borrower had made interest repayments worth $89.04 million and principal repayments worth $92.19 million to the lender. As such, the loan’s (principal) amount outstanding, as of December 31, 2020, was $307.31 million.   The Nigeria National Public Security Communication System Project had five subcomponents. The first subcomponent was a Global Open Trunking Architecture (GoTa) Sub-system, which is a CDMA-based voice and data telecommunications system with national coverage that operates through Mobile Switch Centers (MSCs) in Lagos and Abuja, 12 Base Station Controller (BSCs), 675 Base Transceiver Station (BTSs) and 21 Microwave repeaters. The GoTa system supported the deployment of 1.5 million subscriber lines. The second subcomponent was Video Surveillance Subsystem, which involved the installation of approximately 2,000 solar-powered CCTV cameras in Abuja and Lagos. The CCTV cameras were reportedly installed to monitor and reduce criminal activities including attacks, kidnappings and killings. The third subcomponent was a Video Conferencing Subsystem, which provided a platform for real time video conferencing for the Nigeria Police Force across all commands and the Force Headquarter. The fourth subcomponent was an E-policing Subsystem, which facilitated the deployment of E-policing databases. The fifth subcomponent was the Coalition Emergency Response subsystem, which provided a platform for national emergency communication using the short code of 911 for emergency and distress calls and 912 for anonymous security information. This subsystem also reportedly enabled the carried the security agencies to carry out coordinated responses.   This project commenced in 2011 and it was completed in 2012, but its precise completion date is unknown. It has, however, been plagued by controversies and various problems. In 2011, Nigeria’s House of Representatives investigated compliance with due process in the award of the contract and the execution of the project by ZTE Corporation. In 2014, Nigeria’s Federal High Court ordered the Economic and Financial Crimes Commission to investigate if there was corruption in the contract awarding process. Then, in 2019, Nigeria’s Federal High Court approved the Socio-Economic Rights and Accountability Project to investigate the Federal Government’s use of the loan proceeds.    After the completion of the project, the communication network laid idle for many years because of the high cost of administering and maintaining it. The network was also badly vandalized. In reference to the Video Surveillance Subsystem, the News Agency of Nigeria (NAN) has reporting that ‘virtually all its infrastructure had been removed or destroyed by motorists through accidents.’ In 2018, Nigeria’s federal government announced plans to revive the National Public Security Communication System, including the vandalized CCTV cameras in Abuja and Lagos.",Loan,513812320.004279
Surveillance,53207,Zambia,2017,COMMUNICATIONS,Export-Import Bank of China (China Eximbank),Government of Zambia,[Disbursed] China Eximbank disbursed $265.38 million for $302 million government concessional loan for Phase 2 of the Communication Towers Project (Linked to Record ID#107876),"In April 2016, the Government of Zambia and Huawei Technologies Co., Ltd. signed an MOU on Phase 2 of the Communication Towers Project. Then, on August 4, 2017, the Chinese Government and the Government of Zambia signed a preferential loan framework agreement for Phase 2 of the Communication Towers Project. On the same day, China Eximbank and the Government of the Government of Zambia's Ministry of Finance also signed a $302,034,321.68 government concessional loan (GCL) agreement for Phase II of the Smart Zambia National ICT Development Project. The borrowing terms of the GCL are unknown. However, it is known that the Zambian Ministry of Finance on-lent the proceeds of the loan to Zamtel. It is also known that the borrower was expected to use the proceeds of the loan to finance 100% of the cost of a commercial contract [ID#MTWSC/PSU/G/04/15] between the Government of Zambia's Ministry of Transport and Communication and Huawei Technologies Co., Ltd., which was signed on August 12, 2016.   According to Ministry of Transport and Communications of Zambia, by the fourth quarter of 2018, the loan had achieved an 30.3% disbursement rate ($91,637,435.75 out of $302,034,321.68). As of July 2022, the Ministry of Finance & National Planning (MOFNP) of Zambia reported that the loan had achieved an 87.8% disbursement rate ($265,379,267.74 out of $302,034,321.68).   Phase 2 involved the construction of 808 communication towers, 1,009 2G, 3G and 4G wireless stations, as well as the installation of a matched transmission network and user access terminals in unserved and under-served areas. The broad objective is to improve communication services and reach 92 percent network coverage countrywide. Another objective is to ensure that 40 percent of the country has access to data services (from a baseline level of 5 percent). The targets of these communication towers will be relatively population dense villages and economically active areas like hospitals, schools, mines, and tourist areas. This is in line with the country's goal to provide universal access to information via information and communications technology (ICT).   Huawei Technologies Co., Ltd. is the contractor responsible for project implementation. Its work is being overseen by Zambia Telecommunications Company Limited (Zamtel).  Project implementation commenced in September 2017. 600 communication towers were erected in 2018 and 400 additional towers were scheduled for installation in 2019. As of June 2020, 708 communication towers were operational and project completion was scheduled for December 2020. As of March 2021, the project had achieved a 78% completion rate. On July 29, 2022, the Ministry of Finance & National Planning (MOFNP) of Zambia announced that it was seeking lender approval to formally cancel the loan’s undisbursed balance ($36,655,053.94); however, it also noted that it had not yet secured formal lender approval for this action. This announcement came approximately 21 months after the Government of Zambia defaulted on its repayment obligations to Eurobond holders and approximately 6 weeks after China, France, and 14 other countries formed a creditor committee to discuss the Zambian authorities’ request for a debt treatment under ‘the Common Framework for Debt Treatment beyond the DSSI’ endorsed by the G20 and the Paris Club. MOFNP also announced on July 29, 2022 that it planned to finance the completion of Phase 2 of the Communication Towers Project with general government revenues.  Then, in 2024, the Zambia's Auditor General revealed that 'the [China Eximbank] loan was to be repaid using the funds to be generated from the same project. However, the sites in question were in most instances deployed in areas that were not commercially viable and could not generate sufficient revenue to cover operations related to the project and service the loan. Zamtel’s failure to service the on-lent [loan] had been on account of low revenue generation from the low-income areas which were being served by the sites that were deployed under the GRZ Communications Towers II project.'",Loan,282397079.76824
Surveillance,86361,Ghana,2019,GOVERNMENT AND CIVIL SOCIETY,Export-Import Bank of China (China Eximbank),Ghana Ministry of Finance,China Eximbank provides $199.4 million preferential buyer’s credit for Phase 2 of Integrated National Security Communications Enhancement Network (ALPHA) Project,"On December 4, 2019, China Eximbank and the Government of Ghana’s Ministry of Finance signed a $199,413,626.10 preferential buyer’s credit (PBC) agreement [CHINA EXIMBANK PBC NO. (2019) 12 TOTAL NO. (495)] for Phase 2 of the Integrated National Security Communications Enhancement Network (ALPHA) Project. The PBC was approved by the Ghana’s Cabinet on October 30, 2019 and Ghana’s Parliament on November 18, 2019. It carries the following borrowing terms: a 20 year maturity, a 5 year grace period, a 2.5% interest rate, a 0% default (penalty) interest rate, a 0.8% management fee ($1,595,309.01), and a 0.5% commitment fee. The proceeds of the PBC are to be used by the borrower to finance 85% of the cost of a  $234,604,266.00 commercial contract between Ghana’s Ministry of National Security, Huawei Technologies Co., Ltd., and China Machinery Engineering Corporation (CMEC), which was signed on on December 5, 2018.   According to the Government of Ghana’s Development Cooperation Management Information System (Gh-DCMIS), as of May 2022, the $199,413,626.10 loan (PBC) achieved a 85.6% disbursement rate, with China Eximbank making 10 loan disbursements (worth $170,828,621.44) between 2020 and 2022: a $9,131,598.30 disbursement on June 30, 2020, a $14,328,828.30 disbursement on June 30, 2020, a $32,812,908.66 disbursement on July 7, 2020, a $10,494,000.00 disbursement on December 23, 2020, a $10,852,912.32 disbursement on August 13, 2021, a $29,267,962.57 disbursement on August 17, 2021, a $11,568,361.29 disbursement on December 8, 2021, a $32,669,160.15 disbursement on December 23, 2021, and a $8,244,954.15 disbursement on December 28, 2021, and a $11,457,935.70 disbursement on June 30, 2022. The loan’s (principal) amount outstanding was GHS 570,480,000 ($101,871,428) as of December 31, 2020 and GHS 956,100,000 ($183,865,384) as of December 31, 2021. By May 2022, the loan’s grace period had not yet expired and its total amount outstanding (including principal and amortized interest) was $170,828,621.44. The Government of Ghana’s Ministry of Finance and Barclay’s Bank of Ghana Limited also signed a $35.5 million loan agreement for Phase 2 of the Integrated National Security Communications Enhancement Network (ALPHA) Project.   The main objectives of the project are as follows: (a) improve communications network coverage from its patchy status to nationwide coverage; (b) increase CCTV cameras from current 800 to around 10,000, with the introduction of additional sensors for effective law enforcement, border security and attendance to other pertinent national security related matters; (c) provide a dedicated backbone big data network for secure intelligence dissemination; (d) build a backup national Command Centre and data centre for incident coordination and secure storage; (e) modernize the command and operations centers of stakeholder institutions to align with the national Command center and; (f) provide additional handset terminals for use by law enforcement, security and intelligence agencies. The main components of the project include (1) an expansion of a video monitoring system (deploying video monitoring cameras to more cities since Phase 1 mainly deployed in Accra); (2) an expansion of an eLTE network (since the existing network only covers major cities); (3) microwave transmission (to solve the problem of the eLTE network transmitting back to the center); (4) capacity expansion of the Automatic Number Plate Recognition (ANPR at high-speed intersections and main roads to capture and record vehicles violating the regulations; (5) a video transmission network (including a metropolitan area network and access network); (6) an intelligent video analysis system (such as video abstraction, behavior analysis, blacklist detection); and (7) data center expansion (including an expansion of the existing Accra data center to support the deployment of additional equipment and the construction of a new data center for back up purposes in Kumasi).   Huawei Technologies Co., Ltd. and China Machinery Engineering Corporation (CMEC) are the contractor responsible for implementation. Project implementation commenced in January 2020 and the project was originally expected to reach completion in 18 months (July 2021). However, logistical challenges related to the Covid-19 pandemic led to project implementation delays. The project is now scheduled to reach completion in December 2021. To date, 6,500 cameras has been installed, and more than over 4,000 cameras are powered and online (mainly in Accra, Kumasi and other regional capitals). Albert Kan-Dapaah, the Minister of National Security, told the country’s parliament that ‘[t]his installation has aided us to detect many infractions and criminal activities, including helping us solve recent violent crimes such as armed robbery and kidnapping.' As of February 2024, the project was 'substantially completed,' but China Eximbank suspended the project in 2023 due to the Government of Ghana's suspension of loan repayments.  There are some indications that the China Eximbank loan for Phase 2 of the Integrated National Security Communications Enhancement Network (ALPHA) Project may be financially underperforming vis-a-vis the original expectations of the lender. According to the World Bank’s International Development Statistics, the Government of Ghana had accumulated principal and interest arrears to one or more official sector Chinese creditors worth $908,337,346.70) in 2020 ($763,228,526.60 in principal arrears and $145,108,820.10 in interest arrears). There are some indications that the China Eximbank loan for Phase 1 of the Kpong Water Expansion Supply Project may have financially underperformed vis-a-vis the original expectations of the lender. According to the World Bank’s International Development Statistics, the Government of Ghana had accumulated principal and interest arrears to one or more official sector Chinese creditors worth $908,337,346.70) in 2020 ($763,228,526.60 in principal arrears and $145,108,820.10 in interest arrears). Then, on December 19, 2022, the Government of Ghana announced a sovereign default, suspending debt service on its Eurobonds, its commercial loans, and most of its bilateral loans. The Government of Ghana suspended debt service to China Eximbank for Phase 2 of Integrated National Security Communications Enhancement Network (ALPHA) Project in 2023. ",Loan,206988849.408295
Surveillance,57033,Zambia,2016,GOVERNMENT AND CIVIL SOCIETY,China Development Bank (CDB),Government of Zambia,China Development Bank provides USD 178.5 million loan for Safe City Project,"On January 31 2013, Government of Zambia’s Ministry of Home Affairs and ZTE Corporation signed a $210 million commercial contract for the Safe City Project (also known as Phase III of the Public Security Network Project). Then, in September 2013, the then Minister of Home Affairs Edgar Lungu was forced to cancel the $210 million tender awarded to ZTE Corporation to install closed circuit television (CCTV) cameras on the streets of Lusaka after public outcry and allegations of corruption in the bidding process (including potential kickbacks to Patriotic Front officials). Lungu the referred the case to the Anti-Corruption Commission and the Auditor General at the Ministry of Justice for further investigation. Then, on April 14, 2015, Zambia’s Deputy Minister of Home Affairs Colonel Gerry Chanda announced that the Government of Zambia decided to ‘re-table’ the bid.   Nearly 18 months later, in October 2016, China Development Bank (CDB) and the Government of Zambia signed a $178.5 million loan agreement for the Safe City Project. The exact borrowing terms of the loan are unknown. However, it is known that the borrower was expected to use the proceeds of the loan to partially finance a commercial contract between the Government of Zambia’s Ministry of Home Affairs and ZTE Corporation, which was signed in 2016.   The scope of the project included four components: (1) construction of a national command center in Lusaka, (2) construction of eleven regional command centers in Kabwe, Choma, Livingstone, Ndola, Kitwe, Solwezi, Chinsali, Kasama, Mongu, Chipata and Mansa, (3) construction of thirty-six communication towers nationwide, and (4) installation of a radio communication system in 116 districts and a video surveillance system (consisting of CCTV cameras) in Lusaka, Ndola, Kitwe, and Livingstone Provinces. The ultimate project objective was to curb crime and enhance real-time monitoring of events in various public places, such as streets, highways and bus stations.  ZTE Corporation was the general (EPC) contractor responsible for project implementation. Construction started in December 2017. However, according to a report from the Government of Zambia's Parliamentary Committee on National Security and Foreign Affairs, the project was only in the initial implementation stages as of June 2019. The project was originally expected to reach completion by November 2020. However, its handover (completion) ceremony did not take place until August 30, 2022. Chinese Minister Counselor Lai Bo and Zambian Minister of Interior Jacob Jack Mwiimbu attended the handover ceremony.   By 31 December 2023, the outstanding balance was $178.5 million.   In the Zambia's Office of the Auditor General 2023 Audit Report, there were multiple issues identified in the Safe City project, including: ZTE Corporation's failure to remit unspent funds, improper management and transfer of IT infrastructure, lack of insurance coverage for Safe City assets, failure to maintain asset register, unauthorised Sharing of Personal Information with Road Transport Safety Agency (RTSA), and more. Many of these issues show non-compliance with Zambian law.",Loan,194693800.742566
Surveillance,59366,Kenya,2019,COMMUNICATIONS,Export-Import Bank of China (China Eximbank),Government of Kenya,China Eximbank provides RMB 1.225 billion government concessional loan for Konza Data Centre and and Smart City Project,"In 2017, Huawei Technologies Co., Ltd.  and the Government of Kenya’s Ministry of Information, Communication and Technology (ICT) proposed the Konza Data Centre and and Smart City Project as part of a larger Konza Technology City (also called Konza Technopolis) initiative. Konza Technology City was first proposed in in 2008 as part of a Kenya Vision 2030 and began construction in 2013. Then, on April 26, 2019, China Eximbank and the Government of Kenya's Ministry of Finance signed an RMB 1,225,000,000 (Ksh 17 billion) government concessional loan (GCL) agreement for the Konza Data Centre and and Smart City Project. The GCL carried the following borrowing terms: a 19.5 year maturity (final maturity date: September 21, 2038), a 7-year grace period (first repayment date: March 31, 2026), a 2% interest rate, and a 0.5% commitment fee. The proceeds of the loan are to be used by the borrower to finance a commercial contract with Huawei Technologies Co., Ltd, which was signed on June 22, 2017.   The lender made disbursements worth RMB 90,653,760.44 between July 1, 2019 and June 30, 2020 (Fiscal Year 2019-2020), RMB 131,870,086.70 between July 1, 2020 and June 30, 2021 (Fiscal Year 2020-2021) and RMB 247,718,790.85 between July 1, 2021 and June 30, 2022 (Fiscal Year 2021-2022).  The loan’s amount outstanding was RMB 90,653,760.44 as of June 30, 2019, RMB 222,523,847.14 as of June 30, 2020, RMB 354,393,933.84 as of June 30, 2021, and RMB 602,112,724.69 as of June 30, 2022.   The purpose of the project is to construct a National Cloud Data Center, Smart ICT Network, Public Safe City and Smart Traffic Solutions, and a Government Cloud and Enterprise Service. The project site is located approximately 61 km from Nairobi, 51 km from Kenyatta International Airport (JKIA), and 400 km from Mombasa.   Huawei Technologies Co., Ltd. is the EPC contractor responsible for implementation.  According to the Government of Kenya's Electronic Project Management Information System (e-ProMIS), the project had a planned starting date of October 1, 2019 and a planned end date of June 30, 2022. However, it has faced a number of implementation delays. As of December 2018, Reuters reported the Konza Technology City had still no completed the construction of the first building. However, as of March 2019, construction of the first building was reportedly 90% complete. Then, on July 23, 2020, Phase I of Konza Technopolis Data Center was completed, and Kenya government ministries and other agencies announced that they would migrate their data, whose services will also be available for private entities as part of a commercialization plan. The project is currently focusing on the development of infrastructure, which is approximately 50% complete and is expected to be finalized by December 2021. Progress has been made on the construction of roads, a utility corridor, and the installation of a water reclamation system.",Loan,185168276.985521
Surveillance,31253,Cameroon,2012,COMMUNICATIONS,Export-Import Bank of China (China Eximbank),"Cameroon Ministry of Economy, Planning, and Regional Development (MINEPAT)",China Eximbank provides $168.3 million preferential buyer's credit for Phase 1 of National Broadband Network Project (Linked to Record ID#58397),"On July 19, 2012, China Eximbank and Cameroon's Ministry of Economy, Planning, and Regional Development (MINEPAT) signed a preferential buyer credit (PBC) loan agreement [CHINA EXIMBANK PBC NO. (2012) 33 TOTAL NO.(221)] worth $168,300,000 (CFA 99 billion) for the National Broadband Network Project (Projet National Broadband Network).  The terms of the loan were as follows: a 20 year maturity, a 5 year grace period, a 2% interest rate, a 0% default (penalty) interest rate, a 0.30% commitment fee, and a 0.30% management fee. The proceeds of the loan were on-lent to Cameroon Telecommunications Co. (CAMTEL) to finance 85% of the cost of $198,000,000 commercial contract with Huawei Technologies Co., Ltd., which was signed on December 31, 2010. The remaining 15% was to be financed by the Government of Cameroon (as a down payment). However, due to a lack of sufficient government funding, Huawei Technologies Co., Ltd. helped MINEPAT secure a second loan worth $29.7 million from Standard Chartered Bank to cover the remaining 15% of the commercial contract cost.   As of December 31, 2020, the loan had achieved a 100% disbursement rate and its outstanding amount was equivalent to CFA 78.5 billion. Its outstanding amount was equivalent to CFA 105 billion as of December 31, 2016, CFA 92 billion as of December 31, 2017, CFA 90 billion as of December 31, 2018, and CFA 88 billion as of December 31, 2019.   This project had fiber-to-the-home, submarine cable, 4th generation mobile broadband (LTE), security surveillance network, and digital TV installation components.   Huawei Technologies was the contractor responsible for project implementation. The implementation of the project commenced on January 1, 2012 and reached completion on February 18, 2016.  There are some indications that the China Eximbank loan for Phase 1 of National Broadband Network Project may have financially underperformed vis-a-vis the original expectations of the lender. In January 2019, Cameroon unilaterally withheld debt service payments to China Eximbank. The lender responded by withholding new loan disbursements. Then, in July 2019, China Eximbank and the Government of Cameroon signed a debt rescheduling agreement (as captured via Record ID#88213). Under the terms of the agreement, China Eximbank agreed to reschedule 18 loans previously contracted by the Government of Cameroon — with scheduled principal repayments between July 2019 and March 2022 — by allowing the borrower to defer scheduled principal repayments between July 2019 and March 2022 to later dates but without any maturity extensions. The total amount of restructured debt was equivalent CFA 148 billion ($253 million) — or 70% of the loan principal that was scheduled for repayment between July 2019 and March 2022. Under the terms of the agreement, the Government of Cameroon agreed to repay 30% of the loan principal according to the original July 2019-March 2022 schedule (i.e. without any payment deferrals). The lender and the borrower also agreed to cancel the committed but undisbursed loan balances worth approximately CFA 10 billion (for certain loans with disbursement deadlines that had already passed). Then, in January 2020, the International Monetary Fund (IMF) classified the Government Cameroon as facing a high risk of debt distress. Eighteen months later, during an address before Cameroon’s National Assembly on June 28, 2021, the Minister of Water and Energy (MINEE) Gaston Eloundou Esommba provided an update on the ICBC-financed Bini à Warak Hydroelectric Power Plant Project. He noted that the project had been 'on hold' since November 2019 because ICBC suspended the loan agreement, even though the Government of Cameroon had already mobilized XAF 22 billion of counterpart funding. He also explained that 'the reason for this suspension is that Cameroon did not settle some of its debts towards China on time, so, it is in a cross-default situation.’ ",Loan,182406541.530813
Surveillance,58588,Mali,2018,COMMUNICATIONS,Export-Import Bank of China (China Eximbank),Government of Mali,China Eximbank provides RMB 1.134 billion government concessional loan for Mali Digital 2020 Project,"On September 28, 2018, the Government of Mali and China Eximbank signed an RMB 1.134 billion (XOF 93,790,872,000 or $171,652,822.80) government concessional loan (GCL) agreement for the Mali Digital 2020 Project. The estimated borrowing terms of the GCL include a 1.9999% interest rate, a 19.4999-year maturity, and a 6.9999-year grace period. The borrower was expected to use the proceeds of the GCL to finance a commercial contract between the Government of Mali and China International Telecommunications Construction Corporation (CITCC).  The purpose of the project is to lay 817.4 km of intercity fiber optic cable, install twelve OSN 3500 type terminals, install a a GPON (Gigabit Passive Optical Network) urban network with 100 km of fiber optic cable, and install about 50 GPON terminals to interconnect the government institutions. More specifically, the project involves laying fiber optic cables to connecting the cities of Kidal, Gao and Timbuktu to the city of Mopti; laying fiber optic cable along the Gao-Ansongo-Labbezanga-Nigerian border route; laying fiber optic cable along the Kidal-Algerian border route; laying fiber optic cable along the Bamako-Kourémalé-Guinean border route; laying fiber optic cable along the Sevaré – Koro-Burkina Faso border route; establishing a surveillance network made up of 200 cameras and 50 LTE sites; establishing an internal secure communications network for the government; and establishing an electronic identification card system.   CITCC is the contractor responsible for project implementation. In February 2019, Ambassador Zhu Liying visited the construction site and had a discussion with the head of the project team. It is unclear if the project is on track for its 2020 completion date.",Loan,172537855.558373
Surveillance,37016,Pakistan,2010,GOVERNMENT AND CIVIL SOCIETY,Export-Import Bank of China (China Eximbank),Government of Pakistan,China Eximbank provides RMB 850 million government concessional loan for Safe City Islamabad Project,"The Safe City Islamabad Project was conceived by the Pakistan Peoples Party (PPP) -led government, and it was approved on December 29, 2009, following an agreement between the Government of Pakistan and the Chinese Government. Then, on December 17, 2010, China Eximbank and the Government of Pakistan signed a framework agreement and an RMB 850 million government concessional loan (GCL) agreement [CHINA EXIMBANK GCL NO. (2010) 51 TOTAL NO. (348)] for the Islamabad 'Safe City' (平安城市) Project. The loan carried the following borrowing terms: a 20 year maturity, a 5 year grace period, and a 2% interest rate.  The borrower was expected to use the proceeds of the loan to finance a $124,719,018 commercial contract with Huawei Technologies Co., Ltd., which was signed on December 29, 2009.  The project supported the installation of 1,950 surveillance (CCTV) cameras in Islamabad (connected by 500 kilometers of fibre optic cable and operated through a 4G network); the installation of a 2900 square meter bomb-proof command center in Islamabad (سیف سٹی کیپٹل کمانڈ اینڈ کنٹرول سینٹر اسلام آباد) in a building at H-11 to monitor important buildings, entry and exit points, roads, commercial centers and a sizable portion of the city’s residential areas; installation of a modern 4GLTE communication system to connect the control room with the Rapid Response Unit (later renamed the Counter-Terrorism Department); the provision of 1500 handheld and vehicle based communication sets; and the acquisition and installation of a facial detection system, camera based facial recognition software, and video summary software. In coordination with Pakistan’s National Database and Registration Authority (NADRA), all of the videos and recorded data from the 1,950 surveillance (CCTV) cameras were to be used to ensure real-time monitoring of people and vehicles at important buildings, roads, key points and major portions of the city’s residential areas. All the data as received from installed surveillance cameras across the city were also to be transferred to a command and control center and all of the suspicious people and vehicles monitored in the surveillance cameras were to be checked in the big data in coordination of NADRA’s data bank. Then, if suspects were confirmed to be dangerous, the command and control center would be responsible for promptly conveying instructions to a ‘Rapid Response Force’ and allocating forces to the site within three minutes to minimize the possible destruction caused by suspect and to avert any terrorists activity.   Huawei Technologies Co., Ltd. was the contractor responsible for project implementation. On November 11, 2011 the Executive Committee of the National Economic Council (Ecnec) approved the Islamabad Safe City Project. However, project implementation was delayed due to litigation before the Supreme Court. In January 2011, the legality of the commercial contract with Huawei Technologies Co., Ltd. was challenged by a petitioner (Shahid Orakzai ) who contended that a similar project was undertaken for Karachi in 2008-2009 for $8 million. On August, 23, 2012, a three-member bench -- consisting of justices Nasirul Mulk, Asif Saeed Khosa and Sheikh Azmat Saeed -- ordered the cancellation of the commercial contract with Huawei Technologies Co., Ltd. on the basis of it being issued in a non-transparent manner and its cost being artificially inflated. They noted that 'the contract was executed in violation of the Public Procurement Rules 2004, and the exemption purportedly granted under Rule 42 of the rules was based on extraneous and irrelevant reasons and, therefore, it is of no legal effect and consequence.' The Supreme Court also directed National Accountability Bureau Chairman Admiral Fasih Bokhari to initiate legal action against the Prime Minister and other top officials for committing irregularities in the deal. It also ordered the Government of Pakistan to re-initiate the procurement process in accordance with the provisions of the Public Procurement Regulatory Authority Ordinance, 2002 and the Public Procurement Rules (PPR), 2004 and the law. The commercial contract was renegotiated with Huawei Technologies Co., Ltd. after the Pakistan Muslim League (PMLN) came to power. Construction activities began (after the conclusion of the litigation and without any cost escalation) in 2014. The project was originally expected to reach completion in October 2015. The command center was operational by March 2016, and it was officially inaugurated in June 2016.  1,805 of 1,950 cameras had been installed as of August 2016. 95% of the cameras installed through the project were still functional as of November 2021.  Then, in July 2022, senior police officers told a local media outlet (Dawn) on condition of anonymity that not a single incident or crime had been prevented through the CCTV system that was put in place through the Safe City Project. They also alleged that no criminals, suspects or proclaimed offenders were arrested through the CCTV system. The project also failed to assist the police in chasing and arresting culprits who escaped after criminal activities, according to the police officers. Then, in September 2022, the dead body of the Abdul Qadeer, the Director of Safe City Islamabad Project, was found by the police in a house in Margalla Town hanging from a ceiling fan with a rope. The police said the incident was an apparent suicide.  There are some indications that the China Eximbank loan for the Safe City Islamabad Project financially underperformed vis-a-vis the original expectations of the lender. On or around July 1, 2020, China Eximbank and the Government of Pakistan signed a debt suspension agreement. Under the terms of the agreement, the lender agreed to suspend principal and interest payments due between July 1, 2020 and December 31, 2020 under the government concessional loan agreement for the Safe City Islamabad Project. Then, on November 19, 2020, China Eximbank and the Government of Pakistan signed another debt suspension agreement [No. DSSI2021PHASE1-030]. Under the terms of the agreement, the lender agreed to suspend principal and interest payments due between January 1, 2021 and June 30, 2021 under the government concessional loan agreement for the Safe City Islamabad Project. Then, on or around July 1, 2021, China Eximbank and the Government of Pakistan signed another debt suspension agreement. Under the terms of the agreement, the lender agreed to suspend principal and interest payments due between July 1, 2021 and December 31, 2021 under the government concessional loan agreement for the Safe City Islamabad Project. The debt service suspension (rescheduling) from July 2020-December 2020 is captured via Record ID#96254. The debt service suspension (rescheduling) from January 2021-June 2021 is captured via Record ID#96256. The debt service suspension (rescheduling) from July 2021-December 2021 is captured via Record ID#96253.",Loan,161501417.488485
Surveillance,35170,Cameroon,2013,COMMUNICATIONS,Export-Import Bank of China (China Eximbank),"Cameroon Ministry of Economy, Planning, and Regional Development (MINEPAT)",China Eximbank provides $155.5 million preferential buyer's credit for Construction of National Emergency Telecommunications System Project,"On October 29, 2013, China Eximbank and Cameroon's Ministry of Economy, Planning, and Regional Development (MINEPAT) signed a preferential buyer credit (PBC) agreement [CHINA EXIMBANK PBC NO. (2013) 39 TOTAL NO. (283)] worth $155,550,000 for the National Emergency Telecommunications System Project. The PBC (loan) carried the following borrowing terms: a maturity of 20 years, a grace period of 5 years, an interest rate of 2%, a default (penalty) interest rate of 0%, a commitment fee of 0.25%, and a management fee of 0.25%. The borrower was expected to use the proceeds of the PBC to finance 85% of the cost of a $183,000,000 commercial contract between Cameroon’s Ministry of Posts and Telecommunications of Cameroon and ZTE Corporation, which was signed on December 21, 2012. As of December 31, 2020, the loan (PBC) had achieved a 95.8% disbursement rate (with an undisbursed balance of CFA 3.5 billion) and its outstanding amount was equivalent to CFA 77.5 billion.   The purpose of the project was to construct a national emergency telecommunications network (RTNU) to transmit sensitive public administration and national security security information for military, police, civil defense, and emergency response institutions. The RTNU  consists of a National Emergency Operations Center in Yaounde (the heart of the network), a back-up center in Douala, and eight regional operations centers in the main towns of Cameroon’s regions. The project consisted of 5 components. The first component was the installation of a trunked radio network that was designed to allow government teams to manage emergencies confidentially and securely without the need for a public network. The second component was the installation of an emergency communications system, which was designed to handle distress calls from any subscriber with a mobile terminal with or without a chip. The third component was the installation of a video surveillance system, which was designed to ensure the protection of goods and people by conveying, recording and exploiting the images taken by a set of cameras. These cameras, used to record video of incidents, allow for large-scale indoor and outdoor surveillance applications: river, forest, airport, railway station, port, oil field, square, park, landscape, school, street, prison, large gym and warehouse, etc. Video surveillance cameras were to be installed in all the regional capitals of Cameroon with visualization, supervision and data processing screens housed in the emergency telecommunications centers. The fourth component involved the installation of videoconferencing systems to allow people to communicate with a distant interlocutor from a microcomputer and to see him or her in real time in a virtual window on the screen. The final component involved the introduction of an e-police system, which is a centralized technological platform for managing security operations. The main services offered are: police information management, criminal information management, criminal case management, wanted persons management, system management portal, police capacity building.  ZTE Corporation was the contractor responsible for project implementation. The project commenced on January 5, 2017 and it was completed on July 13, 2022. . There are some indications that the China Eximbank loan for the Construction of National Emergency Telecommunications System Project may have financially underperformed vis-a-vis the original expectations of the lender. In January 2019, Cameroon unilaterally withheld debt service payments to China Eximbank. The lender responded by withholding new loan disbursements. Then, in July 2019, China Eximbank and the Government of Cameroon signed a debt rescheduling agreement (as captured via Record ID#88213). Under the terms of the agreement, China Eximbank agreed to reschedule 18 loans previously contracted by the Government of Cameroon — with scheduled principal repayments between July 2019 and March 2022 — by allowing the borrower to defer scheduled principal repayments between July 2019 and March 2022 to later dates but without any maturity extensions. The total amount of restructured debt was equivalent CFA 148 billion ($253 million) — or 70% of the loan principal that was scheduled for repayment between July 2019 and March 2022. Under the terms of the agreement, the Government of Cameroon agreed to repay 30% of the loan principal according to the original July 2019-March 2022 schedule (i.e. without any payment deferrals). The lender and the borrower also agreed to cancel the committed but undisbursed loan balances worth approximately CFA 10 billion (for certain loans with disbursement deadlines that had already passed). Then, in January 2020, the International Monetary Fund (IMF) classified the Government Cameroon as facing a high risk of debt distress. Eighteen months later, during an address before Cameroon’s National Assembly on June 28, 2021, the Minister of Water and Energy (MINEE) Gaston Eloundou Esommba provided an update on the ICBC-financed Bini à Warak Hydroelectric Power Plant Project. He noted that the project had been 'on hold' since November 2019 because ICBC suspended the loan agreement, even though the Government of Cameroon had already mobilized XAF 22 billion of counterpart funding. He also explained that 'the reason for this suspension is that Cameroon did not settle some of its debts towards China on time, so, it is in a cross-default situation.’",Loan,160834234.336656
Surveillance,102639,Nigeria,2021,BANKING AND FINANCIAL SERVICES,Export-Import Bank of China (China Eximbank),Government of Nigeria ,China Eximbank provides $172.7 million loan for E-Border Installation for Nigeria Immigration Service Project,"In late 2021, China Eximbank and the Government of Nigeria signed a $172,745,820.62 government concessional loan (GCL) agreement for the E-Border Installation for Nigeria Immigration Service Project. The borrowing terms of the loan are unknown.   Nigeria’s House of Representatives authorized the borrowing in July 2021. The borrower was expected to use the proceeds of the loan to finance 100% of the cost of a $172,745,820.62 commercial (EPC) contract between Nigeria’s Ministry of Interior and a consortium consisting of Huawei Technologies Company Nigeria Limited (also known as Huawei Technologies Company Nigeria Ltd) and China Machinery Engineering Corporation (CMEC), which was signed on May 4, 2018.   The purpose of the project is to acquire and install several different electronic monitoring and communication technologies at the country’s 86 border control posts, which consist of 6 mega-control posts, 16 medium-control posts, and 64 mini-control posts. The technologies supported by the project include high-definition video surveillance for pedestrians; observable thermal and optical bi-spectrum for low visibility environments; unified internet protocol telephony and videoconferencing facilities; and advanced eLTE multi-media walkie-talkie communications. To address the problem of power supply, especially at remote locations, the project also envisages implementing a solar grid and 0.6 hybrid-power solutions at all border control posts. Huawei Technologies Company Nigeria Limited and CMEC are the EPC contractors responsible for implementation. Their work will be overseen by the Nigeria Immigration Service (NIS), an agency under the supervision of Nigeria’s Ministry of Interior. NIS, in turn, will collaborate with the country’s Air Force and army units deployed near the borders. They are expected to use the new technologies to monitor 1,400 illegal routes used for smuggling and cross-border criminal activities.” ",Loan,159296114.1926
Surveillance,36574,Guyana,2012,TRANSPORT AND STORAGE,Export-Import Bank of China (China Eximbank),Government of Guyana,China Eximbank provides RMB 825 million government concessional loan for the Cheddi Jagan International Airport Expansion Project,"On October 31, 2012, the Chinese Government and the Government of Guyana signed a preferential loan framework agreement for the Cheddi Jagan International Airport Expansion Project. Then, on November 2, 2012, the Government of Guyana and China Eximbank signed an RMB 825,000,000 government concessional loan (GCL) agreement [CHINA EXIMBANK GCL No. (2012) 32 Total No. (434) No. 1420203052012112030] for the Cheddi Jagan International Airport Expansion Project. The GCL (loan) carried the following borrowing terms: a 2% interest rate, a 0% default (penalty) interest rate, a 5 year grace period, a 20 year maturity, a management fee of 0.75% (RMB 6,187,500), and a commitment fee of 0.5%. As of December 31, 2020, the loan’s total amount outstanding (including principal and capitalized interest) was RMB 673,698,000. The proceeds of the GCL were to be used by the borrower to finance 94.2% of the cost of a $138,000,000 commercial contract between Guyana’s Ministry of Public Works and Communications and China Harbour Engineering Company (CHEC) Ltd., which was signed on November 11, 2011.  The purpose of this project was to expand Cheddi Jagan International Airport at Timehri, 40 km from the capital city of Georgetown, and the Ogle Municipal Aerodrome on the East Coast of Demerara. Cheddi Jagan International Airport is Guyana's main airport. The project involved a 3.3 km extension of the airport runaway to accommodate Boeing 747-sized aircraft, the building of a new construction terminal, the introduction of a departure control system, the installation of a CCTV system with approximately 300 cameras, the installation of passenger boarding bridges, elevators, and escalators, and the acquisition of new equipment. The existing 7,448 ft long runway was to be extended to 10,800 ft to make it a category Code 4E runway and to enable it to accommodate the Boeing 747-400 aircraft.   CHEC was the EPC contractor responsible for implementation. A groundbreaking ceremony for the project took place on March 23, 2013. Construction of the terminal and runway was originally expected to begin in March 2013 and reach completion 32 months later (December 2015). However, this project encountered various problems and delays. On October 12, 2013, CHEC employees were violently robbed by cutlass-wielding individuals (Source ID: 151254). Then, in September 2015, the collapse of a pit killed a worker working on the project (Source ID: 151255). The country's political opposition also raised objections about the cost of the project and delayed its implementation. In January 2015, the then Alliance for Change (AFC) Vice Chairman, Moses Nagamootoo, criticized the project in the media. It appears the AFC, then-an opposition party, was opposed to the project, supporting its abandonment for a new airport on the West Bank of Demerara at Sandhills. The opposition blocked funding for the project in 2014. Nagamootoo called the project a ‘fly by night project’, and was accused of misleading the public as to why Guyana used China Eximbank to finance the project. Nagamootoo later that year was sworn in as the new Prime Minister of Guyana. (Source ID: 151253). As of 2019, the project was still not complete and the Government of Guyana's contract with China Harbour Engineering Company expired on December 31, 2018. In 2019, Guyana's Auditor General, Deodat Sharma, launched a full value-for-money audit into the Cheddi Jagan International Airport (CJIA) Expansion Project. Significant concerns arose about the project running over budget. As of December 31, 2017, $111.79 million had been spent on the project. However, the total cost of the project eventually escalated to more than $160 million. As of December 2021, project implementation was still underway and Guyana’s Minister of Public Works, Juan Edghill, promised that the total cost for the project would not exceed $200 million. During a visit to the project site in September 2020, the country’s former Auditor General, Anand Goolsarran, pointed out that President Irfaan Ali had identified 71 defects that needed to be rectified. President Irfaan conveyed that the Government of Guyana would only accept completed works based on the original contract entered into in November 2011. Then, in April 2022, Anand Goolsarran told the media that the Cheddi Jagan International Airport Expansion Project had ‘failed completely’ to deliver in terms of their objectives, outputs, outcomes and impacts, thereby ‘encumbering the Guyana’s public debt […] with little or nothing to show for the expenditure incurred’. He noted that construction was still ongoing after ten years, with a revised completion date of June 20, 2022. He argued that project’s underperformance was related to the absence of feasibility and economic visibility studies prior to the issuing of the commercial contract (to determine the precise nature and scope of the works to be undertaken. He also noted that the project had suffered from a lack of effective supervision as the works progressed. Additionally, he pointed out that the $138 million commercial contract was awarded to CHEC in November 2011 — only ten days before the November 2011 national and regional elections.  The project was completed and handed over on June 30, 2022.",Loan,156049225.382453
Surveillance,60039,Ghana,2013,GOVERNMENT AND CIVIL SOCIETY,China Development Bank (CDB),Government of Ghana,"China Development Bank provides $150 million loan for ICT Enhanced Surveillance Project (Linked to Record ID#2034, #58586, #86361, and #85282)","On December 16, 2011, China Development Bank and the Government of Ghana signed a $3 billion master facility agreement (captured via Record ID#2034). This agreement established two lending facilities: Tranche A and Tranche B. Tranche A is a $1.5 billion facility and any borrowings through this facility are undertaken with a 15 year maturity, 5 year grace period, an interest rate of 6-month LIBOR plus a 2.95% margin, a 0.25% upfront fee, and a 1% commitment fee. Tranche B is a $1.5 billion facility and any borrowings through this facility are undertaken with a 10 year maturity, 3 year grace period, an interest rate of 6-month LIBOR plus a 2.85% margin, and a 1% commitment fee. According to Ghana’s Ministry of Finance and Economic Planning, as of November 2018, the $150 million CDB loan for this project had fully disbursed.  Both loan tranches (Tranches A and B) under the master facility agreement are collateralized against cash proceeds from the sale of crude oil from the Jubilee field. In December 2011, the Government of Ghana and China Development Bank signed an Accounts Agreement that established a Collection Account (CA), Debt Service Reserve Account (DSRA), and Owner Contribution Account in CDB’s Hong Kong Branch for the operation and management of the loan. Under the terms of the Accounts Agreement (which was amended on June 13, 2012 and June 21, 2013), the Government of Ghana (a) granted CDB a first fixed charge over all repayment accounts, including the CA, the DSRA, and the Owner Contribution Account; and (b) agreed to maintain a cover of 1.5 times each repayment in the DSRA at all times (i.e., a debt service cover ratio of 1.5). CDB’s security interest in the charged assets, pursuant to the charge over accounts, continued to be in full force and effect, after the master facility agreement was amended in 2018.  In 2011, Ghana National Petroleum Corporation (GNPC) and China International United Petroleum and Chemicals Co. (UNIPEC Asia Company Limited) also signed an Offtaker Agreement for the sale and purchase of crude oil to support repayment of the loan. Under the terms of the Offtaker Agreement, GNPC agreed to supply and sell 13,000 barrels of crude oil from Jubilee Field each day to UNIPEC Asia over a 15.5 year period. The proceeds from these oil sales were then to be withdrawn from Ghana’s Petroleum Holding Fund by BoG (as required by Ghana’s Petroleum Revenue Management Act) and deposited into the CA and the DSRA to facilitate loan repayment and provide sources of collateral. In the event the proceeds from crude oil sales under the Offtaker Agreement were insufficient for the Government of Ghana to meet its debt service obligations, the Ghana’s Ministry of Finance and Economic Planning (MOFEP) was also granted authority to transfer funds from the Annual Budget Funding Amount (ABFA) to an offshore escrow account for the purpose of servicing outstanding debts to CDB and/or meeting the Government of Ghana’s counterpart funding commitments.  A Five Party Agreement (signed in December 2011 and amended on June 13, 2012 and June 21, 2013) between the Government of Ghana, Bank of Ghana (BoG), GNPC, CDB, and UNIPEC Asia Company Limited allows for provides the Government of Ghana the opportunity to use other sources of revenue to meet its debt service obligations. The Five Party Agreement also sets out the structure of the oil-backed borrowing arrangement and the key contractual obligations of each party under the arrangement, including the Government of Ghana obligation to open and maintain the transaction accounts, BoG’s obligation to ensure timely and legal transfers of repayments to CDB accounts and to open and maintain standby letters of credit, GNPC’s obligation to supply and UNIPEC’s obligation to purchase crude oil to support repayments, and the  obligation of Ghana’s MOFEP to oversee and manage the subsidiary loans and projects approved through the master facility agreement. The cash balance of the DSRA was GHS 0 ($0) in 2013, GHS 415,877 ($136,753.55) in 2014, GHS 364,979,295 ($96,783,244.94) in 2015, GHS 366,604,322 ($92,926,496.66) in 2016, GHS 370,586,909 ($84,231,954.95) in 2017, GHS 370,586,909 ($78,960,839.70) in 2018, GHS 370,586,909 ($69,152,250.23) in 2019, GHS 370,586,909 ($64,710,992) in 2020, GHS 370,586,909 ($62,547,369.40) in 2021, and GHS 370,586,909 ($41,014,089.71) in 2022.  The cash balance of the Owner Contribution Account was GHS 0 ($0) in 2013, GHS 41,642,584 ($13,693,403.20) in 2014, GHS 192,069,065 ($50,931,840.84) in 2015, GHS 206,380,064 ($52,313,012.09) in 2016, GHS 206,380,064 ($46,908,824.43) in 2017, GHS 206,380,064 ($43,973,337.31) in 2018, GHS 206,380,064 ($38,510,928.15) in 2019, GHS 206,380,064 ($36,037,588.88) in 2020, GHS 206,380,064 ($34,832,666.20) in 2021, and GHS 206,380,064 ($22,840,770.28) in 2022.  The cash balance of the CA was GHS 0 ($0) in 2013, GHS 0 ($0) in 2014, GHS 9,576,037 ($2,539,321.94) in 2015, GHS 9,576,037 ($2,427,324.27) in 2016, GHS 9,576,037 ($2,176,569.91) in 2017, GHS 9,576,037 ($2,040,363.28) in 2018, GHS 9,576,037 ($1,786,907.44) in 2019, GHS 9,576,037 ($1,672,144.47) in 2020, GHS 9,576,037 ($1,616,236.05) in 2021, and GHS 9,576,037 ($1,059,811.96) in 2022.   Under the terms of the master facility agreement, subsidiary loan agreements must be negotiated to secure financial support for any given project. Tranche A is captured via Record ID#2034, and Tranche B is captured via Record ID#85282. In April 2013, China Development Bank and the Government of Ghana signed a subsidiary loan agreement worth $150 million — using the Tranche B lending facility — for the ICT Enhanced Surveillance Project. The proceeds of this loan were to be used by the borrower to finance approximately 85% of the cost of a $176.5 million commercial contract between Huawei Technologies Co., Ltd., which was signed in 2012. The purpose of the project was to build an integrated national security communication network with an encrypted PTT dispatching system, high speed mobile internet access, intranet VPN dedicated service, and national mobile video surveillance and emergency control and command services. The network has give main components: eLTE Broadband Video Trunking, Intelligent Video Surveillance, Emergency Command Centre, Data Center, and Emergency Communications Vehicle.  The ultimate objectives of the integrated national security communication network  were to establish an emergency response and disaster relief mechanism for the Government of Ghana; provide extensive voice coverage and video surveillance for security sensitive areas; and co-ordinate national resources to deal with the threats posed to national security.   Another component of the project involved the deployment of a helicopter fleet for aerial surveillance and monitoring of gas infrastructure/facilities. More specifically, this component involved the acquisition of four Z-9EH helicopters as part of an enhanced ICT surveillance system to support the Western Corridor Gas Infrastructure Development Project (see Record ID#58586). It also involved the provision of spare parts and facilities for the aircraft and their maintenance, as well as personnel training. The President of Ghana announced that the helicopters would be used to secure offshore oil installations, enhance maritime security and anti-piracy efforts, conduct medical evacuations, and conduct search and rescue operations. Huawei Technologies Co., Ltd. was the general EPC contractor responsible for implementation. However, China National Aero Technology Import and Export Corporation (CATIC) was involved in the provision of the four Z-9EH helicopters.   The project officially commenced in 2012. CATIC successfully delivered all four helicopters to Ghana Air Force on September 23, 2015. The project was ultimately completed in 2017. It reportedly resulted in the installation of approximately 800 CCTV cameras in Accra, Kumasi, Takoradi and some critical border areas such as Aflao, Elubo and Paga, as well as other critical national installations and some major towns across the country. It also and the establishment of a national Emergency Command Center (or ‘National Command Centre’) other operations centers for emergency response and command and control for law enforcement, security, intelligence, and emergency response agencies. According to Ghana’s Minister of National Security, Mr Albert Kan-Dapaah, “[the] project was largely successful, enhancing the communications of the various agencies and assisting to detect crime, road infractions, supporting major public events and providing evidence to support investigations and the prosecution of many cases where some details were captured by the CCTV network.’   On August 6, 2025, shortly after takeoff, one of the Z-9EH helicopters acquired via the CDB loan crashed in the Akrofuom District of Ashanti of Ghana, killing all eight passengers, including Ghana's Minister of Defence Edward Omane Boamah and Ibrahim Murtala Muhammed, the Minister for Ministry of Environment, Science, Technology and Innovation, and other government officials.",Loan,155095693.670835
Surveillance,40730,Mozambique,2014,COMMUNICATIONS,Export-Import Bank of China (China Eximbank),Government of Mozambique,China Eximbank provides RMB 930 million government concessional loan for National Command Information Network Project,"On December 15, 2014, the Government of Mozambique signed an RMB 930 million (approximately $149,498,959.60) government concessional loan (GCL) agreement with China Eximbank for the National Command Information Network Project. The loan carried a 20 year maturity, a 7 year grace period, and an unknown interest rate. Its first scheduled principal payment date is March 21, 2022 and its last scheduled principal payment (maturity) date was September 21, 2035. The loan's (principal) amount outstanding was $120,524,627 as of December 31, 2022.   The project involved the installation of 450 CCTV surveillance cameras in Maputo and Matola and the creation of a monitoring center for the Presidential Guard (“Casa Militar”) to intercept mobile telephone, SMS and internet traffic (including encrypted communications).   ZTE was the contractor responsible for implementation.  The project reached the implementation stage, but it unclear whether and when it reached completion. It provoked significant media scrutiny and political controversy because the son of the former President of Mozambique (Mussumbuluku Guebuza) signed a consultancy agreement — through a company called Msumbiji Investment Limited — with ZTE to help the Chinese state-owned company secure support from the Government of Mozambique and China Eximbank for the National Command Information Network Project.  The consultancy contract between Msumbiji Investment Limited and ZTE specifies that Msumbiji Investment Limited will “guarantee the relationship between ZTE and the Government of Mozambique; pressure the Government of Mozambique to accept the project of the information interception command created by ZTE; and still secure the concessional loan taken out by the Mozambican state to pay for the project” (or “garantir a relação entre a ZTE e o Governo de Moçambique; pressionar o Governo de Moçambique a aceitar o projecto do comando de intercepção de informação criado pela ZTE; e ainda assegurar o empréstimo concessional contraído pelo Estado moçambicano para pagar o projecto”). In exchange for these services, ZTE agreed to pay Msumbiji Investment Limited an 8% commission (worth $11.2 million) on its $140 million contract for the National Command Information Network Project. with the Government of Mozambique.   There are also some indications that the China Eximbank loan for the National Command Information Network Project may have financially underperformed vis-a-vis the original expectations of the lender. In 2016, several credit rating agencies downgraded the Government of Mozambique to 'selective default' or 'restricted default' status, and the World Bank and the IMF re-classified Mozambique's external debt as 'in distress.' In January 2017, the Government of Mozambique defaulted on a coupon payment for its dollar-denominated Eurobond. Then, in February 2018, the International Monetary Fund (IMF) announced that the Government of Mozambique had accumulated $710 million in arrears to external creditors and had agreed to reschedule some bilateral debt service payments with the Chinese Government. Two months later, in April 2018, Stelia Neta, a National Director at the Ministry of Finance of Mozambique revealed that the Government of Mozambique’s outstanding debt obligations to the Chinese Government amounted to $2.02 billion and the Chinese Government had agreed to extend the grace periods (and first principal repayments) on these outstanding debt obligations without changing their final maturity dates or interest rates (as captured via Record ID#66283).",Loan,154794005.282242
Surveillance,92203,Cote d'Ivoire,2020,COMMUNICATIONS,Bank of China (BOC),Government of Côte d'Ivoire (Ivory Coast),Bank of China provides EUR 111.9 million loan for Phase 2 of Ministry of Interior and Security Unified Communication System Project (Linked to Record ID#89415 and ID#92201),"On April 24, 2020, Bank of China and the Government of Côte d'Ivoire signed an EUR 111,927,882.64 (CFA 73,443,492,550.79) loan agreement for Phase 2 of the Ministry of Interior and Security Unified Communication System Project. The borrowing terms of the loan are unknown. However, it is known that the borrower was expected to use the proceeds of the loan to finance approximately 90% of the cost of an EUR 124 million commercial contract between Côte d'Ivoire’s Ministry of Interior and Security and China Railway Construction International Group, which was signed in December 2019.   According to the Government of Côte d'Ivoire’s Aid Management Platform (AMP), the Bank of China loan had achieved a 99.8% disbursement rate (CFA 73,325,102,606 out of CFA 73,443,492,550.79) as of December 31, 2023. Bank of China made seven loan disbursements worth CFA 73,325,102,606 in 2021, 2022, and 2023: a CFA 15,297,225,415 disbursement on December 31, 2021, a CFA 23,445,307,879 disbursement on January 31, 2022, a CFA 9,095,717,527 disbursement on October 31, 2022, a CFA 7,496,774,395 disbursement on December 31, 2022, a CFA 9,116,457,234 disbursement on August 31, 2023, a CFA 6,454,072,856 disbursement on September 30, 2023, and a CFA 2,419,547,300 disbursement on December 31, 2023.   Phase 2 involves the construction of a national emergency command center (with 2 floors and a total of 1,000 square meters) for the police, military, and fire department as well as the installation of video surveillance towers in 46 locations within 22 cities. Phase 2 also involves the construction of integrated military IT network, the unification and modernization of communication and command systems within the Ministry of Interior and Security.  China Railway Construction International Group is the contractor responsible for implementation. Phase 2 work commenced in late 2021/early 2022. Phase 2 was originally expected to reach completion on December 31, 2022. ",Loan,131227025.083793
Surveillance,92206,Cote d'Ivoire,2020,GOVERNMENT AND CIVIL SOCIETY,Bank of China (BOC),Government of Côte d'Ivoire (Ivory Coast),"Bank of China provides CFA 72.6 billion loan for Phase 3 of Video Surveillance Platform Project (Linked to Record ID#53273, ID#92204, and ID#92205)","According to the Government of Côte d'Ivoire’s Aid Management Platform (AMP), Bank of China and the Government of Côte d'Ivoire signed a CFA 72,678,277,635.24 loan agreement on April 30, 2020 for Phase 3 of the Video Surveillance Platform Project. The borrowing terms of the loan are unknown.   As of December 31, 2022, the loan had achieved a 66.4% disbursement rate. Three loan disbursements (worth CFA 48,300,000,000) took place in 2021 and 2022: a CFA 14,106,861,650 disbursement on December 31, 2021, a CFA 4,650,000,000 disbursement of September 30, 2022, and a CFA 29,543,138,350 disbursement of December 31, 2022.  Phase 3 involves the laying of fiber optic cable and the installation of video surveillance cameras in various cities. It also seeks to connect these cameras to a traffic monitoring system using license plate readers and variable message signs for the detection of red light violations. The ultimate objectives of the project are to reduce crime, establish an infrastructure monitoring system, and establish a road traffic regulation and control system.   Huawei Technologies Co., Ltd. is the contractor responsible for implementation. The precise timing of the project's implementation start date is unknown.  ",Loan,130274391.693762
Surveillance,30956,Ghana,2013,COMMUNICATIONS,Export-Import Bank of China (China Eximbank),Government of Ghana,China Eximbank provides $123.4 million preferential buyer’s credit for Phase 2 of Dedicated Security Information System Project (Linked to Record ID#1862),"On October 28, 2013, the Government of Ghana signed a $123,409,273.10 preferential buyer’s credit (PBC) agreement [CHINA EXIMBANK PBC NO. (2013) 06 TOTAL NO. (25)] with China Eximbank for Phase 2 of Dedicated Security Information System Project. The Ghanaian Parliament ratified the PBC agreement on November 12, 2013. The PBC (loan) carried the following borrowing terms: a 20 year maturity, a 5 year grace period, a 2% interest rate, a 0% default (penalty) interest rate, a 1% management fee, and a 0.75% commitment fee. The PBC proceeds were to be used by the borrower to partially finance a $129,904,498.00 commercial (supply) contract, which was signed by the Government of the Republic of Ghana’s National Security Council and ZTE Corporation on October 28, 2011 and subsequently amended by the Republic of Ghana’s Ministry of Communications and ZTE Corporation on October 15, 2013.    According to the Government of Ghana’s Development Cooperation Management Information System (Gh-DCMIS), the $123,409,273.10 loan (PBC) achieved a 100% disbursement rate, with China Eximbank making 5 loan disbursements (worth $123,409,273.10) between 2014 and 2017: a $32,476,124.50 disbursement on December 31, 2014, a $31,605,686.71 disbursement on June 30, 2015, a $10,439,766.75 disbursement on June 30, 2016, a $35,897,245.34 disbursement on June 30, 2017, and a $12,990,449.80 disbursement on February 28, 2017.  The loan’s (principal) amount outstanding was GHS 637,210,000 ($113,787,500) as of December 31, 2020 and GHS 617,000,000 ($118,653,846) as of December 31, 2021.  The purpose of the Dedicated Security Information System Project was to strengthen the country's security and emergency aid services — including Immigration, Prisons, Fire Service, Customs, Ghana Armed Forces, Police Service, the Ministry of Defense, and the Ministry of National Security — through the establishment of a national security information system. Phase 1 covered the main cities, towns, border entries and exits, and main traffic arteries in six regions of southern Ghana, including Greater Accra Region, Ashanti Region, Central Region, Eastern Region, Volta Region and Western Region. It was financed through a $30 million China Eximbank loan that was approved in 2007 (captured via Record ID#1862).    With support from ZTE, Phase 2 extended the national security information system, also referred to as the Global Open Trunking Architecture (GOTA), to the country’s Upper East Region, Upper West Region, Brong Ahafo Region, and Northern Region. The objective for Phase 2 entailed reaching capacity of 200,000 total lines and the addition of 270 base transceiver stations (BTS), providing services to 3,000,000 users. Huawei was also involved in the implementation of Phase 2. Specifically, it helped the Government of Ghana to equip a Ghana Police Command Centre (or Ghana National Security Emergency Command Center), with CCTV cameras and digital (eLTE 4) trunking network to respond more expeditiously to issues such as robbery, vehicular accidents, murder, and fire emergencies across all regions of the country. To this end, Huawei installed a 1.4 GHz eLTE network and 253 eLTE base stations to cover major cities and roads — the first system of its kind outside of China. Huawei also provided handheld terminals, vehicle-mounted stations, Emergency Communications Vehicles (ECVs), and fixed-access terminals and accessories to meet the requirements of both fixed and mobile situations. Today, the Ghana public security department reports emergencies through trunking handsets that can send on-site videos to the command center in real time. Then, the command center immediately invokes the wired and wireless cameras on-site and dispatches police cars equipped with eLTE stations for support. ECVs are used by the Ghana government guard. When the president travels, personnel in the mobile emergency command network watch over the presidential motorcade and communicate with the command center in real time via satellite transmission. Huawei also provided a unified solution that integrates eLTE, emergency communications centers, intelligent video surveillance, and telepresence video conferencing. As such, the Ghana Police Station can now establish voice and video communication with the Presidential Palace, and medical, fire fighting, and other government departments for faster and better-coordinated responses.   The Ghana Police Command Centre (or Ghana National Security Emergency Command Center) was officially inaugurated on December 15, 2017. However, the Gh-DCMIS identifies the official project completion date as June 30, 2017. The originally expected project implementation start and end dates were October 28, 2013 and December 30, 2016, respectively.  There are some indications that the China Eximbank loan for Phase 2 of the Dedicated Security Information System Project may have financially underperformed vis-a-vis the original expectations of the lender. According to the World Bank’s International Development Statistics, the Government of Ghana had accumulated principal and interest arrears to one or more official sector Chinese creditors worth $908,337,346.70) in 2020 ($763,228,526.60 in principal arrears and $145,108,820.10 in interest arrears).  Then, on December 19, 2022, the Government of Ghana announced a sovereign default, suspending debt service on its Eurobonds, its commercial loans, and most of its bilateral loans.",Loan,127601645.44572
Surveillance,90174,Ecuador,2019,GOVERNMENT AND CIVIL SOCIETY,Export-Import Bank of China (China Eximbank),Government of Ecuador,China Eximbank provides RMB 733.6 million government concessional loan for 100 Community Police Units and 6 Community Surveillance Units Project,"On November 4, 2019, China Eximbank and the Government of Ecuador signed an RMB 733,670,590.45 ($113,542,860.57) government concessional loan (GCL) agreement [CHINA EXIMBANK GCL No. 2019 (14) Total No. 685 Serial No. 1420303022019113450] for the Deconcentration of Security Services in Districts and Circuits Project, within the Project for the Reconstruction of Citizen Security in Ecuador framework, which involves the construction of 100 Community Police Units and 6 Community Surveillance Units.   The GCL carries the following borrowing terms: a 2% interest rate and a 20-year maturity.  The borrower was expected to use the proceeds of the GCL to finance a $95,793,681.45 commercial contract between Ecuador’s Ministry of Interior and China Road and Bridge Corporation (CRBC) signed in December 2019. The contract reportedly included the implementation studies for about $2.3 million, the construction itself for about $70.2 million, and the equipment for about $23.1 million.    As of June 2020, the loan had achieved a 36.6% disbursement rate (RMB 269,097,790 of RMB 733,670,590.45). The loan’s (principal) amount outstanding was $42,337,154.71 as of December 31, 2021 and $37,942,787.86 as of November 30, 2022.    This project was one of several listed as priority projects to be implemented under the January 2015 $5.3 billion framework agreement between China Exim Bank and the Government of Ecuador. See record id #39113 for more on the framework.   The purpose of the project is to construct and equip 100 community police units (UCPs) and 6 community surveillance units (UVPs) in the Metropolitan District of Quito and other parts of the country. The UVPs will reportedly have offices for the Prosecutor's Office, the Judiciary, and the Police.  CRBC is the contractor responsible for project implementation and it reportedly received an advance payment worth 15% of the commercial contract cost. However, the project was halted on March 17, 2020 due to the COVID-19 pandemic. There was still no direct evidence of project implementation as of April 2021.",Loan,110900015.598838
Surveillance,30364,Kenya,2012,GOVERNMENT AND CIVIL SOCIETY,China Ministry of Commerce,Government of Kenya,Chinese Government provides $100 million grant for CCTV Installation Project,"In May 2012, the Government of Kenya reportedly received a Chinese Government grant worth $100 million (8.5 billion Kenyan shillings) for installation of closed-circuit television (CCTV) cameras in major cities and towns around the country. Kenyan Prime Minister Raila Odinga told Kenya's parliament on May 24, 2012, that the government will soon be installing the CCTV cameras across the country, starting with the capital Nairobi, and then Mombasa and Kisumu, and other cities. He said the goal of the project is to stop terrorism and improve security.The Chinese company Nanjing Les Information Technology won the contract for a portion of the project that included installing and integrating the urban surveillance system in Nairobi. According to the company, the work on the project was halfway complete in June 2013 and would be completed by September 2013. When finished, the system will include 42 cameras within the Nairobi Central Business District which will be used to decongest traffic and protect security.",Grant,108381783.440768
Surveillance,55437,Suriname,2017,COMMUNICATIONS,Export-Import Bank of China (China Eximbank),Government of Suriname,China Eximbank provides $98.4 million preferential buyer’s credit for Suriname National Broadband Network Project (Linked to Record ID#70442 and #107070),"On December 30, 2016, China Eximbank and the Government of the Republic of Suriname signed a $98,467,581.61 preferential buyer’s credit (PBC) agreement [CHINA EXIMBANK PBC NO. (2016) TOTAL NO. (423)] for the Suriname National Broadband Network Project. The PBC (loan) was approved by Parliament in December 2016 and it was amended and supplemented by an Amendment Agreement that was signed by the lender and borrower on July 3, 2017. The loan officially went into effect in November 2017 after several preconditions ('conditions precedent') were met by the borrower, including but not limited to the signing of a repayment mechanism (escrow account) agreement and the submission of a drawdown schedule approved by the lender.  The loan carries the following borrowing terms: a 15 year maturity, a 5 year grace period, a 3% interest rate, a 0% default (penalty) interest rate, a 0.4% ($393,870.33) management fee, and a 0.4% commitment fee. The loan is scheduled for 21, equal, semi-annual repayments of $6,165,946.18 ($4,688,932.46 in principal and $1,477,013.72 in interest) on February 21 and August 21 of each year after the expiration of the grace period.   The Government of Suriname on-lent the proceeds of the loan to Telecommunicatiebefrijf Suriname (Telesur) -- Suriname’s state-owned telecommunications company -- on May 12, 2017. The borrower was expected to use the proceeds of the PBC to finance approximately 85% of the cost of a $115,844,213.66 commercial (equipment supply and implementation service) contract between Telesur and Huawei Technologies Co., Ltd., which was signed on June 15, 2016.   Under the terms of a 2017 repayment mechanism (escrow account) agreement, the lender required that the borrower establish two escrow accounts: an SRD-denominated revenue account (ID#1160621) with a local Surinamese bank (FinaBank N.V) and a USD-denominated repayment reserve account with China Eximbank. Telesur was required to deposit at least 50% of its revenues, incomes, and funds (including broadband user revenues from the National Broadband Network Project) in the SRD-denominated revenue account. Telesur was also required to maintain a minimum cash balance in the repayment reserve account of $2,954,027.44 during the loan’s grace period (equivalent to total payable interest for one year or two semi-annual interest payments) and $9,377,864.92 during the loan’s repayment period (equivalent to total payable principal for one year or two semi-annual principal payments).  The lender made the first loan disbursement (worth $4,877,322.70) on December 1, 2017, the second loan disbursement (worth $11,447,025.58) between December 1, 2017 and June 1, 2018, the third loan disbursement (worth $3,818,454.80) on June 1, 2018, the fourth loan disbursement (worth $6,840,268.83) on December 7, 2018, the fifth loan disbursement (worth $23,340,009.72) on December 7, 2018, the sixth loan disbursement (worth $2,890,986.27) on March 1, 2019, the seventh loan disbursement (worth $12,123,458.55) on March 1, 2019, the eight loan disbursement (worth $12,972,783.30) on May 21, 2019, the ninth loan disbursement (worth $2,468,279.95) on May 21, 2019, the tenth loan disbursement (worth $9,202,364.93) on August 27, 2019, the eleventh loan disbursement (worth $299,774.30) on December 13, 2019, the twelfth loan disbursement (worth $3,885,036.62) on December 13, 2019, and the thirteenth loan disbursement (worth $4,298,892.76) on March 19, 2020. All loan disbursements were directly deposited in a bank account (No. 202000001000000167014) controlled by Huawei Technologies Co. Ltd.  As of July 21, 2020, the loan had achieved a 95.6% disbursement rate ($94,165,765.55 out of $98,467,581.61).   The borrower made interest payments, principal payments, commitment fee payments, management fee payments in 2018, 2019, 2020, 2021, 2022, and 2023. On February 21, 2018, the borrower made an interest payment worth $4,623.76 and a commitment fee payment worth $56,812.97. It made an interest payment worth $255,771.72, a commitment fee payment worth $163,926.35, and a management fee payment worth $3,333.33 on August 21, 2018. It made an interest payment worth $390,477.10, a commitment fee payment worth $149,247.88, and a management fee payment worth $3,333.33 on February 21, 2019. It made an interest payment worth $956,817.01, a commitment fee payment worth $70,453.65, and a management fee payment worth $3,333.33 on August 21, 2019.  It made an interest payment worth $1,349,640.03, a commitment fee payment worth $21,359.50, and a management fee payment worth $3,333.33 on February 21, 2020. It made an interest payment worth $1,428,180.78 (based on the loan's disbursed balance of $94,165,165.55), a commitment fee payment worth $8,699.23 (based on the loan's undisbursed balance of $4,301,816.06), and a management fee payment worth $3,333.33 on August 21, 2020.  It made an interest payment worth $1,443,875.07 and a commitment fee payment worth $4,636.40 on February 21, 2021. It made an interest payment worth an unknown amount and a commitment fee payment worth an unknown amount on August 21, 2021. It made an interest payment worth an unknown amount and a commitment fee payment worth an unknown amount on February 21, 2022. It made an interest payment worth an unknown amount and a commitment fee payment worth an unknown amount on August 21, 2022. Then, on February 21, 2023, the borrower made its first (semi-annual) principal payment worth approximately $4,688,932 and an interest payment worth approximately $1,477,013.  The purpose of the project was to utilize fiber optic cables to expand electronic services across Suriname.  The project was divided into two phases. Phase 1 of the project (also known as the 'fiber-to-the-curb' phase) commenced in June 2017 and ended in October 2018. Phase 2 (also known as the 'fiber-to-the-home' phase) commenced in 2019. Phase 1 involved the replacement of old copper infrastructure with fiber optic cable and the placement of 253 additional multi-service access nodes in the broadband network and 35,000 households were successfully transferred to the higher bandwidth broadband network. While 85% of the $115,844,214 commercial contract was earmarked for phase 1 and phase 2, the remaining funds (approximately $17 million) from Telesur were earmarked for a Safe City project component, which involved the installation of 300 CCTV surveillance cameras on behalf of the Government of Suriname in the city of Paramaribo.   Huawei Technologies was the contractor responsible for project implementation. Its work was overseen by Telesur. Multi Electric Systems was also involved as a subcontractor.  Project implementation commenced on June 9, 2017. Then, on December 28, 2018, the Safe City project component was officially launched. Telesur also installed the first CCTV camera’s in Paramaribo in partnership with Huawei Technologies Co., Ltd (who manufactured every camera) in August 2018. By February 2019, around 300 CCTV cameras had been installed in Paramaribo, and there were plans to expand the Safe City project component to Wanica, Albina and Nickerie.  On December 20, 2019, the National Broadband Network Project officially reached completion. Multiple regions reported increased bandwidth after the implementation of the project.   However, the National Broadband Network Project has financially underperformed vis-a-vis its original objectives and the expectations of the lender. The Government of Suriname defaulted on its sovereign debt obligations three times during the COVID-19 pandemic. In December 2021, the International Monetary Fund (IMF) announced that ‘Suriname owes arrears to China and India, which have provided assurances, although less specific than those provided by the Paris Club creditors, that they intend to work with Suriname towards a debt restructuring that will restore sustainability. China has consented to [IMF] financing notwithstanding these arrears. [...] An update will be circulated to the [IMF] Executive Board not later than one week prior to the scheduled Board consideration. On the basis of the Surinamese authorities’ commitment noted above, [IMF] staff expect that debt to China and India will be treated on comparable terms with other bilateral creditors. The arrears constitute a form of financing contribution to the program. China and India have acknowledged that Suriname will continue to run arrears on their official debt until a debt treatment can be agreed.’ The IMF also disclosed in December 2021 that ‘[t]he stock of external arrears is estimated to be at 11 percent of GDP by end-2021, including arrears of USD 61 million to China.’ Then, in February 2022, China Eximbank withdrew $1,477,013.72 (the monetary value of one semi-annual interest payment) from the repayment reserve account -- that was set up as a credit enhancement (and quasi-collateral arrangement) for the loan supporting the National Broadband Network Project -- in order to cover the cost of a missed interest payment by the borrower. At the time of the withdrawal, the standing cash balance of the repayment reserve account was approximately $2,954,027.44. China Eximbank also 'locked' ('froze') the SRD-denominated revenue account at a local Surinamese bank (FinaBank N.V) and replenished the repayment reserve account with funds that were deposited in the revenue account. After a period of negotiation, the revenue account was 'unlocked' ('unfrozen'). On August 21, 2022, Telesur paid its scheduled interest payment to China Eximbank in full. Then, in early 2023, Telesur subsequently sought and secured approval from the Government of Suriname to make its first principal and interest payment (worth $6,165,946.18) to China Eximbank in February 2023. Shortly after the borrower made the payment to the lender, the IMF informed Telesur and the Government of Suriname that the $6,165,946.18 principal and interest payment ought to be returned to the borrower to ensure 'comparable treatment' across external creditors (many of whom were still not being repaid). Telesur and the Government of Suriname then requested that China Eximbank return the $6,165,946.18 principal and interest payment in April 2023.  One month later, in May 2023, the IMF announced that ‘[a]n agreement was reached with Paris Club (PC) creditors for a two-step debt treatment in June 2022, and bilateral agreements with most of the PC creditors have been completed. An agreement-in-principle with bondholders was reached on May 4, 2023. The authorities are actively negotiating in good faith with China and India on a debt restructuring agreement.’ However, as of June 2023, China Eximbank had still not responded to the request for the return of the $6,165,946.18 principal and interest payment that was made in February 2023. At that time, the IMF also published a report estimating that the Government of Suriname's total principal and interest arrears to China had increased from $61 million to $107 million.  In a June 2, 2023 letter to the IMF, the President of Suriname explained that '[I]n January 2023, Telesur, the state-owned telecommunication company, made an erroneous payment of USD 7 million to [China Eximbank]. We commit not to make payments on any official bilateral debt under restructuring negotiation until the process is complete. We will make sure that the payments from Telesur to [China Eximbank] since the EFF approval will be reflected in the eventual debt restructuring with [China Eximbank] to ensure comparability treatment with other official creditors. We have taken steps to prevent any further such payments by Telesur. Telesur is no longer allowed to meet with [China Eximbank] representatives without MoFP officials being present. The Minister of Finance sent a letter to all the parties involved (including [China Eximbank]) such that no payment on the Telesur’s loan to [China Eximbank] will be made until a restructuring agreement within the parameters of the IMF EFF program have been reached, and a Presidential Decree [has been issued] stating that the debt restructuring process will be respected and payments by Telesur are prohibited until the debt restructuring agreement between Suriname and China has been reached.'",Loan,104781951.262855
Surveillance,92204,Cote d'Ivoire,2019,GOVERNMENT AND CIVIL SOCIETY,Bank of China (BOC),Government of Côte d'Ivoire (Ivory Coast),"Bank of China provides CFA 48.3 billion loan for Phase 2 of Video Surveillance Platform Project (Linked to Record ID#53273, ID#92205, and ID#92206)","According to the Government of Côte d'Ivoire’s Aid Management Platform (AMP), Bank of China and the Government of Côte d'Ivoire signed two loan agreements on May 22, 2019 for Phase 2 of the Video Surveillance Platform Project: a CFA 48,316,189,461.09 loan agreement (captured via Record ID#92204) and a CFA 7,948,624,543.20 loan agreement (captured via Record ID#92205). The borrower was expected to use the proceeds of the CFA 48,316,189,461.09 loan to finance 85% of the cost of the total project (commercial contract) cost. It was expected to use the proceeds of the CFA 7,948,624,543.20 loan to finance 15% of the cost of the total project (commercial contract) cost.   By June 2021, the CFA 48,316,189,461.09 loan had achieved a 99.5% disbursement rate. 5 disbursements (worth CFA 48,116,958,480) took place in 2020 and 2021: a CFA 4,684,692,375 disbursement on January 31, 2020, a CFA 9,737,902,952 disbursement on April 30, 2020, a CFA 9,737,902,952 disbursement on April 30, 2020, a CFA 12,503,600,040 disbursement on June 30, 2020, a CFA 4,344,698,346 disbursement on September 30, 2020, and a CFA 6,846,064,775 disbursement on June 30, 2021. By December 2020, the CFA 7,948,624,543.20 loan had achieved a 100% disbursement rate. It was disbursed in a single CFA 7,948,624,543.20 tranche on December 31, 2020.   Phase 2 involved the laying of fiber optic cable and the installation of video surveillance cameras in the city of the Abidjan, the city of Yamoussoukro, the city of Bouaké within Gbêkê Region, the city of Odienné within Kabadougou Region, the city of Korhogo within Poro Region, and the city of San Pedro within San Pedro Region. It also sought to connect these cameras to a traffic monitoring system using license plate readers and variable message signs for the detection of red light violations. The ultimate objectives of the project were to reduce crime, establish an infrastructure monitoring system, and establish a road traffic regulation and control system.   Huawei Technologies Co., Ltd. was the contractor responsible for implementation. According to the AMP, Phase 2 commenced on May 22, 2019 and reached completion on December 31, 2021. ",Loan,86132471.0667692
Surveillance,86748,Burkina Faso,2020,COMMUNICATIONS,Export-Import Bank of China (China Eximbank),Burkina Faso Minister of Security ,China Eximbank provides RMB 560 million government concessional loan for Smart Burkina Faso Project,"On September 29, 2020, China Eximbank and the Government of Burkina Faso’s Ministry of Security signed an RMB 560 million government concessional loan (GCL) agreement [CHINA EXIMBANK GCL NO (2020) 7 TOTAL NO (699)] for the Smart Burkina Faso Project. The GCL carries a 20-year maturity, a 5-year grace period, and a 1% interest rate. The borrower is expected to used the proceeds of the loan to finance a $80 million (CFA 52,301,810,024) commercial contract (ID# 0Y08541900000) between Burkina Faso's Ministry of Security, Huawei Technologies Co, Ltd and China International Telecommunication Construction Corporation.   The purpose of the project is to establish a 650 kilometer fiber optic backbone network that connects various cities and localities in Burkina Faso, establish a 150 kilometer fiber optic network that connects other cities and localities in Burkina Faso, and strengthen public security by installing 900 surveillance cameras and 300 video surveillance sites. Huawei Technologies Co, Ltd and China International Telecommunication Construction Corporation are the contractors responsible for project implementation.  The project officially commenced on July 8, 2021 and it was originally expected to reach completion within 54 months (January 8, 2026).",Loan,83734918.8356214
Surveillance,36438,Mali,2014,COMMUNICATIONS,Export-Import Bank of China (China Eximbank),Government of Mali,China Eximbank provides RMB 493 million government concessional loan for National Broadband Network Project (Linked to Record ID#30652),"On March 6, 2014, the Chinese Government and the Government signed a preferential loan framework agreement for the National Broadband Network Project. Then, on April 11, 2014, China Eximbank and the Government of Mali signed an RMB 493,000,000 government concessional loan (GCL) agreement for the National Broadband Network Project. The estimated borrowing terms of the loan include a 20.6263-year maturity, a 7.6878-year grace period, and a 1.4896% interest rate.  The loan agreement was ratified by Parliament on September 3, 2014 (Law No. 2014-045) after its approval on June 11, 2014 by the Council of Ministers. The proceeds of the loan were to be used by the borrower to finance a commercial contract (worth 35,213,172,169 CFA francs) between the Government of Mali and Huawei Technologies Co. Ltd, which was signed November 18, 2011.    The project involves the laying of 1300 km of fiber optic cable along 3 roads: (1) Bamako-Kourémalé; (2) Mopti-Douentza-Gao; and (3) Markala-Niono-Léré-Niafunké-Goundam-Tombouctou. It also involves the establishment of a data center in Bamako, modernize the Government of Mali’s communication network, establish a videoconference system, create a video surveillance system to manage security risks and road traffic, and install surveillance equipment.   Huawei Technologies Co., Ltd. is contractor responsible for implementation. Construction began in December 2015. The originally anticipated project execution period was 15 months. ",Loan,82057467.3162854
Surveillance,39382,Papua New Guinea,2013,GOVERNMENT AND CIVIL SOCIETY,Export-Import Bank of China (China Eximbank),Government of Papua New Guinea,China Eximbank provides $77.3 million loan for Electronic ID Card Project,"On October 11, 2013, the Chinese Government and the Government of Papua New Guinea signed a preferential loan framework agreement for the Electronic ID Card Project. The agreement was signed by National Planning Minister, Charles Abel, and the Chinese Ambassador to Papua New Guinea, Qiu Bohua, at Vulupindi Haus in Port Moresby. Then, in November 2013, China Eximbank and the Government of Papua New Guinea signed a $77,339,883.50 loan agreement for the Electronic ID Card Project. The estimated borrowing terms of the loan were as follows: a 19.8333-year maturity, a 5.333-year grace period, and a 2% interest rate. The proceeds of the loan were to be used by the borrower to finance a commercial contract with Huawei Technologies Co., Ltd., which was signed in 2012.   The purpose of the project was to build a new ID card data center and card-making center in the Port of Moresby, the capital of Papua New Guinea; establish a national population database, population information and electronic ID management system, 27 fixed information collection points, 400 mobile information collection points; produce 5 million ID cards; and provide a series of supporting services including data collection vehicles, technical consultation, system installation, personnel training, and maintenance. The overarching aim of the project was to create a trustworthy and secure biometric identity verification system so that all citizens could be registered electronically with biometric identification based on voters’ fingerprints. It was also envisaged that the biometric identity verification system could be used to support National Census, electronic voting, e-passport and general data and statistics.   Huawei Technologies Co., Ltd. was the contractor responsible for implementation. The project officially commenced on February 25, 2015, when Prime Minister O'Neill became the first PNG citizen to register in the database. Then, on March 26, 2015, the new ID card center opened and Prime Minister O'Neill became the first PNG citizen to receive a card. The biometric system technology was fully complete by 2017, and was rolled out to 11 provinces. While the technology was intended for use in the 2017 election, registration proved difficult. In 2018, DevPolicy reported that the project had “only registered a fraction of citizens.   This project also faced allegations of mismanagement of funds in September 2015. The allegations were raised in a petition sent to the Minister for National Planning and Monitoring, Charles Abel, by a group of 68 employees of the Electronic ID Card Project and the National Statistical Office. The petition called for an audit of the use of project funds between 2013 and 2015 and an audit of National Statistical Office funds.  The petition also called for the removal of Roko Koloma, the Director of the Electronic ID Card Project and the Acting National Statistician, as well as Civil Registrar-General Dickson Kiragi.   The Government of Papua New Guinea’s National Executive Council later moved the Electronic ID Card Project away from the National Statistical Office and approved the establishment of a special project management unit under the department to manage its implementation. ",Loan,79967219.1990271
Surveillance,89415,Cote d'Ivoire,2018,COMMUNICATIONS,Bank of China (BOC),Government of Côte d'Ivoire (Ivory Coast),Bank of China provides CFA 42.7 billion loan for Phase 1 of Ministry of Interior and Security Unified Communication System Project (Linked to Record ID#53273 and ID#92201),"On August 31, 2018, the Government of Côte d'Ivoire signed a set of loan agreements with Bank of China for Phase 1 of the Digital Education Project (captured via Record ID#89413 and Record ID#91764) and Phase 1 of the Ministry of Interior and Security Unified Communication System Project (captured via Record ID#89415 and Record ID#92201). According to the Government of Côte d'Ivoire’s Aid Management Platform (AMP), Bank of China signed two loan agreements with the Government of Côte d'Ivoire for Phase 1 of the Ministry of Interior and Security Unified Communication System Project: a CFA 42,754,805,764.67 loan agreement (captured via Record ID#89415) and a CFA 7,018,739,900 loan agreement (captured via Record ID#92201). The borrower was expected to use the proceeds of the CFA 42,754,805,764.67 loan to finance 85% of the cost of the commercial contract between Huawei Technologies Co., Ltd. and Côte d'Ivoire’s Ministry of Interior and Security. It was expected to use the proceeds of the CFA 7,018,739,900 loan to finance 15% of the cost of the commercial contract between Huawei Technologies Co., Ltd. and Côte d'Ivoire’s Ministry of Interior and Security.   As of April 2022, 6 disbursements (worth CFA 42,077,004,262) had been made under the CFA 42,754,805,764.67 loan: a CFA 9,568,049,781 disbursement on June 30, 2019, a CFA 15,478,003,812 disbursement on October 31, 2019, a CFA 10,938,194,160 disbursement on January 31, 2020, a CFA 3,896,402,757 disbursement on March 31, 2020, a CFA 827,825,441 on May 31, 2020, and a disbursement of CFA 1,368,528,311 on August 31, 2020. A single disbursement was made under the CFA 7,018,739,900 loan: a CFA 7,019,988,777 disbursement on April 30, 2019.   The purpose of the project is to establish a unified and secure communication system for Côte d'Ivoire’s Ministry of Interior and Security. It reportedly involves an expansion in the geographical scope of the video surveillance system that Huawei Technologies Co., Ltd. initially installed in the capital city of Abidjan with support from China Eximbank (as captured via Record ID#53273). A key objective of the project is to install video surveillance equipment in major cities within the country’s interior and on the country’s borders. The Ministry of Interior and Security is reportedly interested in using these technologies to strengthen surveillance in the country’s northern region (to address incursions by militant groups that are active in the Sahel). Huawei Technologies Co., Ltd. is the EPC contractor responsible for implementation. However, AidData has not yet identified any evidence of project implementation. ",Loan,77423074.6762099
Surveillance,55627,Mauritius,2018,GOVERNMENT AND CIVIL SOCIETY,Export-Import Bank of China (China Eximbank),Government of Mauritius ,China Eximbank provides $73.7 million preferential buyer’s credit for Safe City Project,"In 2015, Huawei Technologies Co., Ltd. submitted an unsolicited bid to the Government of Mauritius to implement a Safe City Project (SCP). Then, on April 1, 2018, China Eximbank and Mauritius Telecom Ltd — a minority state-owned telecommunications company in Mauritius — signed a preferential buyer’s credit (PBC) agreement worth $73,687,000 for the Safe City Project. The PBC carries a 2% interest rate, a 20-year maturity, and a 7-year grace period.   The Government of Mauritius issued a sovereign guarantee for the loan. The borrower was expected to use the proceeds of the loan to partially finance the cost of commercial contract with Huawei Technologies Co., Ltd., which was signed in December 2017. The loan’s outstanding amount was $22,349,375 on June 30, 2018, $58,963,735 on December 31, 2019, $62,730,781 on December 31, 2020, and $65,050,841 on June 30, 2021.   The Safe City Project involved the installation a CCTV Smart Camera Surveillance System, a Multimedia Radio Trunking System, a Central Watch and Management System, an Integrated Emergency Response Management System, and an Intelligent Command System to enable the Police Department to obtain better intelligence with a view to optimizing responses. The original project scope also included the provision and installation of 4,000 ‘smart cameras’ (intelligent surveillance cameras) in major public areas — specifically, along main roads and motorways, pedestrian walkways and traffic centers — 500 trunking smart handsets, 500 trunking vehicle radios, 4,500 smartphones, and 150 fixed desktop terminals to provide an ‘umbrella’ for public safety in Mauritius. The project’s stated objective was to enhance the security and safety of the public. Police stations in Cote d’Or, St Pierre, La Gaulette, Poudre d’Or, St Pierre and Petit Gabriel in Rodrigues were expected beneficiaries of the equipment and technology.   Huawei Technologies Co., Ltd. was the contractor responsible for project implementation. On August 19, 2019, the Government of Mauritius officially launched the SCP’s centralize command and control center. However, 18 months after the project’s scheduled completion date (June 2019), the SCP was still not fully operational.  As of December 30, 2020, only 130 of the 300 Intelligent Traffic Surveillance (ITS) cameras had been installed in 69 of the 75 sites; 346 vehicular mounted radios had been installed in police vehicles, while 4 had not yet been installed; and one static radio terminal had not yet been installed in a police station.   As of January 28, 2021, only one of the seven sub-command centers had been completed and commissioned, a Service Level Agreement (SLA) for the hosting of servers had not been finalized, and ‘smart’ cameras were only installed at 756 of the 2,000 Intelligent Video Surveillance (IVS) sites. Delays in the implementation of the SCP were attributed to: a decision to install steel poles for the IVS cameras instead of CEB poles as originally planned during implementation phase; installation issues related to the servers at the Government Online Centre; an issue related to the ‘End of Supply’ of the communication equipment; and the serial numbers of cameras not matching those specified in the technical specifications. The project also become a source of local scrutiny and controversy due to concerns about transparency and data privacy/security.   The purpose of the SCP was to provide tools and technologies to the Police Service to help it monitor and manage its resources so as to enhance its responsiveness and efficiency through real time information. However, the Mauritius Police Service later told the country’s National Audit Office (NAO) that it could not share key pieces of information about the project because of the nature of two contracts that its signed with Mauritius Telecom (MT) — a partially state-owned enterprise — in December 2017 to implement the SCP through an operating lease model. The Mauritius Police Service informed the NAO that it could not furnish either of these contracts due to the inclusion of mutual non-disclosure clauses in the contracts. Section 110 (2) of the Constitution of the Republic of Mauritius specifies that ‘the public accounts of Mauritius and of all courts of law and all authorities and officers of the Government shall be audited and reported on by the Director of Audit and for that purpose the Director of Audit or any person authorised by him in that behalf shall have access to all books, records, reports and other documents relating to those accounts’. According to the NAO, ‘[the] clauses in [the] contracts [between MT and the Mauritius Police Service] deprives the Director of Audit of access to public records for audit purposes’ and ‘the constitutionality of [the clauses] is questionable.’ The Police Service informed NAO that the advice of the Attorney-General’s Office was being sought on the matter.   Apart this these government accountability issue, concerns haven arisen about who stores and controls the data collected through the SCP. The Government of Mauritius has maintained that the Mauritius Police Force will operate the cameras and have custody of data collected. However, during a court case, officers from the Mauritius Police Force testified that the data was in fact held by MT. MT was quick to release a public statement saying that the data was stored at the Government Online Centre – a public body under the aegis of the ICT ministry.",Loan,74150955.0261338
Surveillance,92519,Angola,2021,GOVERNMENT AND CIVIL SOCIETY,Export-Import Bank of China (China Eximbank),Government of Angola,China Eximbank provides $79.7 million loan for Phase 2 of the Public Security Project,"On December 17, 2021, China Eximbank and the Government of Angola signed a $79.7 million loan agreement for Phase 2 of the Public Security Project. The purpose of this project is to install a network of surveillance (CCTV) cameras in Luanda and various provincial centers and establish various Public Security Integrated Centers to monitor the information that is collected through the surveillance network.    China National Electronics Import and Export Corporation (CEIEC) and Huawei Technologies Co., Ltd. are the contractors responsible for project implementation.",Loan,73494688.4830877
Surveillance,91780,Equatorial Guinea,2019,GOVERNMENT AND CIVIL SOCIETY,China Construction Bank Corporation (CCB),Government of Equatorial Guinea,China Construction Bank provides $70.3 million loan for Video Surveillance Project,"On June 28, 2019, Huawei Technologies Co., Ltd. submitted a financing proposal to the Government of Equatorial Guinea for a Video Surveillance Project. Then, in November 2019, China Construction Bank and the Government of Equatorial Guinea signed a $70,325,843.26 loan agreement for a Video Surveillance Project. The loan carried the following borrowing terms: a 15 year maturity, a 2.5 year grace period, an interest rate of 6-month LIBOR plus a 3% margin, a 0.5% commitment fee, and a 1% upfront (management) fee ($1.054.887,65). It was backed by a Sinosure credit insurance policy. The borrower was expected to us the proceeds of the loan to finance 85% of the cost of a $82.736.286.19 commercial contract between the Government of Equatorial Guinea and China National Technical Import and Export Corporation (CNTIC).   According to Caja Autónoma de Amortización (CAA) de la Deuda Pública within Equatorial Guinea’s Ministry of Finance and Budget, the loan's principal amount outstanding was $70,325,843.26 as of December 31, 2019.   CNTIC was the general EPC contractor responsible for project implementation. However, Huawei Technologies Co., Ltd. appears to have also been involved (most likely as a subcontractor).  No additional details are available, but several Government of Equatorial Guinea sources refer to projects that involved the installation of a video surveillance camera system at the Presidential Palace, the installation of a video surveillance camera system at Malabo International Airport, and the installation of a video surveillance camera system at Malabo-Sipopo Highway. ",Loan,72997345.5913982
Surveillance,53093,Zambia,2015,COMMUNICATIONS,Export-Import Bank of China (China Eximbank),Government of Zambia,China Eximbank provides $65.4 million loan for Phase I of Smart Zambia National ICT Development Project (Linked to Record ID#92219),"In March 2015, the Government of Zambia and China Eximbank signed a concessional loan agreement worth $65,468,016.48 for Phase 1 of the Smart Zambia National ICT Development Project. The borrowing terms of the loan are unknown. However, it is known that some of the loan proceeds ($13,487,360.26) were on-lent to Zambia ICT College (later renamed Zambia University College of Technology) on September 1, 2015 (final maturity date: March 1, 2035). It is also known that the proceeds of the loan were used to be used by the borrower to finance 100% of the cost of a $65,468,016.48 commercial contract between the Government of Zambia and Huawei Technologies Co., Ltd. (ID#00Y8941213000A), which was signed in January 2015. The contract was to be paid in three installments: one advance payment of 30% of the contract value, one payment worth 50% of the contract value at delivery, and a final payment equivalent to 20% of the contract value as an acceptance payment upon completion.   By December 31, 2022, Zambia ICT College had accumulated principal and interest arrears under its on-lending agreement with Zambia's Ministry of Finance worth $2,513,150.68.  Phase 1 of Smart Zambia National ICT Development Project supported the creation of three data centers and an information and communications technology (ICT) talent training center (Chinese project name: 信息和通信技术人才培训中心). Zambia’s main national data center, managed by the Zambia Information and Communication Technology Authority (ZICTA), is located in Lusaka (exact locational coordinates: -15.423211184181552, 28.311501916335335). The ZICTA center covers an area about 450 square meters, with an equipment room containing 72 server cabinets, a power room, monitoring room, and two outdoor diesel-engine generators supported by underground fuel tanks. The ZICTA cloud platform was designed to provide processing, networking, and storage facilities for government and public institutions, and commercial enterprise services. The second data center is a a 400-square-meter backup facility located at the Roma switch office of Zamtel, the Zambian national telecommunications operator. The third data center is another 600-square meter backup facility situated at the Zamtel Kitwe switch office. All of the three centers are fully equipped with servers, power, monitoring, and communications equipment rooms.   Project implementation commenced in January 2016. A The ICT talent training center began operations in July 2016. The project was officially completed and handed over the authorities on February 28, 2017. The ZICTA National Data Center was put into operation in February 2019. This project has become the source of local and international controversy. In 2015, Zambia’s Anti-Corruption Commission reportedly investigated the circumstance surrounding the issuance of a no-bid contract to Huawei Technologies Co., Ltd. Then, in August 2019, the Wall Street Journal reported that ‘in the country’s new $75 million data center, Huawei employees work with the Cybercrime Crack Squad, sitting in cubicles where they monitor and intercept digital communications from a broad spectrum that includes criminal suspects, as well as opposition groups, activists and journalists.’ It also reported that “on the second floor of Zicta’s gray-colored facility, behind biometric scanners, Huawei employees are embedded within Zambia’s new data center, which houses the Cybercrime Crack Squad, Zambian security officials said. Established in February [2019], around half of the 40-strong staff at the data center are Huawei employees, two Zambian officials there said. In April [2019], President Lungu’s office ordered a crackdown on news sites that had published a string of damaging stories.   Zambia was for decades seen as one of Africa’s most stable and permissive democracies, but in recent years it has moved to muzzle opposition media, shuttering some of the country’s top newspapers and television channels and pushing antigovernment voices onto Facebook sites and WhatsApp forums. Mr. Lungu’s press secretary, Amos Chanda, called the head of the cyber squad, Mofya Chisala, and a senior chief Huawei technician for help, Zambian intelligence officers said. Mr. Chanda said he had “no recollection of the events or meetings” with the cyber squad or Huawei officials. Mr. Chisala didn’t respond to requests for comment. Huawei technicians helped intercept the communications of opposition bloggers running a news site named Koswe, or “The Rat,” which had repeatedly criticized Mr. Lungu, the two Zambian officials in the Cybercrime Crack Squad said. The Huawei staff accessed the bloggers’ Facebook pages, where they found their phone numbers, and then used spyware from another company to look into and locate the devices. On April 18, a team of cyber officials, police intelligence and Zicta experts huddled in Mr. Chanda’s office, on the ground floor of the presidential mansion. Two Huawei technicians opened their laptops to display screens showing live trace routes of several mobile phones linked to the targeted bloggers’ Facebook pages, on maps that also charted Huawei phone antennas, Zambian intelligence officials said. The cyber squad alerted the police in the northwestern provinces where Huawei had pinpointed the opposition bloggers. Over the next few days, Huawei experts helped Zambian officials track the targets from the Zicta data center offices, maintaining real-time contact with police officers in the field, the intelligence officials said. Finally, police swooped in on sites on the outskirts of the copper mining town Solwezi. One suspect was typing on his laptop when officers burst in and seized his electronic devices. “We found one of the suspects editing a long, malicious article which he was about to post,” one of the intelligence officials said. One official on the cyber squad said the Zambians have “nowhere near the expertise” of Huawei.  There are also indications that the loan that supported financially underperformed vis-a-vis the original expectations of the lender. In November 2020, the Government of Zambia defaulted on its repayment obligations to Eurobond holders and approximately 6 weeks after China, France, and 14 other countries formed a creditor committee to discuss the Zambian authorities’ request for a debt treatment under ‘the Common Framework for Debt Treatment beyond the DSSI’ endorsed by the G20 and the Paris Club. Then, in 2024, Zambia's Auditor General revealed that Zambia ICT College's 'role was to manage the ICT Talent Training component of the project with the view that revenues raised from the training [program] would assist in the repayment of the [China Eximbank loan]. However, the training program did not have the envisaged uptake therefore rendering [Zambia ICT College] unable to service the loan.' A Zambian parliamentary select committee also determined that 'due diligence was not undertaken in order to ascertain whether the Zambia ICT College had the capacity to repay the loan in question.'",Loan,68492532.874939
Surveillance,53273,Cote d'Ivoire,2016,GOVERNMENT AND CIVIL SOCIETY,Export-Import Bank of China (China Eximbank),Government of Côte d'Ivoire (Ivory Coast),"China Eximbank provides $57.1 million preferential buyer’s credit for Phase 1 of Video Surveillance Platform Project (Linked to Record ID#92204, ID#92205, and ID#92206)","On June 6, 2016, China Eximbank and the Government of Côte d'Ivoire signed a $57,107,286.55 (CFA 27,790,839,066.10) preferential buyer’s credit (PBC) agreement [CHINA EXIMBANK PBC No. (2016) 4 TOTAL NO. (392)] for Phase 1 of the Video Surveillance Platform Project. It was ratified by the Government of Cote d'Ivoire on August 31, 2016. The borrowing terms of the PBC include a 2% interest rate, an 18-year maturity, and a 7.4166-year estimated grace period. The proceeds of the PBC were to be used by the borrower to partially finance a commercial contract with Huawei Technologies Co., Ltd.   As of April 2022, the loan had achieved a 117.3% disbursement rate (CFA 32,608,412,922 out of CFA 27,790,839,066.10). 6 disbursements (worth CFA 32,608,412,922) took place between 2017 and 2020: a CFA 5,899,456,283 disbursement on December 31, 2017, a CFA 12,311,081,310 disbursement on July 31, 2018, a CFA 4,973,823,456 disbursement on November 30, 2018, a CFA 4,609,394,849 disbursement on April 30, 2019, a CFA 2,227,192,738 disbursement on September 30, 2019, and a CFA 2,587,464,286 on March 31, 2020.   This project involved the laying of 270 kilometers of fiber optic cable and the installation of 1,000 video surveillance cameras in the capital city of the Abidjan. It also sought to connect these cameras to a traffic monitoring system using license plate readers and variable message signs for the detection of red light violations. The ultimate objectives of the project were to reduce crime, establish an infrastructure monitoring system, and establish a road traffic regulation and control system in ten areas: Abobo, Adjame, Attécoubé, Cocody, Koumassi, Marcory, Plateau, Port-Bouet, Treichville, Yopougon.   Huawei Technologies Co., Ltd. was the contractor responsible for implementation. This project commenced in 2017. As of January 2019, 91% of the cameras were installed; 95% of the operation centers were established; 75% for the management of road and traffic monitoring equipment was installed; and 85% coverage for fiber optic cable was installed. The project was expected to reach completion in March-April 2019. It was ultimately completed on February 28, 2021. ",Loan,62288149.4034415
Surveillance,73218,Ghana,2008,GOVERNMENT AND CIVIL SOCIETY,Poly Technologies,Government of Ghana,Poly Technologies provides $39.8 million supplier credit for Acquisition of Two 46.8 Meter Patrol Vessels Project,"On September 23, 2008, Poly Technologies — a subsidiary of China Poly Group Corporation — and the Government of Ghana signed a $39,862,066.50 supplier credit agreement for the Acquisition of Two 46.8 Meter Patrol Vessels Project. This supplier credit carried the following terms: 5 year maturity, 1 year grace period, and 5.9% interest rate.   The proceeds from this supplier credit were used to purchase two 46.8 meter patrol vessels from Poly Technologies for the monitoring, control and surveillance operation in the fishery waters of Ghana. The ultimate objective of this project was to enable the Ghana Navy combat and deter piracy at sea, illicit drug trafficking, dumping of toxic waste, human trafficking and illegal fishing at sea. These vessels (called “Chemle” and “Ehoo”) were ordered in 2011 and delivered to the Ghana Navy in October 2011. The vessels were then commissioned on February 20, 2012.",Loan,56143571.4690058
Surveillance,39718,Bahamas,2004,OTHER SOCIAL INFRASTRUCTURE AND SERVICES,China Ministry of Commerce,Government of the Bahamas,Chinese Government provides RMB 220 million grant for Thomas A Robinson National Stadium Construction Project,"In August 2004, the Chinese Government agreed to provide an RMB 220 million grant to the Government of the Bahamas for the construction of the Thomas A Robinson National Stadium.   Then, on August 9, 2006, Qilu Construction Group Corp.  and the Government of the Bahamas signed a construction contract for the stadium. Construction began on July 10, 2006; however, construction stalled from 2006 until 2009 due to project design modifications. Construction officially restarted on July 10, 2009 with a new contractor, Shandong Hi-Speed Hubei Development Co., Ltd, and was completed on April 30, 2011. From May 26 to June 5, 2011, the stadium passed a final inspection to ensure building safety. On June 22, 2011, the Chinese Government officially handed over the stadium to the local Bahamian authorities. Then, on February 25, 2012, an opening ceremony took place.  The National Stadium project sparked domestic concerns that the influx of Chinese laborers and contractors would limit employment opportunities for Bahamians. Ultimately, over 100 Bahamian entities provided goods and services for the stadium’s construction (accounting for 30% of project expenditure) and 326 Chinese nationals were hired to support the implementation of the project. Furthermore, the stadium occupies just over 190,000 sq ft, and it has 15,000 fixed seats, including sky boxes and a number of disabled-friendly seats. Other features include a state-of-the-art security surveillance system, audio/visual equipment, meeting rooms, offices and suites.",Grant,55917139.1735497
Surveillance,54577,Bolivia,2018,GOVERNMENT AND CIVIL SOCIETY,Export-Import Bank of China (China Eximbank),Government of Bolivia,China Eximbank provides RMB 350 million government concessional loan for BOL-110 (Phase II) Sub-National Integrated Command and Control System for Citizen Security (Linked to Record ID#54576),"On June 19, 2018, China Eximbank and the Government of Bolivia signed an RMB 350,000,000 government concessional loan (GCL) agreement [China Eximbank GCL No.2017 (02) TOTAL No.(607)] for the Sub-National Integrated Command and Control System for Citizen Security BOL-110. The GCL carries an interest rate of 2%, a grace period of 5 years, and a maturity of 15 years. The lender made disbursements worth $15,266,288 in 2018 and $15,275,394 in 2019, an unknown amount in 2020, $0 in 2021, and $4,786,128 in 2023. The borrower made no principal repayments between 2018 and 2023. However, it paid interest and/or fees worth $251,597 in 2018, $431,801 in 2019, an unknown amount in 2020, $1,014,322 in 2021, and $928,163 in 2023. The loan’s (principal) amount outstanding was $0 as of December 31, 2017, $15,266,288 as of December 31, 2018, $30,072,604 as of December 31, 2019, $48,401,223 as of December 31, 2020, $49,412,540 as of December 31, 2021, $45,132,244 as of December 31, 2022, and $49,169,733 as of December 31, 2023.  The purpose of the project is to use technology to enhance the operational capacity of the Bolivian police to combat crime. The first phase of the project involves the construction of a command center in La Paz's Miraflores area, which has 32 consoles to track 620 security cameras in the cities of La Paz and El Alto. The system will be expanded to six provincial capitals (Santa Cruz de la Sierra, Warnes, El Alto, Trinidad, Cobija and Oruro) in the second phase, when all of them will be equipped with control centers. The system will be assisted with 120 public servants, three police buses, five drones and new intelligent patrol vehicles. The Bolivian police department will also receive 100 digital radios with GPS for patrol cars and 500 radios for police officers. 2,000 public transport vehicles will be equipped with a GPS system and emergency buttons to help drivers and passengers.   China National Electronics Import & Export Corporation is the contractor responsible for project implementation. The second phase of the project was officially launched on August 20, 2019. The  Municipal Government of Santa Cruz de la Sierra received technological surveillance equipment in September 2022 as part of the implementation of the project's second phase. Technological surveillance systems were later installed in eleven penitentiary facilities nationwide -- Chonchocoro, Obrajes and San Pedro in La Paz; San Sebastián and El Abra in Cochabamba; Palmasola and Montero in Santa Cruz; Cantumarca in Potosí; Mocovi in ​​Trinidad; Villa Busch in Cobija; and Morros Blancos in Tarija -- in December 2022. Then, on November 17, 2023, the BOL-110 citizen security (technological surveillance) system was officially inaugurated in Beni Department. The project was inaugurated in El Alto, completing the project's expansionary phase 2.",Loan,53252424.5550534
Surveillance,60830,Madagascar,2020,COMMUNICATIONS,Export-Import Bank of China (China Eximbank),Government of Madagascar,China Eximbank provides RMB 337.9 million government concessional loan for Telecommunications Network Modernization Project,"On December 2, 2019, China Eximbank and the Government of Madagascar signed a preferential loan framework agreement for the Telecommunications Network Modernization Project. Then, on February 19, 2020, China Eximbank and the Government of Madagascar signed a RMB 337,998,700 (USD 42.7 million) government concessional loan (GCL) agreement for the project. The GCL carries the following borrowing terms: a 30 year maturity, a 5 year grace period, a 1.5% interest rate, a 0.25% management fee, and a 0.25% commitment fee.   Madagascar’s Senate approved the loan agreement on June 5, 2020. This project involves the deployment of a fiber-optic network using Huawei’s 4G eLTE technology across public safety and other government agencies in the capital, Antananarivo. This project also involves the creation of data management centers and the installation of software and equipment, including video-conferencing technology and surveillance cameras, intended to improve public services and reduce the cost of internal telecommunications within public administration. Huawei Technologies is the contractor responsible for implementation.",Loan,50539810.1982956
Surveillance,1862,Ghana,2007,COMMUNICATIONS,Export-Import Bank of China (China Eximbank),Government of Ghana,China Eximbank provides $30 million loan for Phase 1 of Dedicated Security Information System Project (Linked to Record ID#30956),"On June 26, 2007, China Eximbank and the Government of Ghana signed $30 million loan agreement to Ghana for Phase 1 of the Dedicated Security Information System Project. This loan carried the following terms: a 20 year maturity, a 5 year grace period, a 2% interest rate, a 0.5% commitment fee, and a 0.5% management fee. The final maturity date is September 21, 2027. The loan’s (principal) amount outstanding was GHS 88,310,000 ($15,769,642) as of December 31, 2020 and GHS 81,000,000 ($15,576,923) as of December 31, 2021.   The purpose of this project was to strengthen the country's security and emergency aid services — including Immigration, Prisons, Fire Service, Customs, Ghana Armed Forces, Police Service, the Ministry of Defense, and the Ministry of National Security — through the establishment of a national security information system. Phase 1 of the project provided a capacity of 50,000 lines with 72 Base Transceiver Stations (BTS) and it covered the main cities, towns, border entries and exits, and main traffic arteries in six regions of southern Ghana, including Greater Accra Region, Ashanti Region, Central Region, Eastern Region, Volta Region, and Western Region. Phase 2 focused on the country’s Upper East Region, Upper West Region, Brong Ahafo Region, and Northern Region.   ZTE was the contractor responsible for project implementation and it used a Global Open Trunking Architecture (GoTa)―a new-generation digital trunking technology with independent IPR—to support the Government of Ghana’s national security information system. This project was completed, but its precise date of completion is unknown. In November 2013, China Eximbank and the Government of Ghana signed $123.4 million preferential buyer’s credit for Phase 2 of Dedicated Security Information System Project (captured via Record ID#30956)",Loan,49846936.0270906
Surveillance,30652,Mali,2011,COMMUNICATIONS,Export-Import Bank of China (China Eximbank),Government of Mali,"China Eximbank provides RMB 276,800,000 government concessional loan for Fiber Optic and Telecommunications Modernization Project (Linked to Record ID#36438)","On February 28, 2011, China Eximbank and the Government of Mali signed an RMB 276,800,000 government concessional loan (GCL) agreement for the Fiber Optic and Telecommunications Modernization Project. The National Assembly ratified the loan agreement on June 30, 2011 (Law No. 2011-044 / of July 26, 2011) after its adoption by the Council of Ministers on May 18, 2011 (decree No. 2011-472 / P- RM of July 29, 2011). The loan's estimated borrowing terms include a 20.4108-year maturity, a 9.0179-year grace period, and a 1.8928% interest rate.  The project involves the establishment of a fiber optic network in Bamako that connects with around thirty public administration sites and communities with associated applications (video surveillance, PTT, Telepresence, IP telephony, etc.). It also involves the laying of 942km of fiber optic cable along two segments: (1) Gao - Kidal - Tinzaouatane - Algerian border (699 km), and (2) Gao - Ansongo - Labezanga - Nigerian border (216 km). The proceeds from the loan will also be used to finance a video conferencing system, a Trustar system, and surveillance systems and centers in Bamako and Gao.   Huawei Technologies Co., Ltd. is the contractor responsible for implementation. The official launch of the project took place on November 21, 2011 in Gao. It is unclear if this project has been completed. It is, however, dependent upon a follow-on, China Eximbank-financed project — called the National Broadband Network Project — to connect to the national grid (see Record ID#36438). ",Loan,48662627.9371563
Surveillance,87098,Namibia,2018,COMMUNICATIONS,China Ministry of Commerce,Government of Namibia,MOFCOM provides RMB 300 million grant for Satellite Data Receiving Ground Station (SDRGS) Project,"During the Government of Namibia’s 2018/2019 Financial Year, the Chinese Government and the Government of Namibia signed an RMB 300 million (NAD 370 million) grant agreement for the Satellite Data Receiving Ground Station (SDRGS) Project.  The purpose of the project is to construct a Satellite Data Receiving Ground Station (SDRGS) at the current location of the Telecom Earth Station right outside of the capital city of Windhoek. The station will include an antenna feed subsystem, channel subsystem, data recording and transmission subsystem and control subsystem. The confirmed project site is situated at 22039’13.54”S, 1703.34’90”E. The satellite dish will be situated on top of the mountain, not far from the Telecom Earth Station buildings. The site for the satellite dish measures approximately 500 m² in extent (20 m x 25 m).   The SDRGS is expected to facilitate the collection remote sensing satellite data for research, decision-making and management purposes on Namibia’s environmental conditions and resources distribution. More specifically, it is expected to provide data for: (a) Disaster risk management; (b) Vegetation and rangeland monitoring; (c) Land cover and land use planning; (d) Agricultural management and monitoring; (e) Water management and monitoring; (f) Fire and drought management and monitoring; (g) Coastline (including border) monitoring; and (h) Phytoplankton and/or Sulphur blooms management; (i) Mineral exploration and marine spatial planning; and (j) Coastal surveillance and monitoring (of illegal fishing and pollution, including monitoring of oil spills).    The project will be implemented through Namibia’s Ministry of Higher Education, Technology & Innovation (MHETI). Another component of the project involves the provision of technical training to 10 local engineers and send experts to Namibia for joint research and development.   A project feasibility study was conducted in February 2018. Then, on November 25, 2019, a team conducted a site visit. An environmental impact assessment (EIA) was undertaken in July 2020. Then, in October 2021, a group of Chinese experts conducted an on-site project investigation. Construction works were expected to commence in 2022, and Namibia's National Planning Commission reported that construction of the SDRGS project had reached an advanced stage by December of that year.  In December 2023, Dr. Lisho Mundia, the Director of Research and Innovation at Nambia's Ministry of Higher Education, Technology, and Innovation, provided a status update on the project. He noted that the project's first phase ('civil works') -- including road work to the mountain where the antennas were to be installed as well as the construction of a data center, equipment rooms, and coiling rooms -- was underway and scheduled to reach completion by the end of February 2024. Phase 2, which was originally scheduled to commence in March 2024 and conclude in early 2026, includes cubing in the antennas, cooling and equipment rooms, data processing rooms, and data centers. It also includes training on general management of the SDRGS, data processing, operationalization and servicing of antennas and related equipment, and triangulation of Earth Observation Centre (EO) data. On April 8, 2024, the SDRGS project launched training program as part of Phase 2. 10 trainees graduated from the program on April 18, 2024. ",Grant,45644935.3329029
Surveillance,41074,Jordan,2007,GOVERNMENT AND CIVIL SOCIETY,China Ministry of Commerce,Jordanian Public Security Directorate مديرية الأمن العام,"Chinese Government provides RMB 20 million grant for Phase 1 of CCTV Camera Installation Project (Linked to Record ID#64611, ID#64612 and ID#65135)","In October 2007, the Chinese Government and the Government of Jordan signed letters of exchange, committing RMB 20 million of grant funding for Phase 1 of the CCTV Camera Installation Project. The grant proceeds for the project were drawn from an Economic and Technical Cooperation Agreement (ETCA) that the two governments signed on June 19, 2007 (see Record ID#65135).   Then, on April 16, 2008, the Jordanian Public Security Department signed a memorandum of understanding (MOU) with a Chinese company to install closed-circuit television (CCTV) systems in strategic sites across the capital city of Amman. The MOU was signed at a ceremony attended by Jordan’s Planning Minister, Suhair Al-Ali, the Chinese Ambassador to Jordan, Gong Xiaosheng, and Public Security Department (مديرية الأمن العام) Assistant Director Brigadier General Thaher Gharaybeh. Then, on September 28, 2008, the Chinese Government and the Government of Jordan signed letters of exchange, granting CCTV technology to the Public Safety Command Center managed by the Jordanian Public Security Department (PSD).   The CCTV Camera Installation Project involved the installation and commissioning of 138 CCTV cameras across 26 sites within the city of Amman. It also involved the training of Jordanian technical engineers and system administrators to supply, install, operate and adjust the equipment. The ultimate purpose of the project was to help the PSD build an effective command and control electronic system to monitor strategic sites and thereby improve public security. Shanghai International Technology & Trade Corporation (ITTC) was the contractor responsible for project design. China Jiangsu International Economic and Technical Corporation (中国江苏国际经济技术合作集团有限公司) was the contractor responsible for project implementation. A project implementation contract was signed on March 12, 2009 and Phase 1 was officially completed and handed over to the local authorities on September 8, 2010.   The Chinese Government also provided grant funding for Phase 2 and Phase 3 of this project. It is unclear when Phase 2 commenced and how much grant funding the Chinese Government committed to support its implementation. However, at a 2017 Belt and Road Forum in China, Jordanian Minister of Planning and International Cooperation, Imad Fahoury, noted that the Chinese Government had already funded Phase 2. At the same Forum, Imad Fahoury met with Chinese Government officials to discuss funding for the third and final phase of the project. On December 30, 2018, at a meeting between the Jordanian Minster of Planning and International Coordination, Mary Kawar, and Chinese Ambassador to Jordan, Pan Weifeng, coordination on funding for the third phase of the project was described as ‘ongoing’. Then, on October 30, 2019, during a seminar hosted by the Chinese Embassy to Jordan, a Jordanian media group (Al Rai Center for Studies) described funding for the third phase of the project as ‘under negotiation’.   Phase 1 is captured in Record ID#41074. Phase 2 is captured in Record ID#64611. Phase 3 is captured in Record ID#64612.",Grant,43689648.0843857
Surveillance,88178,Cameroon,2019,GOVERNMENT AND CIVIL SOCIETY,Bank of China (BOC),"Cameroon Ministry of Defense (MINDEF)|Cameroon Ministry of Economy, Planning, and Regional Development (MINEPAT)","Bank of China provides $41.6 million loan for Phase 2 of the Intelligent Urban Video Surveillance System Expansion Project (Linked to Record ID#58535, #85646)","On May 15, 2019, Bank of China and the Government of Cameroon's Ministry of Defense (MINDEF) signed a $41,612,944.52 commercial loan agreement for Phase 2 of the Intelligent Urban Video Surveillance System Expansion Project. According to the Government of Cameroon's Caisse Autonome d'Amortissements (CAA), the loan carries the following borrowing terms: a 2 year grace period, a 11 year maturity, and an interest rate of 6.3%. The proceeds of the loan are to be used by the borrower to finance a commercial contract between the Government of Cameroon’s Délégation Générale à la Sûreté Nationale (DGSN or General Delegation for National Security) and Huawei Technologies Co., Ltd., which was signed in February 2017. As of December 31, 2020, the loan had achieved a 76.1% disbursement rate (with an undisbursed balance of CFA 5.3 billion) and its outstanding amount was equivalent to CFA 17 billion.   The project involves the installation of 1,500 video-surveillance cameras in various cities and towns and the acquisition of 2,000 portable two-way radios. During phase 1 of the project, video-surveillance cameras will be installed in the capital cities of the country’s ten regions (Ngaoundere, Yaoundé, Bertoua, Maroua, Douala, Garoua, Bamenda, Bafoussam, Ebolowa, and Buea) as well as the towns of Kribi, Kyé-Ossi. Garoua-Boulaï, Waza, Fotokol, Kousseri and Amchidé.  However, the technical and geographical scope of Phase 2 is unknown. Huawei Technologies Co., Ltd. is the contractor responsible for implementation. However, as of February 2022, AidData had not identified any evidence of project implementation.",Loan,43193715.8715858
Surveillance,58535,Cameroon,2018,GOVERNMENT AND CIVIL SOCIETY,Bank of China (BOC),Cameroon Ministry of Defense (MINDEF),Bank of China provides $41.78 million loan for Phase 1 of Intelligent Urban Video Surveillance System Expansion Project (Linked to Record ID#88178),"On February 22, 2018, the Shenzhen Branch of Bank of China and the Government of Cameroon's Ministry of Defense (MINDEF) signed a $41,780,769 (CFA 23 billion) commercial loan agreement for Phase 1 of the Intelligent Urban Video Surveillance System Expansion Project. According to the Government of Cameroon's Caisse Autonome d'Amortissements (CAA), the loan carries the following borrowing terms: a 3 year grace period, a 15 year maturity, and an interest rate of LIBOR plus a 3% margin. The proceeds of the loan were to be used by the borrower to finance a commercial contract between the Government of Cameroon’s Délégation Générale à la Sûreté Nationale (DGSN or General Delegation for National Security) and Huawei Technologies Co., Ltd., which was signed in February 2017. As of December 31, 2020, the loan had achieved a 100% disbursement rate and its outstanding amount was equivalent to CFA 22.4 billion.   The project involves the installation of 1,500 video-surveillance cameras in various cities and towns and the acquisition of 2,000 portable two-way radios. During phase 1 of the project, video-surveillance cameras will be installed in the capital cities of the country’s ten regions (Ngaoundere, Yaoundé, Bertoua, Maroua, Douala, Garoua, Bamenda, Bafoussam, Ebolowa, and Buea) as well as the towns of Kribi, Kyé-Ossi. Garoua-Boulaï, Waza, Fotokol, Kousseri and Amchidé. Huawei Technologies Co., Ltd. is the contractor responsible for implementation. This project has entered implementation. However, its precise implementation start date is unknown. On August 22, 2019, DGSN and Huawei Technologies Co., Ltd. officially inaugurated a national video surveillance command center. Then, on April 22, 2021, Bafoussam City Council and CAMTEL signed a framework agreement for Bafoussam, the capital city of the West Region of Cameroon, to become a ‘Smart City’.",Loan,42043833.0109284
Surveillance,59519,Senegal,2012,COMMUNICATIONS,Export-Import Bank of China (China Eximbank),Government of Senegal ,China Eximbank provides RMB 225 million loan for Phase 2 of the National Security Communication Network Project (Linked to Record ID#85245),"In 2007, ZTE proposed the use of its Global Open Trunking Architecture (GoTa)―a new-generation digital trunking technology with independent IPR—to support the Government of Senegal’s national information security network. Because the Government Senegal’s national information security network is integrally connected to its political stability, the Senegalese authorities expressed concerns about whether the network could ensure information security and meet their communication needs.  To address these concerns, ZTE proposed a GoTa trial in Dakar, the capital city. After government approval, ZTE began trialing the network in December 2007. It took three months to complete the whole process — from equipment delivery and network deployment to commercial trial.  The GoTa trial was officially launched in Dakar in February 2008. Senegal’s Minister of Home Affairs, Police Chief, and Assistant to the Chinese Ambassador attended the launch event, and the Minister of Home Affairs spoke highly of ZTE’s rapid response team. The successful commercialization of GoTa laid a solid foundation for the Government of Senegal to build its GoTa national information security network. The purpose of the National Security Communication Network Project was to provide a secure communications network for Senegal’s Ministry of Interior. The project was implemented in two phases.   On February 13, 2009, Chinese President Hu Jintao visited Senegal to attend a signing ceremony for an $8.5 million China Eximbank loan agreement to support Phase 1 of the National Security Communication Network Project. Phase 1 deployed 60 CDMA radio stations in 24 cities across the country. It began in 2009 was formally put into operation in early 2010. Then, in 2012, the Government of Senegal and China Eximbank signed an RMB 225 million loan agreement for Phase 2 of the National Security Communication Network Project. Phase 2 established 59 additional radio stations and emergency energy supplies (via generators or solar panels). It also installed 120 video surveillance cameras in towns and cities around the country. Record ID#85245 captures the China Eximbank loan for Phase 1 and Record ID#59519 captures the China Eximbank loan for Phase 2.",Loan,38654835.0212998
Surveillance,56119,Guyana,2018,COMMUNICATIONS,Export-Import Bank of China (China Eximbank),Government of Guyana,China Eximbank provides RMB 249 million government concessional loan for National Broadband Expansion Project (Linked to Record ID#56033),"On September 22, 2018, the Chinese Government and the Government of Guyana signed a preferential loan framework agreement for the National Broadband Expansion Project. Then, on October 26, 2018, China Eximbank and the Government of Guyana signed an RMB 249,043,600 ($37.6 million) government concessional loan (GCL) agreement [CHINA EXIMBANK GCL NO. (2018) 26 TOTAL NO. (668)] for the National Broadband Expansion Project. The GCL carries the following borrowing terms: a 2% interest rate, a 0% default (penalty) interest rate, a 5-year grace period, a 20-year maturity period, a 0.25% commitment fee, and a 0.25% (RMB 622,609) management fee. The proceeds of the GCL are to be used by the borrower to finance a $37.6 million commercial (EPC) contract (ID# OY03281700000E) between the Ministry of Communications of Guyana and Huawei Technologies Co. Ltd, which was signed on November 6, 2017. As of December 31, 2020, the loan had achieved a 95.7% disbursement rate ($35,991,584 out of $37,600,000) and its total amount outstanding (including principal and capitalized interest) was RMB 243,549,000.   The purpose of the project is to expand and upgrade the country’s existing e-government network in order to improve the efficacy of government services in four areas: (1) smart government solutions, (2) safe city solutions, (3) smart education, and (4) smart healthcare. The project also involves components that involved the construction of Long-term Evolution (LTE) towers, the equipping of a data center, the equipping of a unified emergency call center, the construction of a command center for the police keep track of patrol cars, an expansion of Closed Circuit Television (CCTV) monitoring, and training and human resource capacity building activities. The stated purpose of the “safe city"" component of the project is to enable the Guyana Police Force to track license plates and other documents, improve response times, and access critical information in real time. Huawei Technologies Co. Ltd and Guyana’s National Data Management Authority are responsible for project implementation. The project commenced in November 2019. As of late 2019, the Safe City component of the project was ‘largely complete’. By December 31, 2020, the China Eximbank loan had achieved an 95.7% disbursement rate ($35,991,584.40 out of $37,600,000).   This project has provoked local scrutiny and controversy due to the use of facial recognition technology in the smart city component and the possibility that Huawei would gain access to the Government of Guyana’s data systems. In November 2020, the Prime Minister of Guyana said that security concerns by the public had been heard and that measures would be put in place to guard against breaches, but he did not explain how this would be accomplished. ",Loan,37891930.0569111
Surveillance,70311,Mongolia,2015,GOVERNMENT AND CIVIL SOCIETY,Export-Import Bank of China (China Eximbank),Government of Mongolia,China Eximbank provides $28.3 million preferential buyer’s credit for Surveillance Cameras in Public Areas of Ulaanbaatar City and Rural Areas Streets and Roads Project (Linked to Record ID#49148),"On November 10, 2015, China Eximbank and the Government of Mongolia signed a general loan agreement regarding the utilization of a $1 billion preferential buyer's credit (PBC) for various projects (as captured in Record ID#49148). Under the terms of the general loan agreement, all subsidiary (individual) loan agreements for specific projects carry identical borrowing terms: 20 year maturity, 7 year grace period, 2% interest rate, 0% management fee, and 0.25% commitment fee. Then, China Eximbank and the Government of Mongolia signed a $28.3 million subsidiary loan (PBC) agreement for the Surveillance Cameras in Public Areas of Ulaanbaatar City and Rural Areas Streets and Roads Project.   The purpose of this project is to increase the number of surveillance cameras on roads, streets and public squares in 9 districts and 21 aimag centers in Ulaanbaatar. More specifically, the project involves the installation of 8,000 to 10,000 surveillance cameras in the capital city of Ulaanbaatar. The ultimate goal of the project is to increase public security. Zhejiang Dahua Technology Co., Ltd. — partially state-owned publicly traded company based in Binjiang District, Hangzhou and of the world’s largest suppliers of CCTV and video surveillance equipment — is the contractor responsible for implementation.   As of June 2018, 2,530 surveillance cameras had been installed in Ulaanbaatar. As of 2019, the project had achieved a 20% completion rate. ",Loan,29607414.1936608
Surveillance,71411,Tajikistan,2013,GOVERNMENT AND CIVIL SOCIETY,Export-Import Bank of China (China Eximbank),Tajikistan Ministry of Finance,China Eximbank provides $20.9 million preferential buyer's credit for Safe City Project,"On May 20, 2013, the Ministry of Finance of the Republic of Tajikistan and Export-Import Bank of China (China Eximbank) signed a $20,900,000 preferential buyer’s credit (PBC) for the Safe City Project. The PBC (loan) agreement was ratified by the Tajik Parliament in June 2013. The loan carries the following borrowing terms: a 2% interest rate, a 20-year maturity, a 9-year grace period, a 0.2% commitment fee, and a 0.2% management fee ($41,800). The borrower was expected to use the proceeds of the loan to finance 95% of the total cost of a $22 million commercial contract between Huawei Technologies Co., Ltd. and the Ministry of Internal Affairs of the Republic of Tajikistan, which was signed on December 22, 2012. The borrower was also expected to repay the loan with revenues from the traffic fines generated by this project.   The Safe City Project involved the installation of 855 CCTV cameras for round-the-clock monitoring of traffic and other movements at 75 crossroads, streets, and squares in the capital city of Dushanbe. The cameras were to record every offense committed by drivers, which would be stored and processed in a common database.   Huawei Technologies Co., Ltd. was responsible for project implementation. Tajik Ministry of Internal Affairs was also responsible for undertaking the project. The project and the control center were officially launched on October 31, 2013 by President of Tajikistan Emomali Rahmon. The Safe City Project was to be carried out in three stages; the second stage was expected to be finished in May 2014. The project was still on going as of December 2014. As of January 16, 2015, it had reportedly generated $4 million for the Tajik state budget via traffic fines.  Construction was completed in October 2015.",Loan,21609999.984803
Surveillance,59548,Djibouti,2017,GOVERNMENT AND CIVIL SOCIETY,China Ministry of Commerce,Government of Djibouti,Chinese Government provides $20 million USD grant for Urban Security Monitoring System Project (Linked to Record ID#88678),"In 2006, amidst regional instability and terrorism, President of Djibouti Ismaïl Omar Guelleh ordered Djibouti's National Security Agency to conduct a feasibility study on a modern surveillance system for Djibouti City and the surrounding region. Then, on December 3, 2015, on the sidelines of the Summit of the Forum on China-Africa Cooperation (FSCA) held in Johannesburg, South Africa, Chinese President Xi Jinping and President Guelleh discussed the establishment of a framework for the implementation of a Chinese-installed video camera surveillance system. Then, on January 24, 2017 and February 2, 2017, the Chinese Government and the Government of Djibouti signed an exchange of letters in which the Chinese Government committed $20 million USD in grant funding to Djibouti for the Urban Security Monitoring System Project. China's Ministry of Commerce (MOFCOM) was the specific Chinese Government institution responsible for providing this grant.  A project management team had visited Djibouti for inspection work on July 18 to August 5, 2017. On December 5, 2017, MOFCOM released a tender notice for the project, which noted that the project had a planned start date in the third quarter of 2018 (between July 1 and September 30, 2018) with a planned construction period of 18 months (between January 1 and March 30, 2020). The contractor, a Chinese company, would work under an engineering, procurement, and construction (EPC contract), as well as provide two years of training and maintenance services and one year of technical support after the handover. China Railway Construction Group won the contract for the project in April 2018; it sent a technical team to carry out studies the same month. Then, in May 2018, China hosted a one-month long seminar and training on surveillance camera systems for 29 Djiboutian public security agents (see Record ID#88678). In July 2018, a Djiboutian technical team finalized and signed an agreement for the project during a visit to China.  The surveillance system — consisting of 600-800 surveillance (CCTV) cameras with facial recognition technology — was set to cover Djibouti City and extend from Loyada to PK20. Similar projects at the Galiley, Galafi, and Balho border crossing were also planned. The security command center, controlled by Djibouti's security agencies, was constructed on a 3000 square plot offered by the Djibouti Republican Guard in Djibouti City. The camera terminal was designed with solar panels, while all signal transmission was designed to be back transmitted using microwave wireless networks for flexibility, security, and reliability. Additionally, the project included a new main dispatch command center system, along with two backup sets. Through a multi-mode access network capable of sorting and saving audio and video data, the system was designed to manage Djibouti's police operations. The surveillance system covered urban areas, airports, terminals, ports, and other spots of interest throughout Djibouti City was expected to provide the safety of Djibouti, including Chinese enterprises. China Railway Electrification Bureau (Group) Co., Ltd. (EEB) and Huawei Technologies Co., Ltd. were responsible for project implementation. BUCEA Jingjing Dafang Engineering Management Co., Ltd. was responsible for project management.  Work on the security command center began on September 27, 2018, in a ceremony attended by Prime Minister of Djibouti Abdoulkader Kamil Mohamed. The project passed mid-term inspection after a visit from a project supervision team from MOFCOM from May 20 to May 30, 2019. The project reached completion on January 5, 2021, when it was accepted by expert reviewers. Another two years of maintenance and one year of technical support work by the Chinese were planned for the surveillance system after completion.",Grant,21282527.6196717
Surveillance,2267,Sierra Leone,2011,COMMUNICATIONS,Export-Import Bank of China (China Eximbank),Government of Sierra Leone,China Eximbank provides RMB 100 million government concessional loan for Dedicated Security Information System Project,"On May 17, 2011, China Eximbank and the Government of Sierra Leone signed an RMB 100,000,000 government concessional loan (GCL) agreement [CHINA EXIMBANK GCL NO. (2011) 18 TOTAL NO. (368) Series No. 1420303052011110701] for the Dedicated Security Information System (DSIS) Project. This GCL, which was approved by Sierra Leone’s Parliament in September 2011, carried the following terms: a 20 year maturity, a 5 year grace period, a 2% interest rate, a 0% default (penalty) interest rate, a 0.5% commitment fee, and a 0.5% management fee. The proceeds from this loan were used to finance a commercial contract that ZTE Corporation signed with Sierra Leone’s Ministry of Internal Affairs on May 5, 2008.    Under the original terms of the loan agreement, the borrower was responsible for making 30, equal, semi-annual principal payments (each worth RMB 6,666,666.70). The (principal) amount outstanding under the loan was RMB 100,000,000 as of December 31, 2015, RMB 100,000,000 as of December 31, 2016,  RMB 93,333,300 as of December 31, 2017, RMB 86,666,666.70 as of December 31, 2018, RMB 80,000,000 as of December 31, 2019, RMB 73,333,300 as of December 31, 2020, RMB 73,333,300 as of December 31, 2021, and RMB 66,666,700 as of December 31, 2022.   The purpose of the project was to help the country’s security and emergency services with different authorities and jurisdictions — including the Office of National Security (ONS), Sierra Leone Police, the Military, Anti-Corruption Commission, Fire Force, Prisons Department, Immigration Department, and Hospitals — to communicate electronically via computers, cell phones and vehicle mounted units. It involved the installation of a Dedicated Security Information System (DSIS) based on Code Division Multiple Access (CDMA) 2000 technology. The system included 5,500 mobile phones and 1,000 USB modems. All phone calls on this network were free and fully encrypted to guard against bugging and other malicious cellular interceptions. There were 33 cell sites, included Magburaka, Makeni, Lunsar, Rosint, Lungi, Mile 91, Bumbuna, Port Loko, Pepel, Rorinka, Rural and Urban Freetown, Moyamba, Bo, Kandi Mountain, Kenema, Kambia Hills and Mano. Communication coverage included all communities within a 5-mile radius of these cell sites.   The project also involved the establishment of a Command and Control Communication Centre to protect national borders, police the country, monitor and manage emergency services effectively.  ZTE Corporation was the contractor responsible for implementation. In January 2013, the Chinese Embassy in Sierra Leone reported that the DSIS project was completed and put in operation.",Loan,17580429.1680478
Surveillance,59325,Ecuador,2015,OTHER SOCIAL INFRASTRUCTURE AND SERVICES,China Ministry of Commerce,Government of Ecuador,"Chinese government grants 97 million RMB worth of equipment to ECU 911 through ETCAs (Linked to Record ID#39281, #69469, #88166, #35851, #35943, #64954, and #88180)","On November 19, 2015, the Chinese Economic and Commercial Counsellor Office signed an agreement with the Government of Ecuador to provide equipment for the ECU 911 surveillance system in the ""Provision of Equipment for Strengthening the Integrated Security Service ECU-911 in the Litoral and Rural Areas."" This agreement was preceded by a feasibility study, committed on August 14 and 24, 2015 (see #69469).  On July 27, 2016, the governments of China and Ecuador signed Letters of Exchange, which specified that the equipment to be granted would be worth 97 million RMB (reported as about 15.4 million USD in the 2017 Annual Management Report). It also specified that the grant would be funded through several Economic and Technical Cooperation Agreements (ETCA), which were signed on October 29, 2008; February 13, 2009; December 27, 2010; September 28, 2012; and October 25, 2013 (see #88166, #35851, #35943, #64954, and #88180, respectively). The breakdown in funds is unknown.   The equipment, manufactured by Huawei and C.E.I.E.C, was delivered in 2017 and included about 450 cameras, 1,640 video surveillance and storage systems, and 14 servers. The agreement also called for China to provide technical training to Ecuadorian technicians managing the emergency response system.  The surveillance system currently has 16 regional response centers across the country, as well as a surveillance network with about 4,300 cameras across 24 provinces. According to Ecuador's National Statistics and Census Institute (INEC), as of January 2018, the crime rate has dropped by 11.8 percent since implementing ECU 911.   The project is also referred to as “Equipment provision for strengthening the Integrated Service” (Dotación de equipamiento para el fortalecimiento del Servicio Integrado de Seguridad ECU 911), ""Ecuador 911 Safety Emergency Response Command Center Project or National Public Safety Command and Control System Project"", and ECU 911 Security Project.  ",Grant,16145656.5633243
Surveillance,92077,Mauritania,2021,OTHER SOCIAL INFRASTRUCTURE AND SERVICES,China Ministry of Commerce,Government of Mauritania,Chinese Government provides MRU 629.4 million grant — via ETCA — for Urban Security and Monitoring System Project,"In 2021, the Chinese Government and the Government of Mauritania signed a grant agreement worth 629,400,000 new ouguiyas (6.294 billion old ouguiyas) for the Urban Security and Monitoring System Project. The grant proceeds were drawn from an Economic and Technical Cooperation Agreement (ETCA), which was previously signed by the parties. The purpose of this project is to construct a new video surveillance system and a Unified Command Center for the General Directorate of National Security in the capital city of Nouakchott. The video surveillance system consists of 316 surveillance cameras that can extend to as many as 1,000 observation points. The command center consists of a two-storey building built on an area of ​​500 square meters, three buildings for three regional security services (in each of the wilayas of Nouakchott), and 34 police station observation posts (including 30 posts in Nouakchott and 4 posts at the entrances to Nouakchott). Zhejiang Post & Telecommunication Construction Co., Ltd. (浙江省邮电工程建设有限公司) is the contractor responsible for implementation. A formal groundbreaking ceremony took place on May 4, 2021. The project was originally scheduled to begin implementation in April 2021 and reach completion in the second half of 2022.",Grant,16093796.4777604
Surveillance,95623,Suriname,2019,OTHER SOCIAL INFRASTRUCTURE AND SERVICES,China Ministry of Commerce,Government of Suriname,Chinese Government provides $15 million grant for Phase 3 of Safe City Project (Linked to Record ID#55437 and #70442),"From June 8, 2017 to July 6, 2017, an 8-member delegation from China’s Radio Film & Television Design & Research Institute (DRFT) conducted a feasibility study for the Road Monitoring Project (also known as the Safe City Project) in Suriname. The Chinese Government subsequently issued a grant worth EUR 10 million in 2018 to facilitate the implementation of the first phase of the project.   The purpose of Phase 1 was to (a) install 300 closed-circuit television (CCTV) surveillance cameras in the city of Paramaribo to monitor road safety and identify traffic crime, and (b) connect these cameras to a Command Center run by the Suriname National Security Directorate (DNVS). The software on all of the CCTV cameras was expected to be customized with license plate recognition and sound recording.   Then, in 2019, the Chinese Government provided a $5 million grant for Phase 2 of the Safe City Project.  The purpose of Phase 2 was to install cameras in twenty locations in Wanica district, two locations in Albina, and three locations in Nieuwe Haven to monitor road safety and identify traffic crime. A key goal of Phase 2 was to connect these additional cameras to the Command Center by November 25, 2019.   Then, on January 19, 2023, the Chinese Government and the Government of Suriname signed a $15 million grant agreement for Phase 3 of the Safe City Project. The agreement was signed by Suriname’s Minister of Justice and Police Kenneth Amoksi and China’s Ambassador to Suriname, Han Jing. The purpose of Phase 3 is to install CCTV surveillance cameras in all of the country’s other districts, with the exception of Sipaliwini district in the interior of Suriname. Huawei Technologies Co., Ltd. is the contractor responsible for implementation of all phases of the Safe City Project.    Phase 1 was completed when the Command Center became operational at the end of December 2018. Phase 2 was completed when 60 CCTV cameras were put into use at 20 locations in Wanica district on February 21, 2020.  By July 2022, 378 CCTV cameras had been installed through the capital city and various districts through the Safe City Project. As of February 2023, Phase 3 had not yet commenced. The Safe City Project has become a source of local debate and controversy. Allegations have arisen that the project is not being implemented in a way that is consistent with the original agreement. There is also a lawsuit pending concerning the Safe City Project. The lawsuit was filed by a human rights organization called 'Foundation December 8, 1982' against the Government of Suriname. According to 'Foundation December 8, 1982', there is no legal basis for recording the movement of citizens nor any official oversight of the CCTV surveillance program.  China Railway Electrification Bureau (Group) Co., Ltd. (EEB) is the EPC contractor for the project. ",Grant,15569812.3636117
Surveillance,92205,Cote d'Ivoire,2019,GOVERNMENT AND CIVIL SOCIETY,Bank of China (BOC),Government of Côte d'Ivoire (Ivory Coast),"Bank of China provides CFA 7.9 billion loan for Phase 2 of Video Surveillance Platform Project (Linked to Record ID#53273, ID#92204, and ID#92206)","According to the Government of Côte d'Ivoire’s Aid Management Platform (AMP), Bank of China and the Government of Côte d'Ivoire signed two loan agreements on May 22, 2019 for Phase 2 of the Video Surveillance Platform Project: a CFA 48,316,189,461.09 loan agreement (captured via Record ID#92204) and a CFA 7,948,624,543.20 loan agreement (captured via Record ID#92205). The borrower was expected to use the proceeds of the CFA 48,316,189,461.09 loan to finance 85% of the cost of the total project (commercial contract) cost. It was expected to use the proceeds of the CFA 7,948,624,543.20 loan to finance 15% of the cost of the total project (commercial contract) cost.   By June 2021, the CFA 48,316,189,461.09 loan had achieved a 99.5% disbursement rate. 5 disbursements (worth CFA 48,116,958,480) took place in 2020 and 2021: a CFA 4,684,692,375 disbursement on January 31, 2020, a CFA 9,737,902,952 disbursement on April 30, 2020, a CFA 9,737,902,952 disbursement on April 30, 2020, a CFA 12,503,600,040 disbursement on June 30, 2020, a CFA 4,344,698,346 disbursement on September 30, 2020, and a CFA 6,846,064,775 disbursement on June 30, 2021. By December 2020, the CFA 7,948,624,543.20 loan had achieved a 100% disbursement rate. It was disbursed in a single CFA 7,948,624,543.20 tranche on December 31, 2020.   Phase 2 involved the laying of fiber optic cable and the installation of video surveillance cameras in the city of the Abidjan, the city of Yamoussoukro, the city of Bouaké within Gbêkê Region, the city of Odienné within Kabadougou Region, the city of Korhogo within Poro Region, and the city of San Pedro within San Pedro Region. It also sought to connect these cameras to a traffic monitoring system using license plate readers and variable message signs for the detection of red light violations. The ultimate objectives of the project were to reduce crime, establish an infrastructure monitoring system, and establish a road traffic regulation and control system.   Huawei Technologies Co., Ltd. was the contractor responsible for implementation. According to the AMP, Phase 2 commenced on May 22, 2019 and reached completion on December 31, 2021. ",Loan,14169881.3818738
Surveillance,95520,Dominican Republic,2019,GOVERNMENT AND CIVIL SOCIETY,China Ministry of Commerce,Government of the Dominican Republic ,Chinese Government provides RMB 87 million grant — via ETCA — for 911 Security Technical Equipment Project (Linked to Record ID#97727),"In August 2018, the Government of the Dominican Republic (DR) requested assistance from China International Development Cooperation Agency (CIDCA) for the 911 Security Technical Equipment Project. After CIDCA received the proposal, it selected the Institute of Public Safety Research (IPSR) at Tsinghua University to undertake the feasibility study on September 4, 2018. Then, on October 25, 2018, CIDCA and the DR Ministry of the Presidency signed an agreement to undertake the project’s feasibility study. The feasibility study was initiated in November 2018 and completed in January 26, 2019. Then, in February 2019, the Chinese Government and the Government of the Dominican Republic signed a grant agreement for the 911 Security Technical Equipment Project.   The purpose of this project is to install 2000 surveillance cameras to support emergency response efforts of the Government of the Dominican Republic (and its ‘National System of Attention to Emergencies and Security 911’). The estimated monetary value of the grant commitment is RMB 87 million.   As of November 2019, only 26 of the surveillance cameras had reportedly arrived in the country. ",Grant,13150726.6104003
Surveillance,92201,Cote d'Ivoire,2018,COMMUNICATIONS,Bank of China (BOC),Government of Côte d'Ivoire (Ivory Coast),Bank of China provides CFA 7.01 billion loan for Phase 1 of Ministry of Interior and Security Unified Communication System Project (Linked to Record ID#89415),"On August 31, 2018, the Government of Côte d'Ivoire signed a set of loan agreements with Bank of China for Phase 1 of the Digital Education Project (captured via Record ID#89413 and Record ID#91764) and Phase 1 of the Ministry of Interior and Security Unified Communication System Project (captured via Record ID#89415 and Record ID#92201). According to the Government of Côte d'Ivoire’s Aid Management Platform (AMP), Bank of China signed two loan agreements with the Government of Côte d'Ivoire for Phase 1 of the Ministry of Interior and Security Unified Communication System Project: a CFA 42,754,805,764.67 loan agreement (captured via Record ID#89415) and a CFA 7,018,739,900 loan agreement (captured via Record ID#92201). The borrower was expected to use the proceeds of the CFA 42,754,805,764.67 loan to finance 85% of the cost of the commercial contract between Huawei Technologies Co., Ltd. and Côte d'Ivoire’s Ministry of Interior and Security. It was expected to use the proceeds of the CFA 7,018,739,900 loan to finance 15% of the cost of the commercial contract between Huawei Technologies Co., Ltd. and Côte d'Ivoire’s Ministry of Interior and Security.   As of April 2022, 6 disbursements (worth CFA 42,077,004,262) had been made under the CFA 42,754,805,764.67 loan: a CFA 9,568,049,781 disbursement on June 30, 2019, a CFA 15,478,003,812 disbursement on October 31, 2019, a CFA 10,938,194,160 disbursement on January 31, 2020, a CFA 3,896,402,757 disbursement on March 31, 2020, a CFA 827,825,441 on May 31, 2020, and a disbursement of CFA 1,368,528,311 on August 31, 2020. A single disbursement was made under the CFA 7,018,739,900 loan: a CFA 7,019,988,777 disbursement on April 30, 2019.   The purpose of the project is to establish a unified and secure communication system for Côte d'Ivoire’s Ministry of Interior and Security. It reportedly involves an expansion in the geographical scope of the video surveillance system that Huawei Technologies Co., Ltd. initially installed in the capital city of Abidjan with support from China Eximbank (as captured via Record ID#53273). A key objective of the project is to install video surveillance equipment in major cities within the country’s interior and on the country’s borders. The Ministry of Interior and Security is reportedly interested in using these technologies to strengthen surveillance in the country’s northern region (to address incursions by militant groups that are active in the Sahel). Huawei Technologies Co., Ltd. is the EPC contractor responsible for implementation. However, AidData has not yet identified any evidence of project implementation",Loan,12709972.9186382
Surveillance,2074,Seychelles,2011,TRANSPORT AND STORAGE,China Ministry of Commerce,Government of Seychelles,Chinese Government provides RMB 72 million grant for Y-12E Aircraft Procurement Project (Linked to Record ID#73577 and ID #71404),"In 2008, China Eximbank issued a government concessional loan (GCL) worth RMB 72 million ($11 million) to the Government of Seychelles for the Y-12E Aircraft Procurement Project. The proceeds of this loan were to be used by the borrower to purchase two Y-12E aircraft from China National Aero-Technology Import and Export Corporation (CATIC). To become familiar with the Y-12E, a group of Seychellois engineers and pilots were also scheduled to participate in a 45-day training course in Harbin, where the aircraft are produced.   These aircraft are configured for passenger and cargo transport, as well as emergency rescue, aerial photography, insecticide spreading and maritime surveillance. However, according to the Ministry of Finance and Trade of Seychelles, no disbursements were ever made through the GCL.  Then, on March 24, 2011 the Office of the President of the Republic of Seychelles announced that the Chinese Government had donated two Y-12E aircraft.  The aircrafts, along with spares and other equipment, were officially handed over to Seychelles on June 2011. At the June 17, 2011 project handover ceremony, Seychelles’ Foreign Affairs Minister Jean-Paul Adam announced that “We had first opened discussions on the provision of aircrafts from China in 2006 on the basis of a concessional loan. However, as Seychelles has been hit subsequently by the financial crisis and the increased pressures of piracy on the economy, the Government of China recognized how critical such capability is for our development at this time and turned the proposed loan into a grant. … This generous gesture will always be remembered and appreciated.  I would like to convey once again our immense gratitude to the people and Government of China for this critical support at this time.”    One of the Y-12E aircraft was earmarked for use surveillance activities better protect the country’s exclusive economic zone (EEZ) from foreign threats, including piracy, illegal fishing activities, and drug smuggling. The other aircraft was earmarked for improving communications and access between Mahé Island and the outer Islands.",Grant,12657909.0009944
Surveillance,70442,Suriname,2018,GOVERNMENT AND CIVIL SOCIETY,China Ministry of Commerce,Government of Suriname,Chinese Government provides EUR 10 million grant for Phase 1 of Safe City Project (Linked to Record ID#55437),"From June 8, 2017 to July 6, 2017, an 8-member delegation from China’s Radio Film & Television Design & Research Institute (DRFT) conducted a feasibility study for the Road Monitoring Project (also known as the Safe City Project) in Suriname. The Chinese Government subsequently issued a grant worth EUR 10 million in 2018 to facilitate the implementation of the first phase of the project. The purpose of Phase 1 was to (a) install 300 closed-circuit television (CCTV) surveillance cameras in the city of Paramaribo to monitor road safety and identify traffic crime, and (b) connect these cameras to a Command Center run by the Suriname National Security Directorate (DNVS). The software on all of the CCTV cameras was expected to be customized with license plate recognition and sound recording. Then, in 2019, the Chinese Government provided a $5 million grant for Phase 2 of the Safe City Project.  The purpose of Phase 2 was to install cameras in twenty locations in Wanica district, two locations in Albina, and three locations in Nieuwe Haven to monitor road safety and identify traffic crime. A key goal of Phase 2 was to connect these additional cameras to the Command Center by November 25, 2019. Then, on January 19, 2023, the Chinese Government and the Government of Suriname signed a $15 million grant agreement for Phase 3 of the Safe City Project. The agreement was signed by Suriname’s Minister of Justice and Police Kenneth Amoksi and China’s Ambassador to Suriname, Han Jing. The purpose of Phase 3 is to install CCTV surveillance cameras in all of the country’s other districts, with the exception of Sipaliwini district in the interior of Suriname. Huawei Technologies Co., Ltd. is the contractor responsible for implementation of all phases of the Safe City Project.  Phase 1 was completed when the Command Center became operational at the end of December 2018. Phase 2 was completed when 60 CCTV cameras were put into use at 20 locations in Wanica district on February 21, 2020.  By July 2022, 378 CCTV cameras had been installed through the capital city and various districts through the Safe City Project. As of February 2023, Phase 3 had not yet commenced. The Safe City Project has become a source of local debate and controversy. Allegations have arisen that the project is not being implemented in a way that is consistent with the original agreement. There is also a lawsuit pending concerning the Safe City Project. The lawsuit was filed by a human rights organization called 'Foundation December 8, 1982' against the Government of Suriname. According to 'Foundation December 8, 1982', there is no legal basis for recording the movement of citizens nor any official oversight of the CCTV surveillance program.",Grant,11873128.1924747
Surveillance,85245,Senegal,2009,COMMUNICATIONS,Export-Import Bank of China (China Eximbank),Government of Senegal ,China Eximbank provides $8.5 million loan for Phase 1 of the National Security Communication Network Project (Linked to Record ID#59519),"In 2007, ZTE proposed the use of its Global Open Trunking Architecture (GoTa)―a new-generation digital trunking technology with independent IPR—to support the Government of Senegal’s national information security network. Because the Government Senegal’s national information security network is integrally connected to its political stability, the Senegalese authorities expressed concerns about whether the network could ensure information security and meet their communication needs.  To address these concerns, ZTE proposed a GoTa trial in Dakar, the capital city. After government approval, ZTE began trialing the network in December 2007. It took three months to complete the whole process — from equipment delivery and network deployment to commercial trial.  The GoTa trial was officially launched in Dakar in February 2008. Senegal’s Minister of Home Affairs, Police Chief, and Assistant to the Chinese Ambassador attended the launch event, and the Minister of Home Affairs spoke highly of ZTE’s rapid response team. The successful commercialization of GoTa laid a solid foundation for the Government of Senegal to build its GoTa national information security network. The purpose of the National Security Communication Network Project was to provide a secure communications network for Senegal’s Ministry of Interior. The project was implemented in two phases.   On February 13, 2009, Chinese President Hu Jintao visited Senegal to attend a signing ceremony for an $8.5 million China Eximbank loan agreement to support Phase 1 of the National Security Communication Network Project. Phase 1 deployed 60 CDMA radio stations in 24 cities across the country. It began in 2009 was formally put into operation in early 2010. Then, in 2012, the Government of Senegal and China Eximbank signed an RMB 225 million loan agreement for Phase 2 of the National Security Communication Network Project. Phase 2 established 59 additional radio stations and emergency energy supplies (via generators or solar panels). It also installed 120 video surveillance cameras in towns and cities around the country. Record ID#85245 captures the China Eximbank loan for Phase 1 and Record ID#59519 captures the China Eximbank loan for Phase 2. ",Loan,11792201.0428096
Surveillance,92149,Panama,2018,GOVERNMENT AND CIVIL SOCIETY,China Ministry of Commerce,Government of Panama ,Chinese Government provides RMB 72 million grant for The Colón-C2 Emergency and Security Operations Center Project,"On July 16, 2018, the Chinese Government and the Government of Panama signed an exchange of notes, which committed RMB 72 million of grant funding for the Colón-C2 Emergency and Security Operations Center Project.   The purpose of the project was to install and equip an emergency and security operations center (known as ‘C2’) in the city of Colón. More specifically, the project involved the installation of 291 video surveillance towers and high-resolution cameras in 92 locations across the city of Colón. It also involved the installation of 11 panic buttons and five highway arches with license plate readers. All of these field sensors were to be connected by a data transport network. The project sought to replicate the “safe city” model of Shenzhen. Huawei Technologies Co., Ltd. was the contractor responsible for project implementation. The emergency and security operations center (known as ‘C2’) was officially launched on November 22, 2018.",Grant,10954784.4798967
Surveillance,59662,Ecuador,2016,GOVERNMENT AND CIVIL SOCIETY,China Ministry of Commerce,Government of Ecuador,Chinese Government provides $10 million grant for ECU 911 Project,"In an interview with Xinhua News, the Deputy Director of Ecuador’s Integrated Security Service ECU 911, Sixto Heras, said that the Chinese Government provided $10 million to the Government of Ecuador in 2016 for the construction of a 'Comprehensive Security Systems Laboratory.' China National Electronics Import & Export Corporation (CEIEC) was the contractor responsible for implementation. The laboratory was reportedly constructed between October 7, 2016 and November 18, 2016. During Xi Jinping's 2016 state visit, he visited the ECU 911 headquarters in Quito on November 18, 2016 to inaugurate the laboratory, which includes video surveillance systems and massive data storage spaces. The surveillance system now has 16 regional response centers across the country, as well as a surveillance network with about 4,300 cameras across 24 provinces. According to Ecuador's National Statistics and Census Institute (INEC), as of January 2018, the crime rate has dropped by 11.8 percent since implementing the ECU 911 Project. According to Wang Fei, manager of CEIEC, 10 Chinese technicians with experience in software and communications work in the ‘joint laboratory’. Their assistance continued until at least 2019.",Grant,10907215.7278748
Surveillance,55540,Seychelles,2009,GOVERNMENT AND CIVIL SOCIETY,China Ministry of Commerce,Government of Seychelles,Chinese Government provides $6 million grant for Judicial Building Construction Project,"In 2009, the China’s Ministry of Commerce provided a $6 million grant to the Government of Seychelles for the Judicial Building Construction Project. This project involved the construction of a new federal judiciary building (that houses the Seychellois Supreme Court and Court of Appeals) — called the Palais de Justice — at Ile du Port in the capital city of Victoria. 
 
 The building occupies a 5,000 square meter area and it is 19.893 meters in height. It has 10 courtrooms, offices for judicial officials, a guard room, a conference room able to hold at least 150 people, a cafeteria, separate entry points for the judges and magistrates, a holding cell, a reception area, and special lifts and toilets with ramps for wheelchair users. The courtrooms are equipped with security surveillance cameras, internal PA systems, video panels for visitors and staff, video audio systems for court proceedings, and computers connected to outside servers. The building was also designed with a modern electronic system for case management, including video link systems – so witnesses will not have to appear in court to give evidence – and a digital database that holds complete and up-to-date records and allows for quick retrieval of information. 
 
 On July 10, 2009, the Architecture Design & Research Institute from Qingdao Technological University signed a project design contract for the project.  Qingjian Group Company Ltd. (aka Qingdao Construction Group), which was a state-owned enterprise until 2015, was the contractor responsible for project implementation. Construction began on March 17, 2011 and ended in May 15, 2013, but the official completion ceremony did not take place until the eve of Seychelles' National Day, June 17, 2013.",Grant,8323906.61845385
Surveillance,72965,Mauritius,2006,COMMUNICATIONS,China Ministry of Commerce,Government of Mauritius ,MOFCOM provides RMB 30 million interest-free loan for CCTV Street Surveillance System and Island-Wide Digital Radio Communication System Project (Linked to Record ID#1163 and #72993),"In 2006, China’s Ministry of Commerce (MOFCOM) and the Government of Mauritius signed an RMB 30,000,000 loan agreement for the CCTV Street Surveillance System and Island-Wide Digital Radio Communication System Project. This loan carried the following borrowing terms: a 20 year maturity, a 10 year grace period, and a 0% interest rate. It was repayable via annual installments between January 2017 and January 2027.  The project involved the installation of 340 CCTV cameras in the Port Louis and Grand Baie areas, and the installation of an island-wide digital radio communications. China International Telecommunication Construction Corporation (CITCC)  and Zhejiang Dahua Technology Co., Ltd. (浙江大华技术股份有限公司) were responsible for the CCTV Street Surveillance System project component. On December 10, 2009, CITCC signed a 270 million MUR commercial contract with the Mauritius Police Force. ZTE was responsible for the island-wide digital radio communications project component. It signed a contract with China International Telecommunication Construction Corporation (CITCC) on September 29, 2009 to provide the Mauritius Police Force with the requisite equipment for the island-wide digital radio communications component.  The project officially commenced on March 24, 2010 and it was officially completed and handed over to the Mauritius Police Force on October 21, 2011. Deficiencies in the CCTV system that was installed led to a second, China Eximbank-financed Smart City Project (see Record ID#55627). More specifically, the he CCTV system featured low video resolution (720p) that could not be used with “intelligent applications”. As a result, all videos had to be manually filtered, which made the system less efficient than modern, automated systems. The absence of surveillance facilities and converged command centers also made it difficult for Mauritius’s Ministry of Public Infrastructure and Land Transport to comprehensively detect, analyze, and disperse urban traffic in real time. The China Eximbank-financed Smart City Project sought to address these challenges with a different contractor (Huawei). ",Loan,7061318.54200412
Surveillance,72993,Mauritius,2006,COMMUNICATIONS,China Ministry of Commerce,Government of Mauritius ,"China provides RMB 29,200,000 interest-free loan for the CCTV Street Surveillance System and Island-Wide Digital Radio Communication System Project (Linked to Record ID#72965 and #1163)","In 2005, China’s Ministry of Commerce and the Government of Mauritius signed an RMB 12,434,000 loan agreement for the CCTV Street Surveillance System and Island-Wide Digital Radio Communication System Project. This loan carried the following terms: 20 year maturity, 10 year grace period, and 0% interest rate. It is repayable via annual installments between January 2016 and January 2026.  #1163 captures the first loan agreement.    Then, in 2006, China’s Ministry of Commerce and the Government of Mauritius signed an RMB 30,000,000 loan agreement for the CCTV Street Surveillance System and Island-Wide Digital Radio Communication System Project. This loan carried the following terms: 20 year maturity, 10 year grace period, and 0% interest rate. It is repayable via annual installments between January 2017 and January 2027.  #72965 captures the second loan agreement.   Also, in 2006, China’s Ministry of Commerce and the Government of Mauritius signed an RMB 29,200,000 loan agreement for the CCTV Street Surveillance System and Island-Wide Digital Radio Communication System Project. This loan carried the following terms: 20 year maturity, 10 year grace period, and 0% interest rate. It is repayable via annual installments between July 2017 and July 2027.    This project involved the installation of 340 CCTV cameras in the Port Louis and Grand Baie areas, and the installation of an island-wide digital radio communications. China International Telecommunication Construction Corporation (CITCC)  and Zhejiang Dahua Technology Co., Ltd. (浙江大华技术股份有限公司) were responsible for the CCTV Street Surveillance System project component. On December 10, 2009, CITCC signed a 270 million MUR commercial contract with the Mauritius Police Force. ZTE was responsible for the island-wide digital radio communications project component. It signed a contract with China International Telecommunication Construction Corporation (CITCC) on September 29, 2009 to provide the Mauritius Police Force with the requisite equipment for the island-wide digital radio communications component.   The project officially commenced on March 24, 2010 and it was officially completed and handed over to the Mauritius Police Force on October 21, 2011. Deficiencies in the CCTV system that was installed led to a second, China Eximbank-financed Smart City Project (see Record ID#55627). More specifically, the he CCTV system featured low video resolution (720p) that could not be used with “intelligent applications”. As a result, all videos had to be manually filtered, which made the system less efficient than modern, automated systems. The absence of surveillance facilities and converged command centers also made it difficult for Mauritius’s Ministry of Public Infrastructure and Land Transport to comprehensively detect, analyze, and disperse urban traffic in real time. The China Eximbank-financed Smart City Project sought to address these challenges with a different contractor (Huawei). ",Loan,6873016.71421734
Surveillance,66233,Moldova,2008,TRANSPORT AND STORAGE,Unspecified Chinese Government Institution,Government of Moldova,Chinese Government provides EUR 3 million grant for Chisinau Road Surveillance System Installation Project,"On January 1, 2008, the Chinese Government and the Government of Moldova signed an EUR 3 million grant agreement for Chisinau Road Surveillance System Installation Project. The purpose of this project was to install a road surveillance system at important intersections in the capital city of Chisinau. According to the Government of Moldova’s External Assistance Management Platform (PGAE), the Chisinau Road Surveillance System Installation Project (PGAE ID#idea_2686) commenced on January 1, 2008 and it ended on January 1, 2012.",Grant,6189384.77682908
Surveillance,92138,Antigua and Barbuda,2018,TRANSPORT AND STORAGE,China Ministry of Commerce,Government of Antigua and Barbuda,Chinese Government provides $6 million grant for Customs and Border Security Improvement Project,"In November 2018, the Chinese Government and the Government of Antigua and Barbuda signed a $6 million grant agreement for a Customs and Border Security Improvement Project. The project was initially conceived in July 2016. The purpose of the project was to acquire and install surveillance equipment — including a mobile container or vehicle inspection system, an X-ray inspection system, a radioactive material monitoring system, an X-ray CT inspection system, 20 sets of hand-held metal detectors, and 3 sets of portable trace explosives / drug detectors — at St. John’s Port and V. C. Bird International Airport.   The ultimate objective of the project was to improve the efficiency of customs' detection of imported goods, and strengthen the capability of the Government of Antigua and Barbuda government to combat smuggling and drug trafficking. The equipment was officially handed over to the local authorities on December 6, 2019. Sun Ang, the Chinese ambassador to Antigua and Barbuda, signed the handover certificates with Gaston Browne, the Prime Minister of Antigua and Barbuda. ",Grant,6037777.76482694
Surveillance,66635,Indonesia,2011,"AGRICULTURE, FORESTRY, FISHING",Unspecified Chinese Government Institution,,"China granted $5,300,000 for Indonesia Maritime Surveillance Satellite System","In 2011, Chinese Government provided a USD $5.3 million grant for the Establishment and Operation of the Indonesia Maritime Surveillance Satellite System. The purpose of the project is to improve the security in Indonesian waters to prevent and address illegal business, acquire data about possible natural distress, and to help Indonesian fishermen in funding to harvest in Indonesian waters. Its duration is 3-years.
 
 The project is implemented by Indonesia Maritime Security Coordinating Board (Bakorkamia) and it was carried in two stages: The first stage is the preparation and the second stage is the procurement and manufacturing of subsystems/component of surveillance satellite system, plus the assembly, integration, and test of surveillance satellite system d. Launch of the surveillance satellite system. It costs $5707000 in total that funded by the $5.3 million grant from China and $407000 locally.",Grant,6023434.88339085
Surveillance,63799,Lao People's Democratic Republic,2008,OTHER SOCIAL INFRASTRUCTURE AND SERVICES,Export-Import Bank of China (China Eximbank),Government of Laos,China Eximbank provides $3.8 million preferential buyer’s credit for Vientiane City Road Monitoring Project,"In 2008, China Eximbank and the Government of Laos signed a $3.8 million preferential buyer’s credit (PBC) agreement for the Vientiane City Road Monitoring Project. The borrowing terms of the PBC are unknown. This project involved the installation of CCTV cameras along 10 main roads — in an areas measuring more than 100 square km — within the capital city of Vientiane.  It also involved the laying of 60 km of fiber optic cable and the installation of a central command center — capable of monitoring the CCTV footage — for the city’s traffic police force.   The project was supposed to be completed before the opening of the 25th Southeast Asian Games on December 9, 2009 and it achieved this objective. The project was officially completed and handed over to the local authorities on December 5, 2009. According to China’s Ministry of Commerce (MOFCOM), the project was completed in one year and seven days, making the project's estimated implementation start date November 28, 2008.   There are multiple indications that the China Eximbank loan for this project may have financially underperformed vis-a-vis the original expectations of the lender. In 2020, the Laotian authorities urgently sought debt relief from China Eximbank. At that time, the gross reserves of the Bank of Laos stood at only 1.5 months of import cover and credit rating agencies warned of a high default probability. In 2020, China Eximbank also agreed to reprofile multiple loan agreements that it had previously signed with the Government of Laos (as captured via Record ID#96464). These debt service payment deferrals lasted for approximately 4 years (2020 and 2023) and provided approximately $1.892 billion of cash flow relief ($1.422 billion in deferred principal payments and $470 million in deferred interest payments).  Deferred principal and interest repayments in 2020 were worth $202 million. Deferred principal and interest payments were worth $426 million in 2021. Deferred principal and interest payments were worth $594 million in 2022. Deferred principal and interest payments were worth $670 million in 2023. ",Loan,5352095.11986093
Surveillance,66237,Moldova,2011,TRANSPORT AND STORAGE,China Ministry of Commerce,Government of Moldova’s Ministry of Internal Affairs,Chinese Government provides RMB 30 million grant for Road Traffic Monitoring Project,"In 2011, the Chinese Government and the Moldovan Ministry of Internal Affairs signed an RMB 30 million grant agreement for the Road Traffic Monitoring Project. The grant proceeds were drawn from three Economic and Technical Cooperation Agreements (ETCAs) that the Chinese Government and the Government of Moldova signed in previous years: a November 14, 2007 ETCA that committed RMB 15 million, a November 17, 2008 ETCA that committed RMB 20 million, and a September 14, 2009 ETCA that committed RMB 20 million.   The purpose of this project was to install video surveillance posts at 41 intersections and road segments in and near the city of Chisinau and construct a traffic monitoring center that relies upon Chinese technology. China Electronics Engineering Design Institute Co Ltd was the contractor responsible for project design. It signed a project design contract with Moldova’s Ministry of Internal Affairs on May 25, 2011. Then, between October 14-18, 2011, the Design Institute of Electronic Engineering of China and Moldova’s Ministry of Internal Affairs selected the 41 intersections and road segments where the project would install surveillance posts.   On September 27, 2012, Moldova’s Ministry of Internal Affairs signed a project implementation contract with Hebei Construction Group. Moldova’s Ministry of Internal Affairs also signed a contract with Huawei Technologies Ltd. on February 27, 2013 for the construction of the traffic monitoring center. Huawei Technologies Ltd., in turn, issued a subcontract to a Moldovan firm called AlimConstruct Grup.  According to the Government of Moldova’s External Assistance Management Platform (PGAE), project implementation commenced on October 27, 2012.   Surveillance post installation activities took place between May 2013 and the end of December 2013. A project handover certificate was issued on June 30, 2014, and a formal project handover ceremony took place on October 24, 2014. Since the start of use of the road traffic monitoring system, traffic accident rates in Chisinau have fallen by 40%, accident mortality rates have fallen by 60%, and vehicle accident damage rates have dropped by 45%. ",Grant,5274128.75041434
Surveillance,95622,Suriname,2019,OTHER SOCIAL INFRASTRUCTURE AND SERVICES,China Ministry of Commerce,Government of Suriname,Chinese Government provides $5 million grant for Phase 2 of Safe City Project (Linked to Record ID#55437 and #70442),"From June 8, 2017 to July 6, 2017, an 8-member delegation from China’s Radio Film & Television Design & Research Institute (DRFT) conducted a feasibility study for the Road Monitoring Project (also known as the Safe City Project) in Suriname. The Chinese Government subsequently issued a grant worth EUR 10 million in 2018 to facilitate the implementation of the first phase of the project. The purpose of Phase 1 was to (a) install 300 closed-circuit television (CCTV) surveillance cameras in the city of Paramaribo to monitor road safety and identify traffic crime, and (b) connect these cameras to a Command Center run by the Suriname National Security Directorate (DNVS). The software on all of the CCTV cameras was expected to be customized with license plate recognition and sound recording. Then, in 2019, the Chinese Government provided a $5 million grant for Phase 2 of the Safe City Project.  The purpose of Phase 2 was to install cameras in twenty locations in Wanica district, two locations in Albina, and three locations in Nieuwe Haven to monitor road safety and identify traffic crime. A key goal of Phase 2 was to connect these additional cameras to the Command Center by November 25, 2019. Then, on January 19, 2023, the Chinese Government and the Government of Suriname signed a $15 million grant agreement for Phase 3 of the Safe City Project. The agreement was signed by Suriname’s Minister of Justice and Police Kenneth Amoksi and China’s Ambassador to Suriname, Han Jing. The purpose of Phase 3 is to install CCTV surveillance cameras in all of the country’s other districts, with the exception of Sipaliwini district in the interior of Suriname. Huawei Technologies Co., Ltd. is the contractor responsible for implementation of all phases of the Safe City Project.  Phase 1 was completed when the Command Center became operational at the end of December 2018. Phase 2 was completed when 60 CCTV cameras were put into use at 20 locations in Wanica district on February 21, 2020.  By July 2022, 378 CCTV cameras had been installed through the capital city and various districts through the Safe City Project. As of February 2023, Phase 3 had not yet commenced. The Safe City Project has become a source of local debate and controversy. Allegations have arisen that the project is not being implemented in a way that is consistent with the original agreement. There is also a lawsuit pending concerning the Safe City Project. The lawsuit was filed by a human rights organization called 'Foundation December 8, 1982' against the Government of Suriname. According to 'Foundation December 8, 1982', there is no legal basis for recording the movement of citizens nor any official oversight of the CCTV surveillance program.",Grant,5189937.45453726
Surveillance,56669,Tunisia,2017,TRADE POLICIES AND REGULATIONS,Unspecified Chinese Government Institution,Tunisian Customs,Chinese Government donates two mobile container scanners worth $4.8 million USD in 2017,"On September 30, 2017 in a ceremony attended by Prime Minister of Tunisia Youssef Chahed, the Chinese Government donated two vehicle-mounted container scanners to the Government of Tunisia. The value of the donation was $4.8 million USD (TND 12 million dinars). The scanners were earmarked for use by the Tunisian Customs in the Port of La Goulette (ميناء حلق الوادي) for maritime control and surveillance purposes.  China National Instruments Import & Export (Group) Corporation was responsible for the implementation of the aid, including training Tunisians in its use. Nuctech Company Limited was also involved in the donation. The equipment was officially put into use at the port on December 5, 2017. The Chinese Government had previously two mobile container scanners to the Port of La Goulette in 2015, as captured by Record ID#56666.",Grant,5107806.62872121
Surveillance,54972,Uruguay,2018,GOVERNMENT AND CIVIL SOCIETY,China Ministry of Commerce,Government of Uruguay,Chinese Government donates equipment worth $4.78 million for Public Security Video Surveillance System Project,"In July 2017, the Chinese Government and the Government of Uruguay began negotiations on a possible donation of video surveillance equipment. Then, in April 2018, the Chinese Government and the Government of Uruguay’s Ministry of Interior signed an exchange of notes regarding a donation of video surveillance equipment in support of the Public Security Video Surveillance System Project.   The monetary value of the donation from China’s Ministry of Commerce (MOFCOM) was $4,780,000. The donation of 4000 pieces of equipment included 1,900 fixed video surveillance cameras and 200 dome (PTZ) units with aimable cameras (built by Huawei Technologies Co., Ltd.), ethernet switches, video wall controllers, video management servers, and network equipment. The equipment was intended for use by the Government of Uruguay to more effectively monitor and control its borders between Argentina and Brazil.   The equipment was earmarked for installation in 374 sites across the Rivera, Artigas, Cerro Largo and Rocha departments. Each department has its own Monitoring Center and the video surveillance system enables real-time monitoring of imagery from a Unified Command Center in Montevideo. The donated equipment arrived in Uruguay in January 2019 and an equipment handover ceremony was held on February 28, 2019. Equipment installation activities began in December 2018 and they were originally expected to reach completion in September 2019.",Grant,4810096.2859788
Surveillance,36121,Bolivia,2013,GOVERNMENT AND CIVIL SOCIETY,Unspecified Chinese Government Institution,,China Donates $4.5 Million USD to Install 500 Surveillance Cameras to Bolivia (Linked to Record ID#71673),"In 2013, the Chinese government gave Bolivia $4.5 million for the purchase and installation of 500 surveillance cameras to four cities in the Bolivian project, Video Monitoring System and Electronic Surveillance. The project is in its first phase with 500 cameras to go out to the cities of La Paz (130), El Alto (120), Cochabamba (120) and Santa Cruz (130), with the aim to reduce crime rates and to improve the living conditions of the citizens through the implementation of technology. To this end, China will invest in software, machinery and equipment adding up to $4,033,508 and $466,492 in costs of ancillary services. 
 
 Overall, the Video Monitoring System and Electronic Surveillance project requires an investment of $7 million. Mayors and governors of the areas in which the cameras will be installed financed the remaining $2.5 million for complementary operating expenses and the construction of the requisite ""Command and Monitoring Center.""
 
 In February 2013, the 130 cameras for Santa Cruz began to be installed, with the Command and Monitoring Center for the city inaugurated on February 18. At that point, about 40 of the cameras had already been installed by Huawei Bolivia.",Grant,4652870.81012505
Surveillance,60196,Tanzania,2015,COMMUNICATIONS,ZTE Corporation (formerly Zhongxing Telecommunication Equipment Corporation),Government of Tanzania ,ZTE grants $3.5 million USD for the Safe Zanzibar Project,"In June 2015, ZTE corporation donated $3.5 million USD for the Safe Zanzibar Project which involves installing a CCTV surveillance system in Stone Town. The purpose of this project was to curb crime in Zanzibar, particularly in tourist areas.   According to the reporting from the Habarileo, the entire project was scheduled for completion by the end of 2015. Work plans included the installation of 300 full high definition cameras (FHD) on the main roads of the Stone Town and a command center in Malindi with a video wall and camera control center. The video surveillance system uses Geographic Information System (GIS), case library, and intelligent analysis tools. According to the engineer, with routine management, this system can facilitate sharing information among different administrative departments, utilizing security resources and improving efficiency  of controlling or responding rapidly to major accidents.",Grant,3661694.33490505
Surveillance,39758,Jamaica,2010,"AGRICULTURE, FORESTRY, FISHING",Unspecified Chinese Government Institution,,Chinese Government grants 240 million Jamaican dollars for a Chinese Garden at the Hope Royal Botanic Gardens,"On February 3, 2010, the Ministry of Foreign Affairs and Foreign Trade (on behalf of the Government of Jamaica) signed a formal agreement, accepting the donation of a Chinese Garden from the People’s Republic of China. The cost of the project was primarily funded under “The Grant Aid Agreement on Economic & Technical Cooperation between the PRC and the GoJ”, which was signed on February 1, 2005.  The total cost of the project was 260 million Jamaican dollars, which included Chinese grant funding of 240 million Jamaican dollars and local sponsorship funding of 20 million Jamaican dollars. Local funding was contributed to by CHASE Fund, the Chinese Benevolent Association (CBA), and members of the local Chinese community.   The Chinese Government was responsible for architectural design, preparation of working drawings, and providing construction machinery, equipment and materials for the project. The design concept was prepared by China Architectural Group (CAG). The construction contract was awarded to Zhenjiang International Economic and Technical Cooperation Co. Ltd. of China (CZICC) on October 23, 2013.  The project was implemented by the Nature Preservation Foundation, which has a 49-year lease to manage the Hope Botanical Gardens. The construction period was 17 months from date of groundbreaking on February 20, 2014 to completion of civil works on July 31, 2015. The Nature Preservation Foundation undertook the landscaping phase once construction was completed. The Nature Preservation Foundation was also responsible for maintaining the structures and landscaping, including installing lightings and surveillance cameras.   The garden is 11 acres and located in the Hope Royal Botanic Gardens in east St. Andrew. Features of the Chinese Gardens include a lily pond, the Yingbi Wall or Shadow Wall, the Imperial Garden, and the Circular Mound or the Seat of Heaven. The garden’s architecture features aspects of the Chinese Forbidden City, an ancient imperial palace in Beijing, China during the era of the Ming Dynasty.   The Chinese Garden was originally intended to be handed over in August 2012 to celebrate the 50th anniversary of Jamaica's Independence and the 40th anniversary of diplomatic relations between the two countries. However, implementation was delayed due to difficulty securing formal approval for the project from all local regulatory agencies, including the National Environment and Planning Agency (NEPA), the Kingston and St. Andrew Corporation (KSAC), the National Land Agency (NLA), the Jamaica National Heritage Trust (JNHT), and the National Works Agency (NWA).",Grant,3530202.28943307
Surveillance,62714,Cambodia,2014,GOVERNMENT AND CIVIL SOCIETY,Unspecified Chinese Government Institution,Cambodia Ministry of Interior,Chinese Government provides RMB 20 million grant  for CCTV Surveillance Project,"On August 13, 2014, the Chinese Government granted RMB 20 million to Cambodia’s Ministry of Public Security (which is a sub-office located within Cambodia Ministry of Interior) for a Closed-Circuit Television (CCTV) Surveillance Project. The CCTV and traffic control equipment was worth 20 Million Yuan (3 Million USD).  This project installed CCTV cameras in Phnom Penh on August 14, 2019.  The video feeds will be monitored from the national police headquarters and only officials from the national police will have access. According to the national police, this project is meant to help cut down on crime and traffic accidents (""China Gives $3M for City Surveillance System"").",Grant,3328903.33940305
Surveillance,1163,Mauritius,2005,GOVERNMENT AND CIVIL SOCIETY,China Ministry of Commerce,Government of Mauritius ,Chinese Government provides RMB 12.4 million interest-free loan for CCTV Street Surveillance System and Island-Wide Digital Radio Communication System Project (Linked to Record ID#72965 and #72993),"In 2005, China’s Ministry of Commerce and the Government of Mauritius signed an RMB 12,434,000 loan agreement for the CCTV Street Surveillance System and Island-Wide Digital Radio Communication System Project. This loan carried the following terms: 20 year maturity, 10 year grace period, and 0% interest rate. It is repayable via annual installments between January 2016 and January 2026.  #1163 captures the first loan agreement. Then, in 2006, China’s Ministry of Commerce and the Government of Mauritius signed an RMB 30,000,000 loan agreement for the CCTV Street Surveillance System and Island-Wide Digital Radio Communication System Project. This loan carried the following terms: 20 year maturity, 10 year grace period, and 0% interest rate. It is repayable via annual installments between January 2017 and January 2027.  #72965 captures the second loan agreement.  Also, in 2006, China’s Ministry of Commerce and the Government of Mauritius signed an RMB 29,200,000 loan agreement for the CCTV Street Surveillance System and Island-Wide Digital Radio Communication System Project. This loan carried the following terms: 20 year maturity, 10 year grace period, and 0% interest rate. It is repayable via annual installments between July 2017 and July 2027.  #72993 captures the third loan agreement.  This project involved the installation of 340 CCTV cameras in the Port Louis and Grand Baie areas, and the installation of an island-wide digital radio communications. China International Telecommunication Construction Corporation (CITCC)  and Zhejiang Dahua Technology Co., Ltd. (浙江大华技术股份有限公司) were responsible for the CCTV Street Surveillance System project component. On December 10, 2009, CITCC signed a 270 million MUR commercial contract with the Mauritius Police Force. ZTE was responsible for the island-wide digital radio communications project component. It signed a contract with China International Telecommunication Construction Corporation (CITCC) on September 29, 2009 to provide the Mauritius Police Force with the requisite equipment for the island-wide digital radio communications component.   The project officially commenced on March 24, 2010 and it was officially completed and handed over to the Mauritius Police Force on October 21, 2011. Deficiencies in the CCTV system that was installed led to a second, China Eximbank-financed Smart City Project (see Record ID#55627). More specifically, the CCTV system featured low video resolution (720p) that could not be used with “intelligent applications”. As a result, all videos had to be manually filtered, which made the system less efficient than modern, automated systems. The absence of surveillance facilities and converged command centers also made it difficult for Mauritius’s Ministry of Public Infrastructure and Land Transport to comprehensively detect, analyze, and disperse urban traffic in real time. The China Eximbank-financed Smart City Project sought to address these challenges with a different contractor (Huawei).  ",Loan,3041598.79997178
Surveillance,62556,Sierra Leone,2015,EMERGENCY RESPONSE,Unspecified Chinese Government Institution,,[EBOLA] China donates equipments and cash worth $1.854 million to Sierra Leone for combating Ebola ,"On January 15, 2015, the Chinese embassy donated on behalf of the Chinese government $500,000 in cash, 15 pick-up trucks and 200 motorbikes worth $ 1 million, and 215 sets of medical protective equipment worth $354,000 thousand to Sierra Leone in response to the Ebola epidemic, according to the Chinese Embassy in Sierra Leone and Chinese Ministry of Commerce. 
 
 These donations will help the Sierra Leonean government strengthen social mobilization, Ebola case management and surveillance.  Ernest Bai Koroma,President of Sierra Leone, accepted the aid and Samura Kamara, Minister of Foreign Affairs and International Cooperation, signed the hand-over certificate. ",Grant,1939651.79911827
Surveillance,108830,"Africa, regional",2020,HEALTH,Unspecified Chinese Government Institution,Government of Burkina Faso|Government of Senegal |Government of Tanzania |Government of Zambia,"The United Nations Peace and Development Trust Fund allocates USD $1,697,876 to enhance Malaria surveillance in African countries "," In 2016, the Chinese Government pledged to contribute USD $200 million to the United Nations over a ten year period. The United Nations Peace and Development Trust Fund (UNPDF) was established to channel these earmarked funds to specific projects in coordination with the UN. The UNPDF is divided into two sub-funds: The 2030 Agenda for Sustainable Development Sub-Fund and The Secretary-General's Peace and Security Sub-Fund.  Approved in 2020 and implemented between January 2021 and January 2025, USD $1,697,876 was allocated from the 2030 Agenda for Sustainable Development Sub-Fund to enhance Malaria surveillance systems in the African countries of Burkina Faso, Senegal, Tanzania, and Zambia. The World Health Organization (WHO) implemented the project, along with collaborating partners UNICEF, UNDP, and the World Bank. The project has implemented innovative surveillance and response for malaria building and has reduced the malaria burden in high burden areas. ",Grant,1751756.09368812
Surveillance,66564,Ukraine,2012,GOVERNMENT AND CIVIL SOCIETY,Unspecified Chinese Government Institution,Ukraine Ministry of Infrastructure,Chinese Government provides RMB 7.65 million grant for Surveillance and Inspection Equipment Project,"On August 9, 2012, the Chinese Government and the Government of Ukraine’s Ministry of Infrastructure signed an exchange of letters, which committed RMB 7,650,000 of grant funding for a Surveillance and Inspection Equipment Project. The purpose of this project was to provide and install 24 units of surveillance and inspection equipment. A project handover certificate was issued on November 10, 2015.",Grant,1314264.39072419
Surveillance,66262,Moldova,2014,"INDUSTRY, MINING, CONSTRUCTION",China Ministry of Commerce,Government of Moldova’s Ministry of Internal Affairs,Chinese Government provides RMB 7.4 million grant for Video Surveillance System Installation Project (Linked to Record ID#66237,"In 2014, the Chinese Government provided an RMB 7.4 million grant to the Government of Moldova’s Ministry of Internal Affairs for a Video Surveillance System Installation Project. This project involved the provision and installation of a video conferencing system and it was meant to support another Chinese Government financed project: a Road Traffic Monitoring Project that was implemented between 2012 and 2014 (see Record ID#66237).    A Chinese company called TIANJIN was responsible for the installation of the video conferencing system system. The project commenced on November 10, 2014 and it was completed on January 23, 2015. A Memo of Completion was signed on April 22, 2015. However, a Government of Moldova audit later revealed another contract (worth 467.12 thousand lei) that was signed on April 6, 2015 between China National Building Materials and Equipment Import & Export Corporation and LLC ""Soft Manager"" for the installation of video conferencing systems in 4 locations. The audit also found that LLC ""Soft Manager"" was created on February 19, 2015, i.e. only 46 calendar days before signing the installation contract. Thus, the audit concluded that there was a significant risk of duplicated effort and waste.",Grant,1231694.23557913
Surveillance,40154,Kazakhstan,2007,GOVERNMENT AND CIVIL SOCIETY,China Ministry of Public Security,Kazakh Ministry of Internal Affairs,"China's Ministry of Public Security grants 396,000 USD in equipment for Kazakh Police","In 2007 the Chinese Ministry of Public Security provided ""no strings attached"" aid worth 396,000 dollars to the Kazakh Ministry of Internal Affairs. The donation included equipment for Kazakh police. The equipment was four all-terrain vehicles, two sets of scanners, five surveillance devices, 40 sets of equipment for crime detection, 30 cameras and video cameras, 30 notebooks, communications equipment, and office and computer equipment. ",Grant,657979.555557596
Surveillance,102056,Malta,2006,GOVERNMENT AND CIVIL SOCIETY,Unspecified Chinese Government Institution,Permanent Representation of Malta to the European Union,"Chinese Government provides a $300,000 USD furniture grant to Permanent Representation of Malta to the European Union","Prior to December 28, 2006, the Chinese Government provided a $300,000 USD grant to Permanent Representation of Malta to the European Union for an office furniture project. This grant was part of a cooperation agreement between the Chinese Government and the Government of Malta. The Chinese Government funded and installed furniture and other interior furnishings in Malta's Embassy to the European Union. “Le Monde,” a daily newspaper in France, later alleged that the Chinese Government was using Malta's Embassy for intelligence purposes and that the furniture grant was a means of installing surveillance equipment. Officials from Malta denied these allegations and expressed that security precautions had been taken. ",Grant,562954.827866204
Surveillance,89570,Brazil,2019,OTHER SOCIAL INFRASTRUCTURE AND SERVICES,"State Grid International Development Co., Ltd. (SGID)",Government of Brazil,China's State Grid donates 2.1 million Brazilian Real to preserve archeological site in Rio,"On Sept 17, 2019, the Chinese State Grid made a 2.1 million Brazillian real (1.9 million dollars) donation to preserve the Valongo Wharf, an archeological site of outstanding historical importance in Rio. Located in central Rio, the Valongo Wharf marks the point through which enslaved African people arrived in Brazil during the 19th century. The remains of the site were found during the renovation of the port area during Rio's preparation to host the 2016 Olympic Games. This donation from the Chinese State Grid was used to fund the second phase of the Valongo Wharf project.  The State Grid's branch in Brazil used the funds to install lighting equipment and signals around the area and to initiate a series of education activities to publicize the history and need for protection of the site to people living in affected areas and others in the city, and the donation will be used to continue the revitalization of the historical wharf and transform it into an open-air museum with lights, signage and surveillance cameras. The Instituto do Patrimônio Histórico e Artístico Nacional (IPHAN) in Brazil has also been involved in the implementation of the project.  ",Grant,561053.366340741
Surveillance,63698,Cook Islands,2016,"AGRICULTURE, FORESTRY, FISHING",Zhuhai Municipal Government,Government of Cook Islands,"Zhuhai Municipal Government grants NZ $114,000 to Cook Island's government for fisheries equipment ","On August 1st, 2017, a formal handover ceremony was held for the Zhuhai Municipal Government, which granted equipment to the Fisheries Equipment and Training Project (or Fisheries Support Project). Zhuhai City government is the project implementer, and the funds were handed over to the Cook Islands Ministry of Marine Resources. The total grant is worth NZ $114,000 (USD $82,000). The agreement was signed in September 2016, when a delegation from the Cook Islands visited Zhuhai in Guangzhou, China, to discuss cooperation on agriculture, fisheries, culture, tourism, and health. As part of this agreement, Zhuhai City pledged a donation of equipment worth $US82,000 to support marine surveillance in the Cook Islands. This part of the agreement was fulfilled in August 2017 when a delegation from Zhuhai City presented the Cook Island’s government with equipment including 6 First Aid Kits, 9 Go Pro Hero4 Session Cameras, 2 2016 Nissan Navara Trucks, 2 2016 Honda Wave 110CC, 4 HP Elite Display Series E242 Monitors, 6 EPIRB/PLB units (Mapworld Ltd), 3 GPS Units (Mapworld Ltd), 6 ln Reach Devices (Mapworld Ltd), 1 DSLR Camera. These goods were locally sourced (not from China) to help the local economy. The agreement also includes training for the Ministry of Marine Resources and Ministry of Agriculture officials in China. The group will be trained in aquaculture, growing tropical fruits, and other tropical plantings. If successful, phase two of this project will involve experts from Zhuhai visiting the Cook Islands for more training. This project was initiated and completed in 2017. No training info has been found.   ",Grant,86618.7626134614
Surveillance,90447,Myanmar,2020,HEALTH,Hikvision,Myanmar Ministry of Health and Sports ,Hikvision donates Covid-19 supplies in October 2020 to Myanmar Ministry of Health and Sports,"On October 26, Hikvision, Jiusheng (Myanmar) Knitting, and Sungrow power each donated epidemic prevention supplies to Myanmar's Ministry of Health and Sports. Jiusheng provided 150,000 disposable masks, Sungrow power donated 50,000 surgical masks, and Hikvision donated a hospital security system (temperature and video intercom equipment).  The masks from Jiusheng were worth around USD 20,000, the masks from Sungrow were worth MMK 3 million, and the equipment from Hikvision was worth around USD 10,000.",Grant,10317.3382136747
Surveillance,65135,Jordan,2007,GOVERNMENT AND CIVIL SOCIETY,China Ministry of Commerce,Government of Jordan,"Chinese Government provides RMB 20 million grant — via ETCA — for unspecified purposes (Linked to Record ID#41907, ID#41911, and ID#41074)","On June 19, 2007, the Chinese Assistant Minister of Commerce and Jordanian Minister of Planning and International Cooperation signed an Economic and Technical Cooperation Agreement (ETCA) committing RMB 20,000,000 of grant funding for unspecified purposes. Then, on April 16, 2008, the grant proceeds from this ETCA were allocated to Phase 1 of the CCTV Camera Installation Project (see Record ID#41074).",Grant,0.0
Surveillance,103712,Tanzania,2023,HEALTH,Unspecified Chinese Government Institution,Government of Tanzania ,Chinese government provides schistosomiasis monitoring site in Zanzibar,"On November 1, 2023, the unveiling ceremony was held for the Chinese-financed schistosomiasis monitoring site in Zanzibar. The project includes the establishment of the schistosomiasis surveillance center and technical assistance from Chinese experts.",Grant,0.0
Surveillance,796,Guinea-Bissau,2011,OTHER SOCIAL INFRASTRUCTURE AND SERVICES,China Ministry of Commerce,Government of Guinea-Bissau,Chinese Government provides grant for '24 de Setembro' National Stadium Rehabilitation Project,"On June 20, 2011, the Chinese Government and the Government of Guinea-Bissau signed a grant agreement for the '24 de Setembro' National Stadium Rehabilitation Project. The monetary value of the grant commitment that supported this project is unknown. The purpose of the project was to rehabilitate the 24 de Setembro stadium, which is located 3.5 km southeast of the city of Bissau.  It involved the installation of a video surveillance system, new chairs for the stands, a track, an electronic scoreboard, and a sprinkler system or the soccer field. The stadium, which can hold 15,000 spectators, was initially constructed in the 1980s with financial support from the Chinese Government. 
 
 China Railway Engineering Consulting Group and Jiangdu Construction Corporation appear to have been the contractors responsible for the design and implementation of the rehabilitation project. On July 4, 2011, Chinese Ambassador to Guinea-Bissau Li Baojun and Guinea-Bissau’s Minister of Education signed the project design contract. Project implementation started on November 20, 2011. Then, on February 29, 2012, a groundbreaking ceremony took place. The project was completed on January 20, 2013 and it was officially handed over to the Government of Guinea-Bissau on March 5, 2013.",Grant,0.0
Surveillance,88678,Djibouti,2018,GOVERNMENT AND CIVIL SOCIETY,Unspecified Chinese Government Institution,Government of Djibouti,Chinese Government provides training on surveillance camera systems for 29 Djiboutian public security agents (Linked to Record ID#59548),"To support the Djibouti City Security Surveillance System Project, which received grant funding from the Chinese Government and sought to construct a surveillance system for Djibouti City (see linked Record ID#59548), in May 2018, the Chinese Government hosted a one-month long seminar and training program on surveillance camera systems for 29 Djiboutian public security agents. Further details are unknown.",Grant,0.0
Surveillance,107340,Madagascar,2022,GOVERNMENT AND CIVIL SOCIETY,Chinese Embassy,Madagascar Ministry of Foreign Affairs,"Chinese Embassy donates vehicles, technology, and sports equipment to the Madagascar Ministry of Foreign Affairs in December 2022","On December 23, 2022, the Chinese Embassy in Madagascar donated equipment and vehicles to the Madagascar Ministry of Foreign Affairs. The donation consisted of 2 vehicles, 3 motorcycles, 70 desktop computers, sports equipment, surveillance cameras and cameras. The donation is intended to strengthen operational capacity and improve the well-being and working environment of the Ministry's staff. According to the Madagascar Ministry of Foreign Affair's Facebook page, the donation is part of the ""Institutional Support and Operational Capacity Building Project for the Ministry of Foreign Affairs.""",Grant,0.0
Surveillance,91101,Colombia,2021,GOVERNMENT AND CIVIL SOCIETY,Unspecified Chinese Government Institution,Colombia Ministry of Foreign Affairs (Cancillería),Chinese Government donates video conferencing and thermal imaging equipment to Colombian Ministry of Foreign Affairs,"In July 2021, the Chinese Government donated IdeaHub videoconferencing equipment from Huawei and a thermal imager from Hikvision to Colombian  Ministry of Foreign Affairs.",Grant,0.0
Surveillance,70784,Costa Rica,2020,HEALTH,Zhongshan Municipal Government of Guangdong Province,Costa Rica Directorate of Civil Aviation,Zhongshan Municipal Government donates two thermal sensing cameras to Costa Rica's General Directorate of Civil Aviation in July 2020,"On July 3, 2020, the Municipal Government of Zhongshan donated two Dahua brand thermal sensing cameras to the General Directorate of Civil Aviation of Costa Rica. This donation is intended to help identify incoming airport passengers who may have COVID-19 within the Juan Santamaría International Airport. The Costa Rican Association of Friendship with China handled donation logistics.",Grant,0.0
Surveillance,93471,Namibia,2020,GOVERNMENT AND CIVIL SOCIETY,Unspecified Chinese Government Institution,"Ministry of Home Affairs, Immigration, Safety and Security of Namibia","China donated 4 thermal imaging temperature measurement equipment to the Ministry of Home Affairs, Immigration, Safety and Security of Namibia","On May 27, 2020, Yang Jun, Political Counselor of the Embassy, ​​presented 4 Hikvision thermal imaging temperature measurement equipment to the Ministry of Internal Affairs and Immigration and Security of Namibia on behalf of the Embassy. They were intended to be used as security assistance as well as a countermeasure against the COVID-19 pandemic. The devices were used to screen Ministry employees for signs of COVID-19. The value of this donation is unknown. ",Grant,0.0
Surveillance,71328,Panama,2020,HEALTH,Hikvision,Panama City Municipality,Hikvision provides a body temperature thermal imaging device to the Panama City Government in May 2020,"On May 20, 2020,  Hangzhou Hikvision Digital Technology Co., Ltd. (Hikvision) donated a body temperature thermal imaging device to the Panama City Government. Hikvision is a Chinese state-owned manufacturer and supplier of video surveillance equipment. The monetary value of this donation is unknown.  A handover ceremony was held for this donation at the Chinese Embassy in Panama. Chinese Ambassador to Panama Wei Qiang, Panama City Mayor Cesc Fabrega, Economic and Commercial Counselor Wang Jian, and Hikvision Central America Regional Manager Shen Tong attended the ceremony. ",Grant,0.0
Surveillance,56717,Cabo Verde,2019,GOVERNMENT AND CIVIL SOCIETY,China Ministry of Commerce,Government of Cabo Verde,"MOFCOM provides RMB 92.5 million for Phase 2 of the Safe City Project (Linked to Record ID#56716, #88566, #88567)","On October 30 and 31, 2017, representatives of the Chinese Government and the Government of Cabo Verde signed an exchange of notes for a feasibility study on Phase 2 of the Safe City Project. According to MOFCOM, on May 16 and 20, 2019, the Chinese Government and the Government of Cabo Verde signed an exchange of notes for implementing Phase 2 of the Safe City Project. Previously, on July 10, 2017, Cape Verde's Ministry of the Interior signed an agreement with Huawei Technologies Co. on the provision of technical equipment for the project.  The Chinese Government reportedly committed RMB 92.5 million (EUR 11.8. million) in free assistance to this project. The proceeds were drawn at least in part from an Economic and Technical Cooperation Agreement (ETCA) that the two governments signed on January 31, 2018. They may have also been drawn from an agreement that the two governments signed in September 2018.   Record ID#56717 is an umbrella record that captures the funding mechanisms for the project. The January 2018 ETCA is captured via Record ID#88566 and the September 2018 ETCA is captured via Record ID#88567.  The purpose of the project's second phase is to extend the video surveillance network of Praia to three other Cabo Verdean islands: the island of São Vicente, especially the city of Mindelo; the island of Sal, especially the cities of Santa Maria and Espargos; and the island of Boa Vista, especially the city ​​of Sal Rei. On the island of São Vicente, 100 video surveillance poles will be installed; on the island of Sal (Ilha do Sal), 30 video surveillance poles will be installed; and on Boa Vista, 20 video surveillance poles will be installed. Phase 2 will also involve the installation of another 100 video surveillance poles in the capital city of Praia. Each of these video surveillance poles will have three cameras. Phase 2 also involves the installation of a 4G (LTE) network for police communications.   Huawei Technologies Co. was the contractor responsible for implementation, and the management unit is a consortium formed by Eleven Technology and Sichuan Huakai Project Management Co., Ltd.  On December 2, 2019, Phase 2 of the Safe City Project was officially launched by the Minister of Internal Administration Paulo Rocha at the Government Palace in Praia. Phase 2 was completed on or around June 1, 2021.",Grant,0.0
Surveillance,88566,Cabo Verde,2018,GOVERNMENT AND CIVIL SOCIETY,China Ministry of Commerce,Government of Cabo Verde,"China signs January 2018 ETCA to fund Phase 2 of the Safe City Project (linked to Record ID#s #56716, #56717, #88567)","On January 31, 2018, Chinese Ambassador to Cape Verde Du Xiaocong and Cabo Verde’s Minister of Foreign Affairs and Luís Filipe Tavares signed an Economic and Technical Cooperation Agreement (ETCA) on ""Providing Free Aid by the Government of the People’s Republic of China and the Government of Cape Verde.""  According to the agreement, China will provide free assistance to Phase II of the Safe City Project. This project records the January 2018 ETCA committed to for the financing of Phase II of the Safe City Project.   On October 30 and 31, 2017, representatives of the Government of China and the Government of Cabo Verde signed an exchange of notes for a feasibility study on Phase 2 of the Safe City Project. According to MOFCOM, on May 16 and 20, 2019, the Chinese Government and the Government of Cabo Verde signed an exchange of notes for implementing Phase 2 of the Safe City Project. On July 10, 2017, the Cape Verde Ministry of the Interior signed an agreement with Huawei Technologies Co. on the provision of technical equipment for the project.  The purpose of Phase 2 is to extend the video surveillance network of Praia to three other Cabo Verdean islands: the island of São Vicente, especially the city of Mindelo; the island of Sal, especially the cities of Santa Maria and Espargos; and the island of Boa Vista, especially the city ​​of Sal Rei. On the island of São Vicente, 100 video surveillance poles will be installed; on the island of Sal (Ilha do Sal), 30 video surveillance poles will be installed; and on Boa Vista, 20 video surveillance poles will be installed. Phase 2 will also involve the installation of another 100 video surveillance poles in the capital city of Praia. Each of these video surveillance poles will have three cameras. Phase 2 also involves the installation of a 4G (LTE) network for police communications.   Huawei Technologies Co. is the contractor responsible for implementation, and the management unit is a consortium formed by Eleven Technology and Sichuan Huakai Project Management Co., Ltd. The construction was facilitated by the Bureau of International Economic Cooperation Affairs of the Ministry of Commerce of China. On December 2, 2019, Phase 2 was officially launched by the Minister of Internal Administration Paulo Rocha at the Government Palace in Praia. According to Eleven Technology, this phase was completed as of June1, 2021.   Phase 1 of this project is already complete, and is recorded in Record ID#56716. The September 2018 agreement for the project is recorded in Record ID#88567, and the umbrella project recording funding of the project is recorded in Record ID#56717.",Grant,0.0
Surveillance,88567,Cabo Verde,2018,GOVERNMENT AND CIVIL SOCIETY,Unspecified Chinese Government Institution,Government of Cabo Verde,"China signs September 2018 agreement to fund Phase 2 of the Safe City Project (linked to Record ID#s #56716, #56717, #88566)","On September 6, 2018, Cabo Verde's Prime Minister met with Chinese President Xi Jinping to foster economic and trade cooperation, with emphasis on the project for the Special Economic Zone of the Maritime Economy, the second phase of the Cidade Segura (Safe City) project, and the construction of an International Conference Center in Praia. This agreement took place during the September 2018 Beijing Summit of the Forum on China-Africa Cooperation, during which Minister Luis Filipe Tavares held bilateral talks with President Xi Jinping.  On October 30 and 31, 2017, representatives of the Government of China and the Government of Cabo Verde signed an exchange of notes for a feasibility study on Phase 2 of the Safe City Project. According to MOFCOM, on May 16 and 20, 2019, the Chinese Government and the Government of Cabo Verde signed an exchange of notes for implementing Phase 2 of the Safe City Project. Previously, on July 10, 2017, the Cape Verde Ministry of the Interior signed an agreement with Huawei Technologies Co. on the provision of technical equipment for the project.  The purpose of Phase 2 is to extend the video surveillance network of Praia to three other Cabo Verdean islands: the island of São Vicente, especially the city of Mindelo; the island of Sal, especially the cities of Santa Maria and Espargos; and the island of Boa Vista, especially the city ​​of Sal Rei. On the island of São Vicente, 100 video surveillance poles will be installed; on the island of Sal (Ilha do Sal), 30 video surveillance poles will be installed; and on Boa Vista, 20 video surveillance poles will be installed. Phase 2 will also involve the installation of another 100 video surveillance poles in the capital city of Praia. Each of these video surveillance poles will have three cameras. Phase 2 also involves the installation of a 4G (LTE) network for police communications.  Huawei Technologies Co. is the contractor responsible for implementation, and the management unit is a consortium formed by Eleven Technology and Sichuan Huakai Project Management Co., Ltd. The construction was facilitated by the Bureau of International Economic Cooperation Affairs of the Ministry of Commerce of China. On December 2, 2019, Phase 2 was officially launched by the Minister of Internal Administration Paulo Rocha at the Government Palace in Praia. According to Eleven Technology, this phase was completed as of June 1, 2021.   Phase 1 of this project is already complete, and is recorded in Record ID#56716. The January 2018 ETCA for this project is recorded in Record ID#88566, and the umbrella project recording the financing of this project is recorded in Record ID#56717.",Grant,0.0
Surveillance,85646,Cameroon,2018,GOVERNMENT AND CIVIL SOCIETY,Bank of China (BOC),"Cameroon Ministry of Economy, Planning, and Regional Development (MINEPAT)",Bank of China provides 44.9 billion CFA franc credit line for Phase 1 of Intelligent Urban Video Surveillance System Expansion Project  (Linked to Record ID#85647),"In June 2018, Cameroon's Minister of the Economy, Planning, and Regional Development (MINEPAT) signed a contract with the Bank of China for the extension of a 44.9 billion CFA franc credit line to finance Phase 1 of the Intelligent Urban Video Surveillance System Expansion Project. This credit line is in addition to the $41,780,769 commercial loan agreement that the Government of Cameroon and the Bank of China signed on February 22, 2018, for Phase 1 of the Intelligent Urban Video Surveillance System Expansion Project (captured via Record ID#85647). AidData has not yet identified any drawdowns under the credit line. Huawei Technologies Co., Ltd. is responsible for the implementation of Phase 1 of the Intelligent Urban Video Surveillance System Expansion Project.",Loan,0.0
Surveillance,65394,Lao People's Democratic Republic,2018,EMERGENCY RESPONSE,People's Liberation Army of China (PLA),Government of Laos,"People's Liberation Army provides free medical services in Vientiane and aid to flood victims in the Sanamxay district of Attapeu Province (Linked to Record ID#64527, #64528, #66047, #66050, #65920, #88680, #88692, #88706, and #88707)","On July 22, 2018, a 100-person medical team from the Chinese People's Liberation Army (PLA) arrived in Laos to conduct a joint humanitarian medical exercise training exercise, ""Peace Train-2018"" Humanitarian Medical Rescue Joint Training Mission, with the Lao People's Armed Forces from July 24 to July 31, 2018 in Vientiane. Then, on July 23, 2018, the saddle dam of the Xe-Pian Xe-Namnoy hydroelectric plant burst, causing a flood for the 13 villages of the Sanamxay district in the Attapeu Province along the Xe Pian River. Six villages were almost submerged, and 13,000 villagers were impacted, with 42 people dead and 23 missing.  As a result, Laos' Ministry of National Defense requested that the PLA medical team provide assistance, which was approved by China's Central Military Commission. As a result, the PLA sent a 32-person medical team to the disaster area. The PLA medical team was the only foreign military service invited to participate in emergency response efforts, as well as the first foreign medical team at the site of the disaster.  Of the entire 100-member PLA medical team, most of its members were drawn from Chengdu Military General Hospital, but it also included experts from PLA National Defence University, the Academy of Military Science of the Chinese People's Liberation Army, Air Force Medical University, and People’s Liberation Army’s Institute for Disease Control and Prevention. Members of the team included experts in epidemic prevention and pathogen surveillance.  The PLA medical team that worked in the Sanamxay district included medics specialized in epidemic prevention, pest control, and food and water hygiene. The medical team was equipped with three medical tents, high-mobility emergency vehicles and disease control and prevention vehicles, portable computers, electrocardiograms, and medicine. Laos arranged to have the medical team be deployed at the Sanamxay district hospital to provide aid to Laotian medical personnel and to carry out treatment, while also having members go into the disaster area to carry out epidemic prevention activities.  The medical team worked, among other places, at a makeshift shelter inside the Sanamxay District Middle School, in Mitsamphan village, and Ban Boc village. During their work, the medical team checked drinking water, hygiene, and the cleanliness of portable toilets, while also mitigating epidemic disease through disinfection and killing mosquitos and other insects. The medical team conducted check-ups with ultrasound and electrocardiographic machines on villagers affected by the disaster and provided guidance on proper waste disposal and personal hygiene to villagers. The medical team also submitted a proposal on disease prevention to the Government of Laos and the Lao People's Armed Forces.  The 32-member medical arrived in the Attapeu Province on July 25, 2018. The team spent 10 days in the disaster area and served around 5,000 people during their time.  The remainder of the PLA medical team conducted free consultations, operations, and lectures at the Laos 103 Military Hospital in Vientiane between August 3 and August 6, seeing 815 patients, providing 829 prescriptions, consultation on 24 cases at the hospital, guiding eight operations, and organizing eight academic lectures. The entire medical team departed on August 8, 2018.  The Chinese Government and Chinese state-owned enterprises provided aid in response to this disaster. The Chinese Government donated relief supplies (see linked Record ID#64527), the Laos-China Railway Company (LCRC) provided aid to build four bridges to provide access to the flooded villages (see linked Record ID#64528), LCRC donated cash and supplies worth ₭800 million LAK (see linked Record ID#88706), China Southern Power Grid donates ₭1.2 billion LAK to aid home reconstruction for flood victims (see linked Record ID#66047), PowerChina donated cash and materials worth ₭1.625 billion LAK (see linked Record ID#66050), PowerChina sent experts to provide technical assistance to the Government of Laos (see linked Record ID#88707), China Three Gorges Corporation (CTG) donated relief supplies (see linked Record ID#88680), Lao Asia Pacific Satellite Co., Ltd. (LAOSAT) donated a batch of satellite televisions to flood victims (see linked Record ID#88692), and LAOSAT sent a team to provide live satellite television and emergency communication services in the flood zone (see linked Record ID#65920).",Grant,0.0
Surveillance,85282,Ghana,2011,OTHER MULTISECTOR,China Development Bank (CDB),Government of Ghana,"China Development Bank provides $1.5 billion master lending facility (Tranche B) for oil, gas, agriculture, and infrastructure projects (Linked to Record ID#28056, #58586, #30578, #60039, #73140, #2034)","On December 8, 2009, China Development Bank (CDB) pledged to provide the Government of Ghana with a $3 billion loan for package of projects, the majority of which would be related to infrastructural development. Then, on December 16, 2011, China Development Bank and the Government of Ghana signed a $3 billion master facility agreement. This agreement established two lending facilities: Tranche A and Tranche B. Tranche A is a $1.5 billion facility and any borrowings through this facility are undertaken with a 15 year maturity, 5 year grace period, an interest rate of 6-month LIBOR plus a 2.95% margin, a 0.25% upfront fee, and a 1% commitment fee. Tranche B is a $1.5 billion facility and any borrowings through this facility are undertaken with a 10 year maturity, 3 year grace period, an interest rate of 6-month LIBOR plus a 2.85% margin, and a 1% commitment fee. The borrower is responsible for repaying CDB every six months at the end of each interest period.   Under the terms of the master facility agreement, the borrower is required to maintain a balance of 1.5 times the repayment amount (for each six month cycle) in a designated Debt Service Reserve Account (DSRA) at all times. The cash balance of the DSRA was GHS 370,586,909 ($71,266,713) in 2019.  Additionally, to facilitate repayment of the loan principal and interest, the Ghana National Petroleum Corporation (GNPC) and the UNIPEC Asia Company Limited (UNIPEC Asia) signed an offtaker agreement on February 1, 2012 for the sale and purchase of crude oil. Under the terms of this agreement, GNPC agreed to supply and sell 13,000 barrels of crude oil from Jubilee Field each day to UNIPEC Asia over a 15.5 year period. The proceeds from these oil sales were then deposited into a special account to facilitate loan repayment and provide a source of collateral. The parties agreed that the term of the offtaker agreement should extend beyond the repayment period of the loan to allow CDB to be fully repaid if necessary.  The principal amount outstanding under Tranche B, which is captured via Record ID#85282, was GHS 2,587,830,000 as of December 31, 2016, GHS 2,223,620,000 as of December 31, 2017, GHS 1,867,300,000 as of December 31, 2018, GHS 1,535,100,000 as of December 31, 2019, GHS 1,505,360,000 as of December 31, 2020, GHS 1,107,600,000 as of December 31, 2021, and GHS 1,499,200,000 as of December 31, 2022. The principal amount outstanding under Tranche A, which is captured via Record ID#2034, was GHS 0 ($0) as of December 31, 2016, GHS 0 ($0) as of December 31, 2017, GHS 0 ($0) as of December 31, 2018, GHS 0 ($0) as of December 31, 2019, GHS 0 ($0) as of December 31, 2020, GHS 0 ($0) as of December 31, 2021, and GHS 0 ($0) as of December 31, 2022.  The projects that were initially identified as eligible for funding through Tranche A included the Western Corridor Renewal Project, the Western Corridor Infrastructure Renewal Project, the Sekondi Free Zone Project, Accra Plains Irrigation Project Phase 1, Coastal Fishing Landing Sites Project, Eastern Corridor Multi-Modal Transportation Project. Projects that were initially identified as eligible for funding through Tranche B included Western Corridor Gas Infrastructure Project, Takoradi Petroleum Terminal Project, Western Corridor 'Oil Enclave' Toll Road Redevelopment Project, ICT Enhanced Surveillance Project (also known as Integrated National Security Communications Enhancement Project), the Accra Intelligent Traffic Management Project, and the SME Projects Incubation Facility.  Under the terms of the master facility agreement, subsidiary loan agreements must be negotiated to secure financial support for any given project. On June 13, 2012, China Development Bank and the Government of Ghana signed the first subsidiary loan agreement worth $850 million — using the Tranche B lending facility — for the Western Corridor Gas Infrastructure Development Project (WCGIDP). In April 2013, China Development Bank and the Government of Ghana signed the second subsidiary loan agreement worth $150 million — using the Tranche B lending facility — for the ICT Enhanced Surveillance Project.  Then, in mid-2014, the Government of Ghana sought to cap the value of the master facility agreement at $1.5 billion. However, the parties reportedly came to an impasse when CDB requested an additional 2,000 barrels of oil per day beyond the original 13,000 barrels specified in the original off-taker agreement. According to Ghana’s Vice President, Dr. Mahamudu Bawumia, the master facility agreement was “unfrozen” and reactivated in 2017. Then, on April 17, 2019, China Development Bank and the Government of Ghana signed the third subsidiary loan agreement worth $185,570,000 — using the Tranche B lending facility — for the Coastal Fishing Landing Sites Project. This project was originally identified as eligible for lending through the Tranche A facility; however, the Government of Ghana and CDB agreed to fund it through the Tranche B facility and shorten the maturity of the loan to ensure that the off-taker agreement did not extend beyond its current term. As such, the terms of lending for this project (9 year maturity, 3 year grace period, 6-month LIBOR plus a 2.85% margin, and a 1% commitment fee) were slightly different than the terms specified for lending through the Tranche B facility in the master facility agreement signed on December 16, 2011. On April 17, 2019, China Development Bank and the Government of Ghana also signed the fourth subsidiary loan agreement worth $210,660,000 — using the Tranche B lending facility — for the Accra Intelligent Traffic Management Project.  Record ID#58586 captures the $850 million subsidiary loan agreement for the Western Corridor Gas Infrastructure Development Project (WCGIDP). Record ID#60039 captures the $150 million subsidiary loan agreement for the ICT Enhanced Surveillance Project (also known as Integrated National Security Communications Enhancement Project. Record ID#30578 captures the $185,570,000 subsidiary loan agreement for the Coastal Fishing Landing Sites Project. Record ID#73140 captures the $210,660,000 million subsidiary loan agreement for the Accra Intelligent Traffic Management Project.",Loan,0.0
Surveillance,64611,Jordan,2017,GOVERNMENT AND CIVIL SOCIETY,China Ministry of Commerce,Jordanian Public Security Directorate مديرية الأمن العام,Chinese Government provides grant for Phase 2 of CCTV Camera Installation Project (Linked to Record ID#41074 and ID#64612),"In October 2007, the Chinese Government and the Government of Jordan signed letters of exchange, committing RMB 20 million of grant funding for Phase 1 of the CCTV Camera Installation Project. The grant proceeds for the project were drawn from an Economic and Technical Cooperation Agreement (ETCA) that the two governments signed on June 19, 2007 (see Record ID#65135). Then, on April 16, 2008, the Jordanian Public Security Department signed a memorandum of understanding (MOU) with a Chinese company to install closed-circuit television (CCTV) systems in strategic sites across the capital city of Amman. The MOU was signed at a ceremony attended by Jordan’s Planning Minister, Suhair Al-Ali, the Chinese Ambassador to Jordan, Gong Xiaosheng, and Public Security Department (مديرية الأمن العام) Assistant Director Brigadier General Thaher Gharaybeh.   Then, on September 28, 2008, the Chinese Government and the Government of Jordan signed letters of exchange, granting CCTV technology to the Public Safety Command Center managed by the Jordanian Public Security Department (PSD). The CCTV Camera Installation Project involved the installation and commissioning of 138 CCTV cameras across 26 sites within the city of Amman. It also involved the training of Jordanian technical engineers and system administrators to supply, install, operate and adjust the equipment. The ultimate purpose of the project was to help the PSD build an effective command and control electronic system to monitor strategic sites and thereby improve public security.   Shanghai International Technology & Trade Corporation (ITTC) was the contractor responsible for project design. China Jiangsu International Economic and Technical Corporation (中国江苏国际经济技术合作集团有限公司) was the contractor responsible for project implementation. A project implementation contract was signed on March 12, 2019 and Phase 1 was officially completed and handed over to the local authorities on September 8, 2010.   The Chinese Government also provided grant funding for Phase 2 and Phase 3 of this project. It is unclear when Phase 2 commenced and how much grant funding the Chinese Government committed to support its implementation. However, at a 2017 Belt and Road Forum in China, Jordanian Minister of Planning and International Cooperation, Imad Fahoury, noted that the Chinese Government had already funded Phase 2. At the same Forum, Imad Fahoury met with Chinese Government officials to discuss funding for the third and final phase of the project. On December 30, 2018, at a meeting between the Jordanian Minster of Planning and International Coordination, Mary Kawar, and Chinese Ambassador to Jordan, Pan Weifeng, coordination on funding for the third phase of the project was described as ‘ongoing’. Then, on October 30, 2019, during a seminar hosted by the Chinese Embassy to Jordan, a Jordanian media group (Al Rai Center for Studies) described funding for the third phase of the project as ‘under negotiation’.   Phase 1 is captured in Record ID#41074. Phase 2 is captured in Record ID#64611. Phase 3 is captured in Record ID#64612. ",Grant,0.0
Surveillance,56716,Cabo Verde,2016,GOVERNMENT AND CIVIL SOCIETY,Unspecified Chinese Government Institution,Government of Cabo Verde,Chinese Government provides funding for Phase 1 of the Safe City Project (Linked to Record ID#56717),"During an October 2016 meeting in Macau, China’s Prime Minister Li Keqiang and the Prime Minister of Cape Verde identified a priority cooperation project called then ‘Safe City’ Project. Then, on July 10, 2017, the Government of Cape Verde and Huawei Technologies Co. signed an agreement in which Huawei Technologies Co. to provide technical equipment in support of Phase 1 of the the Safe City Project. The Minister of Finance of Cape Verde and the Huawei Technologies Co. also signed a cooperation agreement to provide financing for the project. The total cost of Phase 1 was $4.5 million. However, it is not entirely clear how this project was financed. 
 
 Phase 1 involved the the construction of an Operational Command Center, the installation of the urban video surveillance system (including 300 video surveillance cameras), the installation of an intelligent alert system and integrated operational communication (voice, SMS and data) in the capital city of Praia. The project also established a single phone number (112) for the Operational Command Center to respond to any medical, police, or fire emergency. Its ultimate objective was to detect crimes in advance and build the government’s urban safety management and control capabilities. 
 
 The Operational Command Center, officially began operations on July 24, 2018. The opening ceremony for the Center was attended by Cape Verdean Prime Minister Silva and Interior Minister Rocha. The video surveillance system is now fully operational and maintained by the National Police of Cape Verde. The system operates 24 hours a day and its is operated by 32 police officers (who work in six-hour shifts). The National Police claim that the system prevents 40-50 crimes per month. In 2018, the Chinese Government agreed to provide an RMB 92.5 million grant to the Government of Cape Verde for Phase 2 of the Safe City Project (see Record ID#56717).",Vague,0.0
Surveillance,54732,Costa Rica,2016,GOVERNMENT AND CIVIL SOCIETY,"Aviation Industry Corporation of China, Ltd. (AVIC)",Government of Costa Rica,China donates two Y12E aircraft to Costa Rica,"On October 18, 2016, the Aviation Industries of China (AVIC) delivered two Y12E aircraft to the Government of Costa Rica to support its security forces at the Omar Santamaria International Airport in San Jose. An official presentation of the aircraft occurred on October 24, 2016. The two planes are for the Aerial Surveillance Service's (SVA) fleet and will be used for special missions such as coastal patrol, air rescues, and combating organized crime and drug trafficking. SVA and the Costa Rica Ministry of Public Security completed the administrative admission process. Technical services on the aircraft were completed in October 2017, and the handover certificate from the People's Republic of China to the Government of Costa Rica was signed on November 1, 2017. The total cost of the aircraft is unknown; the media source Infodefensa estimates that the grant was worth about USD $12 million, while Elmundo estimates that the grant was worth USD $18 million. 
 
 Through this project, a delegation of four pilots and six aviation mechanics from the SVA fleet were also trained for six weeks in China to pilot, maintain, and repair these aircraft. 
 ",Grant,0.0
Surveillance,63226,Sierra Leone,2016,HEALTH,People's Liberation Army of China (PLA),,Chinese military sends the 1st Military Medical Experts team to Sierra Leone in July 2016,"In July 2016, Chinese military sent a team of 10 medical experts from the People's Liberation Army 302 Hospital and Chinese Military Medical Institution to Sierra Leone to work with the medical staffs of 34 military hospital of Sierra Leone's Armed Forces (中国首批援塞军事医学专家). Their duty included establishing the Mobile Electronic Surveillance System for Infectious Diseases (MESSID) which was the first Modern infectious disease prevention and control system in Sierra Lone. The medical team also treated many local patients, trained local nurses and doctors, and sent 15 excellent medical personnel to China for further studying. At the same time, they carried out a number of medical research in malaria, typhoid fever, hepatitis, HIV, Ebola and unknown-origins fevers.
 
 On June 2, 2017, a farewell ceremony was held by the Chinese embassy to see the team off to China. Approximately 120 guests attended the event, including the Honorable Acting Minister of Foreign Affairs and International Cooperation, Ms. Isata Kabia, Honorable Deputy Minister II of Health & Sanitation Mrs. Zulainatu Cooper, as well as the 60 Chinese doctors, nurses and health experts.",Grant,0.0
Surveillance,70440,Costa Rica,2015,OTHER SOCIAL INFRASTRUCTURE AND SERVICES,China Ministry of Commerce,Government of Costa Rica,China Funds Costa Rica's Los Diques Metropolitan Park Rennovation Through ETCA,"During the meeting between Chinese President Xi Jinping and Costa Rica President Luis Guillermo Solis on January 6th, 2015, China agreed to provide Costa Rica a grant through an economic and technical cooperation agreement. The grant will be for National Development Plan projects. On December 11, 2015, the Economic and Technical Cooperation Agreement was signed between the People's Republic of China and the Government of Costa Rica to grant 150 million Chinese Yuan (RMB) to the Costa Rica for national development purposes.
 
 Prior to the signing of the ETCA, the two governments agreed that the funding would be allocated to 4 separate projects which was achieved through Technical Mission for Evaluation and Comprehensive Research conducted by the People's Republic of China on October 10, 2015. 
 
 Of these 4 projects, one of them is the renovation of Los Diques Metropolitan Park (Parque Metropolitano Los Diques) in Cartago, Costa Rica. The amount of allocation to this project is unknown.
 
 This project is led by the Ministry of Housing and Human Settlements and the Municipal Government of Cartago. The purpose of this project is to increase green areas, trails, trees, biodiversity, lighting, children's play areas, sports fields and surveillance areas, among other works.
 
 As of 2019, this project was under construction. 
 
 This project is linked Record ID#54673.",Grant,0.0
Surveillance,49148,Mongolia,2015,OTHER MULTISECTOR,Export-Import Bank of China (China Eximbank),Government of Mongolia,"[Umbrella project] China Eximbank provides $1 billion preferential buyer’s credit for various projects (Linked to Record ID#72302, #49208, #66275, #49412, #66321, #73291, #70311, #72033, #66280, #49412, #85698, #85685, #88207)","On November 10, 2015, China Eximbank and the Government of Mongolia signed a general loan agreement regarding the utilization of a $1 billion preferential buyer's credit (PBC) for various projects. The agreement was ratified by Mongolia’s Parliament on November 26, 2015. Under the terms of the general loan agreement, all subsidiary (individual) loan agreements for specific projects carry identical borrowing terms: a 20 year maturity, a 7 year grace period, a 2% interest rate, a 0% management fee, and a 0.25% commitment fee. The general loan agreement that was signed on November 10, 2015 also specified that that the proceeds of subsidiary (individual) loans could be used by the borrower to finance up to 85% of the cost of an underlying commercial contract. However, in 2017, the parties amended the general loan agreement, such that the proceeds of subsidiary (individual) loans could be used by the borrower to finance up to 95% of the cost of an underlying commercial contract. The projects that were to be financed under the general loan agreement included:  Ulaanbaatar-Mandalay Gobi Transmission Line Project (Record ID#72302) 114 km Tosontsengel-Uliastai Road Construction Project (Record ID#85698) Erdenet Thermal Power Plant 35 MW Generator Installation Project (Record ID#88207) Ulaanbaatar-Khushigt Valley New Airport Highway Construction Project (Record ID#49208) 20.9 km Gachuurt-Nalaikh-Choir Road Renovation Project (Record ID#85685) Competitive Higher Education Project (Record ID#66321) 129.4 km Bayankhongor-Baidrag Bridge Road Construction Project (Record ID#66280) Ulaanbaatar Central Wastewater Treatment Plant Construction Project (Record ID#91197) Meat Processing Plants and Quarantine Facilities Project (Record ID#73291) Tuul and Selbe River Improvement Project (Record ID#66275) Surveillance Cameras in Public Areas of Ulaanbaatar City and Rural Areas Streets and Roads Project (Record ID#70311) Tunnel Exit Project  Ulaanbaatar Traffic Police Intersection Overpass Project (Record ID#72033) 129.4 km Bayankhongor-Baidrag Bridge Road Construction Project (Record ID#66280)  There were also some preliminary negotiations between the Government of Mongolia and China Eximbank about the possibility of financing the 315MW Egiin Gol Hydropower Project (see Record ID#49412) under the general loan agreement. However, these negotiations did not result in the signing of a subsidiary (individual) loan agreement.",Loan,0.0
Surveillance,41553,Liberia,2014,EMERGENCY RESPONSE,Unspecified Chinese Government Institution,Government of Liberia,"China sends first PLA medical team to the China-aid Ebola Treatment center in Liberia (linked to Record ID#41552, #45030)","On November 15, 2014, the People's Liberation Army of China's first medical team arrived in Liberia to set up and operate the Chinese-funded Ebola Treatment Unit (ETU) in the Samuel Kanyon Doe (SKD) Sports Complex in Paynesville City outside Monrovia.  This team was the first batch of 480 expected Chinese medical personnel designated to fight the ongoing Ebola crisis (see linked Record ID#41552).  The 163-member team included medical experts, epidemiologists, doctors, nurses, engineers and technicians from the People's Liberation Army who began the process of the initial admission and treatment of suspected and confirmed Ebola patients.  They also provided public health and infection control training for relevant local personnel.  According to a journal published in Disaster Medicine and Public Health Preparedness, 112 Ebola-suspected patients presented to the ETU, 65 patients were admitted, including 5 confirmed cases, and 3 confirmed cases were cured.  Furthermore, 1520 local people were trained, including health care workers, military health care workers, staff members employed by the ETU, and community residents, about the basics of fighting the Ebola virus for the team's 2 month stay.  The staffers were primarily from the Third Military Medical University in Chongqing, with a few dozen from other military hospitals in Shenyang.  Over two-third of the staffers had experience with the treatment of severe acute respiratory syndrome (SARS) in a military-led infectious disease hospital established in 2003.  Before they were deployed, the staffers received 6 weeks of extensive training on disease diagnosis and treatment, as well as prevention and surveillance.  The training program included measures of self-protection as the medical teams sought “zero infections” of their own staff.  The staffers also received English language training and were provided with information on local geographical conditions.  The ETU construction and financing is captured in Record ID#45030.",Grant,0.0
Surveillance,39281,Ecuador,2012,GOVERNMENT AND CIVIL SOCIETY,China Development Bank (CDB),Government of Ecuador,"CDB provides $240 million loan to set up security service ECU 911 (Linked to Record ID#35950, #69319, #59325, #59662)","In 2012, the Chinese government provided a $240 million loan for the development of a 911-style emergency service called ECU 911. The project was likely funded through a 2011 China Development Bank loan worth $2,052,360,403.03 (captured via Record ID#35950), specifically through the $1.4 billion discretionary component (Tranche A; Record ID#69319). The borrowing terms of Tranche A have been applied to this project.  In early December 2011, the first phase of the ECU 911 project was completed.   On 23 December 2011, the Ecuadorian government signed signed the National Public Safety Command and Control System Project Phase II (国家公共安全指挥与控制系统项目第二期) with China National Electronics Import and Export Corporation (CEIEC), which is a subsidiary of major defense contractor China Electronics Corporation (CEC).   On 26 December 2012, the 911 Security Control Command Center opened in Quito, Ecuador.   Known as the ECU 911 Security Project (or Ecuador 911 Safety Emergency Response Command Center Project or National Public Safety Command and Control System Project), the surveillance system now has 16 regional response centers across the country, as well as a surveillance network with about 4,300 cameras, many of which were purchased from Huawei. Reports from Ecuador's Ministry of Finance show that ECU 911 spent approximately $700,000 in 2014 for equipment from Huawei. In 2015 and 2016, the Ecuadorian government spent a total of $900,000 for Huawei's LTE rapid response system. According to Ecuador's National Statistics and Census Institute (INEC), as of January 2018, the crime rate has dropped by 11.8 percent since implementing ECU 911.  In 2015, the Chinese Embassy in Ecuador agreed to donate a total of $15.4 million worth of goods to ECU 911 (Record ID#59325).  In 2016, China provided a $10 million non-repayable loan for the construction of a laboratory for ECU 911 at its headquarters in Quito (Record ID#59662).",Loan,0.0
Surveillance,2034,Ghana,2011,OTHER MULTISECTOR,China Development Bank (CDB),Government of Ghana,"China Development Bank provides $1.5 billion master lending facility (Tranche A) for oil, gas, agriculture, and infrastructure projects (Linked to Record ID#28056, #58586, #30578, #60039, #73140, #85282)","On December 8, 2009, China Development Bank (CDB) pledged to provide the Government of Ghana with a $3 billion loan for package of projects, the majority of which would be related to infrastructural development. Then, on December 16, 2011, China Development Bank and the Government of Ghana signed a $3 billion master facility agreement. This agreement established two lending facilities: Tranche A and Tranche B.  Tranche A is a $1.5 billion facility and any borrowings through this facility are undertaken with a 15 year maturity, 5 year grace period, an interest rate of 6-month LIBOR plus a 2.95% margin, a 0.25% upfront fee, and a 1% commitment fee. Tranche B is a $1.5 billion facility and any borrowings through this facility are undertaken with a 10 year maturity, 3 year grace period, an interest rate of 6-month LIBOR plus a 2.85% margin, and a 1% commitment fee. The borrower is responsible for repaying CDB every six months at the end of each interest period. Record ID#2034 captures Tranche A. Tranche B is captured via Record ID#85282.   Also, under the terms of the master facility agreement, the borrower is required to maintain a balance of 1.5 times the repayment amount (for each six month cycle) in a designated “Debt Service Reserve Account” at all times. Additionally, to facilitate repayment of the loan principal and interest, the Ghana National Petroleum Corporation (GNPC) and the UNIPEC Asia Company Limited (UNIPEC Asia) signed an offtaker agreement on February 1, 2012 for the sale and purchase of crude oil. Under the terms of this agreement, GNPC agreed to supply and sell 13,000 barrels of crude oil from Jubilee Field each day to UNIPEC Asia over a 15.5 year period. The proceeds from these oil sales were then deposited into a special account to facilitate loan repayment and provide a source of collateral. The parties agreed that the term of the offtaker agreement should extend beyond the repayment period of the loan to allow CDB to be fully repaid if necessary.   The projects that were initially identified as eligible for funding through Tranche A included the Western Corridor Renewal Project, the Western Corridor Infrastructure Renewal Project, the Sekondi Free Zone Project, Accra Plains Irrigation Project Phase 1, Coastal Fishing Landing Sites Project, Eastern Corridor Multi-Modal Transportation Project. Projects that were initially identified as eligible for funding through Tranche B included Western Corridor Gas Infrastructure Project, Takoradi Petroleum Terminal Project, Western Corridor 'Oil Enclave' Toll Road Redevelopment Project, ICT Enhanced Surveillance Project (also known as Integrated National Security Communications Enhancement Project), the Accra Intelligent Traffic Management Project, and the SME Projects Incubation Facility.   Under the terms of the master facility agreement, subsidiary loan agreements must be negotiated to secure financial support for any given project. On June 13, 2012, China Development Bank and the Government of Ghana signed the first subsidiary loan agreement worth $850 million — using the Tranche B lending facility — for the Western Corridor Gas Infrastructure Development Project (WCGIDP) (captured via Record ID#58586). In April 2013, China Development Bank and the Government of Ghana signed the second subsidiary loan agreement worth $150 million — using the Tranche B lending facility — for the ICT Enhanced Surveillance Project.   Then, in mid-2014, the Government of Ghana sought to cap the value of the master facility agreement at $1.5 billion. However, the parties reportedly came to an impasse when CDB requested an additional 2,000 barrels of oil per day beyond the original 13,000 barrels specified in the original off-taker agreement. According to Ghana’s Vice President, Dr. Mahamudu Bawumia, the master facility agreement was 'unfrozen' and reactivated in 2017. Then, in 2018, China Development Bank and the Government of Ghana signed the third subsidiary loan agreement worth $185,570,000 — using the Tranche B lending facility — for the Coastal Fishing Landing Sites Project. This project was originally identified as eligible for lending through the Tranche A facility; however, the Government of Ghana and CDB agreed to fund it through the Tranche B facility and shorten the maturity of the loan to ensure that the off-taker agreement did not extend beyond its current term. As such, the terms of lending for this project (9 year maturity, 3 year grace period, 6-month LIBOR plus a 2.85% margin, and a 1% commitment fee) were slightly different than the terms specified for lending through the Tranche B facility in the master facility agreement signed on December 16, 2011.   In 2018, China Development Bank and the Government of Ghana also signed the fourth subsidiary loan agreement worth $210,660,000 — using the Tranche B lending facility — for the Accra Intelligent Traffic Management Project.   Record ID#58586 captures the $850 million subsidiary loan agreement for the Western Corridor Gas Infrastructure Development Project (WCGIDP).  Record ID#60039 captures the $150 million subsidiary loan agreement for the ICT Enhanced Surveillance Project (also known as Integrated National Security Communications Enhancement Project. Record ID#30578 captures the $185,570,000 subsidiary loan agreement for the Coastal Fishing Landing Sites Project. Record ID#73140 captures the $210,660,000 million subsidiary loan agreement for the Accra Intelligent Traffic Management Project.",Loan,0.0
Surveillance,21096,Mauritius,2003,TRADE POLICIES AND REGULATIONS,China Ministry of Commerce,Government of Mauritius ,"Chinese Government provides RMB 19.6 million interest-free loan (ETCA) (Linked to Record ID#20080, #1163, #72965, #72993)","On January 16, 2003, China’s Ministry of Commerce and the Government of Mauritius signed an RMB 19,600,000 loan agreement. This loan carried the following terms: 0% interest rate, a 20 year maturity, and a 10 year grace period.  It is repayable via annual installments between February 2013 and February 2023. The proceeds from this loan were earmarked to support two different projects: a Container Inspection Equipment Project and a CCTV Street Surveillance System and Island-Wide Digital Radio Communication System Project. The Container Inspection Equipment Project, which was also supported by another RMB 20 million loan (see #20080), involved the provision of container inspection equipment to the customs authorities in Mauritius for use at an airport and seaport.   It was officially completed and handed over the local authorities in April 2006. The CCTV Street Surveillance System and Island-Wide Digital Radio Communication System Project, which was supported by 3 additional Chinese Government loans (see #1163, #72965, and #72993), involved the installation of 340 CCTV cameras in the Port Louis and Grand Baie areas, and the installation of an island-wide digital radio communications. It was completed on October 21, 2011. ",Loan,0.0
