# Source: GSI Datasets | Cite as: Gruffydd-Jones, J. (2026). GSI Datasets. https://github.com/jjgj/gsi-datasets | Build: 2026-06-23
publication,ID,Date,Newspaper,Headline,snippet,sent_score
Xinhua,1,2022-02-12,Xinhua,"China, Netherlands to enhance ties, cooperation","BEIJING, Feb. 11 (Xinhua) -- China and the Netherlands should take the opportunity of 50th anniversary of diplomatic ties to boost bilateral relations and cooperation, Chinese State Councilor and Foreign Minister Wang Yi",0.266
Xinhua,2,2022-04-01,Xinhua,Xinhua Commentary: Security vision advocated by Xi offers Chinese solution to global peace,"BEIJING, April 1 (Xinhua) -- Peace and development, the theme of our times, are facing grave challenges, with the Ukraine crisis lingering and rifts among major countries widening. When the global peace deficit keeps enl",0.083
Xinhua,3,2022-04-08,Xinhua,Chinese FM holds phone talks with French president's diplomatic counselor,"BEIJING, April 7 (Xinhua) -- Chinese State Councilor and Foreign Minister Wang Yi on Thursday held a phone conversation with Emmanuel Bonne, diplomatic counselor to French President Emmanuel Macron, at the latter's reque",0.079
Xinhua,4,2022-04-08,Xinhua,1st LD Writethru: Chinese FM holds phone talks with French president's diplomatic counselor,"BEIJING, April 7 (Xinhua) -- Chinese State Councilor and Foreign Minister Wang Yi on Thursday held a phone conversation with Emmanuel Bonne, diplomatic counselor to French President Emmanuel Macron, at the latter's reque",0.047
MFA,1,2022-04-21,Ministry of Foreign Affairs of the People's Republic of China - Spokesperson's Remarks (English),Foreign Ministry Spokesperson Wang Wenbin's Regular Press Conference on April 21 2022,CCTV: President Xi Jinping proposed the Global Security Initiative at the opening ceremony of the Boao Forum for Asia Annual Conference 2022. What is the significance of putting forward the Initiative at this moment? Is ,0.03
MFA,2,2022-04-21,Ministry of Foreign Affairs of the People's Republic of China - News (English),Xi Jinping Delivers a Keynote Speech at the Opening Ceremony of the Boao Forum for Asia Annual Conference 2022,"Proposing a Global Security Initiative, and stressing that humanity is a community with a shared future where all people rise and fall together, and all countries need to stay confident and united and build a bright futu",0.157
MFA,3,2022-04-21,Ministry of Foreign Affairs of the People's Republic of China - News (English),Rising to Challenges and Building a Bright Future Through Cooperation,"Keynote Speech by H.E. Xi Jinping President of the People's Republic of China At the Opening Ceremony of the Boao Forum for Asia Annual Conference 2022 Beijing, 21 April 2022 Your Excellencies Heads of State and Governm",0.136
Xinhua,5,2022-04-21,Xinhua,1st LD-Writethru-Xi Focus: Xi proposes Global Security Initiative,"BEIJING, April 21 (Xinhua) -- Chinese President Xi Jinping on Thursday proposed a Global Security Initiative to promote security for all in the world. Xi put forward the initiative while delivering a keynote speech via v",0.083
Xinhua,6,2022-04-21,Xinhua,Xi proposes Global Security Initiative,"BEIJING, April 21 (Xinhua) -- Chinese President Xi Jinping on Thursday proposed a Global Security Initiative to promote security for all in the world. Xi put forward the initiative while delivering a keynote speech via v",0.034
Xinhua,7,2022-04-21,Xinhua,Xi Jinping delivers keynote speech at opening ceremony of Boao Forum for Asia Annual Conference 2022,"Proposing a Global Security Initiative, and stressing that humanity is a community with a shared future where all people rise and fall together, and all countries need to stay confident and united and build a bright futu",0.177
Xinhua,8,2022-04-21,Xinhua,"Xinhua Headlines-Xi Focus: At Boao, Xi calls on all nations to pull together to """"navigate storm, sail for bright future""""","BEIJING, April 21 (Xinhua) -- Likening countries around the world as """"passengers aboard the same ship who share the same destiny,"""" Chinese President Xi Jinping on Thursday called on """"all passengers"""" to pull together ",0.158
Xinhua,9,2022-04-21,Xinhua,Full Text: Chinese President Xi Jinping's keynote speech at the opening ceremony of BFA annual conference 2022,"BEIJING, April 21 (Xinhua) -- Chinese President Xi Jinping delivered a keynote speech via video at the opening ceremony of the Boao Forum for Asia (BFA) Annual Conference 2022 on Thursday. Following is the full text of t",0.152
Xinhua,10,2022-04-22,Xinhua,Xinhua Commentary: Global Security Initiative offers China's solution to global security dilemmas,"by Xinhua writers Han Bing, Zhang Yisheng BEIJING, April 22 (Xinhua) -- Chinese President Xi Jinping on Thursday proposed a Global Security Initiative to promote security for all in the globe while delivering a keynote s",0.185
Xinhua,11,2022-04-22,Xinhua,"Roundup: Xi's speech at Boao Forum provides guidance for global security, gathers strength for shared future, say experts","BEIJING, April 22 (Xinhua) -- On the morning of April 21, Chinese President Xi Jinping delivered via video link a keynote speech titled """"Rising to Challenges and Building a Bright Future Through Cooperation"""" at the ope",0.155
Xinhua,12,2022-04-22,Xinhua,Senior Chinese official meets Cuban parliament official via video link,"BEIJING, April 22 (Xinhua) -- Wang Chen, vice chairman of the National People's Congress (NPC) Standing Committee, met with Ana Maria Mary Machado, vice president of Cuba's National Assembly of People's Power (ANPP), via",0.101
Xinhua,13,2022-04-22,Xinhua,Xinhua Headlines: Boao's take-aways add confidence to global cooperation amid COVID-19,"BOAO, Hainan, April 22 (Xinhua) -- Defying headwinds from the lingering COVID-19 pandemic, fragile global economic recovery and complex geopolitics, the Boao Forum for Asia (BFA) Annual Conference 2022 has voiced the imp",0.098
Xinhua,14,2022-04-23,Xinhua,"Global Security Initiative offers China's solutions, wisdom","BEIJING, April 23 (Xinhua) -- The Global Security Initiative is another global public good offered by China, as it contributes Chinese solutions and wisdom for solving security challenges facing humanity, experts said. T",0.124
Xinhua,15,2022-04-23,Xinhua,Xiplomacy: Xi's vision a significant contribution to global security governance,"BEIJING, April 23 (Xinhua) -- Chinese President Xi Jinping on Thursday proposed a Global Security Initiative to promote security for all in the world, further enriching the global security governance with Chinese wisdom.",0.121
MFA,4,2022-04-25,Ministry of Foreign Affairs of the People's Republic of China - Spokesperson's Remarks (English),Foreign Ministry Spokesperson Wang Wenbin's Regular Press Conference on April 25 2022,AFP: The Office of the UN High Commissioner for Human Rights has said a preparatory team will visit Xinjiang ahead of a visit by Michelle Bachelet. Can you give any details of the preparatory team's itinerary such as whe,0.037
Xinhua,16,2022-04-25,Xinhua,Interview: Global Security Initiative desperately needed -- scholar,"NEW YORK, April 25 (Xinhua) -- The Global Security Initiative, first proposed by Chinese President Xi Jinping at Boao Forum for Asia (BFA) on Thursday, is desperately needed, said John Pang, a senior fellow at New York-b",-0.005
Xinhua,17,2022-04-25,Xinhua,China to work with international community for implementation of Global Security Initiative: FM,"BEIJING, April 25 (Xinhua) -- China stands ready to work with the international community to make sure the Global Security Initiative takes root and bears fruit to make the world more peaceful, secure and prosperous, Chi",0.224
Xinhua,18,2022-04-27,Xinhua,Xiconomics: China strives to push for peace and development in stormy times,"by Xinhua writer Wang Xinyi BEIJING, April 27 (Xinhua) -- The Russia-Ukraine conflict is one shock too many for the world economy struggling to get back on its feet from the COVID-19 pandemic. Rising energy prices have p",0.108
MFA,5,2022-04-29,Ministry of Foreign Affairs of the People's Republic of China - News (English),Wang Yi Hosts the Foreign Ministers' Meeting Among China and the Caribbean Countries Having Diplomatic Relations with China,"On April 29, 2022, the Foreign Ministers' Meeting Among China and the Caribbean Countries Having Diplomatic Relations with China was held via video link. State Councilor and Foreign Minister Wang Yi and Acting Prime Mini",0.174
MFA,6,2022-04-29,Ministry of Foreign Affairs of the People's Republic of China - Spokesperson's Remarks (English),Foreign Ministry Spokesperson Zhao Lijian's Regular Press Conference on April 29 2022,"CCTV: On April 28, the UN Security Council's President issued a press statement to condemn the terrorist attack in the University of Karachi, Pakistan. Do you have any comment on this? Zhao Lijian: On April 28, the Secur",0.051
Xinhua,19,2022-04-29,Xinhua,China willing to deepen mutually beneficial cooperation with Caribbean countries: FM,"BEIJING, April 29 (Xinhua) -- Chinese State Councilor and Foreign Minister Wang Yi said on Friday that China stands ready to work with Caribbean countries to promote peace and development, deepen mutually beneficial coop",0.162
Xinhua,20,2022-04-29,Xinhua,Xinhua Commentary: China's stance on Ukraine serves world's fundamental interests,"BEIJING, April 29 (Xinhua) -- The Ukraine crisis has dragged on for over two months with no immediate solution in sight. Though the situation unfolding is worrisome, endeavors to end conflicts and restore peace have neve",0.064
MFA,7,2022-04-30,Ministry of Foreign Affairs of the People's Republic of China - News (English),Wang Yi Puts Forward Four Suggestions on Developing China-Caribbean Countries Relations,"On April 29, 2022, State Councilor and Foreign Minister Wang Yi and Acting Prime Minister of Dominica Reginald Austrie co-hosted the Foreign Ministers' Meeting Among China and the Caribbean Countries Having Diplomatic Re",0.112
MFA,8,2022-05-06,Ministry of Foreign Affairs of the People's Republic of China - News (English),Wang Yi Holds Virtual Meeting with Indonesia's Coordinator for Cooperation with China and Coordinating Minister Luhut Binsar Pandjaitan,"On May 6, 2022, State Councilor and Foreign Minister Wang Yi held a virtual meeting with Indonesia's Coordinator for Cooperation with China and Coordinating Minister Luhut Binsar Pandjaitan. Wang Yi said, under the strat",0.153
Xinhua,21,2022-05-06,Xinhua,"China, Indonesia vow to safeguard peace, stability in East Asia","BEIJING, May 6 (Xinhua) -- Chinese State Councilor and Foreign Minister Wang Yi met with Indonesia's Coordinator for Cooperation with China and Coordinating Minister Luhut Binsar Pandjaitan via video link on Friday, with",0.183
Xinhua,22,2022-05-06,Xinhua,Xinhua Commentary: Int'l system with UN at core must be firmly upheld in trying times,"UNITED NATIONS, May 5 (Xinhua) -- United Nations (UN) Secretary-General Antonio Guterres recently visited Russia and Ukraine to mediate in the ongoing conflict, injecting new impetus into international efforts to resolve",0.053
Xinhua,23,2022-05-07,Xinhua,Global Security Initiative offers solution to eliminating peace deficit: Chinese vice FM,"BEIJING, May 6 (Xinhua) -- Chinese Vice Foreign Minister Le Yucheng on Friday said the Global Security Initiative carried forward the spirit of the UN Charter and offered a fundamental solution to eliminating the peace d",0.143
MFA,9,2022-05-08,Ministry of Foreign Affairs of the People's Republic of China - News (English),Wang Yi Holds Virtual Meeting with Cambodian Deputy Prime Minister and Foreign Minister Prak Sokhonn,"On May 8, 2022, State Councilor and Foreign Minister Wang Yi held a virtual meeting with Cambodian Deputy Prime Minister and Foreign Minister Prak Sokhonn. Wang Yi said, against the backdrop of complex and profound chang",0.166
MFA,10,2022-05-09,Ministry of Foreign Affairs of the People's Republic of China - News (English),President Xi Jinping Has a Virtual Meeting with German Chancellor Olaf Scholz,President Xi Jinping had a virtual meeting with German Chancellor Olaf Scholz on the afternoon of 9 May. President Xi Jinping noted the ongoing complex changes in the international landscape and the marked rise in diffic,0.184
MFA,11,2022-05-09,Ministry of Foreign Affairs of the People's Republic of China - Spokesperson's Remarks (English),Foreign Ministry Spokesperson Zhao Lijian's Regular Press Conference on May 9 2022,"Phoenix TV: The Sixth-Term Chief Executive election of the Hong Kong Special Administrative Region (HKSAR) was concluded on May 8. John Lee Ka-chiu was elected to be the new Chief Executive. The European Union, in its st",0.018
Xinhua,24,2022-05-09,Xinhua,"Chinese FM meets Cambodian counterpart, calling on world to listen more to Asian voices","BEIJING, May 8 (Xinhua) -- Chinese State Councilor and Foreign Minister Wang Yi Sunday called on the world to listen more to Asian voices with global governance entering """"Asian moment."""" Wang made the remarks when meeti",0.095
Xinhua,25,2022-05-09,Xinhua,"Xi calls on China, Germany to better harness stabilizing, constructive, steering role of ties","BEIJING, May 9 (Xinhua) -- Chinese President Xi Jinping had a virtual meeting with German Chancellor Olaf Scholz on Monday, saying it is particularly important for the two countries to better harness the stabilizing, con",0.197
MFA,12,2022-05-10,Ministry of Foreign Affairs of the People's Republic of China - News (English),President Xi Jinping Speaks withFrench President Emmanuel Macron on Phone,"President Xi Jinping spoke with French President Emmanuel Macron on the phone on the afternoon of 10 May. President Xi noted his close contact with President Macron over the past five years, which helped guide the two co",0.192
Xinhua,26,2022-05-10,Xinhua,2nd LD: Xi talks with Macron over phone,"BEIJING, May 10 (Xinhua) -- Chinese President Xi Jinping spoke with French President Emmanuel Macron on the phone on Tuesday afternoon. Xi noted his close contact with Macron over the past five years, which has helped gu",0.227
Xinhua,27,2022-05-10,Xinhua,3rd LD Writethru: Xi talks with Macron over phone,"BEIJING, May 10 (Xinhua) -- Chinese President Xi Jinping spoke with French President Emmanuel Macron on the phone on Tuesday afternoon. Xi noted his close contact with Macron over the past five years, which has helped gu",0.201
Xinhua,28,2022-05-10,Xinhua,"China, Thailand vow to strengthen cooperation between legislatures","BEIJING, May 10 (Xinhua) -- Wang Chen, vice chairman of the National People's Congress (NPC) Standing Committee, met with Suchart Tancharoen, first deputy speaker of the House of Representatives of Thailand, via video li",0.1
MFA,13,2022-05-11,Ministry of Foreign Affairs of the People's Republic of China - Spokesperson's Remarks (English),Foreign Ministry Spokesperson Zhao Lijian's Regular Press Conference on May 11 2022,Phoenix TV: WHO Director-General Tedros Adhanom Ghebreyesus shared some views on China's dynamic zero-COVID policy at a media briefing yesterday. WHO experts also stressed the need to balance COVID prevention and economi,-0.003
Xinhua,29,2022-05-11,Xinhua,"Interview: Global Security Initiative reflects China's commitment to upholding world peace, prosperity: Pakistani expert","by Raheela Nazir, Jiang Jiang ISLAMABAD, May 11 (Xinhua) -- The Global Security Initiative proposed by Chinese President Xi Jinping is an important step in the right direction, reflecting China's commitment to upholding ",0.1
Xinhua,30,2022-05-11,Xinhua,"Xinhua Commentary: China, Germany should enhance cooperation during times of uncertainty","BEIJING, May 11 (Xinhua) -- Chinese President Xi Jinping had a virtual meeting with German Chancellor Olaf Scholz on Monday. Facing complex changes in the international landscape and various challenges to world peace and",0.142
MFA,14,2022-05-12,Ministry of Foreign Affairs of the People's Republic of China - Spokesperson's Remarks (English),Foreign Ministry Spokesperson Zhao Lijian's Regular Press Conference on May 12 2022,Associated Press of Pakistan: Yesterday State Councilor and Foreign Minister Wang Yi had a virtual meeting with Pakistani Foreign Minister Bilawal Bhutto Zardari. We noted that it is the first meeting between Chinese and,0.018
Xinhua,31,2022-05-12,Xinhua,1st LD Writethru: Chinese envoy warns against more sanctions on DPRK,"UNITED NATIONS, May 11 (Xinhua) -- A Chinese envoy on Wednesday warned against attempts to impose more sanctions on the Democratic People's Republic of Korea (DPRK). Dialogue and consultation is the only correct way to r",0.052
MFA,15,2022-05-13,Ministry of Foreign Affairs of the People's Republic of China - Spokesperson's Remarks (English),Foreign Ministry Spokesperson Zhao Lijian's Regular Press Conference on May 13 2022,"CCTV: On May 12 local time, the US co-hosted the second virtual Global COVID-19 Summit alongside a few countries. Do you have any comment? Why didn't China participate in the meeting? Zhao Lijian: China welcomes all effo",0.073
MFA,16,2022-05-16,Ministry of Foreign Affairs of the People's Republic of China - News (English),Studying and Implementing Xi Jinping Thought on Diplomacy in a Deep-going Way and Opening up New Horizons in China's External Work,"By Yang Jiechi (People's Daily Online) 09:02, May 16, 2022 I Since the beginning of this year, faced with the complex situation where major global changes unseen in a century have been compounded by a once-in-a-century p",0.106
MFA,17,2022-05-19,Ministry of Foreign Affairs of the People's Republic of China - News (English),President Xi Jinping Delivers a Video Address At the Opening Session of the BRICS Foreign Ministers' Meeting,"On May 19, President Xi Jinping delivered a video address at the opening session of the BRICS Foreign Ministers' Meeting. President Xi noted that currently, the impacts of major changes and a pandemic unseen in a centur",0.184
MFA,18,2022-05-19,Ministry of Foreign Affairs of the People's Republic of China - News (English),Wang Yi Chairs the BRICS Foreign Ministers' Meeting,"On the evening of May 19, 2022, State Councilor and Foreign Minister Wang Yi chaired the virtual meeting of BRICS Ministers of Foreign Affairs/International Relations in Beijing. South African Minister of International R",0.208
Xinhua,32,2022-05-19,Xinhua,Xi calls on BRICS countries to build global community of security for all,"BEIJING, May 19 (Xinhua) -- Chinese President Xi Jinping on Thursday called on the BRICS countries to work together to build a global community of security for all. Xi made the remarks while delivering a video address at",0.187
Xinhua,33,2022-05-19,Xinhua,"China, Cuba enjoy excellent bilateral relations: Chinese ambassador","HAVANA, May 18 (Xinhua) -- China and Cuba enjoy excellent bilateral relations in keeping with the historic links that unite the two nations, Chinese Ambassador to Cuba Ma Hui said Wednesday. """"We share common ideals and ",0.122
MFA,19,2022-05-20,Ministry of Foreign Affairs of the People's Republic of China - News (English),Wang Yi Chairs Dialogue of Foreign Ministers between BRICS and Emerging Markets and Developing Countries,"On the evening of May 19, 2022, State Councilor and Foreign Minister Wang Yi chaired the Video Dialogue of Foreign Ministers between BRICS and Emerging Markets and Developing Countries in Beijing. Foreign Ministers of BR",0.174
MFA,20,2022-05-20,Ministry of Foreign Affairs of the People's Republic of China - Spokesperson's Remarks (English),Foreign Ministry Spokesperson Wang Wenbin's Regular Press Conference on May 20 2022,"At the invitation of State Councilor and Foreign Minister Wang Yi, Pakistani Foreign Minister Bilawal Bhutto Zardari will pay an official visit to China from May 21 to 22. Shenzhen TV: Foreign ministers of BRICS countrie",0.101
Xinhua,34,2022-05-20,Xinhua,"Emerging markets, developing countries should uphold true multilateralism: Chinese FM","BEIJING, May 20 (Xinhua) -- Chinese State Councilor and Foreign Minister Wang Yi has said that emerging markets and developing countries should uphold true multilateralism. Wang made the remarks on Thursday when chairing",0.111
Xinhua,35,2022-05-20,Xinhua,"Chinese FM holds phone talks with Uruguayan counterpart over ties, cooperation","BEIJING, May 20 (Xinhua) -- Chinese State Councilor and Foreign Minister Wang Yi on Friday held a phone conversation with Uruguayan Foreign Minister Francisco Bustillo. Wang said that China-Uruguay relations enjoy a soli",0.176
Xinhua,36,2022-05-20,Xinhua,Xi Focus-Explainer: How ancient teachings underline China's contemporary governance,"BEIJING, May 20 (Xinhua) -- Chinese President Xi Jinping has often quoted ancient Chinese teachings and proverbs to illustrate the principles of various aspects of state governance. By examining such quotes, observers ha",0.149
MFA,21,2022-05-21,Ministry of Foreign Affairs of the People's Republic of China - News (English),Wang Yi Speaks with Uruguayan Foreign Minister Francisco Bustillo on the Phone at Request,"On May 20, 2022, State Councilor and Foreign Minister Wang Yi had a phone conversation with Uruguayan Foreign Minister Francisco Bustillo at the latter's request. Wang Yi said, China-Uruguay relations enjoy a solid polit",0.201
MFA,22,2022-05-21,Ministry of Foreign Affairs of the People's Republic of China - News (English),Wang Yi Talks about China-LAC Relations with Foreign Ministers of Three LAC Countries,"On May 20, 2022, State Councilor and Foreign Minister Wang Yi elaborated on China's position and views on developing China-Latin America and the Caribbean (LAC) relations in phone conversations with Uruguayan Foreign Min",0.15
MFA,23,2022-05-21,Ministry of Foreign Affairs of the People's Republic of China - News (English),Wang Yi Speaks with Nicaraguan Foreign Minister Denis Moncada on the Phone,"On May 20, 2022, State Councilor and Foreign Minister Wang Yi had a phone conversation with Nicaraguan Foreign Minister Denis Moncada. Wang Yi said, since the resumption of diplomatic relations between China and Nicaragu",0.211
Xinhua,37,2022-05-21,Xinhua,"Chinese, Nicaraguan FMs hold phone conversation, vowing to boost cooperation","BEIJING, May 20 (Xinhua) -- Chinese State Councilor and Foreign Minister Wang Yi on Friday held a phone conversation with Nicaraguan Foreign Minister Denis Moncada. Wang said that in the past six months since the resumpt",0.186
Xinhua,38,2022-05-21,Xinhua,Chinese FM elaborates on China-Latin America relations,"BEIJING, May 20 (Xinhua) -- Chinese State Councilor and Foreign Minister Wang Yi on Friday elaborated on China's position and views on developing relations with countries in Latin America and the Caribbean (LAC) in phone",0.14
MFA,24,2022-05-22,Ministry of Foreign Affairs of the People's Republic of China - News (English),China-Pakistan Joint Statement (Full Text),"1. At the invitation of State Councilor and Foreign Minister H.E. Wang Yi, H.E. Bilawal Bhutto Zardari visited Guangzhou, China, on 21-22 May 2022 for his first official bilateral visit after taking office as Foreign Min",0.144
MFA,25,2022-05-22,Ministry of Foreign Affairs of the People's Republic of China - News (English),China-Pakistan Joint Statement (Full Text),"1. At the invitation of State Councilor and Foreign Minister H.E. Wang Yi, H.E. Bilawal Bhutto Zardari visited Guangzhou, China, on 21-22 May 2022 for his first official bilateral visit after taking office as Foreign Min",0.144
MFA,26,2022-05-22,Ministry of Foreign Affairs of the People's Republic of China - News (English),Wang Yi Introduces the Important Consensus Reached in the Talks between Chinese and Pakistani Foreign Ministers,"On May 22, 2022, State Councilor and Foreign Minister Wang Yi and visiting Pakistani Foreign Minister Bilawal Bhutto Zardari jointly met the press after their talks in Guangzhou. Wang Yi said, this is Mr. Bilawal's first",0.172
MFA,27,2022-05-22,Ministry of Foreign Affairs of the People's Republic of China - News (English),Wang Yi Holds Talks with Pakistani Foreign Minister Bilawal Bhutto Zardari,"On May 22, 2022, State Councilor and Foreign Minister Wang Yi held talks with visiting Pakistani Foreign Minister Bilawal Bhutto Zardari in Guangzhou. Wang Yi said, China welcomes the fact that Bilawal carries forward th",0.158
Xinhua,39,2022-05-22,Xinhua,Chinese foreign minister holds talks with Pakistani counterpart,"GUANGZHOU, May 22 (Xinhua) -- Chinese State Councilor and Foreign Minister Wang Yi held talks with Pakistan's new foreign minister Bilawal Bhutto Zardari on Sunday in Guangzhou. Bilawal paid an official visit to China fr",0.105
MFA,28,2022-05-23,Ministry of Foreign Affairs of the People's Republic of China - News (English),Jointly Building an Asia-Pacific Community with a Shared Future,"Opening Address by H.E. Wang Yi State Councilor and Foreign Minister of the People's Republic of China At the 78th Session of ESCAP Mr. Chair, Madam Executive Secretary, Friends, On the occasion of the 75th anniversary o",0.148
MFA,29,2022-05-23,Ministry of Foreign Affairs of the People's Republic of China - News (English),Wang Yi Attends and Addresses the Opening Ceremony of the 78th Session of the UN Economic and Social Commission for Asia and the Pacific,"On May 23, 2022, State Councilor and Foreign Minister Wang Yi attended and addressed the opening ceremony of the 78th session of the UN Economic and Social Commission for Asia and the Pacific (ESCAP) via video link. Wang",0.154
MFA,30,2022-05-23,Ministry of Foreign Affairs of the People's Republic of China - Spokesperson's Remarks (English),Foreign Ministry Spokesperson Wang Wenbin's Regular Press Conference on May 23 2022,"AFP: President Biden has said that the United States would defend Taiwan militarily if Beijing invaded or forcibly tried to take control of Taiwan. He has said, we agreed with the one China policy, we signed on it, but t",0.027
Xinhua,40,2022-05-23,Xinhua,Full text: China-Pakistan Joint Statement,"GUANGZHOU, May 22 (Xinhua) -- The following is the full text of a joint statement released by China and Pakistan on Sunday: China-Pakistan Joint Statement (Full Text) 1. At the invitation of Chinese State Councilor and F",0.164
MFA,31,2022-05-24,Ministry of Foreign Affairs of the People's Republic of China - Spokesperson's Remarks (English),Foreign Ministry Spokesperson Wang Wenbin's Regular Press Conference on May 24 2022,"From May 26 to June 4, State Councilor and Foreign Minister Wang Yi will pay official visits to eight countries, namely Solomon Islands, Kiribati, Samoa, Fiji, Tonga, Vanuatu, Papua New Guinea and Timor-Leste, and a virt",0.042
Xinhua,41,2022-05-24,Xinhua,Xiplomacy: Xi offers China's proposal to tackle global security challenges,"BEIJING, May 24 (Xinhua) -- Global peace and development is faced with challenges posed by the Ukraine crisis at a time when the world has yet to emerge from the shadow of the COVID-19 pandemic. To tackle the peace defic",0.103
Xinhua,42,2022-05-25,Xinhua,China's top legislator holds talks with Jordan's Senate president,"BEIJING, May 25 (Xinhua) -- China's top legislator Li Zhanshu on Wednesday held talks with Jordan's Senate President Faisal Fayez via video link. Li, chairman of the National People's Congress (NPC) Standing Committee, s",0.179
Xinhua,43,2022-05-26,Xinhua,"China, Venezuela vow to strengthen communication between legislatures","BEIJING, May 26 (Xinhua) -- Wang Chen, vice chairman of the National People's Congress (NPC) Standing Committee, met with Iris Varela, First Vice President of Venezuela's National Assembly, via video link on Thursday. Wa",0.111
MFA,32,2022-05-27,Ministry of Foreign Affairs of the People's Republic of China - Spokesperson's Remarks (English),Foreign Ministry Spokesperson Wang Wenbin's Regular Press Conference on May 27 2022,"Bloomberg: China offered Sri Lanka a loan to help the country pay for essential consumer items and fertilizers, according to a report from the Financial Times citing the Sri Lankan prime minister. Can the foreign ministr",0.052
MFA,33,2022-05-28,Ministry of Foreign Affairs of the People's Republic of China - News (English),"Wang Yi: U.S. views on world, China, China-U.S. relations are seriously miscalibrated","On 28 May 2022, in response to a question from a journalist on U.S. Secretary of State Tony Blinken's policy speech, in which he said that China poses """"the most serious long-term challenge to the international order"""" a",0.128
Xinhua,44,2022-05-28,Xinhua,Pakistan welcomes China-proposed Global Security Initiative,"ISLAMABAD, May 27 (Xinhua) -- Pakistani Ministry of Foreign Affairs welcomed the Global Security Initiative (GSI) proposed by the Chinese leadership, saying that it has derived its core from the principles of the United ",0.025
Xinhua,45,2022-05-28,Xinhua,China-U.S. relations not zero-sum game: Chinese FM,"SUVA, May 28 (Xinhua) -- Visiting Chinese State Councilor and Foreign Minister Wang Yi said here Saturday that China-U.S. relations are not a zero-sum game and the U.S. should address the bilateral ties based on the prin",0.182
MFA,34,2022-05-30,Ministry of Foreign Affairs of the People's Republic of China - Spokesperson's Remarks (English),Foreign Ministry Spokesperson Zhao Lijian's Regular Press Conference on May 30 2022,"Beijing Youth Daily: US Secretary of State Antony Blinken issued a statement on May 28, saying that the US is concerned about the conditions China imposed on the visit to China by the UN High Commissioner for Human Right",0.053
Xinhua,46,2022-05-30,Xinhua,"Xinhua Commentary: Acting on the Global Security Initiative to protect global peace, prosperity","BEIJING, May 30 (Xinhua) -- Changes in the world are unfolding in unprecedented ways today, posing challenges that humanity must address. Across the planet, the COVID-19 pandemic continues to wreak havoc, the global econ",0.146
MFA,35,2022-05-31,Ministry of Foreign Affairs of the People's Republic of China - News (English),Xi Jinping Speaks with UAE's President Sheikh Mohamed bin Zayed Al Nahyan on the Phone,"On the afternoon of May 31, 2022, President Xi Jinping had a phone conversation with President of the United Arab Emirates (UAE) Sheikh Mohamed bin Zayed Al Nahyan. Xi Jinping pointed out, thanks to the joint efforts of ",0.221
MFA,36,2022-05-31,Ministry of Foreign Affairs of the People's Republic of China - News (English),Xi Jinping Speaks with Zambian President Hakainde Hichilema on the Phone,"On the afternoon of May 31, 2022, President Xi Jinping had a phone conversation with Zambian President Hakainde Hichilema. Xi Jinping pointed out, China and Zambia are """"all-weather friends"""" enjoying traditional and ami",0.201
Xinhua,47,2022-05-31,Xinhua,"1st LD Writethru: China ready to boost friendship, cooperation with UAE: Xi","BEIJING, May 31 (Xinhua) -- China is ready to work with the United Arab Emirates (UAE) to consolidate friendship, cement mutual trust and deepen cooperation, said Chinese President Xi Jinping on Tuesday afternoon. In a p",0.199
MFA,37,2022-06-01,Ministry of Foreign Affairs of the People's Republic of China - News (English),Wang Yi Delivers a Video Speech to the China-Russia High-level Think Tank Forum,"On June 1, 2022, State Councilor and Foreign Minister Wang Yi delivered a video speech entitled """"Strengthen Solidarity and Cooperation and Improve Global Governance"""" to the China-Russia High-level Think Tank Forum. Wan",0.146
MFA,38,2022-06-01,Ministry of Foreign Affairs of the People's Republic of China - News (English),Prime Minister Bob Loughman of Vanuatu Leads Key Cabinet Members to Hold Collective Talks with Wang Yi,"On June 1, 2022 local time, Prime Minister Bob Loughman of Vanuatu led key cabinet members, including Deputy Prime Minister, Minister of Foreign Affairs, International Cooperation and External Trade and Minister of Finan",0.208
Xinhua,48,2022-06-01,Xinhua,"Xinhua Commentary: Time to act on Global Security Initiative to fix peace deficit, strengthen security cooperation","BEIJING, June 1 (Xinhua) -- Peace and development are shared aspirations of mankind, the pursuit of which, however, is hampered by unprecedented global changes, intertwined with emerging security risks and a widening dev",0.128
Xinhua,49,2022-06-01,Xinhua,"2nd LD Writethru: China ready to push ties with Zambia to higher levels, broader areas: Xi","BEIJING, May 31 (Xinhua) -- China attaches great importance to its relations with Zambia, and is ready to work with Zambia to consolidate and deepen their friendship and push bilateral ties to higher levels and broader a",0.176
Xinhua,50,2022-06-01,Xinhua,"1st LD Writethru: China, Vanuatu reach 5-point consensus on bilateral ties, int'l cooperation","PORT VILA, June 1 (Xinhua) -- China and Vanuatu reached a five-point consensus on bolstering bilateral ties and cooperation on international and regional affairs Wednesday after Vanuatu Prime Minister Bob Loughman and hi",0.192
MFA,39,2022-06-04,Ministry of Foreign Affairs of the People's Republic of China - News (English),Timor-Leste's President Jose Ramos-Horta Meets with Wang Yi,"On June 4, 2022 local time, Timor-Leste's President Jose Ramos-Horta met with State Councilor and Foreign Minister Wang Yi in Dili. Ramos-Horta asked Wang Yi to convey his sincere greetings to President Xi Jinping, sayin",0.188
Xinhua,51,2022-06-04,Xinhua,"Interview: Global Security Initiative comes at critical moment, says South African scholar","JOHANNESBURG, June 4 (Xinhua) -- The China-proposed Global Security Initiative is crucial as it comes at a critical time when the world is grappling with multiple crises, a South African scholar has said. The multilatera",0.059
Xinhua,52,2022-06-04,Xinhua,"China, Timor-Leste agree to strengthen regional cooperation, safeguard multilateralism","DILI, June 4 (Xinhua) -- President of Timor-Leste Jose Ramos-Horta and visiting Chinese State Councilor and Foreign Minister Wang Yi on Saturday expressed common willingness to strengthen regional cooperation and safegua",0.214
Xinhua,53,2022-06-06,Xinhua,Interview: Global Security Initiative offers long-needed global mindset to bring peace to world -- expert,"ISTANBUL, June 6 (Xinhua) -- The Global Security Initiative (GSI) proposed by China offers a long-needed global mindset that will bring peace to the world, a Turkish international relations academic said. The world needs",0.219
Xinhua,54,2022-06-07,Xinhua,"Interview: China-proposed Global Security Initiative could bolster world peace, stability, says expert","CAIRO, June 7 (Xinhua) -- China's recently proposed Global Security Initiative would strengthen world peace and stability, an expert has said. """"Through this security initiative, China seeks to find balanced relations th",-0.019
MFA,40,2022-06-08,Ministry of Foreign Affairs of the People's Republic of China - News (English),Wang Yi Talks about the Outcomes and Consensus of the Third China+Central Asia Foreign Ministers' Meeting,"On June 8, 2022 local time, State Councilor and Foreign Minister Wang Yi attended the third China+Central Asia (C+C5) Foreign Ministers' Meeting in Nur-Sultan. After the meeting, Wang Yi and Kazakh Deputy Prime Minister ",0.137
MFA,41,2022-06-08,Ministry of Foreign Affairs of the People's Republic of China - News (English),Kazakh President Kassym-Jomart Tokayev Meets with Wang Yi,"On June 7, 2022 local time, Kazakh President Kassym-Jomart Tokayev met with visiting State Councilor and Foreign Minister Wang Yi in Nur-Sultan. Wang Yi first conveyed cordial greetings from President Xi Jinping, congrat",0.226
MFA,42,2022-06-08,Ministry of Foreign Affairs of the People's Republic of China - News (English),Wang Yi: Join Hands to Forge the Next Golden Three Decades of China-Kazakhstan Relations,"On June 7, 2022 local time, State Councilor and Foreign Minister Wang Yi and Kazakh Deputy Prime Minister and Foreign Minister Mukhtar Tileuberdi jointly met the press in Nur-Sultan. Wang Yi said, the two sides have held",0.139
Xinhua,55,2022-06-08,Xinhua,"China, Kazakhstan to jointly build bilateral relations in next golden 30 years: Chinese FM","NUR-SULTAN, June 7 (Xinhua) -- China and Kazakhstan have agreed to jointly build bilateral relations in the next golden 30 years, visiting Chinese State Councilor and Foreign Minister Wang Yi said Tuesday. At a joint pre",0.15
Xinhua,56,2022-06-08,Xinhua,Kazakh president meets with Chinese FM on bilateral ties,"NUR-SULTAN, June 7 (Xinhua) -- Kazakh President Kassym-Jomart Tokayev on Tuesday met with visiting Chinese State Councilor and Foreign Minister Wang Yi, with both sides reaffirming commitments to strengthening bilateral ",0.239
Xinhua,57,2022-06-08,Xinhua,"Roundup: China's newly-proposed security vision worthy of thought, respect -- Syrian experts","DAMASCUS, June 8 (Xinhua) -- The security vision recently proposed by China as part of the Global Security Initiative is worthy of thought and respect, while the U.S. unilateralism encourages """"the production of wars aro",0.01
MFA,43,2022-06-09,Ministry of Foreign Affairs of the People's Republic of China - News (English),"Wang Yi Attends the Third """"China+Central Asia"""" Foreign Ministers' Meeting","On June 8, 2022 local time, State Councilor and Foreign Minister Wang Yi attended the third """"China+Central Asia"""" (C+C5) Foreign Ministers' Meeting in Nur-Sultan, which was chaired by Kazakh Deputy Prime Minister and Fo",0.149
MFA,44,2022-06-09,Ministry of Foreign Affairs of the People's Republic of China - Spokesperson's Remarks (English),Foreign Ministry Spokesperson Zhao Lijian's Regular Press Conference on June 9 2022,"CCTV: From June 6 to 8, State Councilor and Foreign Minister Wang Yi visited Kazakhstan at invitation and attended the third China+Central Asia (C+C5) Foreign Ministers' Meeting. This is the first time that the C+C5 fore",0.09
Xinhua,58,2022-06-09,Xinhua,"Chinese FM on outcomes, consensus of third C+C5 foreign ministers' meeting","NUR-SULTAN, June 8 (Xinhua) -- Chinese State Councilor and Foreign Minister Wang Yi on Wednesday attended the third China + Central Asia (C+C5) foreign ministers' meeting here. After the meeting, Wang, together with Kaza",0.124
Xinhua,59,2022-06-09,Xinhua,Chinese FM attends third C+C5 foreign ministers' meeting in Kazakhstan,"NUR-SULTAN, June 8 (Xinhua) -- Chinese State Councilor and Foreign Minister Wang Yi participated in the third China + Central Asia (C+C5) foreign ministers' meeting in the Kazakh capital of Nur-Sultan on Wednesday. The m",0.145
Xinhua,60,2022-06-09,Xinhua,1st LD Writethru: Chinese FM attends third C+C5 foreign ministers' meeting in Kazakhstan,"NUR-SULTAN, June 8 (Xinhua) -- Chinese State Councilor and Foreign Minister Wang Yi participated in the third China + Central Asia (C+C5) foreign ministers' meeting in the Kazakh capital of Nur-Sultan on Wednesday. The m",0.165
Xinhua,61,2022-06-10,Xinhua,World Insights: Asia kicks off key security meeting on regional security after two-year suspension,"SINGAPORE, June 10 (Xinhua) -- The 19th Shangri-La Dialogue will be held here from Friday to Sunday after a two-year suspension due to the COVID-19 pandemic, focusing mainly on security in the Asia-Pacific region and via",0.032
Xinhua,62,2022-06-10,Xinhua,"Chinese, U.S. defense chiefs agree to enhance strategic mutual trust, properly manage differences","SINGAPORE, June 10 (Xinhua) -- Chinese State Councilor and Defense Minister Wei Fenghe and U.S. Secretary of Defense Lloyd Austin agreed on Friday to enhance strategic mutual trust and properly manage differences between",-0.036
Xinhua,63,2022-06-12,Xinhua,Xinhua Commentary: Dividing countries not way towards stable Asia-Pacific,"SINGAPORE, June 12 (Xinhua) -- The Shangri-La Dialogue, which wrapped up here on Sunday, should have been an ideal platform to foster cooperation for Asia-Pacific peace and prosperity. Regretfully, the United States and ",0.056
Xinhua,64,2022-06-12,Xinhua,"Xinhua Headlines: China's vision for regional order offers new idea for safeguarding peace, stability in Asia-Pacific","by Xinhua writers Li Xiaoyu, Cai Shuya and Mao Pengfei SINGAPORE, June 12 (Xinhua) -- The 19th Shangri-La Dialogue, a premier defense and security summit in the Asia-Pacific region, concluded here on Sunday, with many de",0.118
MFA,45,2022-06-13,Ministry of Foreign Affairs of the People's Republic of China - News (English),Wang Yi Holds Virtual Meeting with New Zealand's Foreign Minister Nanaia Mahuta,"On June 13, 2022, State Councilor and Foreign Minister Wang Yi held a virtual meeting with New Zealand's Foreign Minister Nanaia Mahuta at the latter's request. Mahuta said, the 50th anniversary of the establishment of d",0.175
Xinhua,65,2022-06-13,Xinhua,"Xinhua Headlines: China's vision for regional order offers new idea for safeguarding peace, stability in Asia-Pacific","* Delegates and experts highly appraised China's policy of safeguarding multilateralism, regional peace and stability, and building a shared future for humanity introduced during the three-day summit.* The world is facin",0.099
MFA,46,2022-06-15,Ministry of Foreign Affairs of the People's Republic of China - News (English),Yang Jiechi Chairs the 12th Meeting of BRICS National Security Advisers and High Representatives on National Security,"On June 15, 2022, Member of the Political Bureau of the CPC Central Committee and Director of the Office of the Central Commission for Foreign Affairs Yang Jiechi chaired the 12th Meeting of BRICS National Security Advis",0.119
MFA,47,2022-06-15,Ministry of Foreign Affairs of the People's Republic of China - News (English),Xi talks with Putin over phone,"BEIJING, June 15 Chinese President Xi Jinping on Wednesday afternoon held a phone conversation with his Russian counterpart, Vladimir Putin. During their conversation, Xi noted that since the beginning of this year, bila",0.113
Xinhua,66,2022-06-15,Xinhua,China's top legislator holds talks with Guyana's parliament speaker,"BEIJING, June 15 (Xinhua) -- China's top legislator Li Zhanshu Wednesday held talks with Manzoor Nadir, speaker of the National Assembly of the Parliament of the Cooperative Republic of Guyana, via video link. Li, chairm",0.223
Xinhua,67,2022-06-15,Xinhua,2nd LD Writethru: Xi talks with Putin over phone,"BEIJING, June 15 (Xinhua) -- Chinese President Xi Jinping on Wednesday afternoon held a phone conversation with his Russian counterpart, Vladimir Putin. During their conversation, Xi noted that since the beginning of thi",0.123
Xinhua,68,2022-06-16,Xinhua,Senior Chinese official chairs BRICS security meeting,"BEIJING, June 15 (Xinhua) -- Yang Jiechi, director of the Office of the Foreign Affairs Commission of the Communist Party of China (CPC) Central Committee, chaired the 12th Meeting of BRICS National Security Advisers and",0.067
Xinhua,69,2022-06-17,Xinhua,"Arab states urged to invest more in cyber technology, digital transformation","BEIRUT, June 16 (Xinhua) -- Chairman of the Arab Internet & Telecom Union Feras Bakour on Thursday urged the Arab world to invest more in cyber technology, as digital transformation contributes to only 4 percent of the r",0.076
Xinhua,70,2022-06-20,Xinhua,Interview: BRICS countries contributor of global development -- Cambodian scholar,"PHNOM PENH, June 20 (Xinhua) -- The BRICS countries have significantly contributed to global development over the past 16 years, a Cambodian expert has said. BRICS has always been committed to upholding multilateral coop",0.164
Xinhua,71,2022-06-21,Xinhua,Interview: Upcoming BRICS summit to inject more strength into global development -- former Indian diplomat,"by Xinhua writer Hu Xiaoming NEW DELHI, June 21 (Xinhua) -- The upcoming BRICS summit is expected to inject more strength into global development, and make a stronger call for upholding the common interests of the world,",0.115
MFA,48,2022-06-22,Ministry of Foreign Affairs of the People's Republic of China - News (English),President Xi Jinping Delivered a Keynote Speech at the Opening Ceremony of the BRICS Business Forum,"On the evening of June 22, President Xi Jinping attended the opening ceremony of the BRICS Business Forum in virtual format and delivered a keynote speech titled """"Keep Abreast of the Trend of the Times to Shape a Bright",0.105
MFA,49,2022-06-22,Ministry of Foreign Affairs of the People's Republic of China - News (English),President Xi Jinping Delivered a Keynote Speech at the Opening Ceremony of the BRICS Business Forum,"On the evening of June 22, President Xi Jinping attended the opening ceremony of the BRICS Business Forum in virtual format and delivered a keynote speech titled """"Keep Abreast of the Trend of the Times to Shape a Bright",0.104
MFA,50,2022-06-22,Ministry of Foreign Affairs of the People's Republic of China - News (English),​Keep Abreast of the Trend of the Times to Shape a Bright Future,"Keynote Speech by H.E. Xi Jinping President of the People's Republic of China At the Opening Ceremony of the BRICS Business Forum 22 June 2022 Dear Colleagues, Members of the Business Community, Ladies and Gentlemen, Fri",0.13
Xinhua,72,2022-06-22,Xinhua,"Interview: BRICS mechanism enables developing countries to voice concerns, aspirations, says Indian expert","by Xinhua writer Hu Xiaoming NEW DELHI, June 22 (Xinhua) -- The BRICS mechanism provides a platform for developing countries to voice their concerns and aspirations, an Indian expert has said. The BRICS summit this year ",0.046
Xinhua,73,2022-06-22,Xinhua,Roundup: First China-Horn of Africa peace conference concludes with call for realizing shared aspirations,"ADDIS ABABA, June 22 (Xinhua) -- The First China-Horn of Africa Peace, Good Governance and Development Conference concluded on Tuesday in Addis Ababa, the capital of Ethiopia, with a joint call for the realization of sha",0.124
Xinhua,74,2022-06-22,Xinhua,Full Text: Chinese President Xi Jinping's keynote speech at the opening ceremony of the BRICS Business Forum,"BEIJING, June 22 (Xinhua) -- Chinese President Xi Jinping attended the opening ceremony of the BRICS Business Forum in virtual format and delivered a keynote speech titled """"Keep Abreast of the Trend of the Times to Shap",0.146
MFA,51,2022-06-23,Ministry of Foreign Affairs of the People's Republic of China - News (English),Wang Yi Speaks with Iranian Foreign Minister Hossein Amir-Abdollahian on the Phone at Request,"On June 23, 2022, State Councilor and Foreign Minister Wang Yi had a phone conversation with Iranian Foreign Minister Hossein Amir-Abdollahian at the latter's request. Amir-Abdollahian wished China a full success in hold",0.213
MFA,52,2022-06-23,Ministry of Foreign Affairs of the People's Republic of China - News (English),Fostering High-quality Partnership andEmbarking on a New Journey of BRICS Cooperation,"Remarks by H.E. Xi Jinping President of the People's Republic of China At the 14th BRICS Summit 23 June 2022 Dear Colleagues, Our world today is living through accelerating changes unseen in a century and continued sprea",0.116
Xinhua,75,2022-06-23,Xinhua,"Chinese, Iranian FMs holds phone conversation on ties","BEIJING, June 23 (Xinhua) -- Chinese State Councilor and Foreign Minister Wang Yi on Thursday held a phone conversation with Iranian Foreign Minister Hossein Amir Abdollahian at the latter's request. Amir Abdollahian wis",0.178
Xinhua,76,2022-06-23,Xinhua,"Xinhua Headlines: Xi urges BRICS solidarity, openness for peace, development","BEIJING, June 22 (Xinhua) -- Chinese President Xi Jinping on Wednesday attended the opening ceremony of the BRICS Business Forum and delivered a keynote speech in Beijing via video link, urging its members to embrace sol",0.132
Xinhua,77,2022-06-23,Xinhua,Full Text: Remarks by Chinese President Xi Jinping at the 14th BRICS Summit,"BEIJING, June 23 (Xinhua) -- On the evening of June 23, Chinese President Xi Jinping hosted the 14th BRICS Summit in Beijing via video link. Following is the full text of the remarks by President Xi at the Summit: Foster",0.13
Xinhua,78,2022-06-23,Xinhua,"Xi calls on BRICS countries to safeguard world peace, tranquility","BEIJING, June 23 (Xinhua) -- Chinese President Xi Jinping on Thursday called on BRICS countries to jointly safeguard world peace and tranquility. Speaking at the 14th BRICS Summit via video link, Xi noted that the shadow",0.092
MFA,53,2022-06-24,Ministry of Foreign Affairs of the People's Republic of China - News (English),Wang Yi Delivers a Video Speech to the 24th General Assembly of the Latin American Faculty of Social Sciences,"On June 24, 2022, State Councilor and Foreign Minister Wang Yi delivered a video speech to the 24th General Assembly of the Latin American Faculty of Social Sciences (FLACSO). Wang Yi said, China attaches great importanc",0.189
MFA,54,2022-06-24,Ministry of Foreign Affairs of the People's Republic of China - News (English),The 14th BRICS Summit Is Held President Xi Jinping Chairs the Summit and Delivers Important Remarks,"On the evening of June 23, Chinese President Xi Jinping chaired the 14th BRICS Summit in Beijing via video link. South African President Cyril Ramaphosa, Brazilian President Jair Bolsonaro, Russian President Vladimir Put",0.153
Xinhua,79,2022-06-24,Xinhua,"Xiplomacy: Xi's global governance philosophy helps address challenges, promote shared growth","BEIJING, June 24 (Xinhua) -- The continued spread of the COVID-19 pandemic and geopolitical conflicts have fueled overlapping crises in today's world. Concerns for the future of humanity and deficits in global governance",0.154
Xinhua,80,2022-06-24,Xinhua,"Xinhua Headlines: President Xi calls for peace, development, openness, innovation to build high-quality BRICS partnership","BEIJING, June 23 (Xinhua) -- Chinese President Xi Jinping hosted the 14th BRICS Summit via video link on Thursday evening in Beijing, calling on BRICS countries to safeguard world peace and tranquility, boost development",0.165
Xinhua,81,2022-06-24,Xinhua,"1st Ld-Writethru-China Focus: Xi hosts 14th BRICS Summit, stresses importance of fostering high-quality partnership","BEIJING, June 23 (Xinhua) -- Chinese President Xi Jinping chaired the 14th BRICS Summit on Thursday evening in Beijing via video link. South African President Cyril Ramaphosa, Brazilian President Jair Bolsonaro, Russian ",0.172
MFA,55,2022-06-25,Ministry of Foreign Affairs of the People's Republic of China - News (English),President Xi Jinping Chairs and Delivers Important Remarks at the High-level Dialogue on Global Development,"Xi stressed the need to forge a united, equal, balanced and inclusive high-quality global development partnership and jointly foster a new era of global development featuring benefits for all, balance, coordination, ",0.145
MFA,56,2022-06-25,Ministry of Foreign Affairs of the People's Republic of China - News (English),Write a New Chapter of Human Development and Progress,"From June 23 to 24, 2022, President Xi Jinping respectively chaired the 14th BRICS Summit and the High-level Dialogue on Global Development via video link and delivered important remarks. On June 22, President Xi Jinping",0.122
Xinhua,82,2022-06-25,Xinhua,"China to strengthen exchanges, mutual learning with Latin America: Chinese FM","BEIJING, June 24 (Xinhua) -- Chinese State Councilor and Foreign Minister Wang Yi delivered a video speech to the 24th General Assembly of Latin American Academy of Social Sciences on Friday. China attaches great importa",0.17
Xinhua,83,2022-06-25,Xinhua,"Xinhua Headlines: BRICS cooperation injects vitality into global development, wins worldwide applause","BEIJING, June 25 (Xinhua) -- History abounds with formidable challenges from which the world has emerged as an even safer and better place, and those triumphs over adversity have testified that cooperation and common dev",0.193
Xinhua,84,2022-06-25,Xinhua,Xi speaks mind of developing countries: foreign minister,"BEIJING, June 25 (Xinhua) -- Chinese President Xi Jinping has spoken the mind of the developing countries by putting forward proposals to maintain world peace and boost global development at the BRICS Summit, State Counc",0.088
Xinhua,85,2022-06-25,Xinhua,"2nd Ld-Writethru-China Focus: President Xi chairs High-level Dialogue on Global Development, vowing continued support to 2030 Agenda","BEIJING, June 24 (Xinhua) -- Chinese President Xi Jinping on Friday chaired the High-level Dialogue on Global Development in Beijing via video link and delivered important remarks. President Abdelmadjid Tebboune of Alger",0.148
MFA,57,2022-06-27,Ministry of Foreign Affairs of the People's Republic of China - Spokesperson's Remarks (English),Foreign Ministry Spokesperson Zhao Lijian's Regular Press Conference on June 27 2022,"CCTV: According to reports, the 24th General Assembly of Latin American Academy of Social Sciences (FLACSO) was held on June 27, which adopted a resolution by an overwhelming vote to admit China as an observer state of t",0.035
Xinhua,86,2022-06-27,Xinhua,China's top legislator calls for enhanced China-Thailand relations,"BEIJING, June 27 (Xinhua) -- China's top legislator Li Zhanshu on Monday addressed an event celebrating the 90th anniversary of the establishment of the National Assembly of Thailand via video, calling for enhanced relat",0.203
MFA,58,2022-06-28,Ministry of Foreign Affairs of the People's Republic of China - Spokesperson's Remarks (English),Foreign Ministry Spokesperson Zhao Lijian's Regular Press Conference on June 28 2022,"At the invitation of the Philippine government, Special Representative of President Xi Jinping and Vice President Wang Qishan will lead a delegation to attend the inauguration ceremony of President Ferdinand Romualdez Ma",0.053
MFA,59,2022-06-29,Ministry of Foreign Affairs of the People's Republic of China - News (English),"Wang Yi Attends the Roundtable on """"Shanghai Cooperation Organization: History, Status Quo and Prospects""""","On June 29, 2022, State Councilor and Foreign Minister Wang Yi attended and addressed the Roundtable on """"Shanghai Cooperation Organization: History, Status Quo and Prospects"""" in Beijing via video link. Wang Yi said, 20",0.213
MFA,60,2022-06-30,Ministry of Foreign Affairs of the People's Republic of China - News (English),Pakistani Prime Minister Shahbaz Sharif Meets with Yang Jiechi,"On June 29, 2022 local time, Pakistani Prime Minister Shahbaz Sharif met with Member of the Political Bureau of the CPC Central Committee and Director of the Office of the Central Commission for Foreign Affairs Yang Jiec",0.14
MFA,61,2022-06-30,Ministry of Foreign Affairs of the People's Republic of China - Spokesperson's Remarks (English),Foreign Ministry Spokesperson Zhao Lijian's Regular Press Conference on June 30 2022,"CCTV: On June 29, NATO released its 2022 Strategic Concept at the Madrid Summit. The document mentioned China for the first time. It claimed that China challenges NATO's """"interests, security and values"""" and criticized ",0.015
Xinhua,87,2022-06-30,Xinhua,China slams NATO for strategic concept referring to China: FM spokesperson,"BEIJING, June 30 (Xinhua) -- China on Thursday expressed serious concern and firm opposition to the North Atlantic Treaty Organization (NATO)'s newly published strategic concept document, saying it is full of Cold War me",-0.041
Xinhua,88,2022-06-30,Xinhua,"Pakistani PM meets senior Chinese diplomat on bilateral ties, pragmatic cooperation","ISLAMABAD, June 30 (Xinhua) -- Pakistani Prime Minister Shahbaz Sharif met with visiting senior Chinese diplomat Yang Jiechi here on Wednesday, with the two sides pledging to strengthen bilateral ties and cooperation. Ya",0.13
Xinhua,89,2022-06-30,Xinhua,"Interview: Thailand supports multilateralism, Global Development Initiative, says Thai deputy PM","BANGKOK, June 30 (Xinhua) -- Thai Deputy Prime Minister and Foreign Minister Don Pramudwinai reiterated Thailand's support for multilateralism and China-proposed Global Development Initiative (GDI) and the """"BRICS Plus""""",0.101
MFA,62,2022-07-01,Ministry of Foreign Affairs of the People's Republic of China - Spokesperson's Remarks (English),Foreign Ministry Spokesperson Zhao Lijian's Regular Press Conference on July 1 2022,"From July 3 to 14, State Councilor and Foreign Minister Wang Yi will chair the seventh Lancang-Mekong Cooperation Foreign Ministers' Meeting in Myanmar, attend the G20 Foreign Ministers' Meeting in Indonesia upon invitat",0.085
Xinhua,90,2022-07-01,Xinhua,Chinese Mission to EU slams NATO's strategic concept,"BRUSSELS, June 30 (Xinhua) -- The Chinese Mission to the European Union (EU) has said it firmly opposes North Atlantic Treaty Organization (NATO)'s newly published document claiming that China poses systemic challenges t",-0.034
Xinhua,91,2022-07-01,Xinhua,"UAE president meets senior Chinese diplomat on bilateral ties, cooperation","ABU DHABI, July 1 (Xinhua) -- President of the United Arab Emirates (UAE) Sheikh Mohamed bin Zayed Al Nahyan on Friday met with visiting senior Chinese diplomat Yang Jiechi to discuss bilateral ties and ways to boost coo",0.16
Xinhua,92,2022-07-01,Xinhua,"Roundup: Uganda, China bolster ties in 60-year journey","KAMPALA, June 30 (Xinhua) -- China and Uganda this year mark the 60th anniversary of their diplomatic relations, a journey which started back in October 1962 when Uganda gained independence from British colonial rule. Ni",0.075
MFA,63,2022-07-02,Ministry of Foreign Affairs of the People's Republic of China - News (English),UAE's President Sheikh Mohamed bin Zayed Al Nahyan Meets with Yang Jiechi,"On July 1, 2022 local time, President of the United Arab Emirates (UAE) Sheikh Mohamed bin Zayed Al Nahyan met with Member of the Political Bureau of the CPC Central Committee and Director of the Office of the Central Co",0.207
MFA,64,2022-07-03,Ministry of Foreign Affairs of the People's Republic of China - News (English),Wang Yi Holds Talks with Myanmar's Foreign Minister U Wunna Maung Lwin,"On July 3, 2022 local time, State Councilor and Foreign Minister Wang Yi held bilateral talks with Myanmar's Foreign Minister U Wunna Maung Lwin on the sidelines of the seventh Lancang-Mekong Cooperation Foreign Minister",0.209
Xinhua,93,2022-07-03,Xinhua,"China, Myanmar agree to further build community with shared future","BAGAN, Myanmar, July 3 (Xinhua) -- China and Myanmar agreed here on Sunday to work together to further build a community with a shared future. While meeting with visiting Chinese State Councilor and Foreign Minister Wang",0.141
MFA,65,2022-07-04,Ministry of Foreign Affairs of the People's Republic of China - News (English),Zimbabwean President Emmerson Mnangagwa Meets with Yang Jiechi,"On July 3, 2022 local time, Zimbabwean President Emmerson Mnangagwa met with Member of the Political Bureau of the CPC Central Committee and Director of the Office of the Central Commission for Foreign Affairs Yang Jiech",0.16
MFA,66,2022-07-04,Ministry of Foreign Affairs of the People's Republic of China - News (English),Wang Yi Meets with Cambodian Deputy Prime Minister and Foreign Minister Prak Sokhonn,"On July 3, 2022 local time, State Councilor and Foreign Minister Wang Yi met with Cambodian Deputy Prime Minister and Foreign Minister Prak Sokhonn on the sidelines of the seventh Lancang-Mekong Cooperation Foreign Minis",0.173
Xinhua,94,2022-07-04,Xinhua,Zimbabwean president meets with senior Chinese diplomat on bilateral cooperation,"HARARE, July 3 (Xinhua) -- Zimbabwean President Emmerson Mnangagwa on Sunday met with senior Chinese diplomat Yang Jiechi, with both sides pledging to step up exchanges and cooperation and advance the comprehensive strat",0.137
Xinhua,95,2022-07-04,Xinhua,"China, Cambodia to further enhance ties, cooperation in various fields","BAGAN, Myanmar, July 3 (Xinhua) -- Chinese State Councilor and Foreign Minister Wang Yi and Cambodian Deputy Prime Minister and Foreign Minister Prak Sokhonn met here on Sunday, and both sides pledged to further enhance ",0.143
Xinhua,96,2022-07-04,Xinhua,Xinhua Commentary: Why NATO's diatribe against China is irrational,"BEIJING, July 4 (Xinhua) -- NATO should have called it quits and disbanded following the end of the Cold War. Instead, it chose to search for a bogeyman to justify its existence. No wonder the U.S.-led military bloc's ne",0.024
Xinhua,97,2022-07-04,Xinhua,China proposes 6 key future directions of Lancang-Mekong Cooperation,"BAGAN, Myanmar, July 4 (Xinhua) -- Chinese State Councilor and Foreign Minister Wang Yi on Monday elaborated on six key future directions of the Lancang-Mekong Cooperation (LMC). Wang said during the seventh Lancang-Meko",0.11
Xinhua,98,2022-07-04,Xinhua,"LMC foreign ministers meet, adopt 6 new cooperative directions","BAGAN, Myanmar, July 4 (Xinhua) -- Foreign ministers from China, Myanmar, Laos, Cambodia, Thailand and Vietnam attended the seventh Lancang-Mekong Cooperation (LMC) Foreign Ministers' Meeting here on Monday, with partici",0.068
MFA,67,2022-07-05,Ministry of Foreign Affairs of the People's Republic of China - News (English),Thai Prime Minister Prayuth Chan-ocha Meets with Wang Yi,"On July 5, 2022 local time, Thai Prime Minister Prayuth Chan-ocha met with Chinese State Councilor and Foreign Minister Wang Yi, who was paying an official visit to Thailand upon invitation, in Bangkok. Prayuth asked Wan",0.241
MFA,68,2022-07-05,Ministry of Foreign Affairs of the People's Republic of China - News (English),Wang Yi Talks about Six Key Future Directions of Lancang-Mekong Cooperation,"On July 4, 2022 local time, State Councilor and Foreign Minister Wang Yi attended the seventh Lancang-Mekong Cooperation (LMC) Foreign Ministers' Meeting in Bagan, Myanmar. Wang Yi said that China's economy has continued",0.124
MFA,69,2022-07-05,Ministry of Foreign Affairs of the People's Republic of China - News (English),The Seventh LMC Foreign Ministers' Meeting is Held in Myanmar,"On July 4, 2022 local time, the seventh Lancang-Mekong Cooperation (LMC) Foreign Ministers' Meeting was held in Bagan, Myanmar. State Councilor and Foreign Minister Wang Yi and Myanmar's Foreign Minister U Wunna Maung Lw",0.132
MFA,70,2022-07-05,Ministry of Foreign Affairs of the People's Republic of China - Spokesperson's Remarks (English),Foreign Ministry Spokesperson Zhao Lijian's Regular Press Conference on July 5 2022,"AFP: During the call between Vice Premier Liu He and US Treasury Secretary Janet Yellen this morning, did the US say it will remove tariffs on Chinese imports? And Did the Chinese side say it will change what is called i",0.027
Xinhua,99,2022-07-05,Xinhua,"Interview: BRICS should play crucial role in improving global governance, says Indian economist","by Xinhua writer Hu Xiaoming NEW DELHI, July 5 (Xinhua) -- BRICS countries have become a significant force worldwide and should play a """"crucial"""" role in bettering the global governance system, an Indian economist has s",0.037
Xinhua,100,2022-07-05,Xinhua,"Thailand, China agree to carry on traditional friendship, expand bilateral cooperation","BANGKOK, July 5 (Xinhua) -- Thailand and China agreed here Tuesday to carry on traditional friendship, expand bilateral cooperation and plan for the future development of relations. While meeting with Chinese State Counc",0.197
Xinhua,101,2022-07-07,Xinhua,China's top legislator holds talks with chairperson of Uzbekistan's Senate,"BEIJING, July 6 (Xinhua) -- China's top legislator Li Zhanshu on Wednesday held talks with Tanzila Narbayeva, chairperson of the Senate of Uzbekistan, via video link, with the two sides agreeing to enhance parliamentary ",0.204
MFA,71,2022-07-08,Ministry of Foreign Affairs of the People's Republic of China - News (English),Wang Yi Puts Forward China's Cooperation Initiative on Global Food Security,"On July 8, 2022 local time, when attending the Group of Twenty (G20) Foreign Ministers' Meeting on the Bali Island, State Councilor and Foreign Minister Wang Yi expounded on China's stance on food and energy security, an",0.0
MFA,72,2022-07-08,Ministry of Foreign Affairs of the People's Republic of China - News (English),Wang Yi Meets with Russian Foreign Minister Sergey Lavrov,"On July 7, 2022 local time, State Councilor and Foreign Minister Wang Yi met with Russian Foreign Minister Sergey Lavrov on the sidelines of the G20 Foreign Ministers' Meeting on the Bali Island. Wang Yi said, at present",0.164
MFA,73,2022-07-08,Ministry of Foreign Affairs of the People's Republic of China - News (English),Wang Yi Attends the G20 Foreign Ministers' Meeting,"On July 8, 2022 local time, State Councilor and Foreign Minister Wang Yi attended the G20 Foreign Ministers' Meeting on the Bali Island, which was chaired by Indonesian Foreign Minister Retno Marsudi and attended by fore",0.176
Xinhua,102,2022-07-08,Xinhua,China proposes cooperation initiative on global food security at G20 meeting,"BALI, Indonesia, July 8 (Xinhua) -- Chinese State Councilor and Foreign Minister Wang Yi expounded here Friday on China's stance on food and energy security, and proposed a cooperation initiative on global food security.",0.01
Xinhua,103,2022-07-08,Xinhua,"China, Russia pledge to expand cooperation, safeguard interests of developing countries","BALI, Indonesia, July 7 (Xinhua) -- Chinese State Councilor and Foreign Minister Wang Yi and Russian Foreign Minister Sergei Lavrov agreed here on Thursday to further expand bilateral cooperation and jointly safeguard th",0.158
Xinhua,104,2022-07-09,Xinhua,Interview: Pakistan-China cooperation expected to reach new high: prime minister,"ISLAMABAD, July 9 (Xinhua) -- Pakistan expects to further lift its friendship and cooperation with China to a new level, Pakistani Prime Minister Shahbaz Sharif has said. During a recent interview at the Prime Minister's",0.176
Xinhua,105,2022-07-09,Xinhua,"Xinhua world news summary at 0030 GMT, July 9","BOGOTA -- Colombia has entered the fifth wave of the COVID-19 pandemic, so citizens should reinforce self-care measures and get vaccinated against the virus, Minister of Health and Social Protection Fernando Ruiz said Fr",-0.038
MFA,74,2022-07-10,Ministry of Foreign Affairs of the People's Republic of China - News (English),Working as Cooperation Partners for True Multilateralism,"Remarks by H.E. Wang Yi State Councilor and Foreign Minister of The People's Republic of China At Session 1 - Strengthening Multilateralism of The G20 Foreign Ministers' Meeting Bali, 8 July 2022 Your Excellency Foreign ",0.111
MFA,75,2022-07-10,Ministry of Foreign Affairs of the People's Republic of China - News (English),Wang Yi Co-chairs the Second Meeting of the China-Indonesia High-level Dialogue Cooperation Mechanism,"On July 9, 2022 local time, State Councilor and Foreign Minister Wang Yi co-chaired the second meeting of the China-Indonesia High-level Dialogue Cooperation Mechanism with Indonesia's Coordinator for Cooperation with Ch",0.178
Xinhua,106,2022-07-10,Xinhua,Wang Yi co-hosts 2nd meeting of China-Indonesia High-level Dialogue Cooperation Mechanism in Indonesia,"BALI, Indonesia, July 10 (Xinhua) -- Chinese State Councilor and Foreign Minister Wang Yi co-hosted the Second Meeting of China-Indonesia High-level Dialogue Cooperation Mechanism here on Saturday with Indonesia's Coordi",0.102
MFA,76,2022-07-11,Ministry of Foreign Affairs of the People's Republic of China - Spokesperson's Remarks (English),Foreign Ministry Spokesperson Wang Wenbin's Regular Press Conference on July 11 2022,"AFP: According to the Ministry of Foreign Affairs of Thailand, the Chinese leader will attend the APEC Economic Leaders' Meeting in November. Can you confirm this? Wang Wenbin: China values the role of the Asia-Pacific E",0.098
MFA,77,2022-07-12,Ministry of Foreign Affairs of the People's Republic of China - News (English),Wang Yi Talks about the Directions of China-ASEAN Cooperation in the Next Stage,"On July 11, 2022 local time, State Councilor and Foreign Minister Wang Yi delivered a policy speech on renewing the firm commitment to open regionalism and answered questions at the ASEAN Secretariat. Wang Yi said that a",0.193
MFA,78,2022-07-12,Ministry of Foreign Affairs of the People's Republic of China - News (English),"Upholding Peace, Development, Independence and Inclusiveness And Renewing the Firm Commitment to Open Regionalism","Speech by State Councilor and Foreign Minister Wang Yi At the ASEAN Secretariat Jakarta, 11 July 2022 Your Excellency Dato Lim Jock Hoi, Secretary-General of ASEAN, Permanent Representatives of ASEAN Member States, Fello",0.159
MFA,79,2022-07-12,Ministry of Foreign Affairs of the People's Republic of China - News (English),Wang Yi Delivers a Policy Speech on Open Regionalism at ASEAN Secretariat,"On July 11, 2022 local time, State Councilor and Foreign Minister Wang Yi visited the ASEAN Secretariat and delivered a policy speech on renewing the firm commitment to open regionalism, which was chaired by Secretary-Ge",0.186
Xinhua,107,2022-07-12,Xinhua,"China, Georgia vow to strengthen cooperation between legislatures","BEIJING, July 12 (Xinhua) -- Wang Chen, vice chairman of the National People's Congress (NPC) Standing Committee, met with Giorgi Volski, first deputy chairman of the parliament of Georgia, via video link on Tuesday. Wan",0.149
MFA,80,2022-07-14,Ministry of Foreign Affairs of the People's Republic of China - News (English),The Sixth Meeting of the China-Cambodia Intergovernmental Coordination Committee Is Held,"On July 14, 2022, State Councilor and Foreign Minister Wang Yi and Cambodian Deputy Prime Minister Hor Namhong co-chaired the sixth meeting of the China-Cambodia Intergovernmental Coordination Committee, which was held v",0.178
Xinhua,108,2022-07-14,Xinhua,"China, Cambodia intergovernmental committee holds meeting via video","NANNING, July 14 (Xinhua) -- Chinese State Councilor and Foreign Minister, Wang Yi, co-chaired the sixth meeting of the China-Cambodia intergovernmental coordinating committee with Cambodian Deputy Prime Minister Hor Nam",0.136
MFA,81,2022-07-15,Ministry of Foreign Affairs of the People's Republic of China - News (English),Wang Yi Holds Video Meeting with Syrian Foreign Minister Faisal Mekdad,"On July 15, 2022, State Councilor and Foreign Minister Wang Yi held a video&ensp;meeting with Syrian Foreign Minister Faisal Mekdad. Wang Yi said, China is ready to work with Syria to follow through on the important cons",0.185
MFA,82,2022-07-15,Ministry of Foreign Affairs of the People's Republic of China - News (English),"Wang Yi Gives an Interview to the Chinese Central Media on Attending the LMC Foreign Ministers' Meeting and the G20 Foreign Ministers' Meeting, Visiting Five Southeast Asian Countries, and Chairing Meetings of China-Viet","On July 14, 2022, State Councilor and Foreign Minister Wang Yi gave an interview to the Chinese central media after attending the Lancang-Mekong Cooperation (LMC) Foreign Ministers' Meeting and the G20 Foreign Ministers'",0.123
MFA,83,2022-07-15,Ministry of Foreign Affairs of the People's Republic of China - Spokesperson's Remarks (English),Foreign Ministry Spokesperson Wang Wenbin's Regular Press Conference on July 15 2022,"CCTV: On July 14, visiting US President Biden said while meeting the press with Israeli Prime Minister Lapid that the US """"can continue to lead in the region and not create a vacuum, a vacuum that is filled by China and/",0.132
Xinhua,109,2022-07-15,Xinhua,"China urges U.S., West to stop interfering in Middle East","NANNING, July 15 (Xinhua) -- China on Friday urged the United States and the West to stop interfering in Middle East affairs and trying to transform the region according to their own standards. Chinese State Councilor an",0.181
MFA,84,2022-07-18,Ministry of Foreign Affairs of the People's Republic of China - News (English),Wang Yi Speaks with French President's Diplomatic Advisor Emmanuel Bonne on the Phone,"On July 18, 2022, State Councilor and Foreign Minister Wang Yi had a phone conversation with French President's Diplomatic Advisor Emmanuel Bonne. Wang Yi said that after President Emmanuel Macron won his re-election, th",0.125
Xinhua,110,2022-07-18,Xinhua,"Chinese, Hungarian FMs hold phone talks on bilateral ties, Ukraine","BEIJING, July 17 (Xinhua) -- Chinese State Councilor and Foreign Minister Wang Yi and Hungarian Foreign Minister Peter Szijjarto talked over phone on Sunday about bilateral ties and the Ukraine crisis. During the phone t",0.117
Xinhua,111,2022-07-19,Xinhua,China's top legislator calls for enhanced parliamentary exchanges with Bangladesh,"BEIJING, July 19 (Xinhua) -- China's top legislator Li Zhanshu on Tuesday held talks with Bangladeshi parliament speaker Shirin Sharmin Chaudhury via video link, with both sides vowing to enhance parliamentary exchanges.",0.176
Xinhua,112,2022-07-19,Xinhua,Chinese FM holds phone talks with French president's diplomatic counselor,"BEIJING, July 18 (Xinhua) -- Chinese State Councilor and Foreign Minister Wang Yi on Monday held a phone conversation with Emmanuel Bonne, diplomatic counselor to French President Emmanuel Macron. Wang said that the succ",0.144
MFA,85,2022-07-25,Ministry of Foreign Affairs of the People's Republic of China - News (English),"Carrying Forward the DOC Spirit and Forging Regional Consensus To Jointly Build a Sea of Peace, Friendship and Cooperation --Remarks by State Councilor and Foreign Minister Wang Yi At the Opening Ceremony of The Workshop","Distinguished guests, Dear friends old and new, On 4 November 2002, government representatives of China and ASEAN countries solemnly signed the Declaration on the Conduct of Parties in the South China Sea(DOC) in Phnom P",0.177
MFA,86,2022-07-25,Ministry of Foreign Affairs of the People's Republic of China - News (English),"Carrying Forward the DOC Spirit and Forging Regional Consensus To Jointly Build a Sea of Peace, Friendship and Cooperation --Remarks by State Councilor and Foreign Minister Wang Yi At the Opening Ceremony of The Workshop","Beijing, 25 July 2022 On 4 November 2002, government representatives of China and ASEAN countries solemnly signed the Declaration on the Conduct of Parties in the South China Sea(DOC) in Phnom Penh, Cambodia. Today, we a",0.175
MFA,87,2022-07-25,Ministry of Foreign Affairs of the People's Republic of China - News (English),"Carrying Forward the DOC Spirit and Forging Regional Consensus To Jointly Build a Sea of Peace, Friendship and Cooperation",Remarks by State Councilor and Foreign Minister Wang Yi At the Opening Ceremony of The Workshop on Commemoration of the 20th Anniversary of The Declaration on the Conduct of Parties in the South China Sea Distinguished g,0.187
Xinhua,113,2022-07-25,Xinhua,"1st LD-Writethru: Xi sends congratulatory letter to China-Africa peace, security forum","BEIJING, July 25 (Xinhua) -- Chinese President Xi Jinping sent a congratulatory letter on Monday to the second China-Africa Peace and Security Forum. Realizing enduring peace and universal security is a common aspiration",0.283
MFA,88,2022-07-26,Ministry of Foreign Affairs of the People's Republic of China - News (English),President Xi Jinping Holds Talks with Indonesian President Joko Widodo,"On the afternoon of 26 July, President Xi Jinping held talks with Indonesian President Joko Widodo at the Diaoyutai State Guesthouse in Beijing. In a warm and friendly atmosphere, the two presidents had a comprehensive a",0.23
MFA,89,2022-07-26,Ministry of Foreign Affairs of the People's Republic of China - News (English),Joint Press Statement on the Bilateral Meeting between President of the People's Republic of China and President of the Republic of Indonesia,"26 July 2022, Beijing 1.At the invitation of H.E. Xi Jinping, President of the People's Republic of China, H.E. Joko Widodo, President of the Republic of Indonesia, paid a visit to China on 25 to 26 July 2022. 2.During t",0.182
MFA,90,2022-07-26,Ministry of Foreign Affairs of the People's Republic of China - Spokesperson's Remarks (English),Foreign Ministry Spokesperson Zhao Lijian's Regular Press Conference on July 26 2022,State Councilor and Foreign Minister Wang Yi will attend the meeting of the Council of Foreign Ministers of the Shanghai Cooperation Organization (SCO) to be held in Uzbekistan on July 28 and 29. Before and after this me,0.069
Xinhua,114,2022-07-26,Xinhua,"1st LD-Writethru-Xinhua Headlines: Chinese, Indonesian presidents pledge joint efforts to build community with shared future","BEIJING, July 26 (Xinhua) -- Chinese President Xi Jinping on Tuesday held talks with visiting Indonesian President Joko Widodo in Beijing. The two presidents had a comprehensive and in-depth exchange of views and reached",0.232
Xinhua,115,2022-07-27,Xinhua,Full text of Joint Press Statement on the Bilateral Meeting between President of the People's Republic of China and President of the Republic of Indonesia,"BEIJING, July 26 (Xinhua) -- Chinese President Xi Jinping on Tuesday held talks with visiting Indonesian President Joko Widodo in Beijing. Following is the full text of Joint Press Statement on the Bilateral Meeting betw",0.182
MFA,91,2022-07-29,Ministry of Foreign Affairs of the People's Republic of China - News (English),Xi Jinping Speaks with Iranian President Ebrahim Raisi on the Phone,"On the afternoon of July 29, 2022, President Xi Jinping had a phone conversation with Iranian President Ebrahim Raisi. Xi Jinping pointed out, currently, under the intertwined impact of a pandemic and drastic changes bot",0.188
MFA,92,2022-07-29,Ministry of Foreign Affairs of the People's Republic of China - News (English),Wang Yi Meets with Pakistani Foreign Minister Bilawal Bhutto Zardari,"On July 28, 2022 local time, State Councilor and Foreign Minister Wang Yi met with Pakistani Foreign Minister Bilawal Bhutto Zardari on the sidelines of the Shanghai Cooperation Organization (SCO) foreign ministers' meet",0.187
MFA,93,2022-07-29,Ministry of Foreign Affairs of the People's Republic of China - Spokesperson's Remarks (English),Foreign Ministry Spokesperson Zhao Lijian's Regular Press Conference on July 29 2022,"CGTN: We noticed that recently the Jakarta-Bandung high-speed railway has entered the stage of construction above the subgrade and the Karot Hydropower project has been put into full operation. In the meantime, a new bat",0.058
Xinhua,116,2022-07-29,Xinhua,2nd LD Writethru: Xi talks with Iranian president over phone,"BEIJING, July 29 (Xinhua) -- Chinese President Xi Jinping on Friday afternoon held phone talks with his Iranian counterpart, Ebrahim Raisi. Xi pointed out that at present, facing changes and a pandemic both unseen in a c",0.185
Xinhua,117,2022-07-29,Xinhua,1st LD: Xi talks with Iranian president over phone,"BEIJING, July 29 (Xinhua) -- Chinese President Xi Jinping on Friday afternoon held phone talks with his Iranian counterpart, Ebrahim Raisi. Xi pointed out that at present, facing changes and a pandemic both unseen in a c",0.186
Xinhua,118,2022-07-29,Xinhua,"Chinese, Uzbek FMs hold talks on deepening cooperation","TASHKENT, July 28 (Xinhua) -- Visiting Chinese State Councilor and Foreign Minister Wang Yi held talks here on Thursday with Uzbekistan's Acting Foreign Minister Vladimir Norov on deepening bilateral cooperation in vario",0.217
Xinhua,119,2022-07-29,Xinhua,"China, Uzbekistan reach consensuses on strengthening ties","TASHKENT, July 28 (Xinhua) -- China and Uzbekistan reached a series of consensuses on raising bilateral relations to a higher level during Chinese State Councilor and Foreign Minister Wang Yi's visit to Tashkent on Thurs",0.089
Xinhua,120,2022-07-29,Xinhua,"Chinese, Pakistani FMs discuss bilateral ties, issues of mutual interests","TASHKENT, July 29 (Xinhua) -- Chinese State Councilor and Foreign Minister Wang Yi met here on Thursday with Pakistani Foreign Minister Bilawal Bhutto Zardari on the sidelines of the meeting of the Council of Foreign Min",0.158
Xinhua,121,2022-07-29,Xinhua,"1st LD Writethru: China, Uzbekistan to strengthen cooperation in multiple areas","TASHKENT, July 29 (Xinhua) -- Visiting Chinese State Councilor and Foreign Minister Wang Yi held talks here on Thursday with Uzbekistan's Acting Foreign Minister Vladimir Norov on deepening bilateral cooperation in vario",0.158
Xinhua,122,2022-07-29,Xinhua,Xinhua Headlines: CPC seeks national rejuvenation by following Chinese path to modernization,"BEIJING, July 29 (Xinhua) -- At a high-level meeting held in Beijing earlier this week, Chinese President Xi Jinping stressed the necessity to push forward national rejuvenation by following a uniquely Chinese path to mo",0.14
MFA,94,2022-07-30,Ministry of Foreign Affairs of the People's Republic of China - News (English),Wang Yi: China and Kyrgyzstan Reach Consensus on Jointly Building a Community with a Shared Future,"On July 30, 2022 local time, State Councilor and Foreign Minister Wang Yi and Kyrgyz Foreign Minister Jeenbek Kulubaev jointly met the press after their talks in Cholpon-Ata. Wang Yi said, China-Kyrgyzstan relations have",0.13
MFA,95,2022-07-30,Ministry of Foreign Affairs of the People's Republic of China - News (English),Wang Yi Holds Talks with Kyrgyz Foreign Minister Jeenbek Kulubaev,"On July 30, 2022 local time, State Councilor and Foreign Minister Wang Yi held talks with Kyrgyz Foreign Minister Jeenbek Kulubaev in Cholpon-Ata. Wang Yi said, this year, which marks the 30th anniversary of the establis",0.171
Xinhua,123,2022-07-30,Xinhua,"China, Kyrgyzstan agree to build community with shared future","CHOLPON-ATA, Kyrgyzstan, July 30 (Xinhua) -- China and Kyrgyzstan have agreed to build a community with a shared future, visiting Chinese State Councilor and Foreign Minister Wang Yi said here Saturday. China-Kyrgyzstan ",0.123
Xinhua,124,2022-07-30,Xinhua,Chinese FM attends SCO foreign ministers' meeting in Tashkent,"TASHKENT, July 29 (Xinhua) -- Chinese State Councilor and Foreign Minister Wang Yi attended a meeting of the Council of Foreign Ministers of the Shanghai Cooperation Organization (SCO) here on Friday. During the meeting,",0.169
MFA,96,2022-07-31,Ministry of Foreign Affairs of the People's Republic of China - News (English),Kyrgyz President Sadyr Zhaparov Meets with Wang Yi,"On July 30, 2022 local time, Kyrgyz President Sadyr Zhaparov met with State Councilor and Foreign Minister Wang Yi in Cholpon-Ata. Zhaparov asked Wang Yi to convey his sincere greetings to President Xi Jinping, expressin",0.208
Xinhua,125,2022-07-31,Xinhua,1st LD Writethru: Kyrgyz president meets with Chinese FM,"CHOLPON-ATA, Kyrgyzstan, July 30 (Xinhua) -- Kyrgyz President Sadyr Zhaparov met with visiting Chinese State Councilor and Foreign Minister Wang Yi here Saturday, with both sides agreeing to further enhance bilateral com",0.224
Xinhua,126,2022-07-31,Xinhua,"Chinese, Kyrgyz FMs meet on strengthening bilateral relations","CHOLPON-ATA, Kyrgyzstan, July 30 (Xinhua) -- Chinese State Councilor and Foreign Minister Wang Yi on Saturday held talks with Kyrgyz Foreign Minister Jeenbek Kulubaev here over further strengthening relations between the",0.169
MFA,97,2022-08-01,Ministry of Foreign Affairs of the People's Republic of China - Spokesperson's Remarks (English),Foreign Ministry Spokesperson Zhao Lijian's Regular Press Conference on August 1 2022,"Hubei Media Group: On July 29, US Secretary Antony J. Blinken and Secretary of Commerce Gina M. Raimondo, Japanese Foreign Minister Hayashi Yoshimasa, and Minister of Economy, Trade, and Industry Koichi Hagiuda held the ",0.069
Xinhua,127,2022-08-02,Xinhua,"Visit to Central Asian countries boosts stability, cooperation: Chinese FM","DUSHANBE, Aug. 2 (Xinhua) -- Chinese State Councilor and Foreign Minister Wang Yi on Tuesday had an interview with media after concluding his visit to Uzbekistan, Kyrgyzstan and Tajikistan. During his visit, Wang attende",0.169
MFA,98,2022-08-03,Ministry of Foreign Affairs of the People's Republic of China - News (English),Cambodian King Norodom Sihamoni Meets with Wang Yi,"On August 3, 2022 local time, Cambodian King Norodom Sihamoni met with State Councilor and Foreign Minister Wang Yi in Phnom Penh. Sihamoni asked Wang Yi to convey Queen Mother Norodom Monineath Sihanouk's and his own co",0.143
Xinhua,128,2022-08-03,Xinhua,"China, Cambodia vow to carry forward traditional friendship","PHNOM PENH, Aug. 3 (Xinhua) -- China and Cambodia pledged on Wednesday to carry forward their traditional friendship and actively build the China-Cambodia community with a shared future. When meeting with visiting Chines",0.146
MFA,99,2022-08-04,Ministry of Foreign Affairs of the People's Republic of China - News (English),Wang Yi Meets with Türkiye Foreign Minister Mevlüt Çavuşoğlu,"On August 3, 2022 local time, State Councilor and Foreign Minister Wang Yi met with Türkiye Foreign Minister Mevlüt Çavuşoğlu on the sidelines of the series of foreign ministers' meetings on East Asia cooperation in Phno",0.091
MFA,100,2022-08-04,Ministry of Foreign Affairs of the People's Republic of China - Spokesperson's Remarks (English),Foreign Ministry Spokesperson Hua Chunying's Regular Press Conference on August 4 2022,"CCTV: On August 3, the G7 foreign ministers and the High Representative of the EU released a statement saying they are concerned by China's """"announced threatening actions"""" which """"risk unnecessary escalation"""", and all",0.02
MFA,101,2022-08-05,Ministry of Foreign Affairs of the People's Republic of China - News (English),Wang Yi Meets with Thai Deputy Prime Minister and Foreign Minister Don Pramudwinai,"On August 4, 2022 local time, State Councilor and Foreign Minister Wang Yi met with Thai Deputy Prime Minister and Foreign Minister Don Pramudwinai on the sidelines of the series of foreign ministers' meetings on East As",0.207
MFA,102,2022-08-05,Ministry of Foreign Affairs of the People's Republic of China - Spokesperson's Remarks (English),Foreign Ministry Spokesperson Hua Chunying's Regular Press Conference on August 5 2022,"At the invitation of Bangladeshi Foreign Minister A. K. Abdul Momen and Mongolian Foreign Minister Battsetseg Batmunkh, State Councilor and Foreign Minister Wang Yi will visit the two countries from August 6 to August 8.",0.024
Xinhua,129,2022-08-05,Xinhua,"China, Thailand laud bilateral cooperation","PHNOM PENH, Aug. 5 (Xinhua) -- Chinese State Councilor and Foreign Minister Wang Yi met with Thai Deputy Prime Minister and Foreign Minister Don Pramudwinai here on Thursday, with both sides speaking highly of bilateral ",0.16
Xinhua,130,2022-08-05,Xinhua,Foreign envoys express opposition to Pelosi's visit to China's Taiwan,"BEIJING, Aug. 5 (Xinhua) -- Ambassadors of multiple countries to China have expressed their firm support for the one-China principle and their opposition to Speaker of the U.S. House of Representatives Nancy Pelosi's vis",0.074
MFA,103,2022-08-06,Ministry of Foreign Affairs of the People's Republic of China - News (English),Wang Yi Attends the 29th ASEAN Regional Forum Foreign Ministers' Meeting,"On August 5, 2022 local time, State Councilor and Foreign Minister Wang Yi attended the 29th ASEAN Regional Forum Foreign Ministers' Meeting in Phnom Penh. Wang Yi expressed that at present, the world is under the combin",0.12
MFA,104,2022-08-06,Ministry of Foreign Affairs of the People's Republic of China - News (English),Wang Yi Attends the 12th East Asia Summit Foreign Ministers' Meeting,"On August 5, 2022 local time, State Councilor and Foreign Minister Wang Yi attended the 12th East Asia Summit Foreign Ministers' Meeting in Phnom Penh. Wang Yi said, the East Asia Summit was founded with the clear princi",0.071
Xinhua,131,2022-08-06,Xinhua,Chinese FM stresses role of ASEAN-centered cooperation platform,"PHNOM PENH, Aug. 6 (Xinhua) -- Chinese State Councilor and Foreign Minister Wang Yi stressed here on Friday the role of the ASEAN-centered cooperation platform in maintaining peace, stability and development in the Asia-",0.124
Xinhua,132,2022-08-06,Xinhua,Chinese FM makes 3-point proposal to strengthen East Asia cooperation,"PHNOM PENH, Aug. 6 (Xinhua) -- Chinese State Councilor and Foreign Minister Wang Yi on Friday made a three-point proposal to enhance East Asia cooperation when attending the 12th East Asia Summit Foreign Ministers' Meeti",0.05
MFA,105,2022-08-08,Ministry of Foreign Affairs of the People's Republic of China - News (English),Wang Yi On Broad Consensuses Reached between China and Mongolia,"On August 8, 2022 local time, State Councilor and Foreign Minister Wang Yi and Mongolian Foreign Minister Batmunkh Battsetseg jointly met the press after their talks. Wang Yi said that since his last visit to Mongolia tw",0.227
MFA,106,2022-08-08,Ministry of Foreign Affairs of the People's Republic of China - News (English),Wang Yi On Broad Consensuses Reached between China and Mongolia,"On August 8, 2022 local time, State Councilor and Foreign Minister Wang Yi and Mongolian Foreign Minister Batmunkh Battsetseg jointly met the press after their talks. Wang Yi said that since his last visit to Mongolia tw",0.228
MFA,107,2022-08-08,Ministry of Foreign Affairs of the People's Republic of China - News (English),Mongolian President Ukhnaa Khurelsukh Meets with Wang Yi,"On August 8, 2022 local time, Mongolian President Ukhnaa Khurelsukh met with State Councilor and Foreign Minister Wang Yi in Ulaanbaatar. Khurelsukh asked Wang Yi to convey his sincere greetings to President Xi Jinping, ",0.259
MFA,108,2022-08-08,Ministry of Foreign Affairs of the People's Republic of China - News (English),Wang Yi Holds Talks with Mongolian Foreign Minister Batmunkh Battsetseg,"On August 8, 2022 local time, State Councilor and Foreign Minister Wang Yi held talks with Mongolian Foreign Minister Batmunkh Battsetseg in Ulaanbaatar. Battsetseg highly praised the Chinese side's policy of building re",0.205
MFA,109,2022-08-08,Ministry of Foreign Affairs of the People's Republic of China - Spokesperson's Remarks (English),Foreign Ministry Spokesperson Wang Wenbin's Regular Press Conference on August 8 2022,Xinhua News Agency: State Councilor and Foreign Minister Wang Yi just wrapped up attending the ASEAN-plus foreign ministers' meetings. What's your comment on the outcomes of these meetings? Wang Wenbin: From August 4 to ,0.029
MFA,110,2022-08-09,Ministry of Foreign Affairs of the People's Republic of China - News (English),"Xi Jinping Replies to Letter from Teachers and Students of a Secondary School """"China Corner"""" in Malta","President Xi Jinping recently replied to a letter from teachers and students of the """"China Corner"""" at St. Margaret College Secondary School in Malta. He encourages more young Maltese to actively participate in people-t",0.165
MFA,111,2022-08-09,Ministry of Foreign Affairs of the People's Republic of China - Spokesperson's Remarks (English),Foreign Ministry Spokesperson Wang Wenbin's Regular Press Conference on August 9 2022,"Dragon TV: On August 8, State Councilor and Foreign Minister Wang Yi paid a visit to Mongolia upon invitation. Could you share more information on the visit? Wang Wenbin: State Councilor and Foreign Minister Wang Yi just",0.123
Xinhua,133,2022-08-09,Xinhua,"Xi replies to letter from teachers, students in Malta","BEIJING, Aug. 9 (Xinhua) -- Chinese President Xi Jinping recently replied to a letter from teachers and students of the China Corner of St. Margaret College Secondary School in Malta, encouraging more Maltese youth to a",0.257
Xinhua,134,2022-08-09,Xinhua,"1st LD Writethru: Xi replies to letter from teachers, students in Malta","BEIJING, Aug. 9 (Xinhua) -- Chinese President Xi Jinping recently replied to a letter from teachers and students of the China Corner of St. Margaret College Secondary School in Malta, encouraging more Maltese youth to ac",0.229
Xinhua,135,2022-08-09,Xinhua,Mongolian president meets with Chinese FM,"ULAN BATOR, Aug. 8 (Xinhua) -- Mongolian President Ukhnaa Khurelsukh met with Chinese State Councilor and Foreign Minister Wang Yi here on Monday. Asking Wang to convey his sincere greetings to Chinese President Xi Jinpi",0.266
Xinhua,136,2022-08-09,Xinhua,"Chinese, Mongolian FMs hold talks on boosting ties","ULAN BATOR, Aug. 8 (Xinhua) -- Chinese State Councilor and Foreign Minister Wang Yi and Mongolian Foreign Minister Batmunkh Battsetseg agreed to further enhance ties between the two countries during their talks here on M",0.18
Xinhua,137,2022-08-09,Xinhua,Chinese envoy urges U.S. political decisions to revive Iran nuke deal,"VIENNA, Aug. 8 (Xinhua) -- China's Permanent Representative to the United Nations in Vienna, Wang Qun, on Monday urged the United States to make immediate political decisions to help promote an early agreement in the Ira",0.112
MFA,112,2022-08-10,Ministry of Foreign Affairs of the People's Republic of China - News (English),Wang Yi Holds Talks with Nepali Foreign Minister Narayan Khadka,"On August 10, 2022, State Councilor and Foreign Minister Wang Yi held talks with the visiting Nepali Foreign Minister Narayan Khadka in Qingdao, Shandong Province. Wang Yi said, China and Nepal, linked by mountains and r",0.146
Xinhua,138,2022-08-11,Xinhua,Chinese FM holds talks with Nepalese counterpart,"QINGDAO, Aug. 10 (Xinhua) -- Chinese State Councilor and Foreign Minister Wang Yi held talks on Wednesday with visiting Nepali Foreign Minister Narayan Khadka in Qingdao, east China's Shandong Province. Noting that China",0.134
Xinhua,139,2022-08-13,Xinhua,Interview: Cambodian academic says China-proposed initiatives essential to global governance,"PHNOM PENH, Aug. 13 (Xinhua) -- China-proposed Global Development Initiative and Global Security Initiative are crucial to building a more just and equitable global governance system toward a community with a shared futu",0.133
MFA,113,2022-08-17,Ministry of Foreign Affairs of the People's Republic of China - News (English),Wang Yi Speaks with Chilean Foreign Minister Antonia Urrejola Noguera on the Phone,"On August 16, 2022, State Councilor and Foreign Minister Wang Yi had a phone conversation with Chilean Foreign Minister Antonia Urrejola Noguera at the latter's request. Wang Yi said that despite the evolving the interna",0.14
Xinhua,140,2022-08-17,Xinhua,Chinese FM holds phone talk with Chilean counterpart,"BEIJING, Aug. 17 (Xinhua) -- Chinese State Councilor and Foreign Minister Wang Yi held a phone talk with his Chilean counterpart Antonia Urrejola on Tuesday at the latter's request. Wang said that China-Chile relations h",0.135
MFA,114,2022-08-18,Ministry of Foreign Affairs of the People's Republic of China - News (English),Wang Yi Talks about the Three-point Consensus Reached at the Coordinators' Meeting on the Implementation of the Follow-up Actions of the Eighth Ministerial Conference of the Forum on China-Africa Cooperation,"On August 18, 2022, in his concluding remarks at the Coordinators' Meeting on the Implementation of the Follow-up Actions of the Eighth Ministerial Conference of the Forum on China-Africa Cooperation (FOCAC), State Counc",0.196
MFA,115,2022-08-18,Ministry of Foreign Affairs of the People's Republic of China - News (English),The 9th China-Japan High-level Political Dialogue is Held in Tianjin,"On August 17, 2022, Member of the Political Bureau of the CPC Central Committee and Director of the Office of the Central Commission for Foreign Affairs Yang Jiechi co-chaired the 9th China-Japan High-level Political Dia",0.153
MFA,116,2022-08-18,Ministry of Foreign Affairs of the People's Republic of China - News (English),Wang Yi Chairs the Coordinators' Meeting on the Implementation of the Follow-up Actions of the Eighth Ministerial Conference of the Forum on China-Africa Cooperation,"On August 18, 2022, State Councilor and Foreign Minister Wang Yi chaired the Coordinators' Meeting on the Implementation of the Follow-up Actions of the Eighth Ministerial Conference of the Forum on China-Africa Cooperat",0.179
Xinhua,141,2022-08-18,Xinhua,"China, Japan hold 9th high-level political dialogue","TIANJIN, Aug. 17 (Xinhua) -- Yang Jiechi, director of the Office of the Foreign Affairs Commission of the Communist Party of China Central Committee, on Wednesday co-chaired the ninth China-Japan high-level political dia",0.157
Xinhua,142,2022-08-18,Xinhua,Top Chinese legislator holds virtual talks with Tonga's senior official,"BEIJING, Aug. 17 (Xinhua) -- Li Zhanshu, chairman of the National People's Congress (NPC) Standing Committee, on Wednesday met with Tonga's Speaker of the Legislative Assembly, Lord Fakafanua, via video link. Li said tha",0.152
MFA,117,2022-08-19,Ministry of Foreign Affairs of the People's Republic of China - News (English),Joint Statement of the Coordinators' Meeting on the Implementation of the Follow-up Actions of the Eighth Ministerial Conference of the Forum on China-Africa Cooperation (FOCAC),The Coordinators' Meeting on the Implementation of the Follow-up Actions of the Eighth Ministerial Conference of the Forum on China-Africa Cooperation (FOCAC) concluded successfully on 18 August 2022. The meeting unanimo,0.147
MFA,118,2022-08-19,Ministry of Foreign Affairs of the People's Republic of China - News (English),"China and Africa: Strengthening Friendship, Solidarity and Cooperation for a New Era of Common Development",Remarks by State Councilor Wang Yi at the Coordinators' Meeting on the Implementation of the Follow-up Actions of The Eighth Ministerial Conference of The Forum on China-Africa Cooperation (FOCAC) 18 August 2022 Your Ex,0.176
MFA,119,2022-08-19,Ministry of Foreign Affairs of the People's Republic of China - News (English),"China and Africa: Strengthening Friendship, Solidarity and Cooperation for a New Era of Common Development",Remarks by State Councilor Wang Yi at the Coordinators' Meeting on the Implementation of the Follow-up Actions of The Eighth Ministerial Conference of The Forum on China-Africa Cooperation (FOCAC) 18 August 2022 Your Ex,0.175
Xinhua,143,2022-08-24,Xinhua,"China, Türkiye vow to strengthen parliamentary cooperation","BEIJING, Aug. 24 (Xinhua) -- China's top legislator Li Zhanshu on Wednesday held talks with Turkish Parliament Speaker Mustafa Sentop via video link, with both sides vowing to enhance parliamentary exchanges and cooperat",0.178
Xinhua,144,2022-08-28,Xinhua,NPT Review Conference ends without adoption of outcome document,"UNITED NATIONS, Aug. 27 (Xinhua) -- The 10th Review Conference of the Parties to the Treaty on the Non-Proliferation of Nuclear Weapons (NPT) ended on Friday night without the adoption of an outcome document. The parties",0.06
MFA,120,2022-08-29,Ministry of Foreign Affairs of the People's Republic of China - Spokesperson's Remarks (English),Foreign Ministry Spokesperson Zhao Lijian's Regular Press Conference on August 29 2022,Shenzhen TV: The Tenth Review Conference of the Parties to the Treaty on the Non-Proliferation of Nuclear Weapons (NPT) concluded at the UN Headquarters in New York last week and states parties were unable to reach conse,0.037
MFA,121,2022-09-02,Ministry of Foreign Affairs of the People's Republic of China - News (English),Jointly Upholding True Multilateralism and Starting a New Journey of Maritime Governance,"The Honorable Under-Secretary-General Miguel de Serpa Soares, Distinguished Guests, Friends, It is a pleasure to meet you all via video link to mark the 40th anniversary of the opening for signature of the United Nations",0.153
MFA,122,2022-09-02,Ministry of Foreign Affairs of the People's Republic of China - Spokesperson's Remarks (English),Foreign Ministry Spokesperson Zhao Lijian's Regular Press Conference on September 2 2022,CCTV: China was the rotating president of the UN Security Council for August. How do you assess China's work in this role? Zhao Lijian: China has successfully completed its work as the rotating president of the UN Securi,0.059
Xinhua,145,2022-09-02,Xinhua,"China, Nepal to enhance cooperation, boost ties","BEIJING, Sept. 2 (Xinhua) -- China's top political advisor Wang Yang on Friday met via video link with Chairman of National Assembly of Nepal Ganesh Prasad Timilsina. Wang, chairman of the Chinese People's Political Cons",0.175
MFA,123,2022-09-08,Ministry of Foreign Affairs of the People's Republic of China - News (English),Wang Yi Holds Phone Conversation with Iranian Foreign Minister Hossein Amir-Abdollahian,"On September 8, 2022, State Councilor and Foreign Minister Wang Yi had a phone conversation with Iranian Foreign Minister Hossein Amir-Abdollahian at request. Wang Yi said that under the guidance of the two heads of stat",0.144
MFA,124,2022-09-08,Ministry of Foreign Affairs of the People's Republic of China - Spokesperson's Remarks (English),Foreign Ministry Spokesperson Mao Ning's Regular Press Conference on September 8 2022,Reuters: Taiwan said on Thursday that it would send a representative to former Japanese Prime Minister Shinzo Abe's state funeral. What is the foreign ministry's response to this? Can the foreign ministry announce if a r,0.084
Xinhua,146,2022-09-08,Xinhua,"Top Chinese legislator says China advocates multipolar world, Far East cooperation","VLADIVOSTOK, Russia, Sept. 8 (Xinhua) -- Li Zhanshu, chairman of the National People's Congress Standing Committee, on Wednesday voiced China's support for a multipolar world and regional cooperation in the Far East. Li ",0.15
MFA,125,2022-09-09,Ministry of Foreign Affairs of the People's Republic of China - Spokesperson's Remarks (English),Foreign Ministry Spokesperson Mao Ning's Regular Press Conference on September 9 2022,CCTV: President Xi Jinping exchanged congratulatory messages today with the rotating Chairperson of the African Union and Senegalese President Macky Sall on the 20th anniversary of the AU's founding and the establishment,0.114
Xinhua,147,2022-09-09,Xinhua,Chinese FM holds phone talks with Iranian counterpart,"BEIJING, Sept. 8 (Xinhua) -- Chinese State Councilor and Foreign Minister Wang Yi on Thursday held a phone conversation with Iranian Foreign Minister Hossein Amir-Abdollahian. Under the guidance of the two countries' hea",0.134
Xinhua,148,2022-09-10,Xinhua,Top Chinese legislator pays official goodwill visit to Russia,"MOSCOW, Sept. 10 (Xinhua) -- Li Zhanshu, chairman of China's National People's Congress (NPC) Standing Committee, paid an official goodwill visit to Russia from Wednesday to Saturday, at the invitation of Chairman of the",0.196
Xinhua,149,2022-09-12,Xinhua,Top Chinese legislator pays official goodwill visit to Mongolia,"ULAN BATOR, Sept. 12 (Xinhua) -- Li Zhanshu, chairman of China's National People's Congress (NPC) Standing Committee, paid an official goodwill visit to Mongolia from Saturday to Monday, at the invitation of Chairman of ",0.248
Xinhua,150,2022-09-12,Xinhua,Xiplomacy: Xi's upcoming Central Asia trip to bolster SCO cooperation,"BEIJING, Sept. 12 (Xinhua) -- Chinese President Xi Jinping will attend the 22nd meeting of the Council of Heads of State of the Shanghai Cooperation Organization (SCO) in the city of Samarkand, and pay state visits to Ka",0.101
MFA,126,2022-09-13,Ministry of Foreign Affairs of the People's Republic of China - News (English),Build on the Past to Make Greater Strides in China-Kazakhstan Relations,"Xi Jinping President of the People's Republic of China In the charming season of autumn, I will be making a state visit to the friendly country of Kazakhstan at the invitation of President Kassym-Jomart Tokayev. After an",0.159
MFA,127,2022-09-13,Ministry of Foreign Affairs of the People's Republic of China - News (English),Working Together for a Brighter Future of China-Uzbekistan Relations,"Xi Jinping President of the People's Republic of China """"The land is fertile and crops thriving. Trees flourish, and flowers and fruits abound. A place home to steeds."""" This is how Huen Tsang, an eminent Chinese monk in",0.179
MFA,128,2022-09-13,Ministry of Foreign Affairs of the People's Republic of China - Spokesperson's Remarks (English),Foreign Ministry Spokesperson Mao Ning's Regular Press Conference on September 13 2022,China Daily: The Foreign Ministry put out an announcement yesterday that President Xi Jinping will attend the upcoming SCO summit in Uzbekistan and pay state visits to Kazakhstan and Uzbekistan. Could you share more with,0.07
Xinhua,151,2022-09-13,Xinhua,"Xiplomacy: China-proposed initiatives focus on global development, security","BEIJING, Sept. 13 (Xinhua) -- From Wednesday to Friday, Chinese President Xi Jinping will attend the 22nd meeting of the Council of Heads of State of the Shanghai Cooperation Organization (SCO) in the Uzbek city of Samar",0.1
Xinhua,152,2022-09-13,Xinhua,Full text of Xi's signed article on Kazakh newspaper,"BEIJING, Sept. 13 (Xinhua) -- A signed article by Chinese President Xi Jinping titled """"Build on the Past to Make Greater Strides in China-Kazakhstan Relations"""" was published Tuesday on the Kazakhstanskaya Pravda newspa",0.173
Xinhua,153,2022-09-13,Xinhua,Full text of Xi's signed article on Uzbek media,"BEIJING, Sept. 13 (Xinhua) -- A signed article by Chinese President Xi Jinping titled """"Working Together for a Brighter Future of China-Uzbekistan Relations"""" was published Tuesday on Uzbek media ahead of his state visit",0.185
Xinhua,154,2022-09-14,Xinhua,"China's top political advisor meets senior Mozambican, Burundian lawmakers","BEIJING, Sept. 13 (Xinhua) -- China's top political advisor Wang Yang on Tuesday met separately with the President of the Assembly of the Republic of Mozambique Esperanca Bias and the Burundian Senate President Emmanuel ",0.178
MFA,129,2022-09-15,Ministry of Foreign Affairs of the People's Republic of China - News (English),President Xi Jinping Meets with Turkmen President Serdar Berdymukhamedov,"On the morning of September 15 local time, President Xi Jinping met with Turkmen President Serdar Berdymukhamedov at Forumlar Majmuasi Complex in Samarkand. President Xi Jinping said that since China and Turkmenistan est",0.154
MFA,130,2022-09-15,Ministry of Foreign Affairs of the People's Republic of China - News (English),President Xi Jinping Meets with Kyrgyz President Sadyr Zhaparov,"On the morning of September 15 local time, President Xi Jinping met with President of Kyrgyzstan Sadyr Zhaparov at Forumlar Majmuasi Complex in Samarkand. President Xi noted that he and President Zhaparov had a friendly,",0.185
MFA,131,2022-09-15,Ministry of Foreign Affairs of the People's Republic of China - News (English),President Xi Jinping receives Order of the Golden Eagle awarded by President of Kazakhstan Kassym-Jomart Tokayev,"On the afternoon of 14 September local time, President Xi Jinping received the Order of the Golden Eagle, or """"Altyn Qyran"""" Order, awarded by President of Kazakhstan Kassym-Jomart Tokayev at the Ak Orda Presidential Pal",0.261
MFA,132,2022-09-15,Ministry of Foreign Affairs of the People's Republic of China - News (English),President Xi Jinping receives Order of the Golden Eagle Awarded by President of Kazakhstan Kassym-Jomart Tokayev,"On the afternoon of 14 September local time, President Xi Jinping received the Order of the Golden Eagle, or """"Altyn Qyran"""" Order, awarded by President of Kazakhstan Kassym-Jomart Tokayev at the Ak Orda Presidential Pal",0.261
MFA,133,2022-09-15,Ministry of Foreign Affairs of the People's Republic of China - News (English),President Xi Jinping Holds Talks with President Shavkat Mirziyoyev of Uzbekistan,"On 15 September local time, President Xi Jinping held talks with President Shavkat Mirziyoyev of Uzbekistan in Samarkand. The two heads of state announced that, bearing in mind the long-term development of China-Uzbekist",0.181
MFA,134,2022-09-15,Ministry of Foreign Affairs of the People's Republic of China - News (English),President Xi Jinping Makes a State Visit to the Republic of Kazakhstan,"On the afternoon of 14 September local time, President Xi Jinping arrived in Nur-Sultan on the special plane and began his state visit to the Republic of Kazakhstan. He was warmly received by President Kassym-Jomart Tok",0.165
MFA,135,2022-09-15,Ministry of Foreign Affairs of the People's Republic of China - Spokesperson's Remarks (English),Foreign Ministry Spokesperson Mao Ning's Regular Press Conference on September 15 2022,"Han Zheng, Member of the Standing Committee of the Political Bureau of the CPC Central Committee and Vice Premier of the State Council, will attend the opening ceremony of the 19th China-ASEAN Expo (CAEXPO) and China-ASE",0.101
Xinhua,155,2022-09-15,Xinhua,"China, Kazakhstan issue joint statement on 30-year relations","NUR-SULTAN, Sept. 14 (Xinhua) -- China and Kazakhstan on Wednesday issued a joint statement on the 30th anniversary of the establishment of diplomatic relations. The statement summarizes the achievements of bilateral coo",0.188
Xinhua,156,2022-09-15,Xinhua,"China will always be trustworthy, reliable friend and partner of Kyrgyzstan: Xi","SAMARKAND, Uzbekistan, Sept. 15 (Xinhua) -- China has been, is now and will always be a trustworthy and reliable friend and partner of Kyrgyzstan, Chinese President Xi Jinping said in a meeting with Kyrgyz President Sady",0.206
Xinhua,157,2022-09-15,Xinhua,"Chinese, Turkmen presidents meet to advance bilateral ties","SAMARKAND, Uzbekistan, Sept. 15 (Xinhua) -- China is willing to constantly push forward the development of relations with Turkmenistan for the benefit of the two peoples, Chinese President Xi Jinping said in a meeting wi",0.145
Xinhua,158,2022-09-15,Xinhua,"China, Uzbekistan issue joint statement on advancing cooperation","SAMARKAND, Uzbekistan, Sept. 15 (Xinhua) -- China and Uzbekistan on Thursday issued a joint statement on promoting their comprehensive strategic partnership and advancing all-round cooperation. The two sides said that si",0.155
Xinhua,159,2022-09-15,Xinhua,Xi receives Order of the Golden Eagle awarded by Kazakh President Tokayev,"NUR-SULTAN, Sept. 14 (Xinhua) -- Chinese President Xi Jinping on Wednesday afternoon received the Order of the Golden Eagle, or """"Altyn Qyran"""" Order, awarded by Kazakh President Kassym-Jomart Tokayev at the Ak Orda Pres",0.262
Xinhua,160,2022-09-15,Xinhua,Top Chinese legislator pays official goodwill visit to Nepal,"KATHMANDU, Sept. 15 (Xinhua) -- At the invitation of Speaker of Nepal's House of Representatives Agni Sapkota, Chairman of China's National People's Congress (NPC) Standing Committee Li Zhanshu paid an official goodwill ",0.187
Xinhua,161,2022-09-15,Xinhua,Xi pays state visit to Kazakhstan,"NUR-SULTAN, Sept. 14 (Xinhua) -- Chinese President Xi Jinping arrived here Wednesday afternoon and began his state visit to the Republic of Kazakhstan. Xi was warmly received by Kazakh President Kassym-Jomart Tokayev acc",0.163
Xinhua,162,2022-09-15,Xinhua,"1st LD Writethru: China, Uzbekistan pledge to advance mutually beneficial cooperation","SAMARKAND, Uzbekistan, Sept. 15 (Xinhua) -- Chinese President Xi Jinping held talks with Uzbek President Shavkat Mirziyoyev here on Thursday. The two heads of state said that bearing in mind the long-term development of ",0.17
MFA,136,2022-09-16,Ministry of Foreign Affairs of the People's Republic of China - News (English),President Xi Jinping Meets Iranian President Ebrahim Raisi,"On the morning of 16 September local time, President Xi Jinping met with Iranian President Ebrahim Raisi at Forumlar Majmuasi Complex in Samarkand. President Xi pointed out that China and Iran enjoy a longstanding friend",0.223
MFA,137,2022-09-16,Ministry of Foreign Affairs of the People's Republic of China - News (English),President Xi Jinping Meets with Azerbaijani President Ilham Aliyev,"On the afternoon of September 15 local time, President Xi Jinping met with Azerbaijani President Ilham Aliyev at Forumlar Majmuasi Complex in Samarkand. President Xi noted that this year marks the 30th anniversary of the",0.199
MFA,138,2022-09-16,Ministry of Foreign Affairs of the People's Republic of China - News (English),President Xi Jinping Meets Pakistani Prime Minister Muhammad Shehbaz Sharif,"On the morning of 16 September local time, President Xi Jinping met with Pakistani Prime Minister Muhammad Shehbaz Sharif at Forumlar Majmuasi Complex in Samarkand. President Xi pointed out that China and Pakistan are cl",0.169
MFA,139,2022-09-16,Ministry of Foreign Affairs of the People's Republic of China - News (English),President Xi Jinping Meets with Belarusian President Alexander Lukashenko,"On the afternoon of September 15 local time, President Xi Jinping met with Belarusian President Alexander Lukashenko at Forumlar Majmuasi Complex in Samarkand. The two presidents decided to upgrade the bilateral relation",0.228
MFA,140,2022-09-16,Ministry of Foreign Affairs of the People's Republic of China - News (English),Ride on the Trend of the Times and Enhance Solidarity and Cooperation to Embrace a Better Future,"Statement by H.E. Xi Jinping President of the People's Republic of China At the 22nd Meeting of the Council of Heads of State of The Shanghai Cooperation Organization Samarkand, 16 September 2022 Your Excellency Preside",0.182
MFA,141,2022-09-16,Ministry of Foreign Affairs of the People's Republic of China - News (English),President Xi Jinping Attends the 22nd Meeting of the SCO Council of Heads of State and Delivers Important Remarks,"On 16 September local time, President Xi Jinping attended the 22nd Meeting of the Council of Heads of State of the Shanghai Cooperation Organization (SCO) at the Samarkand Congress Center. The meeting was chaired by Pres",0.154
MFA,142,2022-09-16,Ministry of Foreign Affairs of the People's Republic of China - Spokesperson's Remarks (English),Foreign Ministry Spokesperson Mao Ning's Regular Press Conference on September 16 2022,CCTV: President Xi Jinping arrived in Samarkand and began his state visit to Uzbekistan yesterday. Could you share more information with us? Mao Ning: At the invitation of President Shavkat Mirziyoyev of the Republic of ,0.065
Xinhua,163,2022-09-16,Xinhua,Xi meets with Azerbaijani President Aliyev,"SAMARKAND, Uzbekistan, Sept. 15 (Xinhua) -- Chinese President Xi Jinping met with Azerbaijani President Ilham Aliyev on Thursday afternoon at Forumlar Majmuasi Complex in Samarkand. Xi noted that this year marks the 30th",0.194
Xinhua,164,2022-09-16,Xinhua,"China, Belarus issue joint statement on establishing all-weather comprehensive strategic partnership","SAMARKAND, Uzbekistan, Sept. 15 (Xinhua) -- China and Belarus on Thursday issued a joint statement on establishing an all-weather comprehensive strategic partnership. Chinese President Xi Jinping on Thursday met with Bel",0.227
Xinhua,165,2022-09-16,Xinhua,1st LD Writethru: Xi meets Pakistani PM Muhammad Shehbaz Sharif,"SAMARKAND, Uzbekistan, Sept. 16 (Xinhua) -- Chinese President Xi Jinping met with Pakistani Prime Minister Muhammad Shehbaz Sharif on Friday Morning at Forumlar Majmuasi Complex in Samarkand. Xi pointed out that China an",0.158
Xinhua,166,2022-09-16,Xinhua,2nd LD Writethru: Xi meets with Iranian President Ebrahim Raisi,"SAMARKAND, Uzbekistan, Sept. 16 (Xinhua) -- Chinese President Xi Jinping met with Iranian President Ebrahim Raisi on Friday morning at Forumlar Majmuasi Complex in Samarkand. Xi pointed out that China and Iran enjoy a lo",0.203
Xinhua,167,2022-09-16,Xinhua,Xi meets with Belarusian President Lukashenko,"SAMARKAND, Uzbekistan, Sept. 15 (Xinhua) -- Chinese President Xi Jinping on Thursday afternoon met with Belarusian President Alexander Lukashenko at Forumlar Majmuasi Complex in Samarkand. The two presidents decided to u",0.236
Xinhua,168,2022-09-16,Xinhua,"China, ASEAN to build closer community with shared future: vice premier","NANNING, Sept. 16 (Xinhua) -- Chinese Vice Premier Han Zheng on Friday called on China and the Association of Southeast Asian Nations (ASEAN) to take the opportunity of the implementation of the Regional Comprehensive Ec",0.097
Xinhua,169,2022-09-16,Xinhua,Xi meets with Mongolian President Khurelsukh,"SAMARKAND, Uzbekistan, Sept. 15 (Xinhua) -- Chinese President Xi Jinping met with his Mongolian counterpart, Ukhnaa Khurelsukh, at Forumlar Majmuasi Complex in Samarkand on Thursday afternoon. Xi pointed out that China-M",0.234
Xinhua,170,2022-09-16,Xinhua,Full text of Xi's speech at SCO Samarkand summit,"SAMARKAND, Uzbekistan, Sept. 16 (Xinhua) -- Chinese President Xi Jinping delivered a speech at the 22nd meeting of the Council of Heads of State of the Shanghai Cooperation Organization (SCO) here on Friday. The followin",0.195
MFA,143,2022-09-17,Ministry of Foreign Affairs of the People's Republic of China - News (English),A Trip that Pointed the Way Forward in Turbulent Times and Reinvigorated the Ancient Silk Road,"From September 14 to 16, 2022, President Xi Jinping attended the 22nd Meeting of the Council of Heads of State of the Shanghai Cooperation Organization (SCO) in Samarkand and paid state visits to Kazakhstan and Uzbekista",0.164
Xinhua,171,2022-09-17,Xinhua,"Xinhua Headlines: SCO grows from regional body to global force for common development, security","SAMARKAND, Uzbekistan, Sept. 16 (Xinhua) -- As Chinese President Xi Jinping and other world leaders gathered here on Friday for the 22nd meeting of the Council of Heads of State of the Shanghai Cooperation Organization (",0.114
Xinhua,172,2022-09-17,Xinhua,"Xinhua Headlines: SCO grows from regional body to global force for common development, security","Chinese President Xi Jinping poses for a group photo with other leaders and guests ahead of the 22nd meeting of the Council of Heads of State of the Shanghai Cooperation Organization (SCO) in Samarkand, Uzbekistan, Sept.",0.106
Xinhua,173,2022-09-17,Xinhua,"Xinhua Headlines: SCO injects more positivity into regional stability, development as Xi's proposals win hearts of int'l community","BEIJING, Sept. 17 (Xinhua) -- Chinese President Xi Jinping just concluded his two-nation trip on late Friday after wrapping up attendance to the 22nd meeting of the Council of Heads of State of the Shanghai Cooperation O",0.127
Xinhua,174,2022-09-17,Xinhua,Top Chinese legislator pays official goodwill visit to South Korea,"SEOUL, Sept. 17 (Xinhua) -- Li Zhanshu, chairman of China's National People's Congress (NPC) Standing Committee, paid an official goodwill visit to South Korea from Thursday to Saturday, at the invitation of South Korea'",0.187
Xinhua,175,2022-09-17,Xinhua,"Xinhua Headlines: SCO injects more positivity into regional stability, development as Xi's proposals win hearts of int'l community"," A man rides past a logo of the 22nd meeting of the Council of Heads of State of the Shanghai Cooperation Organization (SCO) in Samarkand, Uzbekistan on Sept. 12, 2022. (Xinhua/Bai Xueqi)* The successful experience of SC",0.129
Xinhua,176,2022-09-17,Xinhua,1st LD Writethru: Leaders of SCO member states sign Samarkand Declaration,"SAMARKAND, Uzbekistan, Sept. 16 (Xinhua) -- Leaders of the Shanghai Cooperation Organization (SCO) member states on Friday signed and released here the Samarkand Declaration of the Council of Heads of State of the SCO. T",0.088
Xinhua,177,2022-09-18,Xinhua,"Interview: China plays important role in multiple areas of cooperation in SCO, says Pakistani PM","ISLAMABAD, Sept. 18 (Xinhua) -- As a founding member of the Shanghai Cooperation Organization (SCO), China has played an important role in multiple areas of cooperation in the SCO, Pakistani Prime Minister Shahbaz Sharif",0.119
Xinhua,178,2022-09-18,Xinhua,"1st LD-Writethru-Xinhua Headlines: SCO injects more positivity into regional stability, development as Xi's proposals win hearts of int'l community","* The successful experience of SCO is adhering to political trust, win-win cooperation, equality between nations, openness and inclusiveness as well as equity and justice.* Xi's visits to Kazakhstan and Uzbekistan on his",0.129
Xinhua,179,2022-09-19,Xinhua,Xinhua Commentary: SCO en route to promising future with Shanghai Spirit as guide,"BEIJING, Sept. 19 (Xinhua) -- Chinese President Xi Jinping has just wrapped up his two-nation trip to Kazakhstan and Uzbekistan and attendance at the 22nd meeting of the Council of Heads of State of the Shanghai Cooperat",0.193
MFA,144,2022-09-20,Ministry of Foreign Affairs of the People's Republic of China - News (English),Wang Yi Meets with Cuban Foreign Minister Bruno Rodríguez Parrilla,"On September 19, 2022 local time, State Councilor and Foreign Minister Wang Yi met with Cuban Foreign Minister Bruno Rodríguez Parrilla on the sidelines of the United Nations General Assembly in New York. Wang Yi said th",0.229
MFA,145,2022-09-20,Ministry of Foreign Affairs of the People's Republic of China - News (English),Wang Yi Meets with Nicaraguan Foreign Minister Denis Moncada,"On September 19, 2022 local time, State Councilor and Foreign Minister Wang Yi met with Nicaraguan Foreign Minister Denis Moncada on the sidelines of the General Debate of the 77th Session of the United Nations General A",0.165
MFA,146,2022-09-20,Ministry of Foreign Affairs of the People's Republic of China - Spokesperson's Remarks (English),Foreign Ministry Spokesperson Wang Wenbin's Regular Press Conference on September 20 2022,"CCTV: According to reports, State Councilor and Foreign Minister Wang Yi had an exchange with representatives of the National Committee on US-China Relations, the US-China Business Council and the US Chamber of Commerce,",0.072
Xinhua,180,2022-09-20,Xinhua,China calls for stronger alignment of development strategies with Cuba: Chinese FM,"NEW YORK, Sept. 19 (Xinhua) -- Chinese State Councilor and Foreign Minister Wang Yi met with Cuban Minister of Foreign Affairs Bruno Rodriguez here Monday, hailing the bilateral ties between Beijing and Havana while stre",0.213
Xinhua,181,2022-09-20,Xinhua,Chinese FM meets Nicaraguan counterpart on sidelines of UNGA session,"NEW YORK, Sept. 19 (Xinhua) -- Chinese State Councilor and Foreign Minister Wang Yi met here with Nicaraguan Foreign Minister Denis Moncada on Monday, during which both sides agreed to seize the opportunity presented by ",0.139
MFA,147,2022-09-21,Ministry of Foreign Affairs of the People's Republic of China - News (English),Wang Yi Attends the Second Middle East Security Forum,"On September 21, 2022 local time, State Councilor and Foreign Minister Wang Yi attended the opening ceremony of the second Middle East Security Forum via video link. Wang Yi said, three years ago, China held the first Mi",0.126
Xinhua,182,2022-09-21,Xinhua,Chinese FM makes four proposals for security in Middle East,"BEIJING, Sept. 21 (Xinhua) -- Chinese State Councilor and Foreign Minister Wang Yi on Wednesday made four proposals for the promotion of peace and stability in the Middle East. Wang put forward the proposals when attendi",0.198
Xinhua,183,2022-09-21,Xinhua,Xi sends congratulatory letter to commemorative event for Int'l Day of Peace 2022,"BEIJING, Sept. 21 (Xinhua) -- Chinese President Xi Jinping sent a congratulatory letter to the commemorative event held here on Wednesday for the International Day of Peace 2022, which falls on Sept. 21. In his letter, X",0.205
Xinhua,184,2022-09-21,Xinhua,Chinese VP attends commemorative event for Int'l Day of Peace 2022,"BEIJING, Sept. 21 (Xinhua) -- China is ready to work with the international community to jointly implement the Global Security Initiative, Chinese Vice President Wang Qishan said on Wednesday while attending the commemor",0.225
MFA,148,2022-09-22,Ministry of Foreign Affairs of the People's Republic of China - News (English),Wang Yi Meets with Russian Foreign Minister Sergey Lavrov,"On September 21, 2022 local time, State Councilor and Foreign Minister Wang Yi met with Russian Foreign Minister Sergey Lavrov on the sidelines of the United Nations General Assembly in New York. Lavrov wishes the 20th N",0.169
MFA,149,2022-09-22,Ministry of Foreign Affairs of the People's Republic of China - Spokesperson's Remarks (English),Foreign Ministry Spokesperson Zhao Lijian's Regular Press Conference on September 22 2022,"MASTV: World Bank President David Malpass said recently that """"China's unwillingness to deliver more stimulus during the current international slowdown is putting more pressure on the US to support international growth""""",0.035
Xinhua,185,2022-09-22,Xinhua,Chinese FM meets Russian counterpart,"UNITED NATIONS, Sept. 21 (Xinhua) -- Chinese State Councilor and Foreign Minister Wang Yi met here on Wednesday with Russian Foreign Minister Sergei Lavrov on the sidelines of the ongoing 77th session of the UN General A",0.202
MFA,150,2022-09-23,Ministry of Foreign Affairs of the People's Republic of China - News (English),Wang Yi Attends UN Security Council Foreign Ministers' Meeting on Ukraine Issue,"On September 22, 2022 local time, State Councilor and Foreign Minister Wang Yi attended the Security Council Foreign Ministers' Meeting on the Ukraine issue at the United Nations (UN) headquarters in New York. Wang Yi sa",0.088
MFA,151,2022-09-23,Ministry of Foreign Affairs of the People's Republic of China - News (English),The Right Way for China and the United States to Get Along in the New Era,"Speech by State Councilor and Foreign Minister Wang Yi at Asia Society New York, September 22, 2022 President Kevin Rudd of the Asia Society, Ladies and Gentlemen, It is good to be back in New York for the U.N. General A",0.081
MFA,152,2022-09-24,Ministry of Foreign Affairs of the People's Republic of China - News (English),Wang Yi Meets with UN Secretary-General António Guterres,"On September 23, 2022 local time, State Councilor and Foreign Minister Wang Yi met with UN Secretary-General António Guterres on the sidelines of the United Nations General Assembly in New York. Wang Yi said, the world t",0.158
MFA,153,2022-09-25,Ministry of Foreign Affairs of the People's Republic of China - News (English),Making Every Effort for Peace and Development and Shouldering the Responsibility for Solidarity and Progress,"Statement by H.E. Wang Yi State Councilor and Foreign Minister of The People's Republic of ChinaAt the General Debate of the 77th Session of The United Nations General Assembly New York, September 24, 2022 Mr. President,",0.129
Xinhua,186,2022-09-25,Xinhua,"China firmly upholds purposes, principles of UN charter: FM","UNITED NATIONS, Sept. 24 (Xinhua) -- China firmly upholds the purposes and principles of the UN Charter, and the core role being played by the United Nations in international affairs, Chinese State Councilor and Foreign ",0.148
Xinhua,187,2022-09-25,Xinhua,Chinese FM meets with UN chief,"NEW YORK, Sept. 23 (Xinhua) -- Chinese State Councilor and Foreign Minister Wang Yi met with UN Secretary-General Antonio Guterres here Friday on the sidelines of the 77th session of the UN General Assembly. Secretary-Ge",0.148
Xinhua,188,2022-09-25,Xinhua,"Chinese FM attends general debate of 77th session of UNGA, delivers speech","UNITED NATIONS, Sept. 24 (Xinhua) -- Chinese State Councilor and Foreign Minister Wang Yi on Saturday called on the international community to make every effort for peace and development, and shoulder the responsibility ",0.175
MFA,154,2022-09-26,Ministry of Foreign Affairs of the People's Republic of China - Spokesperson's Remarks (English),Foreign Ministry Spokesperson Wang Wenbin's Regular Press Conference on September 26 2022,CCTV: State Councilor and Foreign Minister Wang Yi delivered a statement at the General Debate of the 77th Session of the United Nations General Assembly. Could you share more information on that? Wang Wenbin: On Septemb,0.052
MFA,155,2022-09-27,Ministry of Foreign Affairs of the People's Republic of China - News (English),Wang Yi Meets with President of the 77th Session of the United Nations General Assembly Csaba Kőrösi,"On September 24, 2022 local time, State Councilor and Foreign Minister Wang Yi met with the President of the 77th Session of the United Nations General Assembly Csaba Kőr&ouml;si on the sidelines of the UNGA session in N",0.173
Xinhua,189,2022-09-29,Xinhua,"Chinese-proposed initiatives support global solidarity, peace: Ethiopian official","ADDIS ABABA, Sept. 28 (Xinhua) -- The Chinese-proposed Global Development Initiative and Global Security Initiative will support global solidarity and peace toward stronger partnership and development, a senior Ethiopian",0.186
Xinhua,190,2022-09-29,Xinhua,"Roundup: Zambia, China hold forum to deepen trade, investment ties","LUSAKA, Sept. 28 (Xinhua) -- The first China-Zambia investment forum opened Wednesday in Lusaka, the capital of Zambia, with the two countries pledging to deepen trade and investment relations. Being held under the theme",0.101
Xinhua,191,2022-10-02,Xinhua,"China to continue support Lebanon in safeguarding sovereignty, independence: ambassador","BEIRUT, Oct. 1 (Xinhua) -- China will continue to support Lebanon in safeguarding sovereignty, independence and territorial integrity, and to actively participate in the UN peacekeeping missions, Chinese Ambassador to Le",0.154
Xinhua,192,2022-10-02,Xinhua,"Roundup: Foreign officials, experts wish 20th CPC National Congress success during celebrations of China's National Day","BEIJING, Oct. 2 (Xinhua) -- Chinese embassies and missions have held events to celebrate the 73rd anniversary of the founding of the People's Republic of China (PRC), during which foreign officials and experts expressed ",0.203
Xinhua,193,2022-10-02,Xinhua,Foreign leaders congratulate the People's Republic of China on 73rd founding anniversary,"BEIJING, Oct. 1 (Xinhua) -- Leaders of many countries and international organizations have recently telephoned or sent letters to Xi Jinping, general secretary of the Communist Party of China (CPC) Central Committee and ",0.194
Xinhua,194,2022-10-06,Xinhua,World Insights: World expects new march of CPC after extraordinary decade,"BEIJING, Oct. 6 (Xinhua) -- China's extraordinary achievements over the past 10 years have been widely acknowledged for raising living standards at home and bolstering global development. The upcoming 20th National Congr",0.09
Xinhua,195,2022-10-07,Xinhua,Roundup: Foreign leaders congratulate the People's Republic of China on 73rd founding anniversary,"BEIJING, Oct. 6 (Xinhua) -- Leaders of many countries and international organizations have recently telephoned or sent letters to Xi Jinping, general secretary of the Communist Party of China (CPC) Central Committee and ",0.188
Xinhua,196,2022-10-10,Xinhua,Vision with actions: China works for shared future for mankind,"BEIJING, Oct. 10 (Xinhua) -- Nearly a decade ago, when then newly-elected leadership of the Communist Party of China (CPC) made its debut at the Great Hall of People after the first plenary session of the 18th CPC Centra",0.159
Xinhua,197,2022-10-11,Xinhua,"Cold War mentality remains biggest threat to world peace, stability: Chinese envoy","UNITED NATIONS, Oct. 10 (Xinhua) -- The Cold War has been over for more than 30 years, but the Cold War mentality remains the biggest threat to peace and stability of the world, Li Song, the Chinese ambassador for disarm",0.013
MFA,156,2022-10-13,Ministry of Foreign Affairs of the People's Republic of China - News (English),Meeting Challenges with Stronger Solidarity and Coordination,"Remarks by H.E. Wang Qishan Vice President of the People's Republic of China At the Sixth Summit of the Conference On Interaction and Confidence-Building Measures in Asia October 13, 2022 Your Excellency President Kassym",0.161
MFA,157,2022-10-13,Ministry of Foreign Affairs of the People's Republic of China - News (English),Wang Qishan Meets with Kazakh President Kassym-Jomart Tokayev and Attends the Sixth CICA Summit,"On October 13, 2022 local time, Kazakh President Kassym-Jomart Tokayev met with Chinese Vice President Wang Qishan in Astana. Wang Qishan conveyed President Xi Jinping's cordial greetings and best wishes to Tokayev. Reca",0.148
Xinhua,198,2022-10-14,Xinhua,"Chinese VP meets Kazakh president, attends CICA summit","ASTANA, Oct. 13 (Xinhua) -- Chinese Vice President Wang Qishan met with Kazakh President Kassym-Jomart Tokayev and participated in the sixth summit of the Conference on Interaction and Confidence Building Measures in Asi",0.161
Xinhua,199,2022-10-15,Xinhua,World Insights: China's modernization drive and its global inspiration,"BEIJING, Oct. 15 (Xinhua) -- In its unprecedented stride toward modernization, China has worked the twin miracles of rapid economic development and long-term social stability. While these achievements have amazed the glo",0.131
Xinhua,200,2022-10-16,Xinhua,"Roundup: Upcoming CPC national congress under global gaze for more contribution to world peace, development","BEIJING, Oct. 15 (Xinhua) -- The upcoming 20th National Congress of the Communist Party of China (CPC) will fully summarize China's major achievements and valuable experience gained in its reform and development endeavor",0.142
Xinhua,201,2022-10-17,Xinhua,"Roundup: Ruling parties in DPRK, Vietnam, Laos, Cuba congratulate CPC on landmark national congress","BEIJING, Oct. 16 (Xinhua) -- The 20th National Congress of the Communist Party of China (CPC) opened on Sunday. The central committees of the Workers' Party of Korea (WPK) of the Democratic People's Republic of Korea (DP",0.188
Xinhua,202,2022-10-17,Xinhua,Xinhua Headlines: China's commitment to the world in key CPC blueprint bolster global confidence,"BEIJING, Oct. 17 (Xinhua) -- A key report that charts the course for Chinese modernization drive highlighted on Sunday by the Communist Party of China (CPC) at its 20th national congress has drawn world attention. A grou",0.158
Xinhua,203,2022-10-17,Xinhua,Xinhua Headlines: China's commitment to the world in key CPC blueprint bolsters global confidence,"BEIJING, Oct. 17 (Xinhua) -- A key report that charts the course for Chinese modernization drive highlighted on Sunday by the Communist Party of China (CPC) at its 20th national congress has drawn world attention. A grou",0.158
MFA,158,2022-10-18,Ministry of Foreign Affairs of the People's Republic of China - Spokesperson's Remarks (English),Foreign Ministry Spokesperson Wang Wenbin's Regular Press Conference on October 18 2022,CCTV: COVID-19 has highlighted the theoretical and practical value of the vision of a community with a shared future for mankind. UN Secretary-General António Guterres said that the purpose of practising multilateralism ,0.159
Xinhua,204,2022-10-18,Xinhua,(CPC Congress) China Focus: China's new journey a boon to world development,"BEIJING, Oct. 17 (Xinhua) -- A report delivered on Sunday by Xi Jinping at the 20th National Congress of the Communist Party of China (CPC) struck Sean Slattery as """"very forward-looking."""" Slattery was one of nine forei",0.201
MFA,159,2022-10-19,Ministry of Foreign Affairs of the People's Republic of China - Spokesperson's Remarks (English),Foreign Ministry Spokesperson Wang Wenbin's Regular Press Conference on October 19 2022,CCTV: We noted that the Global Development Initiative put forward by President Xi Jinping a year ago has been widely supported and well received by the international community. Could you update us on anything about this ,0.12
Xinhua,205,2022-10-19,Xinhua,"World Insights: China's initiatives on development, security conducive to world peace, prosperity","BEIJING, Oct. 19 (Xinhua) -- With the 20th National Congress of the Communist Party of China (CPC) opening on Sunday, the world is paying close attention to the programs of action and overarching policies that will be fo",0.134
Xinhua,206,2022-10-19,Xinhua,Highlights of foreign congratulatory messages on 20th CPC National Congress (5),"BEIJING, Oct. 19 (Xinhua) -- Leaders of foreign political parties and governments worldwide have congratulated the Central Committee of the Communist Party of China (CPC) and General Secretary Xi Jinping of the committee",0.204
Xinhua,207,2022-10-19,Xinhua,China's nuclear strategy will not change: envoy,"UNITED NATIONS, Oct. 19 (Xinhua) -- China's nuclear strategy and policy have been long-standing and consistent with a high level of stability, continuity and predictability, Chinese Ambassador for Disarmament Affairs Li ",0.029
Xinhua,208,2022-10-20,Xinhua,(CPC Congress) China to persist in development of human community with shared future: vice FM,"BEIJING, Oct. 20 (Xinhua) -- China will promote with concrete actions the building of a community with a shared future for humanity and work to make the system of global governance fairer and more equitable, Vice Foreign",0.134
Xinhua,209,2022-10-20,Xinhua,Highlights of foreign congratulatory messages on 20th CPC National Congress (9),"BEIJING, Oct. 20 (Xinhua) -- Leaders of foreign political parties, government officials and lawmakers worldwide have congratulated the Central Committee of the Communist Party of China (CPC) and General Secretary Xi Jinp",0.096
Xinhua,210,2022-10-21,Xinhua,"Xinhua Headlines: How China contributes to fixing deficits in global development, governance","BEIJING, Oct. 21 (Xinhua) -- A protracted pandemic rarely seen in a century, the rising tide of de-globalization, a wobbling global economy ... the list of unprecedented challenges tormenting humanity as a whole seems un",0.081
Xinhua,211,2022-10-22,Xinhua,"Interview: China offers """"new path for modernization"""" for others -- U.S. scholar","by Xinhua writers Yang Shilong, Zhang Mocheng NEW YORK, Oct. 21 (Xinhua) -- China has made great achievements in building a modern socialist country under the leadership of the Communist Party of China (CPC), offering """"",0.076
MFA,160,2022-10-24,Ministry of Foreign Affairs of the People's Republic of China - Spokesperson's Remarks (English),Foreign Ministry Spokesperson Wang Wenbin's Regular Press Conference on October 24 2022,"The Paper: October 24 marks the United Nations Day and the 77th anniversary of the UN. As a UN founding member and a permanent member of the Security Council, how does China view the UN's role in today's world? No long a",0.107
Xinhua,212,2022-10-24,Xinhua,"Roundup: Leaders of DPRK, Vietnam, Laos, Cuba congratulate Xi on election as general secretary of CPC Central Committee","BEIJING, Oct. 23 (Xinhua) -- Ruling party leaders of the Democratic People's Republic of Korea (DPRK), Vietnam, Laos and Cuba on Sunday respectively sent congratulations to Xi Jinping on his election as general secretary",0.21
Xinhua,213,2022-10-25,Xinhua,Profile: Xi Jinping leads China on new journey,"BEIJING, Oct. 24 (Xinhua) -- After 10 years at the helm of the Communist Party of China (CPC), Xi Jinping, 69, once again stood in front of reporters as the Party's top leader, vowing to lead the country to pursue nation",0.086
MFA,161,2022-10-26,Ministry of Foreign Affairs of the People's Republic of China - Spokesperson's Remarks (English),Foreign Ministry Spokesperson Wang Wenbin's Regular Press Conference on October 26 2022,"At the invitation of Premier of the State Council Li Keqiang, Shehbaz Sharif, Prime Minister of the Islamic Republic of Pakistan, will pay an official visit to China starting from November 1. Dragon TV: You just announc",0.128
Xinhua,214,2022-10-26,Xinhua,Interview: ITU looks forward to further cooperation with China -- secretary-general,"GENEVA, Oct. 26 (Xinhua) -- China has made historic achievements in fields including poverty eradication, science and technology during the past decade, and the International Telecommunication Union (ITU) looks forward t",0.147
Xinhua,215,2022-10-26,Xinhua,"Interview: Chinese modernization a model adapted to its realities, vice president of French Senate","PARIS, Oct. 26 (Xinhua) -- The Chinese path to modernization, a model adapted to the realities of China, is """"important and must be respected,"""" Pierre Laurent, vice president of the French Senate, has said. The 20th Nat",0.085
Xinhua,216,2022-10-26,Xinhua,World Insights: China's far-reaching blueprint boosts global confidence,"BEIJING, Oct. 25 (Xinhua) -- The Communist Party of China (CPC), the ruling party of the world's second-largest economy, has unveiled its new top leadership. How the new leadership will steer China on its future voyage c",0.189
MFA,162,2022-10-28,Ministry of Foreign Affairs of the People's Republic of China - News (English),Wang Yi Attends and Addresses the General Debate of the 77th Session of the United Nations General Assembly,"On September 24, 2022 local time, State Councilor and Foreign Minister Wang Yi attended the General Debate of the 77th Session of the United Nations General Assembly at the UN headquarters in New York, and made a stateme",0.176
Xinhua,217,2022-10-28,Xinhua,World Insights: China's recipe for bigger pie of global development in new blueprint,"BEIJING, Oct. 28 (Xinhua) -- The world has been keeping tabs on one of China's most important meetings in its political calendar concluded last week to gauge the direction China will take in the next half-decade and beyo",0.112
MFA,163,2022-11-02,Ministry of Foreign Affairs of the People's Republic of China - News (English),President Xi Jinping Meets with Pakistani Prime Minister Muhammad Shehbaz Sharif,"On the morning of 2 November, President Xi Jinping met with Prime Minister Muhammad Shehbaz Sharif of Pakistan on his official visit to China at the Great Hall of the People. President Xi welcomed Prime Minister Sharif a",0.228
MFA,164,2022-11-02,Ministry of Foreign Affairs of the People's Republic of China - News (English),President Xi Jinping Meets with Pakistani Prime Minister Muhammad Shehbaz Sharif,"On the morning of 2 November, President Xi Jinping met with Prime Minister Muhammad Shehbaz Sharif of Pakistan on his official visit to China at the Great Hall of the People. President Xi welcomed Prime Minister Sharif a",0.228
MFA,165,2022-11-02,Ministry of Foreign Affairs of the People's Republic of China - Spokesperson's Remarks (English),Foreign Ministry Spokesperson Zhao Lijian's Regular Press Conference on November 2 2022,"People's Daily: On November 1, the 31st session of the Arab League (AL) summit kicked off in Algeria. President Xi Jinping sent a congratulatory message to Algerian President Abdelmadjid Tebboune, the rotating president ",0.162
MFA,166,2022-11-02,Ministry of Foreign Affairs of the People's Republic of China - News (English),Joint Statement between the People's Republic of China and the Islamic Republic of Pakistan,"1. H.E. Mr. Shehbaz Sharif, Prime Minister of the Islamic Republic of Pakistan, undertook an official visit to the People's Republic of China from 1-2 November 2022. This was the Prime Minister's first bilateral visit af",0.161
Xinhua,218,2022-11-02,Xinhua,2nd LD-Writethru: Xi meets Pakistani PM,"BEIJING, Nov. 2 (Xinhua) -- Chinese President Xi Jinping met with Prime Minister Muhammad Shehbaz Sharif of Pakistan on his official visit to China at the Great Hall of the People on Wednesday. Xi welcomed Sharif and tha",0.232
MFA,167,2022-11-03,Ministry of Foreign Affairs of the People's Republic of China - Spokesperson's Remarks (English),Foreign Ministry Spokesperson Zhao Lijian's Regular Press Conference on November 3 2022,"China Daily: On November 2 Beijing time, resolutions on """"no first placement of weapons in outer space"""" and """"further practical measures for the prevention of an arms race in outer space"""" were adopted at the 77th sessi",0.112
Xinhua,219,2022-11-03,Xinhua,"Interview: Pakistan, China have shared destiny, says Pakistan's PM","BEIJING, Nov. 3 (Xinhua) -- Pakistan will work with China to promote a shared destiny of achievements and progress, and foster peace and harmony in the region and the world at large, Prime Minister of Pakistan Shehbaz Sh",0.189
MFA,168,2022-11-12,Ministry of Foreign Affairs of the People's Republic of China - News (English),Speech by H.E. Li Keqiang Premier of the State Council of the People's Republic of China At the 25th China-ASEAN Summit,"Phnom Penh, November 11, 2022 Prime Minister Hun Sen, Colleagues, It is my real pleasure to gather with you in the beautiful and vibrant city of Phnom Penh for the 25th China-ASEAN Summit. I wish to thank Prime Minister ",0.178
MFA,169,2022-11-12,Ministry of Foreign Affairs of the People's Republic of China - News (English),Speech by H.E. Li Keqiang Premier of the State Council of the People's Republic of China At the 25th China-ASEAN Summit,"Phnom Penh, November 11, 2022 Prime Minister Hun Sen, Colleagues, It is my real pleasure to gather with you in the beautiful and vibrant city of Phnom Penh for the 25th China-ASEAN Summit. I wish to thank Prime Minister ",0.179
MFA,170,2022-11-13,Ministry of Foreign Affairs of the People's Republic of China - News (English),Speech by H.E. Li Keqiang Premier of the State Council of the People's Republic of China At the 17th East Asia Summit,"Phnom Penh, November 13, 2022 Prime Minister Hun Sen, Colleagues, It gives me great pleasure to join you in the beautiful city of Phnom Penh. I want to thank Prime Minister Hun Sen and the government of the Kingdom of Ca",0.153
Xinhua,220,2022-11-13,Xinhua,World Insights: True multilateralism indispensable for addressing global governance challenges,"BEIJING, Nov. 13 (Xinhua) -- The future of mankind is overshadowed by uncertainties caused by a series of global challenges and a truly multilateral approach is essential to addressing those crises, argued experts and of",0.002
MFA,171,2022-11-14,Ministry of Foreign Affairs of the People's Republic of China - News (English),Speech by H.E. Li Keqiang Premier of the State Council of the People's Republic of China At the 17th East Asia Summit,"Phnom Penh, November 13, 2022 Prime Minister Hun Sen, Colleagues, It gives me great pleasure to join you in the beautiful city of Phnom Penh. I want to thank Prime Minister Hun Sen and the government of the Kingdom of Ca",0.159
MFA,172,2022-11-14,Ministry of Foreign Affairs of the People's Republic of China - Spokesperson's Remarks (English),Foreign Ministry Spokesperson Mao Ning's Regular Press Conference on November 14 2022,"CCTV: Premier Li Keqiang attended the leaders' meetings on East Asia cooperation in Phnom Penh recently. Can you share some details with us? Mao Ning: From November 11 to 13, Premier Li Keqiang attended the 25th China-AS",0.1
Xinhua,221,2022-11-14,Xinhua,Xiplomacy: China's vision of global governance for addressing common challenges,"BEIJING, Nov. 14 (Xinhua) -- """"What has happened to the world and how should we respond?"""" As early as 2017, Chinese President Xi Jinping put forward this thought-provoking question in his speech at the UN Office in Gene",0.083
MFA,173,2022-11-15,Ministry of Foreign Affairs of the People's Republic of China - News (English),President Xi Jinping Meets with Argentinian President Alberto Fernández,"On the afternoon of 15 November local time, President Xi Jinping met with Argentinian President Alberto Fernández in Bali. President Xi noted that this year is a crucial one in the development of China-Argentina relation",0.163
MFA,174,2022-11-15,Ministry of Foreign Affairs of the People's Republic of China - News (English),Working Together to Meet the Challenges of Our Times and Build a Better Future,"Remarks by H.E. Xi Jinping President of the People's Republic of China At Session I of the 17th G20 Summit Bali, 15 November 2022 Your Excellency President Joko Widodo, Colleagues, It gives me great pleasure to attend th",0.091
MFA,175,2022-11-15,Ministry of Foreign Affairs of the People's Republic of China - News (English),Working Together to Meet the Challenges of Our Times and Build a Better Future,"Remarks by H.E. Xi Jinping President of the People's Republic of China At Session I of the 17th G20 Summit Bali, 15 November 2022 Your Excellency President Joko Widodo, Colleagues, It gives me great pleasure to attend th",0.091
MFA,176,2022-11-15,Ministry of Foreign Affairs of the People's Republic of China - Spokesperson's Remarks (English),Foreign Ministry Spokesperson Mao Ning's Regular Press Conference on November 15 2022,"CCTV: For some time, food security has been a focus of the international community. We have noted that the International Forum on Hybrid Rice Assistance and Global Food Security was held in Beijing a few days ago. What m",0.094
MFA,177,2022-11-15,Ministry of Foreign Affairs of the People's Republic of China - News (English),President Xi Jinping Attends the 17th G20 Summit and Delivers Important Remarks,"On 15 November local time, the 17th G20 Summit was held in Bali, Indonesia. President Xi Jinping attended the summit and delivered important remarks entitled """"Working Together to Meet the Challenges of Our Times and Bui",0.074
MFA,178,2022-11-15,Ministry of Foreign Affairs of the People's Republic of China - News (English),President Xi Jinping Attends the 17th G20 Summit and Delivers Important Remarks,"On 15 November local time, the 17th G20 Summit was held in Bali, Indonesia. President Xi Jinping attended the summit and delivered important remarks entitled """"Working Together to Meet the Challenges of Our Times and Bui",0.074
Xinhua,222,2022-11-15,Xinhua,"Chinese VP stresses policy continuity to provide certainty, stability for world","BEIJING, Nov. 15 (Xinhua) -- Chinese Vice President Wang Qishan said on Tuesday that the major policies of the Communist Party of China (CPC) and the Chinese government will remain highly consistent, and this will provid",0.178
Xinhua,223,2022-11-15,Xinhua,Xi meets Argentine President Fernandez,"BALI, Indonesia, Nov. 15 (Xinhua) -- Chinese President Xi Jinping met with Argentine President Alberto Fernandez here Tuesday afternoon. Xi pointed out that this year is a crucial one in the development of China-Argentin",0.149
Xinhua,224,2022-11-15,Xinhua,Highlights of Xi's speech at G20 summit in Bali,"BALI, Indonesia, Nov. 15 (Xinhua) -- Chinese President Xi Jinping addressed here on Tuesday the Group of 20 (G20) Bali summit, saying that faced with challenges, all countries should embrace the vision of a community wit",0.061
Xinhua,225,2022-11-15,Xinhua,Full text of Xi's remarks at Session I of G20 summit in Bali,"BALI, Indonesia, Nov. 15 (Xinhua) -- Chinese President Xi Jinping delivered a speech titled """"Working Together to Meet the Challenges of Our Times and Build a Better Future"""" here Tuesday at the first session of the 17th",0.101
Xinhua,226,2022-11-15,Xinhua,2nd LD Writethru: Xi calls for meeting challenges of the times together at G20 summit,"BALI, Indonesia, Nov. 15 (Xinhua) -- Chinese President Xi Jinping addressed here on Tuesday the Group of 20 (G20) Bali summit, saying that faced with challenges, all countries should embrace the vision of a community wit",0.08
MFA,179,2022-11-16,Ministry of Foreign Affairs of the People's Republic of China - News (English),President Xi Jinping Meets with UN Secretary-General António Guterres,"On the afternoon of 16 November local time, President Xi Jinping met with Secretary-General of the United Nations António Guterres in Bali. President Xi pointed out that as the world is undergoing momentous changes, it i",0.17
Xinhua,227,2022-11-16,Xinhua,China staunch supporter of UN-centered int'l system: Xi,"BALI, Indonesia, Nov. 16 (Xinhua) -- China is a staunch supporter of the international system with the United Nations (UN) at its core, Chinese President Xi Jinping said here Wednesday afternoon when meeting with UN Secr",0.153
MFA,180,2022-11-17,Ministry of Foreign Affairs of the People's Republic of China - News (English),Joint Statement between The People's Republic of China and The Republic of Indonesia,"16 November 2022, Bali 1. At the invitation of H.E. Joko Widodo, President of the Republic of Indonesia, H.E. Xi Jinping, President of the People's Republic of China, attended the 17th G20 Leaders' Summit in Bali, Indone",0.212
MFA,181,2022-11-17,Ministry of Foreign Affairs of the People's Republic of China - Spokesperson's Remarks (English),Foreign Ministry Spokesperson Mao Ning's Regular Press Conference on November 17 2022,"CCTV: Last night, President Xi Jinping and President Joko Widodo watched the operational trial of the Jakarta-Bandung High-speed Railway through video link. Why was this event included in President Xi's tight schedule in",0.109
Xinhua,228,2022-11-17,Xinhua,1st LD Writethru: China staunch supporter of UN-centered int'l system: Xi,"BALI, Indonesia, Nov. 16 (Xinhua) -- China is a staunch supporter of the international system with the United Nations (UN) at its core, Chinese President Xi Jinping said here Wednesday afternoon when meeting with UN Secr",0.167
Xinhua,229,2022-11-17,Xinhua,"Interview: Xi's visit a milestone in China-Thailand ties, says Chinese ambassador","BANGKOK, Nov. 17 (Xinhua) -- Chinese President Xi Jinping's visit to Thailand, his first as the Chinese head of state, is of milestone significance in guiding and advancing bilateral relations, Chinese Ambassador to Thai",0.097
Xinhua,230,2022-11-17,Xinhua,Full text: Joint Statement between The People's Republic of China and The Republic of Indonesia,"BALI, Indonesia, Nov. 16 (Xinhua) -- Chinese President Xi Jinping held talks with Indonesian President Joko Widodo here Wednesday evening, in which the two heads of state reached important consensus on striving towards b",0.213
Xinhua,231,2022-11-18,Xinhua,"Xi Focus: Development and unity -- China's proposals at G20, APEC envision shared future","BEIJING, Nov. 18 (Xinhua) -- With the world finding itself in a time of many challenges, China has pledged to promote peace and development and to build a human community with a shared future. This message was conveyed t",0.098
MFA,182,2022-11-19,Ministry of Foreign Affairs of the People's Republic of China - News (English),President Xi Jinping Holds Talks with Thai Prime Minister Prayut Chan-o-cha,"At the noon of November 19 local time, President Xi Jinping held talks with Thai Prime Minister Prayut Chan-o-cha at the Government House in Bangkok. The two sides announced the consensus on building a China-Thailand com",0.151
Xinhua,232,2022-11-19,Xinhua,"Officials, experts discuss global significance of Chinese modernization","BEIJING, Nov. 19 (Xinhua) -- Officials and experts from home and abroad have discussed the global significance of the Chinese path to modernization at a recent seminar. Yang Yinkai, deputy secretary general of the Nation",0.107
Xinhua,233,2022-11-19,Xinhua,"1st LD: Xi, Prayut agree on building more stable, prosperous and sustainable China-Thailand community with a shared future","BANGKOK, Nov. 19 (Xinhua) -- Chinese President Xi Jinping and Thai Prime Minister Prayut Chan-o-cha on Saturday agreed to build a more stable, prosperous and sustainable China-Thailand community with a shared future. Dur",0.233
Xinhua,234,2022-11-19,Xinhua,News Analysis: Chinese modernization means opportunities for world,"BEIJING, Nov. 19 (Xinhua) -- Since the Communist Party of China (CPC), the world's largest Marxist governing party, enshrined """"Chinese modernization"""" into its Constitution approximately a month ago, the key term defini",0.143
Xinhua,235,2022-11-19,Xinhua,Full text: Joint Statement between the People's Republic of China and the Kingdom of Thailand,"BANGKOK, Nov. 19 (Xinhua) -- Chinese President Xi Jinping on Saturday held talks with Thai Prime Minister Prayut Chan-o-cha here, with both sides reaching a consensus on building a China-Thailand community with a shared ",0.16
Xinhua,236,2022-11-20,Xinhua,"Xinhua Headlines: China, Thailand to build community with shared future for enhanced stability, prosperity, sustainability","BANGKOK, Nov. 19 (Xinhua) -- China and Thailand agreed here on Saturday to build a China-Thailand community with a shared future for enhanced stability, prosperity and sustainability, according to a joint statement issue",0.125
Xinhua,237,2022-11-20,Xinhua,"2nd LD Writethru: Xi, Prayut agree on building China-Thailand community with shared future for enhanced stability, prosperity, sustainability","BANGKOK, Nov. 19 (Xinhua) -- Chinese President Xi Jinping and Thai Prime Minister Prayut Chan-o-cha on Saturday agreed to build a China-Thailand community with a shared future for enhanced stability, prosperity and susta",0.147
Xinhua,238,2022-11-20,Xinhua,"Roundup: Xi's overseas trip demonstrates China's commitment to global growth, governance","BEIJING, Nov. 19 (Xinhua) -- Chinese President Xi Jinping returned to China on Saturday evening from a six-day trip, during which he attended the 17th Group of 20 (G20) Summit and the 29th Asia-Pacific Economic Cooperati",0.119
MFA,183,2022-11-21,Ministry of Foreign Affairs of the People's Republic of China - Spokesperson's Remarks (English),Foreign Ministry Spokesperson Mao Ning's Regular Press Conference on November 21 2022,The Paper: The Chinese side has announced that First Secretary of the Central Committee of the Communist Party of Cuba and Cuban President Díaz-Canel will soon visit China. Could you share with us the program and China's,0.149
MFA,184,2022-11-22,Ministry of Foreign Affairs of the People's Republic of China - Spokesperson's Remarks (English),Foreign Ministry Spokesperson Zhao Lijian's Regular Press Conference on November 22 2022,CCTV: China has announced the upcoming visit by Mongolian President Ukhnaagiin Khurelsuh. Can you share with us the program of the visit? How does China see its relations with Mongolia? What is the expectation for this v,0.07
Xinhua,239,2022-11-23,Xinhua,China's BRI contributes enormously to Cambodia's economic growth: senior advisor,"PHNOM PENH, Nov. 23 (Xinhua) -- China-proposed Belt and Road Initiative (BRI) has contributed enormously to Cambodia's economic growth, the Cambodian government's senior advisor Sok Siphana said on Wednesday. Speaking at",0.196
Xinhua,240,2022-11-23,Xinhua,Chinese defense minister delivers speech at 9th ASEAN Defense Ministers' Meeting Plus in Cambodia,"SIEM REAP, Cambodia, Nov. 23 (Xinhua) -- Chinese State Councilor and Defense Minister Wei Fenghe on Wednesday delivered a speech at the 9th ASEAN Defense Ministers' Meeting Plus (ADMM-Plus) here in northwest Cambodia's S",0.153
Xinhua,241,2022-11-24,Xinhua,Chinese investments provide tangible benefits to Cambodia's national development: senior legislator,"PHNOM PENH, Nov. 24 (Xinhua) -- The Chinese investments have provided tangible benefits to Cambodia's national development in various fields including agriculture, agro-industry, industry, tourism, and infrastructure, a ",0.157
MFA,185,2022-11-25,Ministry of Foreign Affairs of the People's Republic of China - News (English),Xi Jinping Holds Talks with First Secretary of the Central Committee of the Communist Party of Cuba and President of Cuba Miguel Díaz-Canel,"On the morning of 25 November, General Secretary of the Central Committee of the Communist Party of China (CPC) and President Xi Jinping held talks with First Secretary of the Central Committee of the Communist Party of ",0.177
Xinhua,242,2022-11-25,Xinhua,1st LD: Xi holds talks with Cuban president,"BEIJING, Nov. 25 (Xinhua) -- Xi Jinping, general secretary of the Communist Party of China (CPC) Central Committee and Chinese president, held talks Friday with Miguel Diaz-Canel Bermudez, first secretary of the Central ",0.099
Xinhua,243,2022-11-25,Xinhua,Beijing Xiangshan Forum Webinar to highlight Global Security Initiative,"BEIJING, Nov. 24 (Xinhua) -- The Beijing Xiangshan Forum Webinar 2022 is set for Dec. 1 and 2, gathering experts and scholars under the theme of promoting the Global Security Initiative and safeguarding peace and develop",0.045
Xinhua,244,2022-11-25,Xinhua,2nd LD-Writethru: Xi holds talks with Cuban president,"BEIJING, Nov. 25 (Xinhua) -- Xi Jinping, general secretary of the Communist Party of China (CPC) Central Committee and Chinese president, held talks Friday with Miguel Diaz-Canel Bermudez, first secretary of the Central ",0.177
MFA,186,2022-11-28,Ministry of Foreign Affairs of the People's Republic of China - News (English),Wang Yi Meets with Foreign Minister Batmunkh Battsetseg of Mongolia,"On November 28, 2022, Member of the Political Bureau of the CPC Central Committee, State Councilor and Foreign Minister Wang Yi met at request with Mongolian Foreign Minister Batmunkh Battsetseg, who accompanied Mongolia",0.219
MFA,187,2022-11-28,Ministry of Foreign Affairs of the People's Republic of China - News (English),President Xi Jinping Holds Talks with Mongolian President Ukhnaagiin Khurelsukh,"On the afternoon of 28 November, President Xi Jinping held talks with President Ukhnaagiin Khurelsukh of Mongolia at the Great Hall of the People during his state visit to China. President Xi welcomed President Khurelsu",0.206
MFA,188,2022-11-28,Ministry of Foreign Affairs of the People's Republic of China - Spokesperson's Remarks (English),Foreign Ministry Spokesperson Zhao Lijian's Regular Press Conference on November 28 2022,"As agreed by both sides, Premier of the State Council Li Keqiang will have a meeting with Kazakh Prime Minister Alikhan Smailov via videolink on November 29. CCTV: China has announced that President Charles Michel of the",0.116
Xinhua,245,2022-11-28,Xinhua,1st LD: Xi holds talks with Mongolian president,"BEIJING, Nov. 28 (Xinhua) -- Chinese President Xi Jinping held talks with visiting Mongolian President Ukhnaagiin Khurelsukh in Beijing on Monday. China and Mongolia are important neighbors to each other. Maintaining lon",0.132
Xinhua,246,2022-12-02,Xinhua,"CPEC beneficial to Pakistan's socio-economic development, regional connectivity: experts","ISLAMABAD, Dec. 1 (Xinhua) -- The China-Pakistan Economic Corridor (CPEC) is absolutely beneficial to Pakistan's socio-economic development as well as regional connectivity and beyond, Pakistani experts said. CPEC, a fl",0.038
Xinhua,247,2022-12-02,Xinhua,Beijing Xiangshan Forum Webinar focuses on Global Security Initiative,"BEIJING, Dec. 1 (Xinhua) -- The Beijing Xiangshan Forum Webinar 2022 kicked off on Thursday evening on the theme of promoting the Global Security Initiative and safeguarding peace and development. Over 40 experts from 14",0.09
Xinhua,248,2022-12-03,Xinhua,"Interview: Moroccan expert impressed by China's development, says to promote bilateral friendship","RABAT, Morocco, Dec. 3 (Xinhua) -- President of the Morocco-China Friendship and Exchange Association Mohamed Khalil spoke highly of China's development achievements and pledged more efforts to promote the Moroccan-Chine",0.142
Xinhua,249,2022-12-03,Xinhua,Beijing Xiangshan Forum Webinar 2022 concludes,"BEIJING, Dec. 2 (Xinhua) -- The Beijing Xiangshan Forum Webinar 2022 concluded on Friday with participants achieving consensus on """"advancing the Global Security Initiative and jointly safeguarding peace and development.",0.102
Xinhua,250,2022-12-06,Xinhua,"Roundup: Cambodian academics laud China's contribution to protecting rights to life, health in developing countries","PHNOM PENH, Dec. 6 (Xinhua) -- China has played an important role in helping protect rights to life and health in developing countries, Cambodian academics have said. By sending medical experts and providing medical supp",0.116
MFA,189,2022-12-07,Ministry of Foreign Affairs of the People's Republic of China - Spokesperson's Remarks (English),Foreign Ministry Spokesperson Mao Ning's Regular Press Conference on December 7 2022,"On December 8 and 9, Premier of the State Council Li Keqiang will hold the seventh """"1+6"""" Roundtable in Huangshan City, Anhui Province with President David Malpass of the World Bank Group, Managing Director Kristalina G",0.103
Xinhua,251,2022-12-07,Xinhua,Xi's participation in inaugural China-Arab States Summit an epoch-making milestone: spokesperson,"BEIJING, Dec. 7 (Xinhua) -- Chinese President Xi Jinping will attend the inaugural China-Arab States Summit. This will be the largest and highest-level diplomatic event between China and the Arab world since the founding",0.146
Xinhua,252,2022-12-07,Xinhua,"Xi Focus: China's head-of-state diplomacy injects confidence, strength into world","BEIJING, Dec. 7 (Xinhua) -- Soon after the conclusion of the 20th National Congress of the Communist Party of China (CPC), Chinese President Xi Jinping kicked off a busy month of head-of-state diplomacy. Between Oct. 31 ",0.144
MFA,190,2022-12-08,Ministry of Foreign Affairs of the People's Republic of China - News (English),Carrying Forward Our Millennia-old Friendship And Jointly Creating a Better Future,"Xi Jinping President of the People's Republic of China I am coming back to Riyadh, bringing with me profound friendship from the Chinese people. I am here to join my Arab friends for the first China-Arab States Summit an",0.162
Xinhua,253,2022-12-08,Xinhua,"Interview: China-Arab States Summit milestone in strategic partnership between China, Arab states: Egypt's ex-PM","CAIRO, Dec. 8 (Xinhua) -- The upcoming first China-Arab States Summit will be a milestone in the strategic partnership between China and the Arab states, former Egyptian Prime Minister Essam Sharaf has said. Regarding th",0.1
MFA,191,2022-12-09,Ministry of Foreign Affairs of the People's Republic of China - News (English),President Xi Jinping Meets with Palestinian President Mahmoud Abbas,"On the afternoon of December 8 local time, President Xi Jinping met with Palestinian President Mahmoud Abbas in Riyadh. President Xi pointed out that China-Palestine friendship is deeply cherished by the two peoples. Ov",0.239
MFA,192,2022-12-09,Ministry of Foreign Affairs of the People's Republic of China - News (English),Xi Jinping Meets with Iraqi Prime Minister Mohammed Shia' Sabbar al-Sudani,"On the morning of December 9, 2022 local time, President Xi Jinping met with Iraqi Prime Minister Mohammed Shia' Sabbar al-Sudani in Riyadh. Xi Jinping noted that Iraq was one of the first Arab countries to establish dip",0.232
Xinhua,254,2022-12-09,Xinhua,China to deepen practical cooperation with Kyrgyzstan: Chinese vice premier,"BISHKEK, Dec. 9 (Xinhua) -- China is willing to make joint efforts with Kyrgyzstan to promote bilateral relations and practical cooperation under the guidance of the two heads of state, Chinese Vice Premier Hu Chunhua sa",0.175
Xinhua,255,2022-12-09,Xinhua,1st LD Writethru: Xi meets with Palestinian President Mahmoud Abbas,"RIYADH, Dec. 8 (Xinhua) -- Chinese President Xi Jinping on Thursday met with Palestinian President Mahmoud Abbas in Riyadh. Xi pointed out that China-Palestine friendship is deeply cherished by their people, adding that ",0.223
Xinhua,256,2022-12-09,Xinhua,1st LD Writethru: Xi says China to continue supporting Iraq's reconstruction,"RIYADH, Dec. 9 (Xinhua) -- Chinese President Xi Jinping said here on Friday that China will continue supporting Iraq's economic reconstruction and help it restore industries, improve people's livelihood and achieve susta",0.243
Xinhua,257,2022-12-09,Xinhua,China supports Palestinian people's just cause of restoring legitimate national rights: Xi,"RIYADH, Dec. 8 (Xinhua) -- Chinese President Xi Jinping said here Thursday that China firmly supports the Palestinian people's just cause of restoring their legitimate national rights. In his meeting with Palestinian Pre",0.128
MFA,193,2022-12-10,Ministry of Foreign Affairs of the People's Republic of China - News (English),President Xi Jinping Attends First China-GCC Summit and Delivers Keynote Speech,"On the afternoon of 9 December local time, the first China-Gulf Cooperation Council (GCC) Summit was held at the King Abdulaziz International Conference Center in Riyadh. President Xi Jinping attended the Summit with Cro",0.148
MFA,194,2022-12-10,Ministry of Foreign Affairs of the People's Republic of China - News (English),Carrying Forward the Spirit of China-Arab Friendship andJointly Building a China-Arab Community with a Shared Futurein the New Era,"Keynote Speech by H.E. Xi Jinping President of the People's Republic of China At the Opening Ceremony of The First China-Arab States Summit Riyadh, 9 December 2022 Distinguished Colleagues, Friends, Good afternoon! At th",0.207
MFA,195,2022-12-10,Ministry of Foreign Affairs of the People's Republic of China - News (English),Building on Past Achievements and Jointly Creating a BrighterFuture of China-GCC Relations,"Keynote Speech by H.E. Xi Jinping President of the People's Republic of China At the China-GCC Summit Riyadh, 9 December 2022 Distinguished Colleagues, Secretary General Dr. Nayef Falah Al Hajraf, Good afternoon! At the",0.184
MFA,196,2022-12-10,Ministry of Foreign Affairs of the People's Republic of China - News (English),"President Xi Jinping Attends the First China-Arab States Summit and Delivers a Keynote Speech, Underscoring the Importance of Carrying Forward the Spirit of China-Arab Friendship Featuring Solidarity and Mutual Assistanc","On the afternoon of December 9 local time, the first China-Arab States Summit was held at the King Abdulaziz International Conference Center in Riyadh, the capital of Saudi Arabia. The Summit issued the Riyadh Declaratio",0.166
Xinhua,258,2022-12-10,Xinhua,"China, Arab states agree to strengthen cooperation, promote strategic partnership","RIYADH, Dec. 10 (Xinhua) -- Leaders of China and the member states of the Arab League agreed here Friday to strengthen cooperation and enhance the China-Arab strategic partnership. In a declaration issued following the f",0.106
Xinhua,259,2022-12-10,Xinhua,"China, Saudi Arabia issue joint statement","RIYADH, Dec. 9 (Xinhua) -- China and Saudi Arabia agreed to continue to make the China-Saudi relationship a priority in their respective foreign relations, and build a model of solidarity and cooperation for mutual benef",0.174
Xinhua,260,2022-12-10,Xinhua,Xi calls for fostering closer China-Arab community with shared future,"RIYADH, Dec. 9 (Xinhua) -- Chinese President Xi Jinping called on China and Arab states to carry forward the spirit of China-Arab friendship, and foster a closer China-Arab community with a shared future, while addressin",0.208
Xinhua,261,2022-12-10,Xinhua,Full text of Xi Jinping's keynote speech at China-GCC Summit,"RIYADH, Dec. 9 (Xinhua) -- Chinese President Xi Jinping delivered a keynote speech here Friday at the China-Gulf Cooperation Council (GCC) Summit. The following is the full text of the speech: Building on Past Achievemen",0.19
Xinhua,262,2022-12-10,Xinhua,Full text of Xi Jinping's keynote speech at China-Arab States Summit,"RIYADH, Dec. 9 (Xinhua) -- Chinese President Xi Jinping delivered a keynote speech here Friday at the first China-Arab States Summit. The following is the full text of the speech: Carrying Forward the Spirit of China-Ara",0.216
Xinhua,263,2022-12-10,Xinhua,1st LD Writethru: Xi calls for fostering closer China-Arab community with shared future,"RIYADH, Dec. 10 (Xinhua) -- Chinese President Xi Jinping called on China and Arab states to carry forward the spirit of China-Arab friendship and foster a closer China-Arab community with a shared future, so as to delive",0.183
Xinhua,264,2022-12-10,Xinhua,Chinese military contributes to world peace: defense minister,"BEIJING, Dec. 10 (Xinhua) -- China's development provides more opportunities for the world, and the Chinese military contributes to world peace and tranquility, Chinese State Councilor and Defense Minister Wei Fenghe sai",0.12
Xinhua,265,2022-12-13,Xinhua,"Xinhua Headlines: Cooperation with China brings better infrastructure, more jobs, sustainable development to Africa","NAIROBI, Dec. 13 (Xinhua) -- Having seen African people benefit from the decades-long cooperation with China, which ushered in newer infrastructure, more job chances and greater momentum for the continent's sustainable d",0.153
Xinhua,266,2022-12-16,Xinhua,"China opposes politicization, instrumentalization of counterterrorism issues: envoy","UNITED NATIONS, Dec. 15 (Xinhua) -- China opposes the politicization and instrumentalization of counterterrorism issues, double standards and a selective approach, a Chinese envoy said Thursday. Terrorism is a global cha",0.02
MFA,197,2022-12-19,Ministry of Foreign Affairs of the People's Republic of China - Spokesperson's Remarks (English),Foreign Ministry Spokesperson Mao Ning's Regular Press Conference on December 19 2022,"At the invitation of Member of the Political Bureau of the CPC Central Committee, State Councilor and Foreign Minister Wang Yi, Australian Minister for Foreign Affairs Penny Wong will pay a visit to China on December 20 ",0.111
MFA,198,2022-12-25,Ministry of Foreign Affairs of the People's Republic of China - News (English),"Maintain a Global Vision,Forge Ahead with Greater Resolve and Write a New Chapter in Major-Country Diplomacy with Chinese Characteristics",Address by H.E. Wang Yi Member of the Political Bureau of the CPC Central Committee State Councilor and Minister of Foreign Affairs of The People's Republic of China At the Symposium on the International Situation and Ch,0.151
Xinhua,267,2022-12-25,Xinhua,Head-of-state diplomacy sets pace for China's overall diplomatic work: FM,"BEIJING, Dec. 25 (Xinhua) -- Chinese State Councilor and Foreign Minister Wang Yi said on Sunday that the head-of-state diplomacy has been immensely successful with one significant event after another and has set the pac",0.095
Xinhua,268,2022-12-26,Xinhua,"World Insights: 2022 in retrospect: eventful, yet hopeful with evolving trends","by Xinhua writers Ling Shuo, Guo Yage and Zhang Yisheng BEIJING, Dec. 26 (Xinhua) -- A lingering COVID-19 pandemic, incessant climate disasters, rising geopolitical tensions, a sluggish economic recovery, soaring energy ",-0.012
Xinhua,269,2022-12-29,Xinhua,Yearender: Asia-Pacific's dynamic economy looking to move ahead amid headwinds,"HONG KONG, Dec. 29 (Xinhua) -- The Asia-Pacific economy has been hampered by multiple headwinds this year, notably slowing global growth, the Russia-Ukraine conflict and aggressive U.S. interest rate hikes. Looking into ",0.109
Xinhua,270,2022-12-29,Xinhua,Xinhua Headlines: Top 10 China news stories of 2022,"BEIJING, Dec. 29 (Xinhua) -- As 2022 is coming to an end, Xinhua News Agency has picked 10 news stories that captured some of the most important events in China over the year. Let's go over the eventual 2022 with the top",0.12
Xinhua,271,2022-12-30,Xinhua,"Yearender: China's visions and actions to tackle global concerns via cooperation, development","BEIJING, Dec. 30 (Xinhua) -- In a time of major global changes unseen in a century, major-country relations are undergoing profound adjustments and geopolitical conflicts are mounting. Through constructive initiatives on",0.096
Xinhua,272,2022-12-30,Xinhua,Yearender: Xinhua's top 10 world news events in 2022,"BEIJING, Dec. 30 (Xinhua) -- The following are the top 10 world news events in the year of 2022 selected by Xinhua in a chronological order: RCEP takes effect, sending strong voice of Asia on integration The Regional Com",0.038
Xinhua,273,2022-12-31,Xinhua,Yearender: Why China's modernization path offers hope to developing countries,"BEIJING, Dec. 31 (Xinhua) -- China's modernization has changed the global political and economic landscape like never before. Over the past several decades, China has been modernizing a country home to 1.4 billion people",0.122
Xinhua,274,2023-01-02,Xinhua,"World Insights: Int'l community says Xi's New Year address conveys hope, confidence for cause of peace, development for humanity","BEIJING, Jan. 1 (Xinhua) -- The New Year speech of Chinese President Xi Jinping on Saturday showed China's remarkable achievements in the past year, and conveyed hope and confidence to the world, observers from around th",0.235
MFA,199,2023-01-04,Ministry of Foreign Affairs of the People's Republic of China - News (English),President Xi Jinping Holds Talks with Philippine President Ferdinand Romualdez Marcos Jr.,"On the afternoon of 4 January, President Xi Jinping held talks with Philippine President Ferdinand Romualdez Marcos Jr. at the Great Hall of the People during the latter's state visit to China. President Xi welcomed Pres",0.185
MFA,200,2023-01-05,Ministry of Foreign Affairs of the People's Republic of China - News (English),JOINT STATEMENT BETWEEN THE PEOPLE'S REPUBLIC OF CHINA AND THE REPUBLIC OF THE PHILIPPINES,"5 January 2023, Beijing 1. At the invitation of H.E. Xi Jinping, President of the People's Republic of China, H.E. Ferdinand R. Marcos Jr., President of the Republic of the Philippines, undertook a state visit to China f",0.168
Xinhua,275,2023-01-05,Xinhua,"2nd LD-Writethru-Xinhua Headlines: China, Philippines cement ties in new year","BEIJING, Jan. 4 (Xinhua) -- Chinese President Xi Jinping held talks with Philippine President Ferdinand Romualdez Marcos Jr. at the Great Hall of the People during the latter's state visit to China on Wednesday. Marcos i",0.2
Xinhua,276,2023-01-05,Xinhua,Full text: Joint Statement between the People's Republic of China and the Republic of the Philippines,"BEIJING, Jan. 5 (Xinhua) -- The following is the full text of a joint statement released by China and the Philippines on Thursday. Joint Statement between the People's Republic of China and the Republic of the Philippine",0.171
MFA,201,2023-01-10,Ministry of Foreign Affairs of the People's Republic of China - Spokesperson's Remarks (English),Foreign Ministry Spokesperson Wang Wenbin's Regular Press Conference on January 10 2023,"Fuji TV: According to reports, China released a notice today suspending visa issuance to Japanese citizens. Can you confirm this? If so, can you provide more information? Wang Wenbin: Since China announced the decision t",0.086
MFA,202,2023-01-11,Ministry of Foreign Affairs of the People's Republic of China - News (English),Remarks by Foreign Minister Qin Gang at the Completion Ceremony for the China-aided Project of the Africa Center for Disease Control and Prevention Headquarters,"Your Excellency Mr. Moussa Faki Mahamat, Chairperson of the African Union Commission, Distinguished Guests, Ladies and Gentlemen, Friends, It gives me great pleasure to attend the completion ceremony for the Africa CDC h",0.245
MFA,203,2023-01-16,Ministry of Foreign Affairs of the People's Republic of China - News (English),Qin Gang On China's Middle East Policy,"On January 15, 2023 local time, when jointly meeting the press with Egyptian Foreign Minister Sameh Shoukry in Cairo, Foreign Minister Qin Gang said that in recent years, the countries and people of the Middle East have ",0.128
Xinhua,277,2023-01-16,Xinhua,"Chinese FM calls for respect for Mideast countries' sovereignty, territorial integrity","CAIRO, Jan. 16 (Xinhua) -- China maintains that the sovereignty and territorial integrity of countries in the Middle East should be respected, visiting Chinese Foreign Minister Qin Gang said here on Sunday. While meeting",0.116
MFA,204,2023-01-17,Ministry of Foreign Affairs of the People's Republic of China - Spokesperson's Remarks (English),Foreign Ministry Spokesperson Wang Wenbin's Regular Press Conference on January 17 2023,"People's Daily: OECD Secretary-General Mathias Cormann said on January 16 that he certainly very much welcomes the easing of Covid-related restrictions in China, which is very much positive in terms of making sure that t",0.097
Xinhua,278,2023-01-18,Xinhua,"Interview: Pakistan-China cooperation crucial for regional peace, prosperity, says Pakistani president","ISLAMABAD, Jan. 18 (Xinhua) -- Enhanced cooperation between Pakistan and China under the Belt and Road Initiative (BRI) is crucial for regional peace, development and prosperity, Pakistani President Arif Alvi has said. T",0.174
MFA,205,2023-01-20,Ministry of Foreign Affairs of the People's Republic of China - News (English),Chinese New Year Message to the Diplomatic Corps By H.E. Qin Gang Minister of Foreign Affairs of the People's Republic of China,"Your Excellencies Ambassadors, Members of the Diplomatic Corps, Representatives of International Organizations, Friends, As a Chinese poem reads, """"Plum blossoms in winter signal the arrival of spring for all things."""" T",0.241
MFA,206,2023-01-25,Ministry of Foreign Affairs of the People's Republic of China - News (English),President Xi Jinping Delivers a Video Address at the Seventh Summit of the Community of Latin American and Caribbean States,"On January 24, the seventh Summit of the Community of Latin American and Caribbean States (CELAC) is held in Buenos Aires, the capital of Argentina. Upon the invitation of President Alberto Fernández of Argentina, the ro",0.223
Xinhua,279,2023-01-25,Xinhua,President Xi delivers video address at CELAC 7th summit,"BEIJING, Jan. 25 (Xinhua) -- The seventh Summit of the Community of Latin American and Caribbean States (CELAC) was held Tuesday in Buenos Aires, the capital of Argentina. Upon the invitation of President Alberto Fernand",0.214
Xinhua,280,2023-01-26,Xinhua,"Xiplomacy: China, LAC countries embrace new era of win-win cooperation","MEXICO CITY, Jan. 26 (Xinhua) -- For decades, Argentines have dreamt of having a hydroelectric power plant on the Santa Cruz River, one of the last large free-flowing rivers in the region of Patagonia encompassing the so",0.114
Xinhua,281,2023-01-27,Xinhua,"Roundup: CELAC should consolidate integration, deepen ties with China, experts say","MEXICO CITY, Jan. 26 (Xinhua) -- The Community of Latin American and Caribbean States (CELAC) should deepen regional integration and forge even closer ties with China, some experts and diplomats have said after Chinese P",0.145
Xinhua,282,2023-01-29,Xinhua,"Roundup: CELAC summit reflects will of LAC to strengthen solidarity, regional integration while opposing foreign interference","by Xinhua writer Zhao Kai MEXICO CITY, Jan. 28 (Xinhua) -- The 7th Summit of the Community of Latin American and Caribbean States (CELAC), which was held Tuesday in Buenos Aires, demonstrated the will of the regional cou",0.147
MFA,207,2023-01-30,Ministry of Foreign Affairs of the People's Republic of China - News (English),Qin Gang Has a Phone Call with Argentine Foreign Minister Santiago Cafiero,"On January 30, 2023, Foreign Minister Qin Gang had a phone call with Argentine Foreign Minister Santiago Cafiero. Qin Gang congratulated Argentina on successfully hosting the seventh Summit of the Community of Latin Amer",0.233
Xinhua,283,2023-01-31,Xinhua,Chinese FM holds phone talks with Argentine counterpart,"BEIJING, Jan. 30 (Xinhua) -- Chinese Foreign Minister Qin Gang on Monday held a phone conversation with his Argentine counterpart Santiago Cafiero. During their talks, Qin congratulated Argentina on successfully hosting ",0.241
MFA,208,2023-02-02,Ministry of Foreign Affairs of the People's Republic of China - News (English),Qin Gang Holds Talks with President of the 77th Session of the United Nations General Assembly Csaba Kőrösi,"On February 2, 2023, Foreign Minister Qin Gang held talks with President of the 77th Session of the United Nations (UN) General Assembly Csaba Kőrösi in Beijing. Qin Gang said that the world today is undergoing profound ",0.185
Xinhua,284,2023-02-02,Xinhua,Senior Chinese diplomat meets with UN General Assembly president,"BEIJING, Feb. 2 (Xinhua) -- Wang Yi, director of the Office of the Foreign Affairs Commission of the Communist Party of China (CPC) Central Committee, met with President of the 77th United Nations General Assembly Csaba ",0.0
MFA,209,2023-02-03,Ministry of Foreign Affairs of the People's Republic of China - News (English),Wang Yi Meets with President of the 77th Session of the United Nations General Assembly Csaba Kőrösi,"On February 2, 2023, Member of the Political Bureau of the CPC Central Committee and Director of the Office of the Central Commission for Foreign Affairs Wang Yi met with President of the 77th Session of the United Natio",0.089
Xinhua,285,2023-02-04,Xinhua,Xiplomacy: How China becomes a strong buttress to UN,"BEIJING, Feb. 4 (Xinhua) -- """"A strong buttress to the blue flag (of the UN)"""" was how Csaba Korosi, president of the 77th session of the UN General Assembly (UNGA), depicted China in late September last year. The UN off",0.094
MFA,210,2023-02-10,Ministry of Foreign Affairs of the People's Republic of China - News (English),Qin Gang Meets with Cambodian Deputy Prime Minister and Foreign Minister Prak Sokhonn,"On February 10, 2023, Foreign Minister Qin Gang met in Beijing with Cambodian Deputy Prime Minister and Foreign Minister Prak Sokhonn who accompanied Cambodian Prime Minister Samdech Techo Hun Sen for the visit to China.",0.219
MFA,211,2023-02-10,Ministry of Foreign Affairs of the People's Republic of China - News (English),Xi Jinping Meets with Cambodian Prime Minister Samdech Techo Hun Sen,"On February 10, 2023, President Xi Jinping met with Cambodian Prime Minister Samdech Techo Hun Sen at the Diaoyutai State Guesthouse. Xi Jinping pointed out that three years ago, Mr. Prime Minister visited China amid hea",0.15
MFA,212,2023-02-10,Ministry of Foreign Affairs of the People's Republic of China - News (English),Xi Jinping Meets with Cambodian Prime Minister Samdech Techo Hun Sen,"On February 10, 2023, President Xi Jinping met with Cambodian Prime Minister Samdech Techo Hun Sen at the Diaoyutai State Guesthouse. Xi Jinping pointed out that three years ago, Mr. Prime Minister visited China amid hea",0.15
Xinhua,286,2023-02-10,Xinhua,2nd Ld-Writethru: Xi meets Cambodian PM Hun Sen,"BEIJING, Feb. 10 (Xinhua) -- Chinese President Xi Jinping met with Prime Minister of the Kingdom of Cambodia Hun Sen on Friday at the Diaoyutai State Guesthouse in Beijing. Xi pointed out that three years ago, Prime Mini",0.153
MFA,213,2023-02-11,Ministry of Foreign Affairs of the People's Republic of China - News (English),"Wang Yi Meets with Advisor to Nicaraguan President on Investment, Trade and International Cooperation and Coordinator for Cooperation with China Laureano Ortega Murillo","On February 11, 2023, Member of the Political Bureau of the CPC Central Committee and Director of the Office of the Central Commission for Foreign Affairs Wang Yi met in Beijing with Advisor to Nicaraguan President and C",0.194
Xinhua,287,2023-02-12,Xinhua,Senior Chinese diplomat meets with Nicaraguan guest,"BEIJING, Feb. 11 (Xinhua) -- Wang Yi, director of the Office of the Foreign Affairs Commission of the Communist Party of China (CPC) Central Committee, on Saturday met with Laureano Ortega, advisor on investment, trade a",0.108
MFA,214,2023-02-13,Ministry of Foreign Affairs of the People's Republic of China - News (English),Qin Gang Holds Talks with Thai Deputy Prime Minister and Foreign Minister Don Pramudwinai,"On February 13, 2023, Foreign Minister Qin Gang held talks with visiting Thai Deputy Prime Minister and Foreign Minister Don Pramudwinai. Qin Gang said that the 20th National Congress of the Communist Party of China has ",0.184
MFA,215,2023-02-13,Ministry of Foreign Affairs of the People's Republic of China - News (English),Qin Gang Holds Talks with Thai Deputy Prime Minister and Foreign Minister Don Pramudwinai,"On February 13, 2023, Foreign Minister Qin Gang held talks with visiting Thai Deputy Prime Minister and Foreign Minister Don Pramudwinai. Qin Gang said that the 20th National Congress of the Communist Party of China has ",0.184
Xinhua,288,2023-02-13,Xinhua,Chinese foreign minister holds talks with Thai counterpart,"BEIJING, Feb. 13 (Xinhua) -- Chinese Foreign Minister Qin Gang on Monday held talks with Thai Deputy Prime Minister and Foreign Minister Don Pramudwinai. Qin said China will adhere to the basic state policy of opening-up",0.12
MFA,216,2023-02-14,Ministry of Foreign Affairs of the People's Republic of China - News (English),Xi Jinping Holds Talks with Iranian President Ebrahim Raisi,"On the afternoon of February 14, 2023, at the Great Hall of the People, President Xi Jinping held talks with Iranian President Ebrahim Raisi who is in China for a state visit. Xi Jinping pointed out that China and Iran e",0.207
MFA,217,2023-02-14,Ministry of Foreign Affairs of the People's Republic of China - News (English),Xi Jinping Holds Talks with Iranian President Ebrahim Raisi,"2023-02-14 23:33 On the afternoon of February 14, 2023, at the Great Hall of the People, President Xi Jinping held talks with Iranian President Ebrahim Raisi who is in China for a state visit. Xi Jinping pointed out that",0.205
Xinhua,289,2023-02-15,Xinhua,"2nd LD-Writethru: Xi holds talks with Iranian president, eyeing new progress in ties","BEIJING, Feb. 14 (Xinhua) -- Chinese President Xi Jinping held talks with visiting President of the Islamic Republic of Iran Ebrahim Raisi in Beijing on Tuesday. Xi pointed out that China and Iran enjoy traditional frien",0.197
Xinhua,290,2023-02-16,Xinhua,"Xiplomacy: How Chinese, Iranians enrich mutual understanding","by Xinhua writer Gao Wencheng TEHRAN, Feb. 16 (Xinhua) -- Back in 2016, ahead of his state visit to Iran, Chinese President Xi Jinping wrote in a signed article that """"the thousand-mile-long land and maritime silk roads ",0.125
MFA,218,2023-02-18,Ministry of Foreign Affairs of the People's Republic of China - News (English),Wang Yi: China Will Launch a Global Security Initiative Concept Paper,"On February 18, 2023 local time, Member of the Political Bureau of the CPC Central Committee and Director of the Office of the Central Commission for Foreign Affairs Wang Yi attended the 59th Munich Security Conference a",0.09
MFA,219,2023-02-18,Ministry of Foreign Affairs of the People's Republic of China - News (English),Wang Yi Attends the 59th Munich Security Conference and Delivers a Keynote Speech,"On February 18, 2023 local time, Member of the Political Bureau of the CPC Central Committee and Director of the Office of the Central Commission for Foreign Affairs Wang Yi attended the 59th Munich Security Conference i",0.109
MFA,220,2023-02-19,Ministry of Foreign Affairs of the People's Republic of China - News (English),Making the World a Safer Place,Keynote Speech by Director Wang Yi Member of the Political Bureau of the CPC Central Committee and Director of the Office of the Central Commission for Foreign Affairs At the 59th Munich Security Conference Conversation ,0.13
Xinhua,291,2023-02-19,Xinhua,China to publish Global Security Initiative concept paper: senior diplomat,"MUNICH, Germany, Feb. 18 (Xinhua) -- China will publish a concept paper on its Global Security Initiative (GSI) soon, a senior Chinese diplomat said on Saturday at the 59th Munich Security Conference. The initiative was ",0.031
MFA,221,2023-02-20,Ministry of Foreign Affairs of the People's Republic of China - Spokesperson's Remarks (English),Foreign Ministry Spokesperson Wang Wenbin's Regular Press Conference on February 20 2023,"At the invitation of Minister for Foreign Affairs Retno L. P. Marsudi of Indonesia, Foreign Minister Qin Gang will visit Indonesia from February 21 to 23, chair the 4th meeting of the Joint Commission on Bilateral Cooper",0.064
MFA,222,2023-02-21,Ministry of Foreign Affairs of the People's Republic of China - News (English),Qin Gang: The Global Security Initiative is Rooted in the Fine Traditional Chinese Culture Valuing Peace above Everything Else,"On February 21, 2023, Foreign Minister Qin Gang attended the opening ceremony of the Lanting Forum themed """"The Global Security Initiative: China's Proposal for Solving Security Challenges"""", and delivered a keynote spee",0.175
MFA,223,2023-02-21,Ministry of Foreign Affairs of the People's Republic of China - News (English),"Qin Gang Delivers Keynote Speech at the Opening Ceremony of the Lanting Forum Themed """"The Global Security Initiative: China's Proposal for Solving Security Challenges""""","On February 21, 2023, the Lanting Forum themed """"The Global Security Initiative: China's Proposal for Solving Security Challenges"""" was held in Beijing. Foreign Minister Qin Gang attended the opening ceremony and deliver",0.099
MFA,224,2023-02-21,Ministry of Foreign Affairs of the People's Republic of China - Spokesperson's Remarks (English),Foreign Ministry Spokesperson Wang Wenbin's Regular Press Conference on February 21 2023,CCTV: The Foreign Ministry held a Lanting Forum this morning under the theme of the Global Security Initiative: China's Proposal for Solving Security Challenges. Could you share more details on this event? What are China,0.103
MFA,225,2023-02-21,Ministry of Foreign Affairs of the People's Republic of China - News (English),Qin Gang: China is Committed to Following A Chinese Approach to Resolving Hotspot Issues,"On February 21, 2023, Foreign Minister Qin Gang attended the opening ceremony of the Lanting Forum themed """"The Global Security Initiative: China's Proposal for Solving Security Challenges"""", and delivered a keynote spee",0.069
MFA,226,2023-02-21,Ministry of Foreign Affairs of the People's Republic of China - News (English),Qin Gang: The Global Security Initiative Concept Paper Demonstrates China's Firm Resolve to Defend Global Security,"On February 21, 2023, Foreign Minister Qin Gang attended the opening ceremony of the Lanting Forum themed """"The Global Security Initiative: China's Proposal for Solving Security Challenges"""", and delivered a keynote spee",0.086
MFA,227,2023-02-21,Ministry of Foreign Affairs of the People's Republic of China - News (English),"Qin Gang: Security is a Right of All countries, not a Prerogative of Some","On February 21, 2023, Foreign Minister Qin Gang attended the opening ceremony of the Lanting Forum themed """"The Global Security Initiative: China's Proposal for Solving Security Challenges"""", and delivered a keynote spee",0.051
MFA,228,2023-02-21,Ministry of Foreign Affairs of the People's Republic of China - News (English),Qin Gang: China Stands Firmly Against External Suppression and Containment,"On February 21, 2023, Foreign Minister Qin Gang attended the opening ceremony of the Lanting Forum themed """"The Global Security Initiative: China's Proposal for Solving Security Challenges"""", and delivered a keynote spee",0.06
Xinhua,292,2023-02-21,Xinhua,China will remain defender of world peace: foreign minister,"BEIJING, Feb. 21 (Xinhua) -- China will never seek hegemony, expansion or sphere of influence, or engage in arms race, but remain a defender of world peace, Chinese Foreign Minister Qin Gang said on Tuesday. Qin made the",0.167
Xinhua,293,2023-02-21,Xinhua,Full text: The Global Security Initiative Concept Paper," BEIJING, Feb. 21 (Xinhua) -- China on Tuesday released """"The Global Security Initiative Concept Paper."""" Please see the attachment for the full text of the Paper. Enditem",0.059
MFA,229,2023-02-22,Ministry of Foreign Affairs of the People's Republic of China - News (English),Implementing the Global Security Initiative to Solve the Security Challenges Facing Humanity,Keynote Speech by H.E. Qin Gang Minister of Foreign Affairs of the People's Republic of China At the Opening Ceremony of The Lanting Forum on the Global Security Initiative: China's Proposal for Solving Security Challeng,0.119
MFA,230,2023-02-22,Ministry of Foreign Affairs of the People's Republic of China - News (English),Qin Gang Briefs on the Outcomes and Common Understandings of the 4th Meeting of the Joint Commission on Bilateral Cooperation between China and Indonesia,"On February 22, 2023 local time, Foreign Minister Qin Gang briefed the press on the outcomes and the common understandings reached between the two sides after co-chairing the 4th meeting of the Joint Commission on Bilate",0.157
MFA,231,2023-02-22,Ministry of Foreign Affairs of the People's Republic of China - Spokesperson's Remarks (English),Foreign Ministry Spokesperson Wang Wenbin's Regular Press Conference on February 22 2023,China News Service: There has been a lot of media coverage on China's Global Security Initiative Concept Paper released by the foreign ministry. Foreign Minister Qin Gang said that the concept paper demonstrates China's ,0.028
Xinhua,294,2023-02-22,Xinhua,China Focus: Security paper demonstrates China's resolve to defend global security,"BEIJING, Feb. 22 (Xinhua) -- The Global Security Initiative Concept Paper issued by China has demonstrated the country's sense of responsibility for safeguarding world peace and firm resolve to defend global security, ac",0.108
Xinhua,295,2023-02-22,Xinhua,"China, Indonesia agree to further deepen cooperation","JAKARTA, Feb. 22 (Xinhua) -- China and Indonesia have agreed to deepen strategic synergy and promote cooperation on trade and investment, Chinese Foreign Minister Qin Gang said on Wednesday after a meeting of the Joint C",0.134
MFA,232,2023-02-23,Ministry of Foreign Affairs of the People's Republic of China - Spokesperson's Remarks (English),Foreign Ministry Spokesperson Wang Wenbin's Regular Press Conference on February 23 2023,CCTV: We noted that Member of the Political Bureau of the CPC Central Committee and Director of the Office of the Central Commission for Foreign Affairs Wang Yi just wrapped up his visit to Russia. Could you share more d,0.062
Xinhua,296,2023-02-23,Xinhua,"Xinhua Headlines: One year on, Ukraine crisis accentuates calls for peace","by Xinhua writers Shi Hao, Li Dongxu MOSCOW/KIEV, Feb. 23 (Xinhua) -- Russia and Ukraine traded a fresh round of strikes as the world is set to mark the first anniversary of the armed conflict on Friday. The crisis has c",-0.099
MFA,233,2023-02-24,Ministry of Foreign Affairs of the People's Republic of China - News (English),China's Position on the Political Settlement of the Ukraine Crisis,"1. Respecting the sovereignty of all countries. Universally recognized international law, including the purposes and principles of the United Nations Charter, must be strictly observed. The sovereignty, independence and ",0.002
Xinhua,297,2023-02-24,Xinhua,Full text: China's Position on the Political Settlement of the Ukraine Crisis,"BEIJING, Feb. 24 (Xinhua) -- China released a paper stating its position on the political settlement of the Ukraine crisis on Friday. The following is the full text. China's Position on the Political Settlement of the Uk",-0.002
Xinhua,298,2023-02-27,Xinhua,"World Insights: China's position on political settlement of Ukraine crisis impartial, constructive","BEIJING, Feb. 27 (Xinhua) -- China released a paper stating its position on the political settlement of the Ukraine crisis on Friday, as the world marked one year since the full escalation of the crisis. In the paper, Ch",0.055
Xinhua,299,2023-02-28,Xinhua,Xinhua Commentary: Bipartisan ecstasy in containing China a pity for ordinary Americans,"by Xinhua writer Dong Yue BEIJING, Feb. 28 (Xinhua) -- With the first hearing of the U.S. House committee on China around the corner, the panel members, as committee Chairman Mike Gallagher has said, """"are really enthusi",0.039
MFA,234,2023-03-01,Ministry of Foreign Affairs of the People's Republic of China - News (English),Xi Jinping Holds Talks with President of Belarus Aleksandr Lukashenko,"On March 1, 2023, at the Great Hall of the People, President Xi Jinping held talks with President of Belarus Aleksandr Lukashenko who is on a state visit to China. Xi Jinping pointed out that in Samarkand last September,",0.175
Xinhua,300,2023-03-01,Xinhua,"China is most important economic, trade partner of Asian countries: Cambodian FM","PHNOM PENH, March 1 (Xinhua) -- Cambodian Deputy Prime Minister and Foreign Minister Prak Sokhonn said Wednesday that China is the most important economic and trade partner for countries in Asia. Sokhonn made the remarks",0.144
Xinhua,301,2023-03-01,Xinhua,2nd LD-Writethru: Xi holds talks with Belarusian president,"BEIJING, March 1 (Xinhua) -- Chinese President Xi Jinping held talks with Belarusian President Alexander Lukashenko in Beijing on Wednesday. Xi said in Samarkand in September last year, he and Lukashenko jointly announce",0.167
MFA,235,2023-03-02,Ministry of Foreign Affairs of the People's Republic of China - News (English),Qin Gang Meets with Russian Foreign Minister Sergei Lavrov,"On March 2, 2023 local time, Foreign Minister Qin Gang met with Russian Foreign Minister Sergei Lavrov on the sidelines of the G20 Foreign Ministers' Meeting in New Delhi. Qin Gang said that under the strategic guidance ",0.097
MFA,236,2023-03-02,Ministry of Foreign Affairs of the People's Republic of China - News (English),Enhancing Multilateralism and Promoting Global Development,"Remarks by H.E. Qin Gang Minister of Foreign Affairs of the People's Republic of China At the G20 Foreign Ministers' Meeting Session I New Delhi, March 2, 2023 Minister Jaishankar, Dear Colleagues, Let me thank the gove",0.083
MFA,237,2023-03-02,Ministry of Foreign Affairs of the People's Republic of China - News (English),Qin Gang Attends the G20 Foreign Ministers' Meeting,"On March 2, 2023 local time, Foreign Minister Qin Gang attended the G20 Foreign Ministers' Meeting in New Delhi. Qin Gang said that faced with a volatile international situation and rising global challenges, the G20 must",0.054
Xinhua,302,2023-03-02,Xinhua,"Chinese, Russian FMs meet on ties, Ukraine crisis","NEW DELHI, March 2 (Xinhua) -- Chinese Foreign Minister Qin Gang met with his Russian counterpart Sergei Lavrov on Thursday over bilateral ties and a political settlement of the Ukraine crisis on the sidelines of the Gro",0.06
Xinhua,303,2023-03-02,Xinhua,"Chinese FM urges stronger G20 cooperation to promote multilateralism, global development","NEW DELHI, March 2 (Xinhua) -- Chinese Foreign Minister Qin Gang on Thursday called on the Group of 20 (G20) members to conduct closer cooperation in enhancing multilateralism and promoting global development. Qin made t",0.03
Xinhua,304,2023-03-02,Xinhua,"1st LD Writethru: Chinese FM urges stronger G20 cooperation to promote multilateralism, global development","NEW DELHI, March 2 (Xinhua) -- Chinese Foreign Minister Qin Gang on Thursday called on the Group of 20 (G20) members to conduct closer cooperation in enhancing multilateralism and promoting global development. Qin made t",0.07
Xinhua,305,2023-03-03,Xinhua,World Insights: Why China's position paper on Ukraine crisis annoyed some countries?,"BEIJING, March 3 (Xinhua) -- To push forward the political settlement of the ongoing Russia-Ukraine conflict, the Chinese Foreign Ministry released last month a paper stating Beijing's position on the issue. In the paper",-0.041
Xinhua,306,2023-03-05,Xinhua,"China to work with int'l community to put into action Global Development Initiative, Global Security Initiative","BEIJING, March 5 (Xinhua) -- China stands ready to work with the international community to put into action the Global Development Initiative and the Global Security Initiative and promote the shared values of humanity, ",0.203
Xinhua,307,2023-03-05,Xinhua,Xinhua Commentary: China's unremitting peace efforts on political settlement of Ukraine crisis show its role as responsible major country,"BEIJING, March 5 (Xinhua) -- Terminating the conflict and making peace have become the common expectations of the international community as the negative effects of the escalating crisis in Ukraine continue to affect the",-0.049
MFA,238,2023-03-07,Ministry of Foreign Affairs of the People's Republic of China - News (English),Foreign Minister Qin Gang Meets the Press,"On 7 March 2023, a press conference was held on the margins of the First Session of the 14th National People's Congress at the Media Center, during which Foreign Minister Qin Gang answered questions from Chinese and fore",0.089
MFA,239,2023-03-08,Ministry of Foreign Affairs of the People's Republic of China - Spokesperson's Remarks (English),Foreign Ministry Spokesperson Mao Ning's Regular Press Conference on March 8 2023,"Xinhua News Agency: A few days ago, the Government of Zambia presented the """"Medal of Foreign Cooperation"""" to members of the 25th Chinese Military Medical Expert Team to Zambia and thanked China for sending senior medic",0.083
Xinhua,308,2023-03-08,Xinhua,"World Insights: How China brings prosperity, stability to world","BEIJING, March 8 (Xinhua) -- China will always keep in mind the interests of the world, take an active part in global governance and contribute more to world peace, development and human progress, Chinese Foreign Ministe",0.153
Xinhua,309,2023-03-09,Xinhua,Column: China as the unwavering force of stability in an uncertain world,"by Shamim Zakaria BEIJING, March 8 (Xinhua) -- Seated in a vibrant neighborhood cafe in Beijing, as my conversation with my Chinese friend drifted to the ongoing conflict between Ukraine and Russia, it quickly became evi",0.167
Xinhua,310,2023-03-09,Xinhua,Explainer: How is China's vision of building a community with a shared future for mankind viewed?,"BEIJING, March 8 (Xinhua) -- About 10 years ago, while expounding on China's views on international affairs at the Moscow State Institute of International Relations, Chinese President Xi Jinping called for forging a comm",0.133
Xinhua,311,2023-03-09,Xinhua,"UN chief, Ukrainian president call for extension of Black Sea Grain Initiative","KIEV, March 8 (Xinhua) -- Ukrainian President Volodymyr Zelensky and visiting United Nations (UN) Secretary-General Antonio Guterres on Wednesday called for the extension of the Black Sea Grain Initiative, which expires ",0.074
Xinhua,312,2023-03-10,Xinhua,Explainer: What Chinese modernization would mean for the world?,"BEIJING, March 10 (Xinhua) -- For a long time in history, the world was shrouded in the myth that modernization equals Westernization. The emergence of Chinese modernization dispels it, making modernization no longer a s",0.112
Xinhua,313,2023-03-10,Xinhua,"Column: Understanding what an open China means to the world through """"thinner"""" suitcases","by Aly Thabet BEIJING, March 10 (Xinhua) -- The ongoing """"two sessions"""" in Beijing hold great significance not only for China's own development but also for other nations interested in understanding China's future growt",0.119
Xinhua,314,2023-03-12,Xinhua,"World Insights: China's path to modernization, peaceful development inspire African partners -- experts","NAIROBI, March 12 (Xinhua) -- The accelerated pace of modernization combined with peaceful and inclusive development that China has embraced with zeal is inspiring African countries as they embark on a new chapter of ren",0.195
Xinhua,315,2023-03-12,Xinhua,World Insights: China's peace efforts widely hailed as world welcomes Saudi-Iran deal,"BEIJING, March 12 (Xinhua) -- The announcement to restore diplomatic relations between Iran and Saudi Arabia, made on Friday in a joint statement with China, has been widely welcomed around the globe as a victory for pea",0.22
Xinhua,316,2023-03-13,Xinhua,Xi stresses building human community with shared future,"BEIJING, March 13 (Xinhua) -- China will make efforts to promote the building of a community with a shared future for humanity, President Xi Jinping said Monday. China's development benefits the world and China cannot de",0.156
Xinhua,317,2023-03-13,Xinhua,"Xinhua Headlines: Saudi-Iranian agreement to restore ties benefits regional security, shows China's goodwill to promote global security","CAIRO, March 13 (Xinhua) -- After years of open hostility, Saudi Arabia and Iran agreed last week to restore diplomatic ties after talks facilitated by China, a significant development for the two nations and a boon to t",0.151
Xinhua,318,2023-03-13,Xinhua,"Xinhua Headlines: Xi pools mighty force for building great country, national rejuvenation","BEIJING, March 13 (Xinhua) -- Chinese President Xi Jinping on Monday called for forming a mighty force for building a great modern socialist country and advancing national rejuvenation as the curtains closed on the annua",0.189
Xinhua,319,2023-03-13,Xinhua,"China provides food for thought as Saudi Arabia, Iran restore ties: experts","BEIJING, March 13 (Xinhua) -- Saudi Arabia and Iran have agreed to restore diplomatic relations and reopen their embassies and missions within two months after China-mediated talks in Beijing last week. Observers said th",0.127
MFA,240,2023-03-14,Ministry of Foreign Affairs of the People's Republic of China - News (English),Wang Yi Has a Phone Call with Indonesian Coordinator for Cooperation with China Luhut Binsar Pandjaitan,"On March 14, 2023, Member of the Political Bureau of the CPC Central Committee and Director of the Office of the Central Commission for Foreign Affairs Wang Yi had a phone call at request with Indonesian Coordinator for ",0.206
MFA,241,2023-03-14,Ministry of Foreign Affairs of the People's Republic of China - Spokesperson's Remarks (English),Foreign Ministry Spokesperson Wang Wenbin's Regular Press Conference on March 14 2023,"Following the decision to manage COVID-19 with measures against Class-B infectious diseases starting from January 8 this year, the Chinese government has introduced a series of measures to facilitate cross-border people-",0.069
Xinhua,320,2023-03-14,Xinhua,Senior Chinese diplomat eyes huge potential in cooperation with Indonesia,"BEIJING, March 14 (Xinhua) -- Wang Yi, director of the Office of the Foreign Affairs Commission of the Communist Party of China Central Committee, on Tuesday spoke with Indonesia's Coordinator for Cooperation with China ",0.192
Xinhua,321,2023-03-14,Xinhua,World Insights: China's new journey of development brings win-win opportunities for the world,"BEIJING, March 14 (Xinhua) -- """"The relay baton of building a great modern socialist country and advancing national rejuvenation has been historically passed on to our generation,"""" Chinese President Xi Jinping said here",0.157
Xinhua,322,2023-03-14,Xinhua,Full text of Xi Jinping's speech at first session of 14th NPC,"BEIJING, March 14 (Xinhua) -- Chinese President Xi Jinping delivered a speech Monday morning at the first session of the 14th National People's Congress, the country's national legislature. The following is the full text",0.244
MFA,242,2023-03-15,Ministry of Foreign Affairs of the People's Republic of China - Spokesperson's Remarks (English),Foreign Ministry Spokesperson Wang Wenbin's Regular Press Conference on March 15 2023,AFP: The President of Honduras expressed readiness to officially establish diplomatic ties with China. Has China received an official request from Honduras? When will the two countries establish diplomatic ties? Wang We,0.049
Xinhua,323,2023-03-15,Xinhua,China supports Horn of Africa countries to independently resolve differences: special envoy,"ADDIS ABABA, March 14 (Xinhua) -- China supports countries in the Horn of Africa to independently resolve differences through dialogue and consultation to promote lasting peace and stability in the region, said Xue Bing,",0.159
Xinhua,324,2023-03-15,Xinhua,First session of 14th NPC concludes and Xi Jinping delivers important speech,"BEIJING, March 14 (Xinhua) -- Having completed all items on its agenda, and with leading officials of state institutions elected and endorsed, the first session of the 14th National People's Congress (NPC) of the People'",0.163
MFA,243,2023-03-16,Ministry of Foreign Affairs of the People's Republic of China - Spokesperson's Remarks (English),Foreign Ministry Spokesperson Wang Wenbin's Regular Press Conference on March 16 2023,CCTV: General Secretary Xi Jinping introduced the Global Civilization Initiative at the CPC in Dialogue with World Political Parties High-Level Meeting on March 15. Could you offer more information? Wang Wenbin: On March,0.017
Xinhua,325,2023-03-17,Xinhua,"Roundup: China's Global Security Initiative to help world combat security challenges, ensure sustainable peace: experts","by Raheela Nazir ISLAMABAD, March 17 (Xinhua) -- With the global security environment becoming greatly undefined and complex owing to climate change, pandemics and geopolitical conflicts, China-proposed Global Security I",0.144
Xinhua,326,2023-03-17,Xinhua,Xinhua Commentary: Global Civilization Initiative injects fresh energy into human development,"BEIJING, March 17 (Xinhua) -- The Global Civilization Initiative, proposed by Chinese President Xi Jinping, will inject fresh and strong energy into the common development and progress of human society in a world fraught",0.166
MFA,244,2023-03-20,Ministry of Foreign Affairs of the People's Republic of China - News (English),"Forging Ahead to Open a New Chapter of China-Russia Friendship, Cooperation and Common Development","Xi Jinping President of the People's Republic of China At the invitation of President Vladimir Putin, I will soon pay a state visit to the Russian Federation. Russia was the first country I visited after I was elected Pr",0.125
MFA,245,2023-03-20,Ministry of Foreign Affairs of the People's Republic of China - News (English),"Forging Ahead to Open a New Chapter of China-Russia Friendship, Cooperation and Common Development","Xi Jinping President of the People's Republic of China At the invitation of President Vladimir Putin, I will soon pay a state visit to the Russian Federation. Russia was the first country I visited after I was elected Pr",0.124
MFA,246,2023-03-20,Ministry of Foreign Affairs of the People's Republic of China - Spokesperson's Remarks (English),Foreign Ministry Spokesperson Wang Wenbin's Regular Press Conference on March 20 2023,"At the invitation of State Councilor and Foreign Minister Qin Gang, New Zealand Foreign Minister Nanaia Mahuta will visit China from March 22 to 25. Sky News: In the last few days, the International Criminal Court has is",0.043
Xinhua,327,2023-03-20,Xinhua,"Interview: China-proposed vision for a shared future resonates in int'l community, says British expert","LONDON, March 20 (Xinhua) -- The vision of building a community with a shared future for mankind, proposed by China, strikes a chord with the international community, Keith Bennett, a long-term China specialist and vice ",0.1
Xinhua,328,2023-03-20,Xinhua,Highlights of foreign congratulatory messages on Xi's election as Chinese president (9),"BEIJING, March 19 (Xinhua) -- World leaders and international organization chiefs continued to extend congratulations to Xi Jinping on his election as president of the People's Republic of China. Philippine President Fer",0.107
Xinhua,329,2023-03-20,Xinhua,Full text of Xi's signed article on Russian media,"BEIJING, March 20 (Xinhua) -- A signed article by Chinese President Xi Jinping titled """"Forging Ahead to Open a New Chapter of China-Russia Friendship, Cooperation and Common Development"""" was published Monday on Russia'",0.132
MFA,247,2023-03-22,Ministry of Foreign Affairs of the People's Republic of China - News (English),President Xi Jinping Holds Talks with Russian President Vladimir Putin,"On the afternoon of 21 March local time, President Xi Jinping held talks with Russian President Vladimir Putin at the Kremlin in Moscow. They had sincere, friendly and fruitful talks on the bilateral ties and major regio",0.191
MFA,248,2023-03-22,Ministry of Foreign Affairs of the People's Republic of China - Spokesperson's Remarks (English),Foreign Ministry Spokesperson Wang Wenbin's Regular Press Conference on March 22 2023,Reuters: Philippine President Ferdinand Marcos Jr. said today that four new military bases under the Enhanced Defense Cooperation Agreement (EDCA) with the United States would be located in various parts of the Philippin,0.101
Xinhua,330,2023-03-22,Xinhua,"Xinhua Commentary: Ten years on, China-proposed vision on community with shared future boosts world prosperity, stability","BEIJING, March 22 (Xinhua) -- A decade after the concept of a community with a shared future for mankind was proposed, the Chinese flagship vision is becoming a great banner for building a better, more prosperous world. ",0.154
Xinhua,331,2023-03-22,Xinhua,"Xi, Putin vow to deepen strategic partnership in fruitful talks","MOSCOW, March 21 (Xinhua) -- Chinese President Xi Jinping and his Russian counterpart, Vladimir Putin, on Tuesday agreed to strengthen bilateral ties based on principles of good-neighborliness, friendship and win-win coo",0.184
Xinhua,332,2023-03-22,Xinhua,Highlights of Xi and Putin's talks in Russia,"MOSCOW, March 22 (Xinhua) -- During his three-day visit to Russia starting on Monday, Chinese President Xi Jinping and Russian President Vladimir Putin had sincere, friendly and fruitful talks on the bilateral ties and m",0.092
Xinhua,333,2023-03-22,Xinhua,"Xinhua Headlines: Xi, Putin agree to deepen comprehensive strategic partnership of coordination for new era","MOSCOW, March 21 (Xinhua) -- Chinese President Xi Jinping on Tuesday held talks with Russian President Vladimir Putin at the Kremlin in Moscow. They had sincere, friendly and fruitful talks on the bilateral ties and majo",0.197
Xinhua,334,2023-03-22,Xinhua,Senior CPC official meets Spanish delegation,"BEIJING, March 22 (Xinhua) -- Liu Jianchao, head of the International Department of the Communist Party of China Central Committee, met with a Spanish delegation led by Jose Luis Centella, president of the Communist Part",0.052
MFA,249,2023-03-23,Ministry of Foreign Affairs of the People's Republic of China - Spokesperson's Remarks (English),Foreign Ministry Spokesperson Wang Wenbin's Regular Press Conference on March 23 2023,"At the invitation of State Councilor and Foreign Minister Qin Gang, ASEAN Secretary-General Dr. Kao Kim Hourn will pay an official visit to China from March 24 to 29. During the visit, Dr. Kao Kim Hourn will also attend ",0.061
Xinhua,335,2023-03-23,Xinhua,Xi Focus: Building better world with a shared future,"BEIJING, March 23 (Xinhua) -- President Xi Jinping's state visit to Russia this week, which is also his first overseas trip since being re-elected as Chinese president, is widely believed to be a journey of friendship, c",0.11
Xinhua,336,2023-03-23,Xinhua,Xinhua Headlines: How China's vision and actions help build a better world for all,"BEIJING, March 23 (Xinhua) -- """"The path of history is not paved like Nevsky Avenue in St Petersburg; it runs across fields, either dusty or muddy, and cuts through swamps or forest thickets,"""" wrote Nikolay Chernyshevsk",0.119
Xinhua,337,2023-03-23,Xinhua,"World Insights: Xi's Russia visit deepens bilateral cooperation, contributes to human progress","BEIJING, March 23 (Xinhua) -- Chinese President Xi Jinping paid a state visit to Russia from March 20 to 22 at the invitation of his Russian counterpart, Vladimir Putin. The two leaders had sincere, friendly and fruitful",0.134
MFA,250,2023-03-24,Ministry of Foreign Affairs of the People's Republic of China - News (English),Qin Gang Meets with New Zealand's Foreign Minister Nanaia Mahuta,"On March 24, 2023, State Councilor and Foreign Minister Qin Gang met with New Zealand's Foreign Minister Nanaia Mahuta in Beijing. Qin Gang said that since the establishment of diplomatic relations, China and New Zealand",0.239
Xinhua,338,2023-03-24,Xinhua,Interview: Chinese modernization offers inspiration for global development -- Senegalese experts,"DAKAR, March 24 (Xinhua) -- China's path to modernization and its commitment to high-quality development will continue to inspire and serve as a reference for the rest of the world, providing great opportunities for coun",0.186
Xinhua,339,2023-03-24,Xinhua,"Xi Focus-Closeup: From sapling to flourishing tree, vision of shared future thrives","BEIJING, March 24 (Xinhua) -- Stepping onto an islet in Yanqi Lake of Beijing's Huairou District, one can easily spot a grove of 21 white-barked pines standing in the tranquil location. On Nov. 11, 2014, Chinese Presiden",0.102
MFA,251,2023-03-26,Ministry of Foreign Affairs of the People's Republic of China - News (English),Qin Gang and Foreign Minister of Honduras Eduardo Enrique Reina Sign Joint Communiqué on the Establishment of Diplomatic Relations Between the People's Republic of China and the Republic of Honduras,"On the morning of March 26, 2023, State Councilor and Foreign Minister Qin Gang held talks with Foreign Minister of Honduras Eduardo Enrique Reina in Beijing, and they signed the Joint Communiqué on the Establishment of ",0.171
Xinhua,340,2023-03-26,Xinhua,Tanzanian official says China's principles on relations with Africa common values for both sides,"DAR ES SALAAM, March 25 (Xinhua) -- China's principles of sincerity, real results, affinity and good faith, as well as its commitment to the greater good and shared interests are not only the country's principles of and ",0.303
Xinhua,341,2023-03-26,Xinhua,Interview: Xi's vision of community with shared future represents China's efforts for world development -- Hungarian expert,"BUDAPEST, March 26 (Xinhua) -- Chinese President Xi Jinping's idea of a community with a shared future for mankind represents China's attractive vision for world development, a Hungarian expert has said. """"This concept r",0.108
Xinhua,342,2023-03-26,Xinhua,"3rd LD: China, Honduras establish diplomatic relations","BEIJING, March 26 (Xinhua) -- China and Honduras signed a joint communique in Beijing on Sunday on the establishment of diplomatic relations. The communique was signed by Chinese State Councilor and Foreign Minister Qin ",0.156
Xinhua,343,2023-03-26,Xinhua,"4th LD-Writethru-China Focus: China, Honduras establish diplomatic relations","BEIJING, March 26 (Xinhua) -- China and Honduras signed a joint communique in Beijing on Sunday on the establishment of diplomatic relations. According to the communique, the People's Republic of China and the Republic o",0.129
MFA,252,2023-03-27,Ministry of Foreign Affairs of the People's Republic of China - News (English),Qin Gang Attends the Annual Meeting of the China Development Forum 2023 and Delivers a Speech,"On March 27, 2023, State Councilor and Foreign Minister Qin Gang attended the Annual Meeting of the China Development Forum 2023 and delivered a speech titled """"Forging Ahead on the New Journey toward a Community with a ",0.144
MFA,253,2023-03-27,Ministry of Foreign Affairs of the People's Republic of China - News (English),Qin Gang Attends the Annual Meeting of the China Development Forum 2023 and Delivers a Speech,"On March 27, 2023, State Councilor and Foreign Minister Qin Gang attended the Annual Meeting of the China Development Forum 2023 and delivered a speech titled """"Stride Forward on the New Journey of Building a Community w",0.146
MFA,254,2023-03-27,Ministry of Foreign Affairs of the People's Republic of China - News (English),Forging Ahead on the New Journey toward a Community with a Shared Future for Mankind,"Speech by State Councilor and Foreign Minister Qin Gang At the Luncheon of the China Development Forum 2023 March 27, 2023 Distinguished Guests, Ladies and Gentlemen, Friends, Good afternoon. I am delighted to attend the",0.13
Xinhua,344,2023-03-27,Xinhua,Chinese FM calls for joint efforts to build community with shared future,"BEIJING, March 27 (Xinhua) -- Chinese State Councilor and Foreign Minister Qin Gang said Monday that the world should unite as one and set out to make great strides to build a community with a shared future for humanity.",0.233
Xinhua,345,2023-03-27,Xinhua,Senior CPC official meets with Pakistani senator,"BEIJING, March 27 (Xinhua) -- Liu Jianchao, head of the International Department of the Communist Party of China (CPC) Central Committee, met with Mushahid Hussain Syed, co-chairman of the Standing Committee of the Inter",0.055
Xinhua,346,2023-03-29,Xinhua,Chinese premier meets Cote d'Ivoire prime minister,"BOAO, Hainan, March 29 (Xinhua) -- Chinese Premier Li Qiang met with Prime Minister of Cote d'Ivoire Patrick Achi on Wednesday in Boao, Hainan Province, pledging to bring bilateral ties to a new height. Noting that China",0.128
Xinhua,347,2023-03-29,Xinhua,Chinese envoy says international community must help Africa eradicate terrorism,"UNITED NATIONS, March 28 (Xinhua) -- A Chinese envoy on Tuesday called on the international community to help Africa address its most pressing challenges and eradicate terrorist threats. Africa still has a long way to go",0.079
Xinhua,348,2023-03-29,Xinhua,"China calls on SCO members to deepen cooperation on law enforcement, security","BEIJING, March 29 (Xinhua) -- Chinese State Councilor and Minister of Public Security Wang Xiaohong on Wednesday called on Shanghai Cooperation Organization (SCO) member states to deepen pragmatic cooperation in the fiel",0.038
MFA,255,2023-03-30,Ministry of Foreign Affairs of the People's Republic of China - News (English),Li Qiang Meets with Members of the Board of Directors of the Boao Forum for Asia,"On March 29, 2023, Premier of the State Council Li Qiang met with Chairman of the Boao Forum for Asia (BFA) Ban Ki-moon and other members of the BFA Board of Directors, delegates of the BFA Council of Advisors and strate",0.18
MFA,256,2023-03-30,Ministry of Foreign Affairs of the People's Republic of China - News (English),Li Qiang Meets with Prime Minister of Côte d'Ivoire Patrick Jérôme Achi,"On March 29, 2023, Premier of the State Council Li Qiang met with Prime Minister of Côte d'Ivoire Patrick Jérôme Achi, who was in China for the Boao Forum for Asia Annual Conference 2023, in Boao, Hainan Province. Li Qia",0.177
MFA,257,2023-03-30,Ministry of Foreign Affairs of the People's Republic of China - News (English),Following the Vision of a Community with a Shared Future for Mankind and Bringing More Certainty to World Peace and Development,"Keynote Speech by H.E. Li Qiang Premier of the State Council of the People's Republic of China At the Opening Plenary of The Boao Forum for Asia Annual Conference 2023 Boao, March 30, 2023 Your Excellencies Heads of Gove",0.215
Xinhua,349,2023-03-30,Xinhua,"China Focus: Chinese premier calls on Asia to inject more certainty into world peace, development","BOAO, Hainan, March 30 (Xinhua) -- Chinese Premier Li Qiang on Thursday called for efforts in Asia to uphold the vision of a community with a shared future for humanity and inject more certainty into world peace and deve",0.275
Xinhua,350,2023-03-30,Xinhua,"Interview: Xi's initiatives even more relevant as West moves towards blocs, says expert","by Xinhua writers Yang Shilong, Zhang Mocheng NEW YORK, March 30 (Xinhua) -- The idea of building a community with a shared future for mankind, initiated by Chinese President Xi Jinping 10 years ago, is """"even more relev",0.063
Xinhua,351,2023-03-30,Xinhua,"Chinese military willing to deepen exchanges, trust with Russian counterpart: spokesperson","BEIJING, March 30 (Xinhua) -- A Chinese defense spokesperson on Thursday said the Chinese military is willing to work with its Russian counterpart to deepen exchanges and cooperation under current mechanisms, enhance mut",0.05
MFA,258,2023-03-31,Ministry of Foreign Affairs of the People's Republic of China - News (English),Xi Jinping Meets with Prime Minister Datuk Seri Anwar Ibrahim of Malaysia,"On the afternoon of March 31, 2023, President Xi Jinping met with Prime Minister Datuk Seri Anwar Ibrahim of Malaysia, who was on an official visit to China, at the Great Hall of the People. Xi Jinping pointed out that C",0.179
MFA,259,2023-03-31,Ministry of Foreign Affairs of the People's Republic of China - Spokesperson's Remarks (English),Foreign Ministry Spokesperson Mao Ning's Regular Press Conference on March 31 2023,"At the invitation of State Councilor and Foreign Minister Qin Gang, Japan's Minister for Foreign Affairs Yoshimasa Hayashi will visit China from April 1 to 2. CCTV: The US hosted the second """"Summit for Democracy"""" from ",0.074
Xinhua,352,2023-03-31,Xinhua,China's top legislator meets Singaporean PM,"BEIJING, March 31 (Xinhua) -- China's top legislator Zhao Leji met with Singapore's Prime Minister Lee Hsien Loong in Beijing on Friday. Zhao, chairman of the National People's Congress (NPC) Standing Committee, said und",0.202
Xinhua,353,2023-03-31,Xinhua,1st LD-Writethru: Xi meets Malaysian PM,"BEIJING, March 31 (Xinhua) -- Chinese President Xi Jinping met with Malaysia's Prime Minister Datuk Seri Anwar Ibrahim in Beijing on Friday. Xi pointed out that the China-Malaysia friendship has a long history, and bilat",0.056
Xinhua,354,2023-03-31,Xinhua,"Xinhua Headlines: Renewed dynamism of Chinese economy a pivotal driving force for Asian recovery, integration","by Xinhua writer Ma Qian BOAO, Hainan, March 31 (Xinhua) -- As the Philippines started shipping fresh durians to China this month, 29-year-old Jomar Abdon, a Filipino durian grower, called access to the enormous Chinese ",0.189
Xinhua,355,2023-04-01,Xinhua,Chinese premier holds talks with Malaysian PM,"BEIJING, April 1 (Xinhua) -- Chinese Premier Li Qiang on Saturday held talks with visiting Malaysia's Prime Minister Datuk Seri Anwar Ibrahim in Beijing. China and Malaysia have reached a consensus on building a China-Ma",0.142
MFA,260,2023-04-02,Ministry of Foreign Affairs of the People's Republic of China - News (English),Li Qiang Holds Talks with Malaysian Prime Minister Datuk Seri Anwar Ibrahim,"On the afternoon of April 1, 2023, Premier Li Qiang of the State Council held talks with Malaysian Prime Minister Datuk Seri Anwar Ibrahim, who was on his official visit to China, at the Great Hall of the People. Li Qian",0.186
MFA,261,2023-04-03,Ministry of Foreign Affairs of the People's Republic of China - News (English),Qin Gang Meets with IOM Director General António Vitorino,"On April 3, 2023, State Councilor and Foreign Minister Qin Gang met with Director General of the International Organization for Migration (IOM) António Vitorino in Beijing. Qin Gang spoke positively of Vitorino's work si",0.177
Xinhua,356,2023-04-03,Xinhua,"Xinhua Headlines: Xi's diplomatic agenda reflects China's role in world peace, development","BEIJING, April 3 (Xinhua) -- Chinese President Xi Jinping met with Spanish Prime Minister Pedro Sanchez, Malaysian Prime Minister Datuk Seri Anwar Ibrahim and Singaporean Prime Minister Lee Hsien Loong in three separate ",0.141
Xinhua,357,2023-04-04,Xinhua,Chinese FM meets director general of IOM in Beijing,"BEIJING, April 3 (Xinhua) -- Chinese State Councilor and Foreign Minister Qin Gang met on Monday with Antonio Vitorino, Director General of the International Organization for Migration (IOM) in Beijing, calling for furth",0.211
MFA,262,2023-04-06,Ministry of Foreign Affairs of the People's Republic of China - News (English),Xi Jinping Attends and Addresses the Closing Ceremony of the Fifth Meeting of the China-France Business Council,"On the afternoon of April 6, 2023, President Xi Jinping and French President Emmanuel Macron jointly attended and addressed the closing ceremony of the fifth meeting of the China-France Business Council in Beijing. Notin",0.207
MFA,263,2023-04-06,Ministry of Foreign Affairs of the People's Republic of China - News (English),Qin Gang Has a Group Meeting with Saudi Arabia's Foreign Minister Prince Faisal bin Farhan Al Saud and Iranian Foreign Minister Hossein Amir-Abdollahian,"On April 6, 2023, State Councilor and Foreign Minister Qin Gang had a group meeting in Beijing with Saudi Arabia's Foreign Minister Prince Faisal bin Farhan Al Saud and Iranian Foreign Minister Hossein Amir-Abdollahian, ",0.248
MFA,264,2023-04-06,Ministry of Foreign Affairs of the People's Republic of China - Spokesperson's Remarks (English),Foreign Ministry Spokesperson Mao Ning's Regular Press Conference on April 6 2023,"The Paper: We have noted that Spain's Prime Minister Pedro Sánchez, France's President Emmanuel Macron and President of the European Commission Ursula von der Leyen have visited China in recent days. Some people commente",0.051
Xinhua,358,2023-04-06,Xinhua,"Chinese FM meets Saudi Arabian, Iranian counterparts, witnesses resumption of Saudi Arabia-Iran diplomatic ties","BEIJING, April 6 (Xinhua) -- Chinese State Councilor and Foreign Minister Qin Gang met with Saudi Arabian Foreign Minister Prince Faisal bin Farhan Al Saud and Iranian Foreign Minister Hossein Amir-Abdollahian in Beijing",0.281
Xinhua,359,2023-04-10,Xinhua,"U.S. shirks BWC duties, poses challenge to global biosecurity governance: senior expert","BEIJING, April 10 (Xinhua) -- The United States alone has obstructed the establishment of a verification mechanism for the Biological Weapons Convention (BWC), which poses a challenge to global biosecurity governance, ac",0.034
Xinhua,360,2023-04-10,Xinhua,"Roundup: China's role in global peace-making reflects commitment to building stable world order, says experts","ISLAMABAD, April 10 (Xinhua) -- Based on the vision of a community with a shared future for mankind, China's active role in global peace-making has highlighted the country's commitment to building a new and stable world ",0.196
MFA,265,2023-04-11,Ministry of Foreign Affairs of the People's Republic of China - News (English),Qin Gang Meets with Under-Secretary-General of the United Nations for Political and Peacebuilding Affairs Rosemary A. DiCarlo,"On April 11, 2023, State Councilor and Foreign Minister Qin Gang met with Under-Secretary-General of the United Nations for Political and Peacebuilding Affairs Rosemary A. DiCarlo in Beijing. Qin Gang said that China is ",0.239
MFA,266,2023-04-13,Ministry of Foreign Affairs of the People's Republic of China - News (English),Qin Gang Meets with Russian Foreign Minister Sergey Lavrov,"On April 13, 2023 local time, State Councilor and Foreign Minister Qin Gang met with Russian Foreign Minister Sergey Lavrov in Samarkand. Qin Gang noted that the successful state visit to Russia by President Xi Jinping n",0.131
MFA,267,2023-04-13,Ministry of Foreign Affairs of the People's Republic of China - News (English),Qin Gang Holds Talks with Uzbek Acting Foreign Minister Bakhtiyor Saidov,"On April 12, 2023 local time, State Councilor and Foreign Minister Qin Gang held talks with Uzbek Acting Foreign Minister Bakhtiyor Saidov in Tashkent. Both sides expressed satisfaction with the development of China-Uzbe",0.209
MFA,268,2023-04-13,Ministry of Foreign Affairs of the People's Republic of China - News (English),"Qin Gang Chairs the Second Informal Meeting on Afghanistan Between Foreign Ministers of China, Russia, Pakistan and Iran","On April 13, 2023 local time, State Councilor and Foreign Minister Qin Gang chaired the second Informal Meeting on Afghanistan between Foreign Ministers of China, Russia, Pakistan and Iran in Samarkand. Russian Foreign M",0.062
MFA,269,2023-04-13,Ministry of Foreign Affairs of the People's Republic of China - Spokesperson's Remarks (English),Foreign Ministry Spokesperson Wang Wenbin's Regular Press Conference on April 13 2023,"CNR: On April 12, State Councilor and Foreign Minister Qin Gang visited Uzbekistan. Could you share more information with us? Wang Wenbin: On April 12, Uzbekistan's President Shavkat Mirziyoyev met with State Councilor a",0.066
Xinhua,361,2023-04-13,Xinhua,"Chinese FM, Uzbek acting FM pledge to implement consensus of heads of state, strengthen all-round cooperation","TASHKENT, April 12 (Xinhua) -- Chinese State Councilor and Foreign Minister Qin Gang and Acting Minister of Foreign Affairs of Uzbekistan Bakhtiyor Saidov pledged Wednesday to implement the important consensus reached by",0.228
Xinhua,362,2023-04-13,Xinhua,China's police chief meets Ethiopian counterpart,"BEIJING, April 13 (Xinhua) -- Chinese State Councilor and Minister of Public Security Wang Xiaohong met with Demelash Gebremichael, commissioner general of Ethiopia's Federal Police Commission, in Beijing on Thursday. Wa",0.104
MFA,270,2023-04-14,Ministry of Foreign Affairs of the People's Republic of China - Spokesperson's Remarks (English),Foreign Ministry Spokesperson Wang Wenbin's Regular Press Conference on April 14 2023,"At the invitation of State Councilor and Foreign Minister Qin Gang, Minister of Foreign Affairs of the Oriental Republic of Uruguay Francisco Bustillo Bonasso will pay a visit to China from April 16 to 20. CCTV: On the a",0.083
Xinhua,363,2023-04-14,Xinhua,China willing to work with Russia to maintain bilateral relations at high level: Chinese FM,"SAMARKAND, Uzbekistan, April 13 (Xinhua) -- China is ready to work with Russia to maintain bilateral relations at a high level, Chinese State Councilor and Foreign Minister Qin Gang said here on Thursday during his meeti",0.112
Xinhua,364,2023-04-14,Xinhua,"Chinese FM chairs 2nd informal meeting of foreign ministers of China, Russia, Pakistan and Iran on Afghan issue","SAMARKAND, Uzbekistan, April 13 (Xinhua) -- Chinese State Councilor and Foreign Minister Qin Gang on Thursday chaired the second informal meeting of foreign ministers of China, Russia, Pakistan and Iran on the Afghan iss",0.071
MFA,271,2023-04-17,Ministry of Foreign Affairs of the People's Republic of China - News (English),Qin Gang Holds Talks with Lao Deputy Prime Minister and Minister of Foreign Affairs Saleumxay Kommasith,"On April 17, 2023, State Councilor and Foreign Minister Qin Gang held talks with visiting Lao Deputy Prime Minister and Minister of Foreign Affairs Saleumxay Kommasith. Qin Gang said that General Secretary Xi Jinping hel",0.257
MFA,272,2023-04-17,Ministry of Foreign Affairs of the People's Republic of China - News (English),Qin Gang Has a Phone Call with Israeli Minister of Foreign Affairs Eli Cohen,"On April 17, 2023, State Councilor and Foreign Minister Qin Gang had a phone call with Israeli Minister of Foreign Affairs Eli Cohen. Qin Gang said that China is concerned about the current tension between Israel and Pal",0.197
MFA,273,2023-04-17,Ministry of Foreign Affairs of the People's Republic of China - Spokesperson's Remarks (English),Foreign Ministry Spokesperson Wang Wenbin's Regular Press Conference on April 17 2023,AFP: The United States Navy has said that one of its warships sailed through the Taiwan Strait yesterday citing freedom of navigation in accordance with international law. Does the foreign ministry have any comments on t,0.032
Xinhua,365,2023-04-17,Xinhua,Chinese foreign minister meets Lao counterpart,"BEIJING, April 17 (Xinhua) -- Chinese State Councilor and Foreign Minister Qin Gang on Monday met with Lao Deputy Prime Minister and Minister of Foreign Affairs Saleumxay Kommasith in Beijing. Noting that the two heads o",0.238
MFA,274,2023-04-18,Ministry of Foreign Affairs of the People's Republic of China - Spokesperson's Remarks (English),Foreign Ministry Spokesperson Wang Wenbin's Regular Press Conference on April 18 2023,"CCTV: The G7 foreign ministers issued a communiqué after they held a meeting in Japan. They reaffirmed the importance of peace and stability across the Taiwan Strait, and expressed concerns over the situation in the East",0.01
Xinhua,366,2023-04-18,Xinhua,Chinese FM holds talks with Uruguayan counterpart,"BEIJING, April 18 (Xinhua) -- Chinese State Councilor and Foreign Minister Qin Gang held talks with Francisco Bustillo Bonasso, Uruguay's minister of foreign affairs, in Beijing on Tuesday. Noting that this year marks th",0.171
Xinhua,367,2023-04-18,Xinhua,"China ready to facilitate resumption of peace talks between Israel, Palestine: FM","BEIJING, April 17 (Xinhua) -- China encourages both Israel and Palestine to show political courage and take steps to resume peace talks, and China is ready to provide convenience for this, Chinese State Councilor and For",0.173
Xinhua,368,2023-04-18,Xinhua,China's police chief meets with Interpol official,"BEIJING, April 18 (Xinhua) -- Chinese State Councilor and Minister of Public Security Wang Xiaohong met with Secretary-General of the International Criminal Police Organization (Interpol) Jurgen Stock in Beijing on Tuesd",0.118
MFA,275,2023-04-19,Ministry of Foreign Affairs of the People's Republic of China - News (English),Li Qiang Meets with Gabonese President Ali Bongo Ondimba,"On the morning of April 19, 2023, at the Great Hall of the People, Premier Li Qiang of the State Council met with Gabonese President Ali Bongo Ondimba who is in China for a state visit. Li Qiang said that Gabon is a good",0.182
MFA,276,2023-04-19,Ministry of Foreign Affairs of the People's Republic of China - News (English),Xi Jinping Holds Talks with Gabonese President Ali Bongo Ondimba,"On the afternoon of April 19, 2023, President Xi Jinping held talks at the Great Hall of the People with Gabonese President Ali Bongo Ondimba who is in China for a state visit. The two heads of state decided to elevate t",0.214
Xinhua,369,2023-04-19,Xinhua,Chinese FM meets SCO chief,"BEIJING, April 19 (Xinhua) -- Chinese State Councilor and Foreign Minister Qin Gang met with Secretary-General of the Shanghai Cooperation Organization (SCO) Zhang Ming in Beijing on Wednesday. Qin said that the SCO is a",0.227
Xinhua,370,2023-04-19,Xinhua,Chinese premier meets Gabonese president in Beijing,"BEIJING, April 19 (Xinhua) -- Chinese Premier Li Qiang met with President of the Gabonese Republic Ali Bongo Ondimba, who is on a state visit to China, in Beijing on Wednesday. Calling Gabon a good friend and partner of ",0.158
Xinhua,371,2023-04-19,Xinhua,"2nd LD-Writethru: Chinese, Gabonese presidents hold talks, decide to upgrade bilateral partnership","BEIJING, April 19 (Xinhua) -- Chinese President Xi Jinping held talks with President of the Gabonese Republic Ali Bongo Ondimba, who is on a state visit to China, in Beijing on Wednesday. The two heads of state decided t",0.19
MFA,277,2023-04-21,Ministry of Foreign Affairs of the People's Republic of China - News (English),Qin Gang Meets with Gambian Foreign Minister Mamadou Tangara,"On April 21, 2023, State Councilor and Foreign Minister Qin Gang met in Shanghai with Gambian Foreign Minister Mamadou Tangara who came to China to attend the Lanting Forum on Chinese Modernization and the World and pay ",0.265
MFA,278,2023-04-21,Ministry of Foreign Affairs of the People's Republic of China - Spokesperson's Remarks (English),Foreign Ministry Spokesperson Wang Wenbin's Regular Press Conference on April 21 2023,"At the invitation of Philippine Secretary of Foreign Affairs Enrique Manalo, State Councilor and Foreign Minister Qin Gang will visit the Philippines from April 21 to 23. Yonhap News Agency: The ROK side called in the C",0.064
MFA,279,2023-04-21,Ministry of Foreign Affairs of the People's Republic of China - News (English),Chinese Modernization: New Opportunities for the World,"Keynote Speech by H.E. State Councilor and Foreign Minister Qin Gang At the Opening Ceremony of The Lanting Forum on Chinese Modernization and the World Shanghai, 21 April 2023 Your Excellency Secretary Chen Jining, Pres",0.118
Xinhua,372,2023-04-21,Xinhua,Chinese FM meets Gambian counterpart,"SHANGHAI, April 21 (Xinhua) -- Chinese State Councilor and Foreign Minister Qin Gang on Friday met in Shanghai with Gambian Foreign Minister Mamadou Tangara, who came to China to attend the Lanting Forum on Chinese Moder",0.161
Xinhua,373,2023-04-21,Xinhua,Interview: Gabonese president hopes accelerated Gabon-China relations to bring more benefits,"LIBREVILLE, April 20 (Xinhua) -- Enjoying friendly relations that go back a long way, Gabon and China have been constantly strengthening practical cooperation in various fields, Gabonese President Ali Bongo Ondimba said ",0.205
Xinhua,374,2023-04-21,Xinhua,"Chinese modernization boosts world peace, justice: Chinese FM","BEIJING, April 21 (Xinhua) -- Chinese State Councilor and Foreign Minister Qin Gang delivered a keynote speech at the opening ceremony of the Lanting Forum on Chinese Modernization and the World in Shanghai Friday, point",0.124
Xinhua,375,2023-04-22,Xinhua,"Roundup: China-proposed Global Security Initiative enhances world peace, security -- Zimbabwean experts","HARARE, April 22 (Xinhua) -- One year after the Global Security Initiative (GSI) was put forward, the Chinese proposal has promoted world peace and security, injecting stability and positive energy into the world, Zimbab",0.181
Xinhua,376,2023-04-22,Xinhua,"Xinhua Headlines: Why Global Security Initiative can inspire hope for more peaceful, stable world","*Mounting global security challenges now stand as a constant reminder that the world community faces a momentous and urgent choice between a vision of common, comprehensive, cooperative and sustainable security or the Co",0.068
Xinhua,377,2023-04-22,Xinhua,"Xinhua Headlines: Why Global Security Initiative can inspire hope for more peaceful, stable world","BEIJING, April 22 (Xinhua) -- Earlier this month, the foreign ministers of China, Saudi Arabia, and Iran shook hands in Beijing, marking a historic moment in Riyadh-Tehran relations. The two countries' resumption of dipl",0.067
Xinhua,378,2023-04-22,Xinhua,Chinese FM spokesperson introduces achievements of GSI over past year,"BEIJING, April 21 (Xinhua) -- A foreign ministry spokesperson on Friday introduced China's measures and achievements in implementing the Global Security Initiative (GSI) over the past year, saying that China stands ready",0.132
Xinhua,379,2023-04-23,Xinhua,"Interview: Chinese modernization is based on peaceful development, common prosperity, says Egyptian expert","by Yao Bing, Mahmoud Fouly CAIRO, April 23 (Xinhua) -- Chinese modernization as """"a strategic goal"""" for the new era is based on peaceful development and win-win cooperation with other countries for common prosperity and",0.126
MFA,280,2023-04-24,Ministry of Foreign Affairs of the People's Republic of China - News (English),Xi Jinping Accepts Credentials from Foreign Ambassadors to China,"On the afternoon of April 24, 2023, President Xi Jinping accepted credentials presented by 70 ambassadors to China at the Great Hall of the People. Beijing in April is bathed in spring breezes and glorious sunshine. Esco",0.071
Xinhua,380,2023-04-24,Xinhua,Chinese premier meets with PCC delegation,"BEIJING, April 24 (Xinhua) -- Chinese Premier Li Qiang on Monday met with a delegation of the Communist Party of Cuba (PCC) led by Roberto Morales Ojeda, member of the Political Bureau and secretary of organization of th",0.192
Xinhua,381,2023-04-24,Xinhua,"Senior CPC, PCC officials hold talks in Beijing","BEIJING, April 24 (Xinhua) -- Senior Communist Party of China (CPC) official Cai Qi held talks with Roberto Morales Ojeda, member of the Political Bureau and secretary of organization of the Communist Party of Cuba (PCC)",0.192
Xinhua,382,2023-04-25,Xinhua,Chinese envoy to UN calls for true multilateralism,"UNITED NATIONS, April 24 (Xinhua) -- China's permanent representative to the United Nations on Monday called on all countries to practice true multilateralism. The world is standing at a historic crossroads. Humanity is ",0.014
Xinhua,383,2023-04-25,Xinhua,Chinese president receives credentials of 70 ambassadors,"BEIJING, April 24 (Xinhua) -- Chinese President Xi Jinping on Monday received the credentials of 70 ambassadors to China at the Great Hall of the People in Beijing. The ambassadors were Tuvshin Badral from Mongolia, Anyi",0.082
Xinhua,384,2023-04-26,Xinhua,"Senior CPC, CPV officials hold talks in Beijing","BEIJING, April 26 (Xinhua) -- Senior Communist Party of China (CPC) official Cai Qi held talks with Truong Thi Mai, a member of the Political Bureau of the Communist Party of Vietnam (CPV) Central Committee, permanent me",0.187
Xinhua,385,2023-04-28,Xinhua,China to cooperate with other SCO countries on security architecture: defense minister,"NEW DELHI, April 28 (Xinhua) -- Chinese State Councilor and Minister of National Defense Li Shangfu said here on Friday that China is ready to cooperate with other members of the Shanghai Cooperation Organization (SCO) t",0.129
MFA,281,2023-05-01,Ministry of Foreign Affairs of the People's Republic of China - News (English),Qin Gang Holds Talks with Mongolian Foreign Minister Battsetseg Batmunkh,"On May 1, 2023, State Councilor and Foreign Minister Qin Gang held talks in Beijing with visiting Mongolian Foreign Minister Battsetseg Batmunkh. Qin Gang said that China and Mongolia are good neighbors, good friends and",0.235
Xinhua,386,2023-05-01,Xinhua,Chinese FM holds talks with Mongolian counterpart,"BEIJING, May 1 (Xinhua) -- Chinese State Councilor and Foreign Minister Qin Gang held talks with Mongolian Foreign Minister Batmunkh Battsetseg in Beijing on Monday. Noting that China and Mongolia are good neighbors, goo",0.266
Xinhua,387,2023-05-01,Xinhua,Interview: Chinese path to modernization conducive to sustainable global development: expert,"ADDIS ABABA, May 1 (Xinhua) -- China is pursuing a model of modernization that has not been seen before, characterized by a huge population and common prosperity for all in sync with material and cultural-ethical progres",0.207
MFA,282,2023-05-03,Ministry of Foreign Affairs of the People's Republic of China - News (English),Qin Gang Holds Talks with Minister for Foreign Affairs of Myanmar Than Swe,"On May 2, 2023 local time, State Councilor and Foreign Minister Qin Gang held talks with Minister for Foreign Affairs of Myanmar Than Swe in Nay Pyi Taw. Qin Gang said that China and Myanmar are linked by mountains and w",0.167
MFA,283,2023-05-03,Ministry of Foreign Affairs of the People's Republic of China - News (English),Myanmar Leader Min Aung Hlaing Meets with Qin Gang,"On May 2, 2023 local time, Myanmar leader Min Aung Hlaing met with visiting Chinese State Councilor and Foreign Minister Qin Gang in Nay Pyi Taw. Qin Gang said that China and Myanmar are """"pauk-phaw"""" brothers connected ",0.226
Xinhua,388,2023-05-03,Xinhua,"China, Myanmar vow to deepen cooperation in various fields","NAY PYI TAW, May 3 (Xinhua) -- China and Myanmar have agreed to deepen cooperation in various fields so as to promote the continuous development of the comprehensive strategic cooperative partnership between the two coun",0.167
Xinhua,389,2023-05-03,Xinhua,"China, Myanmar agree to promote comprehensive strategic cooperation","NAY PYI TAW, May 2 (Xinhua) -- China and Myanmar agreed on Tuesday to further promote comprehensive strategic cooperation between the two countries. At a meeting with Myanmar leader Min Aung Hlaing in the Myanmar capital",0.205
Xinhua,390,2023-05-03,Xinhua,Xinhua Headlines: An overview of Xi's diplomacy in spring 2023,"BEIJING, May 3 (Xinhua) -- China's diplomacy has been in full swing this spring, particularly after China's exchanges with the world resumed in an orderly manner following continued optimization of its COVID-19 response ",0.119
MFA,284,2023-05-05,Ministry of Foreign Affairs of the People's Republic of China - News (English),Qin Gang Attends the SCO Foreign Ministers' Meeting,"On May 5, 2023 local time, State Councilor and Foreign Minister Qin Gang attended the Shanghai Cooperation Organization (SCO) Foreign Ministers' Meeting in Goa, India. Qin Gang said that the world today is faced with mul",0.136
Xinhua,391,2023-05-05,Xinhua,"Chinese FM urges strategic independence, security cooperation at SCO meeting","GOA, India, May 5 (Xinhua) -- Chinese State Councilor and Foreign Minister Qin Gang on Friday called on member states of the Shanghai Cooperation Organization (SCO) to uphold strategic independence and deepening security",0.058
MFA,285,2023-05-06,Ministry of Foreign Affairs of the People's Republic of China - News (English),Qin Gang Holds the Fourth Round of China-Pakistan Foreign Ministers' Strategic Dialogue with Pakistani Foreign Minister Bilawal Bhutto Zardari,"On May 6, 2023 local time, State Councilor and Foreign Minister Qin Gang held the fourth round of China-Pakistan Foreign Ministers' Strategic Dialogue with Pakistani Foreign Minister Bilawal Bhutto Zardari in Islamabad. ",0.136
MFA,286,2023-05-06,Ministry of Foreign Affairs of the People's Republic of China - News (English),Pakistani President Arif Alvi Meets with Qin Gang,"On May 5, 2023 local time, Pakistani President Arif Alvi met with visiting Chinese State Councilor and Foreign Minister Qin Gang in Islamabad. Alvi asked Qin Gang to convey his sincere greetings to President Xi Jinping. ",0.198
Xinhua,392,2023-05-06,Xinhua,"China, Pakistan vow to further all-round cooperation","ISLAMABAD, May 6 (Xinhua) -- China and Pakistan agreed on Saturday to further promote the all-round cooperation between the two countries. When co-chairing the fourth round of the China-Pakistan Foreign Ministers' Strate",0.12
Xinhua,393,2023-05-06,Xinhua,"Pakistan, China vow to strengthen ties, deepen cooperation","ISLAMABAD, May 6 (Xinhua) -- Pakistan and China have vowed to strengthen bilateral relations, jointly accelerate the construction of the China-Pakistan Economic Corridor (CPEC) and deepen cooperation in the fields includ",0.158
MFA,287,2023-05-07,Ministry of Foreign Affairs of the People's Republic of China - News (English),Qin Gang Attends the Fifth China-Afghanistan-Pakistan Foreign Ministers' Dialogue,"On May 6, 2023 local time, State Councilor and Foreign Minister Qin Gang attended the fifth China-Afghanistan-Pakistan Foreign Ministers' Dialogue in Islamabad, Pakistan. Pakistani Foreign Minister Bilawal Bhutto Zardari",0.169
MFA,288,2023-05-07,Ministry of Foreign Affairs of the People's Republic of China - News (English),4th round of Pakistan-China Foreign Ministers' Strategic Dialogue Joint Press Release,"At the invitation of Foreign Minister Bilawal Bhutto Zardari of the Islamic Republic of Pakistan, State Councilor and Foreign Minister Qin Gang of the People's Republic of China undertook his first official visit to Paki",0.208
Xinhua,394,2023-05-07,Xinhua,"China, Afghanistan, Pakistan pledge to enhance cooperation on security, counter-terrorism","ISLAMABAD, May 7 (Xinhua) -- China, Afghanistan and Pakistan have pledged to further strengthen trilateral cooperation on security and counter-terrorism. When attending the China-Afghanistan-Pakistan Foreign Ministers' D",0.17
Xinhua,395,2023-05-07,Xinhua,"China, Bangladesh should make relations model of friendship among developing countries: Chinese ambassador","DHAKA, May 7 (Xinhua) -- Chinese Ambassador to Bangladesh Yao Wen said here on Saturday that China and Bangladesh should make their relations model of friendship among developing countries. Yao made the remarks at a symp",0.071
MFA,289,2023-05-08,Ministry of Foreign Affairs of the People's Republic of China - News (English),Written Interview with Asharq Al-Awsat by State Councilor and Foreign Minister Qin Gang,"Q1: What is your assessment of the Saudi-Chinese relations? What are the most important areas and prospects for cooperation between the two countries? Qin Gang: Let me quote a line from a classical Chinese poem, """"Good f",0.076
Xinhua,396,2023-05-08,Xinhua,"Xinhua Asia-Pacific news summary at 1600 GMT, May 7","BANGKOK -- Thailand held early voting on Sunday ahead of the parliamentary election scheduled for May 14. Over 2.23 million Thais registered to cast their votes early at designated polling stations across the country, mo",0.054
Xinhua,397,2023-05-11,Xinhua,China calls for promoting Global Security Initiative,"BEIJING, May 11 (Xinhua) -- Chinese State Councilor and Minister of Public Security Wang Xiaohong said on Thursday that China is willing to work with all parties to make the Global Security Initiative (GSI) take root and",0.247
Xinhua,398,2023-05-12,Xinhua,"Quadrilateral meeting on Black Sea grain deal important, substantive: UN spokesman","UNITED NATIONS, May 11 (Xinhua) -- The quadrilateral meeting in Istanbul to discuss the future of the Black Sea Grain Initiative was important and substantive, said a UN spokesman on Thursday. The meeting was held in Ist",0.105
MFA,290,2023-05-15,Ministry of Foreign Affairs of the People's Republic of China - Spokesperson's Remarks (English),Foreign Ministry Spokesperson Wang Wenbin's Regular Press Conference on May 15 2023,"Reuters: Special Representative on Eurasian Affairs Li Hui will visit Ukraine, Russia, Poland, France and Germany this week. Can you confirm any more details on his itinerary and the order of the countries he will visit ",0.043
Xinhua,399,2023-05-15,Xinhua,Xinhua Commentary: Solid foundations for China-Central Asia community with shared future,"BEIJING, May 15 (Xinhua) -- The landmark China-Central Asia Summit this week is set to provide great impetus for relations and cooperation between China and the five Central Asian countries. The summit, the first held of",0.236
Xinhua,400,2023-05-15,Xinhua,"Top Chinese legislator vows to deepen cooperation, exchanges with Morocco","RABAT, May 15 (Xinhua) -- Visiting top Chinese legislator Zhao Leji has vowed to deepen China's cooperation with Morocco and promote parliamentary exchanges between the two countries. At the invitation of Speaker of the ",0.204
MFA,291,2023-05-17,Ministry of Foreign Affairs of the People's Republic of China - News (English),Xi Jinping Holds Talks with President Kassym-Jomart Tokayev of Kazakhstan,"On the afternoon of May 17, 2023, President Xi Jinping held talks in Xi'an with President Kassym-Jomart Tokayev of Kazakhstan who is in China for the China-Central Asia Summit and a state visit. Xi Jinping pointed out th",0.248
Xinhua,401,2023-05-17,Xinhua,2nd LD-Writethru: Xi holds talks with Kazakh president,"XI'AN, May 17 (Xinhua) -- Chinese President Xi Jinping on Wednesday held talks in Xi'an with President Kassym-Jomart Tokayev of Kazakhstan, who is in China for the China-Central Asia Summit and a state visit. Xi warmly w",0.226
MFA,292,2023-05-18,Ministry of Foreign Affairs of the People's Republic of China - News (English),Xi Jinping Holds Talks with President Emomali Rahmon of Tajikistan,"On the morning of May 18, 2023, President Xi Jinping held talks in Xi'an with President Emomali Rahmon of Tajikistan who is in China for the China-Central Asia Summit and a state visit. President Xi Jinping pointed out t",0.169
MFA,293,2023-05-18,Ministry of Foreign Affairs of the People's Republic of China - News (English),Xi Jinping Holds Talks with President Shavkat Mirziyoyev of Uzbekistan,"On the afternoon of May 18, 2023, President Xi Jinping held talks in Xi'an with President Shavkat Mirziyoyev of Uzbekistan who is in China for the China-Central Asia Summit and a state visit. Xi Jinping recalled his stat",0.122
MFA,294,2023-05-18,Ministry of Foreign Affairs of the People's Republic of China - News (English),Xi Jinping Holds Talks with President Sadyr Zhaparov of Kyrgyzstan,"On the morning of May 18, 2023, President Xi Jinping held talks in Xi'an with President Sadyr Zhaparov of Kyrgyzstan who is in China for the China-Central Asia Summit and a state visit. The two heads of state announced t",0.179
Xinhua,402,2023-05-18,Xinhua,2nd LD-Writethru: Xi holds talks with Uzbek president,"XI'AN, May 18 (Xinhua) -- Chinese President Xi Jinping on Thursday held talks with Uzbek President Shavkat Mirziyoyev in the city of Xi'an, northwest China's Shaanxi Province. Xi welcomed Mirziyoyev to China for the Chin",0.128
Xinhua,403,2023-05-18,Xinhua,Xinhua Headlines: China rolls out red carpet for Central Asian leaders ahead of milestone summit,"XI'AN, May 17 (Xinhua) -- China on Wednesday staged hearty welcome ceremonies for Central Asian leaders attending a milestone summit that is expected to draw up new blueprints for China-Central Asia cooperation. All is r",0.122
Xinhua,404,2023-05-18,Xinhua,"2nd LD-Writethru: Chinese, Tajik presidents hold talks, vow to boost cooperation","XI'AN, May 18 (Xinhua) -- Chinese President Xi Jinping held talks with Tajik President Emomali Rahmon on Thursday in Xi'an, northwest China's Shaanxi Province. Rahmon is in China for the China-Central Asia Summit and a s",0.166
Xinhua,405,2023-05-18,Xinhua,"2nd LD-Writethru: Chinese, Kyrgyz presidents hold talks, elevate bilateral relationship","XI'AN, May 18 (Xinhua) -- Chinese President Xi Jinping on Thursday held talks with visiting Kyrgyz President Sadyr Japarov in Xi'an, northwest China's Shaanxi Province, where the two presidents announced the elevation of",0.182
MFA,295,2023-05-19,Ministry of Foreign Affairs of the People's Republic of China - News (English),President Xi Jinping and the Presidents of the Five Central Asian Countries Jointly Meet the Press,"On 19 May, the China-Central Asia Summit was successfully held at the Xi'an International Convention Center. President Xi Jinping together with President Kassym-Jomart Tokayev of Kazakhstan, President Sadyr Japarov of Ky",0.149
MFA,296,2023-05-19,Ministry of Foreign Affairs of the People's Republic of China - News (English),President Xi Jinping Chairs the Inaugural China-Central Asia Summit and Delivers a Keynote Speech,"He emphasized the need to work together for a China-Central Asia community with a shared future featuring mutual assistance, common development, universal security and everlasting friendship. On the morning of 19 May, Pr",0.166
MFA,297,2023-05-19,Ministry of Foreign Affairs of the People's Republic of China - News (English),Li Qiang Meets with President Sadyr Zhaparov of Kyrgyzstan,"On the afternoon of May 19, 2023, Premier Li Qiang of the State Council met at the Great Hall of the People with President Sadyr Zhaparov of Kyrgyzstan who is in China for the China-Central Asia Summit and a state visit.",0.151
MFA,298,2023-05-19,Ministry of Foreign Affairs of the People's Republic of China - News (English),"Working Together for a China-Central Asia Community with a Shared Future Featuring Mutual Assistance, Common Development, Universal Security, and Everlasting Friendship","Keynote Speech by H.E. Xi Jinping President of the People's Republic of China At the China-Central Asia Summit 19 May 2023 Distinguished Colleagues, Ladies and Gentlemen, Friends, I'd like to welcome you all to Xi'an for",0.147
MFA,299,2023-05-19,Ministry of Foreign Affairs of the People's Republic of China - Spokesperson's Remarks (English),Foreign Ministry Spokesperson Wang Wenbin's Regular Press Conference on May 19 2023,"At the invitation of Premier of the State Council Li Qiang, Prime Minister of the Russian Federation Mikhail Mishustin will pay an official visit to China from May 23 to 24. At the invitation of State Councilor and Fore",0.081
Xinhua,406,2023-05-19,Xinhua,"Interview: China-Central Asia Summit contributes to regional development, says Tajik minister","XI'AN, May 19 (Xinhua) -- The China-Central Asia Summit is of great importance to the region and will contribute to regional development, a Tajik minister said here Thursday. Zavqizoda Zavqi, Tajikistan's minister of eco",0.182
Xinhua,407,2023-05-19,Xinhua,"1st LD-Writethru: China-Central Asia relations contribute to regional peace, stability: Xi","XI'AN, May 19 (Xinhua) -- With concerted efforts, China-Central Asia relations will inject strong positive energy into regional peace and stability, Chinese President Xi Jinping said Friday when meeting the press followi",0.108
Xinhua,408,2023-05-19,Xinhua,Xi Focus: Xi expounds on how to build China-Central Asia community with shared future,"XI'AN, May 19 (Xinhua) -- Chinese President Xi Jinping on Friday expounded on how to build a China-Central Asia community with a shared future, when he delivered a keynote address at the China-Central Asia Summit held in",0.081
Xinhua,409,2023-05-19,Xinhua,"Xinhua Headlines: Xi's vision injects confidence, wisdom into forging closer China-Central Asia community","XI'AN, May 19 (Xinhua) -- Chinese President Xi Jinping on Friday expounded on how to build a China-Central Asia community with a shared future featuring mutual assistance, common development, universal security, and ever",0.114
Xinhua,410,2023-05-19,Xinhua,Summit a new milestone in China-Central Asia relations: Chinese FM,"XI'AN, May 19 (Xinhua) -- Chinese State Councilor and Foreign Minister Qin Gang on Friday said the China-Central Asia Summit is a new milestone in China-Central Asia relations. Qin made the remarks in a media interview a",0.106
Xinhua,411,2023-05-19,Xinhua,Full text of Xi Jinping's keynote speech at China-Central Asia Summit,"XI'AN, May 19 (Xinhua) -- Chinese President Xi Jinping on Friday delivered a keynote speech at the China-Central Asia Summit held in the city of Xi'an, northwest China's Shaanxi Province. The following is the full text o",0.147
Xinhua,412,2023-05-20,Xinhua,Roundup: Central Asian leaders support building closer China-Central Asia community with a shared future,"XI'AN, May 19 (Xinhua) -- When attending the China-Central Asia Summit on Friday in Xi'an, northwest China's Shaanxi Province, the heads of state of five Central Asian countries, namely Kazakhstan, Kyrgyzstan, Tajikistan",0.121
Xinhua,413,2023-05-20,Xinhua,"Xinhua Headlines: Xi's vision injects confidence, wisdom into forging closer China-Central Asia community","* Underscoring the importance of a """"stable,"""" """"prosperous,"""" """"harmonious"""" and """"interconnected"""" Central Asia, Xi's vision in his keynote speech at the summit injected confidence and wisdom into the development of mu",0.1
MFA,300,2023-05-25,Ministry of Foreign Affairs of the People's Republic of China - News (English),Xi Jinping Attends and Addresses the Opening Ceremony of the Plenary Session of the Second Eurasian Economic Forum of the Eurasian Economic Union,"On May 24, 2023, President Xi Jinping attended and addressed the opening ceremony of the plenary session of the second Eurasian Economic Forum of the Eurasian Economic Union via video link. Noting that the world today is",0.14
MFA,301,2023-05-25,Ministry of Foreign Affairs of the People's Republic of China - News (English),Qin Gang Attends Africa Day Reception,"On May 25, 2023, State Councilor and Foreign Minister Qin Gang attended and addressed the Africa Day reception in Beijing. Also in attendance were Deputy Prime Minister and Minister of Foreign Affairs of Ethiopia Demeke ",0.194
MFA,302,2023-05-25,Ministry of Foreign Affairs of the People's Republic of China - News (English),"When Brothers Are of One Heart and One Mind, They Have the Strength to Break Metal","Remarks at Africa Day Reception by State Councilor and Foreign Minister Qin Gang Beijing, May 25, 2023 Your Excellency Mr. Demeke Mekonnen Hassen, Deputy Prime Minister and Minister of Foreign Affairs of Ethiopia, Your ",0.181
Xinhua,414,2023-05-25,Xinhua,Senior CPC official attends meetings in Russia,"MOSCOW, May 25 (Xinhua) -- Chen Wenqing, a member of the Political Bureau of the Communist Party of China (CPC) Central Committee and head of the Commission for Political and Legal Affairs of the CPC Central Committee, a",0.142
Xinhua,415,2023-05-25,Xinhua,"Senior Chinese, ASEAN countries' officials agree on further cooperation","SHENZHEN, May 25 (Xinhua) -- The 29th ASEAN-China Senior Officials' Consultation was held on Thursday in the city of Shenzhen in south China's Guangdong Province. The meeting was co-chaired by Nong Rong, assistant minist",0.167
Xinhua,416,2023-05-25,Xinhua,1st LD-Writethru: Xi addresses opening ceremony of plenary session of second Eurasian Economic Forum,"BEIJING, May 24 (Xinhua) -- Chinese President Xi Jinping attended the opening ceremony of the plenary session of the second Eurasian Economic Forum of the Eurasian Economic Union via video link upon invitation and delive",0.132
MFA,303,2023-05-26,Ministry of Foreign Affairs of the People's Republic of China - News (English),Li Qiang Meets with DRC President Félix-Antoine Tshisekedi Tshilombo,"On the afternoon of May 26, 2023, Premier Li Qiang of the State Council met at the Great Hall of the People with President Félix-Antoine Tshisekedi Tshilombo of the Democratic Republic of the Congo (DRC) who was in China",0.225
MFA,304,2023-05-26,Ministry of Foreign Affairs of the People's Republic of China - Spokesperson's Remarks (English),Foreign Ministry Spokesperson Mao Ning's Regular Press Conference on May 26 2023,"At the invitation of State Councilor and Foreign Minister Qin Gang, Minister of Foreign Affairs and International Trade of Zimbabwe Frederick Shava will pay an official visit to China from May 27 to June 2. CCTV: We note",0.054
Xinhua,417,2023-05-26,Xinhua,"Roundup: Cambodia-China ties """"invaluable treasure"""" for both nations, peoples, says top academician","PHNOM PENH, May 26 (Xinhua) -- The Cambodia-China relations have become an """"invaluable treasure"""" for both countries and peoples over the past 65 years, President of the Royal Academy of Cambodia (RAC) Sok Touch said on",0.165
Xinhua,418,2023-05-26,Xinhua,"Chinese FM calls for stronger China-Africa mutual support, strategic synergy","BEIJING, May 25 (Xinhua) -- Chinese State Councilor and Foreign Minister Qin Gang attended the reception celebrating the Africa Day on Thursday in Beijing, putting forward propositions on further deepening China-Africa c",0.149
Xinhua,419,2023-05-28,Xinhua,"Roundup: China's Global Development Initiative helps achieve sustainable development goals, say Pakistani experts","ISLAMABAD, May 27 (Xinhua) -- The Global Development Initiative (GDI) proposed by China is aimed at accelerating the implementation of the United Nations Sustainable Development Goals (SDGs) by focusing on people-oriente",0.077
MFA,305,2023-05-29,Ministry of Foreign Affairs of the People's Republic of China - News (English),Qin Gang Holds Talks with Minister of Foreign Affairs and International Trade of Zimbabwe Frederick Shava,"On May 29, 2023, State Councilor and Foreign Minister Qin Gang held talks with Minister of Foreign Affairs and International Trade of Zimbabwe Frederick Shava in Beijing. Qin Gang said that since the two countries establ",0.185
Xinhua,420,2023-05-29,Xinhua,Chinese FM holds talks with Zimbabwean counterpart,"BEIJING, May 29 (Xinhua) -- Chinese State Councilor and Foreign Minister Qin Gang held talks with Minister of Foreign Affairs and International Trade of Zimbabwe Frederick Shava in Beijing on Monday, calling for bilatera",0.19
MFA,306,2023-06-01,Ministry of Foreign Affairs of the People's Republic of China - News (English),Han Zheng Meets with Executive Chairman of Jardine Matheson Holdings Limited Ben Keswick,"On June 1, 2023, Vice President Han Zheng met in Beijing with Executive Chairman of Jardine Matheson Holdings Limited Ben Keswick. Han Zheng said that the 20th National Congress of the Communist Party of China (CPC) made",0.24
Xinhua,421,2023-06-01,Xinhua,Chinese vice president meets executive chairman of Jardine Matheson,"BEIJING, June 1 (Xinhua) -- Chinese Vice President Han Zheng met with Ben Keswick, executive chairman of Jardine Matheson, in Beijing on Thursday. The 20th National Congress of the Communist Party of China (CPC) made it ",0.288
Xinhua,422,2023-06-02,Xinhua,World Insights: China's Global Security Initiative much anticipated at Shangri-La Dialogue,"SINGAPORE, June 2 (Xinhua) -- The 20th Shangri-La Dialogue is to be held here from Friday to Sunday, with a focus on identifying challenges and exploring solutions to security across the Asia-Pacific region. Academics wo",0.057
Xinhua,423,2023-06-03,Xinhua,"Interview: China's Global Security Initiative enhances global peace, security","HARARE, June 3 (Xinhua) -- The China-initiated Global Security Initiative (GSI) will open the world to power balancing and enhance global peace and security, a Zimbabwean international relations analyst has said. """"The C",0.08
Xinhua,424,2023-06-04,Xinhua,China's security initiative contributes to addressing global challenges: defense minister,"SINGAPORE, June 4 (Xinhua) -- The Global Security Initiative proposed by Chinese President Xi Jinping contributes Chinese wisdom to addressing international security challenges, Chinese State Councilor and Minister of Na",0.112
Xinhua,425,2023-06-04,Xinhua,Roundup: Overseas experts hail Xi's notion of building modern Chinese civilization,"BEIJING, June 3 (Xinhua) -- Chinese President Xi Jinping called for shouldering new cultural missions and building a modern Chinese civilization at a meeting on cultural inheritance and development on Friday. Xi said the",0.152
Xinhua,426,2023-06-04,Xinhua,"Xinhua Commentary: """"American leadership"""" in Asia-Pacific is American hegemony in disguise","by Xinhua writers Yan Jie, Mao Pengfei and Cai Shuya SINGAPORE, June 4 (Xinhua) -- America has found it more difficult than ever to cover up its hidden agenda when peddling the so-called """"Indo-Pacific strategy"""" to Asia",0.051
Xinhua,427,2023-06-05,Xinhua,World Insights: China's Global Security Initiative conducive to sustainable security at turbulent times,"by Xinhua writers Yi Ling, Cai Shuya and Mao Pengfei SINGAPORE, June 5 (Xinhua) -- Chinese State Councilor and Minister of National Defense Li Shangfu on Sunday urged the international community to work together to injec",0.05
MFA,307,2023-06-08,Ministry of Foreign Affairs of the People's Republic of China - Spokesperson's Remarks (English),Foreign Ministry Spokesperson Wang Wenbin's Regular Press Conference on June 8 2023,"CCTV: We have learned that on June 7, China, Pakistan and Iran held the first meeting of their trilateral consultation on counter-terrorism and security at directors general level. Could you share more information? Wang ",0.026
Xinhua,428,2023-06-08,Xinhua,China is a source of much-needed stability and certainty: Chinese ambassador to U.S.,"WASHINGTON, June 7 (Xinhua) -- Chinese Ambassador to the United States Xie Feng said here Wednesday that China is a source of rare stability and much-needed certainty in this chaotic world, and Beijing is always open to ",0.097
Xinhua,429,2023-06-11,Xinhua,Feature: Pakistani students find China's development model inspirational,"ISLAMABAD, June 11 (Xinhua) -- Aamir Bizenjo, a 22-year-old student of Gwadar University in Pakistan's southwest Balochistan province, found China's development quite interesting and inspirational. He has been witnessing",0.148
MFA,308,2023-06-12,Ministry of Foreign Affairs of the People's Republic of China - News (English),Xi Jinping Holds Talks with Honduran President Iris Xiomara Castro Sarmiento,"On the afternoon of June 12, 2023, President Xi Jinping held talks at the Great Hall of the People with President of Honduras Iris Xiomara Castro Sarmiento who is on a state visit to China. Xi Jinping noted that Presiden",0.202
Xinhua,430,2023-06-12,Xinhua,China's top legislator holds talks with chairman of Nepal's national assembly,"BEIJING, June 12 (Xinhua) -- China's top legislator Zhao Leji held talks with Ganesh Prasad Timilsina, Chairman of the National Assembly of Nepal, in Beijing on Monday, pledging to advance cooperation between the legisla",0.161
Xinhua,431,2023-06-12,Xinhua,Interview: Palestinian president's visit to China to strengthen bilateral ties: official,"RAMALLAH, June 12 (Xinhua) -- Palestinian President Mahmoud Abbas' state visit to China will lay the foundation for consolidating bilateral relations, a senior Palestinian official said. In a recent interview with Xinhua",0.074
MFA,309,2023-06-14,Ministry of Foreign Affairs of the People's Republic of China - News (English),Xi Jinping Sends a Congratulatory Letter to the Forum on Global Human Rights Governance,"On June 14, 2023, President Xi Jinping sent a congratulatory letter to the Forum on Global Human Rights Governance. Xi Jinping pointed out that currently, humanity once again stands at the crossroads of history, with glo",0.15
MFA,310,2023-06-14,Ministry of Foreign Affairs of the People's Republic of China - News (English),Xi Jinping Holds Talks with Palestinian President Mahmoud Abbas,"On the afternoon of June 14, 2023, President Xi Jinping held talks at the Great Hall of the People with Palestinian President Mahmoud Abbas who is on a state visit to China. The two heads of state announced the establish",0.236
MFA,311,2023-06-14,Ministry of Foreign Affairs of the People's Republic of China - Spokesperson's Remarks (English),Foreign Ministry Spokesperson Wang Wenbin's Regular Press Conference on June 14 2023,CCTV: Honduran President Xiomara Castro concluded her state visit to China this morning. How does China view this visit? Wang Wenbin: President Castro's first state visit to China has been a full success with fruitful ou,0.11
Xinhua,432,2023-06-14,Xinhua,1st LD-Writethru: Xi sends congratulatory letter to forum on global human rights governance,"BEIJING, June 14 (Xinhua) -- Chinese President Xi Jinping on Wednesday sent a congratulatory letter to the Forum on Global Human Rights Governance. At a time of severe challenges facing the global human rights governance",0.083
Xinhua,433,2023-06-14,Xinhua,World Insights: How China strives to improve global human rights governance for a better world,"BEIJING, June 14 (Xinhua) -- China is ready to work with the rest of the world to act on the principles enshrined in the Vienna Declaration and Programme of Action, push for greater fairness, justice, reason, and inclusi",0.093
Xinhua,434,2023-06-14,Xinhua,"3rd LD-Writethru: Chinese, Palestinian presidents hold talks","BEIJING, June 14 (Xinhua) -- Chinese President Xi Jinping held talks with Palestinian President Mahmoud Abbas in Beijing on Wednesday. The two leaders announced the establishment of a strategic partnership between China ",0.233
MFA,312,2023-06-15,Ministry of Foreign Affairs of the People's Republic of China - News (English),Li Qiang Meets with Palestinian President Mahmoud Abbas,"On the morning of June 15, 2023, Premier Li Qiang of the State Council met at the Great Hall of the People with Palestinian President Mahmoud Abbas, who is on a state visit to China. Li Qiang said that China and Palestin",0.235
MFA,313,2023-06-15,Ministry of Foreign Affairs of the People's Republic of China - News (English),"Qin Gang Meets with Minister of Foreign Affairs, International Trade and Immigration of Antigua and Barbuda Everly Paul Chet Greene","On June 15, 2023, State Councilor and Foreign Minister Qin Gang met with Minister of Foreign Affairs, International Trade and Immigration of Antigua and Barbuda Everly Paul Chet Greene in Beijing, who is on a visit to Ch",0.145
MFA,314,2023-06-15,Ministry of Foreign Affairs of the People's Republic of China - News (English),"Qin Gang Meets with Minister of Foreign Affairs, International Trade and Immigration of Antigua and Barbuda Everly Paul Chet Greene","On June 15, 2023, State Councilor and Foreign Minister Qin Gang met with Minister of Foreign Affairs, International Trade and Immigration of Antigua and Barbuda Everly Paul Chet Greene in Beijing, who is on a visit to Ch",0.161
Xinhua,435,2023-06-15,Xinhua,Chinese FM meets Antigua and Barbuda's FM,"BEIJING, June 15 (Xinhua) -- Chinese State Councilor and Foreign Minister Qin Gang on Thursday met with Antigua and Barbuda's Foreign Minister Chet Greene in Beijing. """"Antigua and Barbuda is China's reliable friend and ",0.158
Xinhua,436,2023-06-15,Xinhua,Xinhua Headlines: China hosts forum on global human rights governance,"BEIJING, June 14 (Xinhua) -- The Forum on Global Human Rights Governance, themed """"Equality, Cooperation and Development: The 30th Anniversary of the Vienna Declaration and Programme of Action and Global Human Rights Gov",0.092
MFA,315,2023-06-16,Ministry of Foreign Affairs of the People's Republic of China - News (English),Xi Jinping Meets with Co-chair of the Bill & Melinda Gates Foundation of the United States Bill Gates,"On June 16, 2023, President Xi Jinping met in Beijing with Co-chair of the Bill & Melinda Gates Foundation of the United States Bill Gates. Xi Jinping commended Gates and the Gates Foundation for their long-standing comm",0.169
Xinhua,437,2023-06-16,Xinhua,1st LD-Writethru: Xi meets with Bill Gates,"BEIJING, June 16 (Xinhua) -- Chinese President Xi Jinping met with Bill Gates, co-chair of the Bill & Melinda Gates Foundation, in Beijing on Friday. Xi applauded Gates and the Gates Foundation for their long-term work t",0.159
Xinhua,438,2023-06-16,Xinhua,"World Insights: China's diplomatic efforts help bring peace, prosperity back to Mideast","CAIRO, June 16 (Xinhua) -- As the first Arab head of state hosted by China this year, Palestinian President Mahmoud Abbas wrapped up his four-day state visit to China on Friday. His visit testifies to China's commitment ",0.136
MFA,316,2023-06-23,Ministry of Foreign Affairs of the People's Republic of China - News (English),Li Qiang Attends and Addresses the Summit for a New Global Financing Pact,"On the morning of June 23, 2023 local time, Premier Li Qiang of the State Council attended and addressed the closing ceremony of the Summit for a New Global Financing Pact. The summit was chaired by French President Emma",0.156
Xinhua,439,2023-06-23,Xinhua,"2nd LD Writethru: China ready to expand two-way market access with France, premier says","PARIS, June 22 (Xinhua) -- China is ready to work with France to advance balanced development of bilateral trade, expand two-way market access and seek greater mutual benefit, Chinese Premier Li Qiang said here Thursday ",0.157
Xinhua,440,2023-06-23,Xinhua,Chinese envoy calls for strengthening Africa's counter-terrorism efforts,"UNITED NATIONS, June 22 (Xinhua) -- A Chinese envoy on Thursday called for efforts to strengthen African counter-terrorism efforts at the launch of the UN Joint Appeal for Counter-Terrorism in Africa. China welcomes the ",0.119
Xinhua,441,2023-06-24,Xinhua,2nd LD Writethru: Chinese premier calls for int'l efforts to solve problems facing developing countries,"PARIS, June 23 (Xinhua) -- In the face of the global development financing gap, China calls on the international community to sincerely cooperate and work together to solve the problems of developing countries, especiall",0.14
Xinhua,442,2023-06-26,Xinhua,"Xinhua Commentary: Global human rights cause calls for unity, action","BEIJING, June 26 (Xinhua) -- Everyone has the right to life, liberty and security of person. With this year marking the 75th anniversary of the Universal Declaration of Human Rights, the world needs stronger action to be",0.095
MFA,317,2023-06-27,Ministry of Foreign Affairs of the People's Republic of China - News (English),Li Qiang Attends and Addresses the Opening Plenary of the 2023 Summer Davos Forum,"On the morning of June 27, 2023, Premier Li Qiang of the State Council attended and addressed the opening plenary of the 2023 Summer Davos Forum in Tianjin. Executive Chairman of the World Economic Forum Klaus Schwab, Pr",0.139
MFA,318,2023-06-27,Ministry of Foreign Affairs of the People's Republic of China - News (English),Xi Jinping Meets with Prime Minister of Barbados Mia Amor Mottley,"On the afternoon of June 27, 2023, President Xi Jinping met at the Great Hall of the People with Prime Minister of Barbados Mia Amor Mottley who is on an official visit to China. Xi Jinping pointed out that Barbados is t",0.243
Xinhua,443,2023-06-27,Xinhua,1st LD-Writethru: Xi meets with Barbados PM,"BEIJING, June 27 (Xinhua) -- Chinese President Xi Jinping met with Prime Minister of Barbados Mia Amor Mottley in Beijing on Tuesday. Xi said Barbados is the first country in the eastern Caribbean to establish diplomatic",0.22
MFA,319,2023-06-28,Ministry of Foreign Affairs of the People's Republic of China - News (English),Li Qiang Holds Talks with Mongolian Prime Minister Luvsannamsrai Oyun-Erdene,"On the afternoon of June 28, 2023, Premier Li Qiang of the State Council met at the Great Hall of the People with Mongolian Prime Minister Luvsannamsrai Oyun-Erdene, who is in China for an official visit. Li Qiang said t",0.189
Xinhua,444,2023-06-28,Xinhua,Interview: Diamond Hexagon cooperation injects new impetus into building Cambodia-China community with shared future: scholar,"PHNOM PENH, June 28 (Xinhua) -- The bilateral Diamond Hexagon cooperation framework will inject fresh impetus into the building of the Cambodia-China community with a shared future in the new era, a Cambodian scholar sai",0.143
Xinhua,445,2023-06-28,Xinhua,1st LD-Writethru: Xi meets with Mongolian PM,"BEIJING, June 27 (Xinhua) -- Chinese President Xi Jinping met with Mongolian Prime Minister Luvsannamsrai Oyun-Erdene in Beijing on Tuesday, calling for strengthening connectivity and deepening friendship, mutual trust, ",0.215
Xinhua,446,2023-06-28,Xinhua,1st LD-Writethru: Xi meets with Vietnamese PM,"BEIJING, June 27 (Xinhua) -- Chinese President Xi Jinping met with Prime Minister of Vietnam Pham Minh Chinh in Beijing on Tuesday. Noting that this year marks the 15th anniversary of the establishment of the China-Vietn",0.196
Xinhua,447,2023-06-28,Xinhua,The Law on Foreign Relations of the People's Republic of China,"BEIJING, June 28 (Xinhua) -- The following is the Law on Foreign Relations of the People's Republic of China: The Law on Foreign Relations of the People's Republic of China (Adopted at the Third Meeting of the Standing C",0.133
Xinhua,448,2023-06-29,Xinhua,Senior Chinese diplomat meets UN Deputy Secretary-General,"BEIJING, June 29 (Xinhua) -- Wang Yi, director of the Office of the Foreign Affairs Commission of the Communist Party of China (CPC) Central Committee, met with Amina Mohammed, Deputy Secretary-General of the United Nati",0.13
MFA,320,2023-06-30,Ministry of Foreign Affairs of the People's Republic of China - Spokesperson's Remarks (English),Foreign Ministry Spokesperson Mao Ning's Regular Press Conference on June 30 2023,"Vice President Han Zheng will attend the opening ceremony of the 11th World Peace Forum and deliver a keynote speech to the forum on July 2. The forum will be held at Tsinghua University with this year's theme being """"St",0.09
Xinhua,449,2023-06-30,Xinhua,1st LD-Writethru: Xi to attend SCO summit via video link,"BEIJING, June 30 (Xinhua) -- At the invitation of Indian Prime Minister Narendra Modi, Chinese President Xi Jinping will attend the 23rd meeting of the Council of Heads of State of the Shanghai Cooperation Organization (",0.11
Xinhua,450,2023-06-30,Xinhua,"Explainer: China's foreign relations law to take effect, its significance explained","BEIJING, June 30 (Xinhua) -- China's milestone Law on Foreign Relations, adopted by the country's top legislature on Wednesday, will take effect on Saturday. An official of the Legislative Affairs Commission of the Natio",0.118
MFA,321,2023-07-02,Ministry of Foreign Affairs of the People's Republic of China - News (English),Han Zheng Attended the Opening Ceremony of the 11th World Peace Forum and Delivered Remarks,"On July 2, 2023, Vice President Han Zheng attended the opening ceremony of the 11th World Peace Forum and delivered remarks at Tsinghua University. More than 400 people, including President of New Development Bank and fo",0.213
Xinhua,451,2023-07-02,Xinhua,Chinese vice president addresses World Peace Forum,"BEIJING, July 2 (Xinhua) -- Chinese Vice President Han Zheng addressed the opening ceremony of the 11th World Peace Forum at Tsinghua University in Beijing on Sunday, calling on all sides to safeguard world peace and sec",0.218
MFA,322,2023-07-03,Ministry of Foreign Affairs of the People's Republic of China - News (English),"Wang Yi: China, Japan, and the ROK Should Respect Each Other and Live in Peace","On July 3, 2023, Member of the Political Bureau of the CPC Central Committee and Director of the Office of the Central Commission for Foreign Affairs Wang Yi attended and addressed the opening ceremony of the 2023 Intern",0.126
Xinhua,452,2023-07-03,Xinhua,Chinese vice president addresses civilization and sinology forum,"BEIJING, July 3 (Xinhua) -- Chinese Vice President Han Zheng addressed the opening ceremony of the third Dialogue on Exchanges and Mutual Learning among Civilizations and the first World Conference of Sinologists on Mond",0.164
Xinhua,453,2023-07-03,Xinhua,Xinhua Headlines: China commits to building closer SCO community with shared future,"BEIJING, July 3 (Xinhua) -- Chinese President Xi Jinping will attend the 23rd meeting of the Council of Heads of State of the Shanghai Cooperation Organization (SCO) via video conference from Beijing on Tuesday. As the f",0.114
Xinhua,454,2023-07-03,Xinhua,Xinhua Headlines: China commits to building closer SCO community with shared future,"* As the first intergovernmental organization named after a Chinese city, SCO today stands as a comprehensive regional cooperation organization that covers the largest area and population in the world.* Over the years, t",0.097
MFA,323,2023-07-04,Ministry of Foreign Affairs of the People's Republic of China - Spokesperson's Remarks (English),Foreign Ministry Spokesperson Mao Ning's Regular Press Conference on July 4 2023,"CCTV: Hong Kong police issued arrest warrants on July 3 for eight anti-China rioters who have fled overseas, including Kevin Yam. The US, the UK and Australia expressed their concern and even """"condemned"""" the decision. ",0.044
MFA,324,2023-07-04,Ministry of Foreign Affairs of the People's Republic of China - News (English),Xi Jinping Attends the 23rd Meeting of the Council of Heads of State of the Shanghai Cooperation Organization and Delivers Important Statement,"On the afternoon of July 4, 2023, President Xi Jinping attended the 23rd Meeting of the Council of Heads of State of the Shanghai Cooperation Organization (SCO) via video link in Beijing and delivered an important statem",0.152
MFA,325,2023-07-04,Ministry of Foreign Affairs of the People's Republic of China - News (English),Staying True to Our Founding Mission and Advancing Unity and Coordination to Realize Greater Development,"Statement by H.E. Xi Jinping President of the People's Republic of China At the 23rd Meeting of the Council of Heads of State Of the Shanghai Cooperation Organization July 4, 2023 Your Excellency Prime Minister Narendra",0.176
Xinhua,455,2023-07-04,Xinhua,Xinhua Commentary: China's worldview rooted in ancient civilization,"BEIJING, July 4 (Xinhua) -- Chinese civilization, characterized by its vast scope and profound depth, stands as a treasure trove of inspiration for contemporary Chinese worldview. Stretching back over 5,000 years without",0.155
Xinhua,456,2023-07-04,Xinhua,"Xinhua Commentary: Unleash SCO's potential for fostering global security, prosperity","BEIJING, July 4 (Xinhua) -- The 23rd meeting of the Council of Heads of State of the Shanghai Cooperation Organization (SCO) is kicking off via video conference on Tuesday amid expectations from regional countries for th",0.085
Xinhua,457,2023-07-04,Xinhua,"1st LD: Xi attends SCO summit, calls for unity, coordination","BEIJING, July 4 (Xinhua) -- Chinese President Xi Jinping said on Tuesday that the Shanghai Cooperation Organization (SCO) must rise to the call of the times, keep in mind its founding mission, and stay in unity and coord",0.132
Xinhua,458,2023-07-04,Xinhua,Full text of Xi's address at SCO summit,"BEIJING, July 4 (Xinhua) -- Chinese President Xi Jinping addressed the 23rd meeting of the Council of Heads of State of the Shanghai Cooperation Organization (SCO) via video conference here on Tuesday. The following is t",0.186
Xinhua,459,2023-07-04,Xinhua,"1st LD-Writethru: Xi calls for maintaining regional peace, safeguarding common security","BEIJING, July 4 (Xinhua) -- Chinese President Xi Jinping on Tuesday called for efforts to maintain regional peace and safeguard common security. Xi made the remarks when attending the Shanghai Cooperation Organization su",0.121
MFA,326,2023-07-05,Ministry of Foreign Affairs of the People's Republic of China - Spokesperson's Remarks (English),Foreign Ministry Spokesperson Wang Wenbin's Regular Press Conference on July 5 2023,Xinhua News Agency: It was reported that China has canceled the visit to China by High Representative of the European Union for Foreign Affairs and Security Policy Josep Borrell previously scheduled for next week. Do you,0.064
Xinhua,460,2023-07-05,Xinhua,Senior CPC official addresses int'l conference on building a community with a shared future,"BEIJING, July 5 (Xinhua) -- Li Shulei, a member of the Political Bureau of the Communist Party of China (CPC) Central Committee and head of the Publicity Department of the CPC Central Committee, attended and delivered a ",0.071
Xinhua,461,2023-07-05,Xinhua,"Interview: SCO offers constructive dialogue, multilateral cooperation for member states: expert","ISLAMABAD, July 5 (Xinhua) -- The Shanghai Cooperation Organization (SCO) provides an opportunity for member states to be engaged in constructive dialogue and strengthen multilateral cooperation in order to ease global g",0.167
Xinhua,462,2023-07-05,Xinhua,"2nd LD-Writethru-Xinhua Headlines: Xi attends SCO summit, calls for unity, coordination","BEIJING, July 4 (Xinhua) -- Chinese President Xi Jinping said on Tuesday that the Shanghai Cooperation Organization (SCO) must rise to the call of the times, keep in mind its founding mission, and stay in unity and coord",0.18
Xinhua,463,2023-07-06,Xinhua,"Xiplomacy: Xi's remarks at SCO summit illustrate China's commitment to peace, development","BEIJING, July 5 (Xinhua) -- """"Unity or split, peace or conflict, cooperation or confrontation?"""" Chinese President Xi Jinping inquired under the attentive gaze of world leaders at Tuesday's 23rd meeting of the Council of",0.226
Xinhua,464,2023-07-08,Xinhua,Interview: China key player in multilateralism -- Nicaraguan FM,"UNITED NATIONS, July 7 (Xinhua) -- China is an important player in multilateralism with visionary initiatives to promote world peace and development, said Nicaraguan Foreign Minister Denis Moncada. The strong relationshi",0.214
Xinhua,465,2023-07-10,Xinhua,Full text: Joint Statement on Establishing a Comprehensive Strategic Partnership Featuring Mutual Respect and Common Development for a New Era Between the People's Republic of China and Solomon Islands,"BEIJING, July 10 (Xinhua) -- The following is the full text of a joint statement released by China and Solomon Islands on Monday. Joint Statement on Establishing a Comprehensive Strategic Partnership Featuring Mutual Res",0.147
MFA,327,2023-07-11,Ministry of Foreign Affairs of the People's Republic of China - News (English),Joint Statement on Establishing a Comprehensive Strategic Partnership Featuring Mutual Respect and Common Development For a New Era Between the People's Republic of China And Solomon Islands,"At the invitation of Premier Li Qiang of the State Council of the People's Republic of China, Prime Minister Manasseh Sogavare of Solomon Islands paid an official visit to the People's Republic of China from July 9 to 15",0.151
Xinhua,466,2023-07-11,Xinhua,Chinese premier holds talks with prime minister of Solomon Islands,"BEIJING, July 10 (Xinhua) -- Chinese Premier Li Qiang held talks with visiting Prime Minister of Solomon Islands Manasseh Sogavare on Monday in Beijing. Li said that since the establishment of diplomatic ties nearly four",0.134
MFA,328,2023-07-12,Ministry of Foreign Affairs of the People's Republic of China - Spokesperson's Remarks (English),Foreign Ministry Spokesperson Wang Wenbin's Regular Press Conference on July 12 2023,"Dragon TV: On July 12, Philippine Secretary for Foreign Affairs Enrique A. Manalo issued a statement on the seventh anniversary of the so-called award on the South China Sea arbitration, saying that the award is now part",0.063
MFA,329,2023-07-13,Ministry of Foreign Affairs of the People's Republic of China - Spokesperson's Remarks (English),Foreign Ministry Spokesperson Wang Wenbin's Regular Press Conference on July 13 2023,"AFP: I have a question on the report by Microsoft this week, which said a China-based hacking group was targeting Western government data. Does the Chinese foreign ministry have any further details on the origin of these",0.027
Xinhua,467,2023-07-13,Xinhua,"Shutting out China in name of """"de-risking"""" only creates risks: FM spokesperson","BEIJING, July 13 (Xinhua) -- To shut out China in the name of """"de-risking"""" is to throw away opportunities, stability and development, such a move would only create and spread risks, and no one would benefit from it, Ch",-0.157
MFA,330,2023-07-14,Ministry of Foreign Affairs of the People's Republic of China - News (English),Wang Yi Attends the 13th East Asia Summit Foreign Ministers' Meeting,"On July 14, 2023 local time, Director of the Office of the Central Commission for Foreign Affairs Wang Yi attended the 13th East Asia Summit Foreign Ministers' Meeting in Jakarta. Wang Yi said that the East Asia Summit i",0.137
Xinhua,468,2023-07-14,Xinhua,"Senior Chinese diplomat calls for efforts to safeguard peace, stability in East Asia","JAKARTA, July 14 (Xinhua) -- Senior Chinese diplomat Wang Yi on Friday called on the East Asia Summit to make efforts to safeguard regional peace and stability given profound changes in the international and regional sit",0.218
Xinhua,469,2023-07-16,Xinhua,Ethiopian scholar highlights deepening China-Africa ties in new book,"ADDIS ABABA, July 15 (Xinhua) -- A new book entitled """"Africa-China Relations - Ethiopia as a Case Study"""" was launched Saturday showcasing the diverse and historic Sino-Africa ties, with particular emphasis on China-Eth",0.146
MFA,331,2023-07-17,Ministry of Foreign Affairs of the People's Republic of China - Spokesperson's Remarks (English),​​Foreign Ministry Spokesperson Mao Ning's Regular Press Conference on July 17 2023,CCTV: The ASEAN-China Foreign Ministers' Meeting held on July 13 adopted the ASEAN-China Joint Statement on Commemorating and Reflecting on the 20th Anniversary of China's Accession to the Treaty of Amity and Cooperation,0.124
MFA,332,2023-07-18,Ministry of Foreign Affairs of the People's Republic of China - News (English),President Xi Jinping Holds Talks with Algerian President Abdelmadjid Tebboune,"On the afternoon of July 18, President Xi Jinping held talks with Algerian President Abdelmadjid Tebboune, who is on a state visit to China, at the Great Hall of the People. President Xi noted that this year marks the 65",0.165
MFA,333,2023-07-19,Ministry of Foreign Affairs of the People's Republic of China - News (English),Xi Jinping Exchanges Congratulatory Messages with Cambodian King Norodom Sihamoni on the 65th Anniversary of the Establishment of China-Cambodia Diplomatic Relations,"On July 19, 2023, President Xi Jinping exchanged congratulatory messages with Cambodian King Norodom Sihamoni on the 65th anniversary of the establishment of China-Cambodia diplomatic relations. Xi Jinping pointed out th",0.169
Xinhua,470,2023-07-19,Xinhua,Chinese envoy calls for multilateralism in developing AI governance,"UNITED NATIONS, July 18 (Xinhua) -- A Chinese envoy on Tuesday called for true multilateralism in developing artificial intelligence (AI) governance. As a double-edged sword, whether AI is good or evil depends on how it ",0.113
Xinhua,471,2023-07-19,Xinhua,"Xi, Cambodian king exchange congratulations on 65th anniversary of diplomatic ties","BEIJING, July 19 (Xinhua) -- Chinese President Xi Jinping on Wednesday exchanged congratulatory messages with Cambodian King Norodom Sihamoni on the 65th anniversary of the establishment of diplomatic relations between C",0.163
Xinhua,472,2023-07-19,Xinhua,2nd LD-Writethru: Xi holds talks with Algerian president,"BEIJING, July 18 (Xinhua) -- Chinese President Xi Jinping on Tuesday held talks with Algerian President Abdelmadjid Tebboune, who is on a state visit to China, at the Great Hall of the People. Noting that this year marks",0.167
MFA,334,2023-07-22,Ministry of Foreign Affairs of the People's Republic of China - News (English),Wang Yi Holds Talks with Ethiopian Deputy Prime Minister and Minister of Foreign Affairs Demeke Mekonnen Hassen,"On July 21, 2023 local time, Director of the Office of the Central Commission for Foreign Affairs Wang Yi held talks with Ethiopian Deputy Prime Minister and Minister of Foreign Affairs Demeke Mekonnen Hassen in Addis Ab",0.261
Xinhua,473,2023-07-22,Xinhua,"China, Ethiopia vow to promote peace, development in Horn of Africa","ADDIS ABABA, July 21 (Xinhua) -- Wang Yi, director of the Office of the Foreign Affairs Commission of the Communist Party of China Central Committee, met Ethiopian Deputy Prime Minister and Foreign Minister Demeke Mekonn",0.274
Xinhua,474,2023-07-22,Xinhua,"China, Africa vow to strengthen military cooperation","ADDIS ABABA, July 22 (Xinhua) -- China and the African continent, under the umbrella of the African Union (AU), have vowed to strengthen the already fruitful military cooperation so as to realize their common aspirations",0.222
MFA,335,2023-07-25,Ministry of Foreign Affairs of the People's Republic of China - Spokesperson's Remarks (English),Foreign Ministry Spokesperson Mao Ning's Regular Press Conference on July 25 2023,"Hubei Media Group: UN Secretary-General António Guterres said at the UN Food Systems Summit +2 Stocktaking Moment on July 24 that """"global food systems are broken"""", vulnerable people are paying the price and we must cha",0.023
Xinhua,475,2023-07-25,Xinhua,China's top legislator holds talks with Pakistan's National Assembly speaker,"BEIJING, July 25 (Xinhua) -- China's top legislator Zhao Leji on Tuesday held talks with the Speaker of Pakistan's National Assembly Raja Pervaiz Ashraf via video link. Zhao, chairman of the National People's Congress (N",0.222
MFA,336,2023-07-26,Ministry of Foreign Affairs of the People's Republic of China - News (English),Wang Yi Puts Forward Four Proposals on Strengthening Cooperation Among Global South Countries,"On July 25, 2023 local time, Director of the Office of the Central Commission for Foreign Affairs Wang Yi put forward four proposals on strengthening cooperation among the Global South countries on the sidelines of the M",0.15
MFA,337,2023-07-26,Ministry of Foreign Affairs of the People's Republic of China - Spokesperson's Remarks (English),Foreign Ministry Spokesperson Mao Ning's Regular Press Conference on July 26 2023,"CCTV: """"Global South"""" has been an international buzzword lately. We saw that Director Wang Yi put forward China's proposal on greater Global South cooperation at a BRICS meeting. Do you have more to share on this? Mao ",0.046
Xinhua,476,2023-07-26,Xinhua,"China will always be member of """"Global South"""", says Wang Yi","JOHANNESBURG, July 26 (Xinhua) -- China is an ex-officio member of the """"Global South"""" and will always be a member of the big family of developing countries, senior Chinese diplomat Wang Yi said here on Tuesday. Wang, d",0.163
Xinhua,477,2023-07-26,Xinhua,"Column: """"De-risking"""" hinders realization of SDGs","by Zhang Haisen BEIJING, July 26 (Xinhua) -- The world is facing some common problems, such as slow economic growth, regional conflicts, and lack of international development resources. In response to the great restructu",0.011
Xinhua,478,2023-07-26,Xinhua,"China staying committed to peaceful development, says envoy","UNITED NATIONS, July 26 (Xinhua) -- Chinese permanent representative to the United Nations, Zhang Jun, Tuesday reaffirmed China's unwavering commitment to peaceful development. """"China maintains firm strategic resolve, s",0.208
Xinhua,479,2023-07-26,Xinhua,Chinese Embassy in Lebanon marks 96th founding anniversary of PLA,"BEIRUT, July 25 (Xinhua) -- The Chinese Embassy in Lebanon held on Monday a reception to mark the 96th anniversary of the founding of the Chinese People's Liberation Army (PLA). The reception saw the participation of mor",0.086
MFA,338,2023-07-27,Ministry of Foreign Affairs of the People's Republic of China - News (English),Xi Jinping Meets with Indonesian President Joko Widodo,"On the afternoon of July 27, 2023, President Xi Jinping met in Chengdu with Indonesian President Joko Widodo who is in China to attend the opening ceremony of the 31st summer edition of the FISU World University Games an",0.136
Xinhua,480,2023-07-27,Xinhua,(Chengdu Universiade) 2nd LD-Writethru: Xi meets Indonesian president,"CHENGDU, July 27 (Xinhua) -- Chinese President Xi Jinping on Thursday met with Indonesian President Joko Widodo in Chengdu, capital city of southwest China's Sichuan Province. Widodo is here to attend the opening ceremon",0.142
MFA,339,2023-07-28,Ministry of Foreign Affairs of the People's Republic of China - News (English),Xi Jinping Meets with Georgian Prime Minister Irakli Garibashvili,"On the morning of July 28, 2023, President Xi Jinping met in Chengdu with Georgian Prime Minister Irakli Garibashvili who is in China to attend the opening ceremony of the 31st summer edition of the FISU World University",0.173
Xinhua,481,2023-07-28,Xinhua,(Chengdu Universiade) 2nd LD-Writethru: Xi meets Georgian prime minister,"CHENGDU, July 28 (Xinhua) -- Chinese President Xi Jinping on Friday met with Georgian Prime Minister Irakli Garibashvili in Chengdu, capital city of southwest China's Sichuan Province. Garibashvili is here to attend the ",0.13
Xinhua,482,2023-07-28,Xinhua,(Chengdu Universiade) 2nd LD-Writethru: Xi meets Mauritanian president,"CHENGDU, July 28 (Xinhua) -- Chinese President Xi Jinping on Friday met with Mauritanian President Mohamed Ould Cheikh Ghazouani in Chengdu, capital city of southwest China's Sichuan Province. Ghazouani is here to attend",0.186
Xinhua,483,2023-07-30,Xinhua,Chinese premier meets Mauritanian president,"BEIJING, July 30 (Xinhua) -- Chinese Premier Li Qiang met on Sunday with Mauritanian President Mohamed Ould Cheikh Ghazouani in Beijing. Li said China and Mauritania, both developing countries, have held similar position",0.251
Xinhua,484,2023-07-31,Xinhua,Chinese premier meets with Georgian PM,"BEIJING, July 31 (Xinhua) -- China is willing to take the establishment of the China-Georgia strategic partnership as an opportunity to increase strategic communication and cooperation with the country in various areas, ",0.158
Xinhua,485,2023-07-31,Xinhua,Full text: Joint Statement of the People's Republic of China and Georgia on Establishing a Strategic Partnership," BEIJING, July 31 (Xinhua) -- The People's Republic of China and Georgia on Monday issued a joint statement on establishing a strategic partnership. The following is the full text of the statement: From July 26 to August",0.174
Xinhua,486,2023-07-31,Xinhua,China's commerce ministry clarifies UAV export controls,"BEIJING, July 31 (Xinhua) -- A spokesperson with the Ministry of Commerce (MOC) has clarified unmanned aerial vehicles (UAV) export control measures that were made public by the MOC and three other departments on Monday.",0.078
Xinhua,487,2023-08-02,Xinhua,CPC delegation visits Congo,"BRAZZAVILLE, Aug. 2 (Xinhua) -- At the invitation of the Congolese Party of Labor (PCT), Zhu Rui, assistant minister of the International Department of the Communist Party of China (CPC) Central Committee, led a delegati",0.1
MFA,340,2023-08-09,Ministry of Foreign Affairs of the People's Republic of China - Spokesperson's Remarks (English),"Foreign Ministry Spokesperson's Remarks on Wang Yi's Upcoming Visit to Singapore, Malaysia and Cambodia","Q: Can you share China's thoughts on Wang Yi's visit to Singapore, Malaysia and Cambodia? How does China view its relations with the three countries? A: This year marks the 10th anniversary of the vision of building a co",0.143
Xinhua,488,2023-08-09,Xinhua,"Wang Yi to visit Singapore, Malaysia and Cambodia","BEIJING, Aug. 9 (Xinhua) -- Chinese Foreign Minister Wang Yi will visit Singapore, Malaysia and Cambodia from August 10 to 13, foreign ministry spokesperson Mao Ning announced on Wednesday. Wang, also a member of the Pol",0.107
Xinhua,489,2023-08-09,Xinhua,China continues to set agenda for international cooperation,"KUALA LUMPUR, Aug. 9 (Xinhua) -- Unfettered by global uncertainty and challenges, China will continue to set an international agenda for cooperation, peaceful development, open inclusiveness and win-win cooperation, Chin",0.253
MFA,341,2023-08-16,Ministry of Foreign Affairs of the People's Republic of China - Spokesperson's Remarks (English),Foreign Ministry Spokesperson Wang Wenbin's Regular Press Conference on August 16 2023,Xinhua News Agency: The first session of the Preparatory Committee for the 11th Review Conference of the Parties to the Treaty on the Non-Proliferation of Nuclear Weapons (NPT) was concluded last week in Vienna. What's C,0.116
Xinhua,490,2023-08-16,Xinhua,China's army committed to keeping world peace: defense minister,"MOSCOW, Aug. 15 (Xinhua) -- Chinese State Councilor and Minister of National Defense Li Shangfu said Tuesday that Chinese armed forces remain steadfast in safeguarding world peace at the 11th Moscow Conference on Interna",0.094
MFA,342,2023-08-18,Ministry of Foreign Affairs of the People's Republic of China - Spokesperson's Remarks (English),Foreign Ministry Spokesperson Wang Wenbin's Regular Press Conference on August 18 2023,CCTV: China announced this morning that President Xi Jinping will attend the BRICS Summit in South Africa. Strengthening BRICS cooperation and BRICS expansion are two topics that have received much attention in particula,0.078
Xinhua,491,2023-08-18,Xinhua,"Roundup: China, EU remain major trading partners despite decoupling, de-risking talks","BEIJING, Aug. 18 (Xinhua) -- Trade between the European Union (EU) and China has grown in recent years despite talks of """"decoupling"""" from or """"de-risking"""" economic links with China, a sign that China's market still ma",0.047
MFA,343,2023-08-23,Ministry of Foreign Affairs of the People's Republic of China - News (English),Enhancing Solidarity and Cooperation To Overcome Risks and Challenges And Jointly Build a Better World Address by H.E. Xi Jinping President of the People's Republic of China At the Closing Ceremony of the BRICS Business ,"Johannesburg, August 22, 2023 Your Excellency President Matamela Cyril Ramaphosa, Members of the Business Community, Ladies and Gentlemen, Friends, I wish to extend my warm congratulations on the success of the BRICS Bus",0.168
MFA,344,2023-08-23,Ministry of Foreign Affairs of the People's Republic of China - News (English),​Enhancing Solidarity and Cooperation to Overcome Risks and Challenges and Jointly Build a Better World,"Address by H.E. Xi Jinping President of the People's Republic of China At the Closing Ceremony of the BRICS Business Forum 2023 Johannesburg, August 22, 2023 Your Excellency President Matamela Cyril Ramaphosa, Members of",0.165
MFA,345,2023-08-23,Ministry of Foreign Affairs of the People's Republic of China - News (English),President Xi Jinping Held Talks with President of South Africa Matamela Cyril Ramaphosa,"On the morning of August 22 local time, President Xi Jinping held talks with President of South Africa Matamela Cyril Ramaphosa at the Union Buildings in Pretoria during his state visit to the country. The two heads of s",0.17
MFA,346,2023-08-23,Ministry of Foreign Affairs of the People's Republic of China - Spokesperson's Remarks (English),Foreign Ministry Spokesperson Wang Wenbin's Regular Press Conference on August 23 2023,CCTV: President Xi Jinping held talks with President Cyril Ramaphosa yesterday during his state visit to South Africa. Can you give us more details? Wang Wenbin: It was President Xi Jinping's fourth state visit to South ,0.075
Xinhua,492,2023-08-23,Xinhua,China brings Global South's common interests to the fore,"JOHANNESBURG, Aug. 23 (Xinhua) -- Atlantis, a place that had long been referred to as the """"forgotten town"""" amid the gorgeous surroundings of the City of Cape Town, South Africa, underwent a stunning metamorphosis about",0.108
Xinhua,493,2023-08-23,Xinhua,"Xinhua Headlines: Xi calls for more just, equitable world order at BRICS forum","South African electrician Bongani Nciwa (R) works with his Chinese colleague Fang Long at a plant of the Chinese automaker Beijing Automotive Industry Corporation in Eastern Cape province of South Africa, May 9, 2023. (X",0.154
Xinhua,494,2023-08-23,Xinhua,"Xinhua Headlines: Xi calls on China, S. Africa to strengthen four partnerships in golden era","PRETORIA, Aug. 22 (Xinhua) -- Chinese President Xi Jinping on Tuesday called on China and South Africa to strengthen their partnerships in four dimensions during his state visit to the African nation. Xi made the remarks",0.164
Xinhua,495,2023-08-23,Xinhua,2nd LD Writethru: Xi urges actions to translate community with shared future for mankind into reality,"JOHANNESBURG, Aug. 22 (Xinhua) -- Chinese President Xi Jinping on Tuesday calls for actions to translate the vision of a community with a shared future for mankind into reality. Xi's appeal was made in a speech read out ",0.189
Xinhua,496,2023-08-23,Xinhua,"Xinhua Headlines: Xi calls on China, S. Africa to strengthen four partnerships in golden era","Chinese President Xi Jinping and South African President Cyril Ramaphosa hold talks in Pretoria, South Africa, Aug. 22, 2023. (Xinhua/Huang Jingwen)* Ahead of his arrival, Xi said in his signed article published in South",0.141
Xinhua,497,2023-08-23,Xinhua,"Xinhua Headlines: Xi calls for more just, equitable world order at BRICS forum","BEIJING, Aug. 23 (Xinhua) -- Chinese President Xi Jinping on Tuesday expressed China's willingness to deepen solidarity and cooperation with other emerging markets and developing countries to push for a more just and equ",0.167
MFA,347,2023-08-24,Ministry of Foreign Affairs of the People's Republic of China - Spokesperson's Remarks (English),Foreign Ministry Spokesperson Wang Wenbin's Regular Press Conference on August 24 2023,"CCTV: The 15th BRICS Summit was held yesterday. President Xi Jinping attended the summit and delivered an important speech. Can you give us more details? Wang Wenbin: On August 23 local time, the 15th BRICS Summit was he",0.069
Xinhua,498,2023-08-24,Xinhua,1st LD Writethru: Xi pledges China's continuous support for Cuba in opposing interference,"JOHANNESBURG, Aug. 23 (Xinhua) -- Chinese President Xi Jinping said here on Wednesday that China will continue to firmly support Cuba in defending national sovereignty and opposing external interference and blockade. Chi",0.269
Xinhua,499,2023-08-24,Xinhua,1st LD Writethru: Xi says Chinese modernization to bring new opportunities to China-Ethiopia cooperation,"JOHANNESBURG, Aug. 23 (Xinhua) -- China is advancing Chinese modernization with its high-quality development, which will bring new opportunities to cooperation between China and Ethiopia, said Chinese President Xi Jinpin",0.245
MFA,348,2023-08-25,Ministry of Foreign Affairs of the People's Republic of China - News (English),President Xi Jinping and South African President Matamela Cyril Ramaphosa Co-chair China-Africa Leaders' Dialogue,"On the evening of August 24 local time, President Xi Jinping and South African President Matamela Cyril Ramaphosa co-chaired the China-Africa Leaders' Dialogue in Johannesburg. President Xi Jinping delivered a keynote sp",0.171
MFA,349,2023-08-25,Ministry of Foreign Affairs of the People's Republic of China - News (English),President Xi Jinping and South African President Matamela Cyril Ramaphosa Co-chair China-Africa Leaders' Dialogue,"On the evening of August 24 local time, President Xi Jinping and South African President Matamela Cyril Ramaphosa co-chaired the China-Africa Leaders' Dialogue in Johannesburg. President Xi Jinping delivered a keynote sp",0.171
MFA,350,2023-08-25,Ministry of Foreign Affairs of the People's Republic of China - News (English),Joining Hands to Advance Modernization and Create a Great Future for China and Africa,"Keynote Speech by H.E. Xi Jinping President of the People's Republic of China At China-Africa Leaders' Dialogue Johannesburg, August 24, 2023 Your Excellency President Matamela Cyril Ramaphosa, Your Excellencies Heads ",0.185
MFA,351,2023-08-25,Ministry of Foreign Affairs of the People's Republic of China - Spokesperson's Remarks (English),Foreign Ministry Spokesperson Wang Wenbin's Regular Press Conference on August 25 2023,The New York Times: Commerce Secretary Raimondo will be coming here on Sunday. She will be the fourth senior American official to come here in the last several months. We haven't seen any Chinese senior officials going t,0.147
Xinhua,500,2023-08-25,Xinhua,China committed to promote Africa's regional economic integration: joint statement,"JOHANNESBURG, Aug. 24 (Xinhua) -- China is committed to promote Africa's regional economic integration by strengthening and integrating intra-Africa trade, promoting investment, facilitating the development of value chai",0.216
Xinhua,501,2023-08-25,Xinhua,1st LD Writethru: Xi says ready to strengthen cooperation with Iran on multilateral platforms,"JOHANNESBURG, Aug. 24 (Xinhua) -- Chinese President Xi Jinping said Thursday that China stands ready to strengthen cooperation with Iran on BRICS and other multilateral platforms, so as to push for healthy and robust dev",0.24
Xinhua,502,2023-08-25,Xinhua,"Xi's visit enhances China-Africa traditional friendship, builds new consensus on South-South cooperation","BEIJING, Aug. 25 (Xinhua) -- Chinese President Xi Jinping's South Africa trip enhances the traditional friendship between China and Africa, builds new consensus on South-South cooperation and adds positive energy to peac",0.108
Xinhua,503,2023-08-26,Xinhua,Full Text: Remarks by Chinese President Xi Jinping at China-Africa Leaders' Dialogue,"JOHANNESBURG, Aug. 25 (Xinhua) -- Chinese President Xi Jinping addressed the China-Africa Leaders' Dialogue on Thursday. Following is the full text of Xi's remarks: Joining Hands to Advance Modernization and Create a Gre",0.19
Xinhua,504,2023-08-27,Xinhua,Interview: BRICS expansion to give Global South a louder voice -- South African expert,"JOHANNESBURG, Aug. 27 (Xinhua) -- What is critical to BRICS expansion is for Global South countries to have a global role to play in balancing international relations and building consensuses, a Johannesburg-based expert",0.135
Xinhua,505,2023-08-28,Xinhua,China's top legislator calls for enhanced exchanges with Arab Parliament,"BEIJING, Aug. 28 (Xinhua) -- China's top legislator Zhao Leji held talks with Adel Al Asoomi, speaker of the Arab Parliament, on Monday in Beijing, calling for enhanced exchanges between the two legislative bodies. Zhao,",0.169
MFA,352,2023-09-07,Ministry of Foreign Affairs of the People's Republic of China - News (English),Speech by H.E. Li Qiang Premier of the State Council of the People's Republic of China At the 26th China-ASEAN Summit,"Jakarta, September 6, 2023 Your Excellency President Joko Widodo, Colleagues, It is my great pleasure to gather with you in Jakarta. I wish to thank President Joko Widodo and the Indonesian government for the meticulous ",0.202
Xinhua,506,2023-09-07,Xinhua,"1st LD Writethru: Chinese premier urges East Asia Summit to better promote regional stability, prosperity","JAKARTA, Sept. 7 (Xinhua) -- Chinese Premier Li Qiang urged on Thursday the East Asia Summit (EAS) to stick to its own role and play a greater part in helping achieve long-term stability and lasting prosperity in the reg",0.222
Xinhua,507,2023-09-07,Xinhua,China ready to contribute more to drug control in Greater Mekong Subregion: police chief,"BEIJING, Sept. 6 (Xinhua) -- Chinese State Councilor and Minister of Public Security Wang Xiaohong said on Wednesday China is ready to make new and greater contributions to drug control and safeguard people's health and ",0.071
Xinhua,508,2023-09-07,Xinhua,Full Text: Speech by Chinese Premier Li Qiang at the 26th China-ASEAN Summit,"JAKARTA, Sept. 7 (Xinhua) -- The following is the full text of the speech by Chinese Premier Li Qiang at the 26th China-ASEAN Summit on Wednesday in Jakarta. Following is the full text of Li's remarks: Speech by H.E. Li ",0.206
Xinhua,509,2023-09-08,Xinhua,1st LD Writethru: Chinese premier calls for not politicizing economic issues,"JAKARTA, Sept. 7 (Xinhua) -- Chinese Premier Li Qiang said here Thursday that the world should jointly resist the practice of overstretching the concept of security and politicizing economic issues. Li made the remarks w",0.057
Xinhua,510,2023-09-08,Xinhua,1st LD Writethru: China ready to further synergize development strategies with Indonesia -- premier,"JAKARTA, Sept. 8 (Xinhua) -- Chinese Premier Li Qiang said on Friday that China is ready to work with Indonesia to implement the important consensus reached by the two countries' heads of state, further enhance the syner",0.151
Xinhua,511,2023-09-08,Xinhua,Full Text: Speech by Chinese Premier Li Qiang at the 18th East Asia Summit,"JAKARTA, Sept. 8 (Xinhua) -- The following is the full text of the speech by Chinese Premier Li Qiang at the 18th East Asia Summit on Thursday in Jakarta. Following is the full text of Li's remarks: Speech by H.E. Li Qia",0.204
MFA,353,2023-09-09,Ministry of Foreign Affairs of the People's Republic of China - News (English),Li Qiang Attends and Addresses the First Session of the 18th G20 Summit,"On the morning of September 9, 2023 local time, Premier Li Qiang of the State Council attended and addressed the first session of the 18th G20 Summit in New Delhi, India. Li Qiang said that keeping in mind the future of ",0.131
Xinhua,512,2023-09-09,Xinhua,"2nd LD Writethru: Chinese premier calls for advancing economic globalization, unity within G20","NEW DELHI, Sept. 9 (Xinhua) -- Chinese Premier Li Qiang urged on Saturday the Group of 20 (G20) members to resolutely advance economic globalization and promote unity, cooperation and inclusion within the G20. Keeping in",0.147
Xinhua,513,2023-09-10,Xinhua,Full Text: Remarks by Chinese Premier Li Qiang at Session I of the 18th G20 Summit,"NEW DELHI, Sept. 10 (Xinhua) -- The following is the full text of the remarks by Chinese Premier Li Qiang at Session I of the 18th G20 Summit in New Delhi on Saturday. Following is the full text of Li's remarks: Remarks ",0.219
MFA,354,2023-09-11,Ministry of Foreign Affairs of the People's Republic of China - Spokesperson's Remarks (English),Foreign Ministry Spokesperson Mao Ning's Regular Press Conference on September 11 2023,"At the invitation of Premier Li Qiang of the State Council, Cambodian Prime Minister Hun Manet will pay an official visit to China from September 14 to 16. Xinhua News Agency: Cambodian Prime Minister Hun Manet will pay ",0.063
MFA,355,2023-09-13,Ministry of Foreign Affairs of the People's Republic of China - Spokesperson's Remarks (English),Foreign Ministry Spokesperson Mao Ning's Regular Press Conference on September 13 2023,AFP: DPRK leader Kim Jong Un and Russian President Putin met today in eastern Russia. Kim said that growing relations with Russia will be the DPRK's top priority. What does this mean for ties between China and the DPRK? ,0.083
Xinhua,514,2023-09-13,Xinhua,"2nd LD: Xi, Maduro announce elevation of China-Venezuela ties","BEIJING, Sept. 13 (Xinhua) -- Chinese President Xi Jinping held talks with his Venezuelan counterpart, Nicolás Maduro Moros, who is on a state visit to China, at the Great Hall of the People on Wednesday. The two preside",0.17
Xinhua,515,2023-09-13,Xinhua,"3rd LD-Writethru-Xinhua Headlines: Xi, Maduro announce elevation of China-Venezuela ties","BEIJING, Sept. 13 (Xinhua) -- Chinese President Xi Jinping held talks with his Venezuelan counterpart, Nicolás Maduro Moros, who is on a state visit to China, at the Great Hall of the People on Wednesday. The two preside",0.153
MFA,356,2023-09-14,Ministry of Foreign Affairs of the People's Republic of China - News (English),Li Qiang Meets with Venezuelan President Nicolás Maduro Moros,"On the morning of September 14, 2023, Premier Li Qiang of the State Council met at the Great Hall of the People with Venezuelan President Nicolás Maduro Moros on his state visit to China. Li Qiang said that the decision ",0.173
MFA,357,2023-09-14,Ministry of Foreign Affairs of the People's Republic of China - Spokesperson's Remarks (English),Foreign Ministry Spokesperson Mao Ning's Regular Press Conference on September 14 2023,"Premier Li Qiang of the State Council will attend the opening ceremony of the 20th China-ASEAN Expo and China-ASEAN Business and Investment Summit to be held in Nanning, Guangxi on September 17 and deliver remarks. Fore",0.124
Xinhua,516,2023-09-14,Xinhua,Chinese premier meets with Venezuelan president,"BEIJING, Sept. 14 (Xinhua) -- Chinese Premier Li Qiang met with Venezuelan President Nicolás Maduro Moros, who is on a state visit to China, at the Great Hall of the People on Thursday. """"The decision of the two heads of",0.182
Xinhua,517,2023-09-14,Xinhua,China's top legislator holds talks with speaker of UAE Federal National Council,"BEIJING, Sept. 13 (Xinhua) -- Zhao Leji, chairman of the National People's Congress (NPC) Standing Committee, on Wednesday held talks in Beijing with Saqr Ghubash, speaker of the Federal National Council of the United Ar",0.223
MFA,358,2023-09-15,Ministry of Foreign Affairs of the People's Republic of China - Spokesperson's Remarks (English),Foreign Ministry Spokesperson Mao Ning's Regular Press Conference on September 15 2023,"Vice President Han Zheng will attend the General Debate of the 78th session of the United Nations General Assembly from September 18 to 23. On the margins of the General Debate, Vice President Han will attend the UN SDG ",0.002
Xinhua,518,2023-09-15,Xinhua,1st LD-Writethru: Xi meets Cambodian prime minister,"BEIJING, Sept. 15 (Xinhua) -- Chinese President Xi Jinping met with Cambodian Prime Minister Hun Manet at the Great Hall of the People on Friday. Xi pointed out that Prime Minister Hun Manet chose China as the destinatio",0.143
Xinhua,519,2023-09-15,Xinhua,Full text: Joint Statement between the People's Republic of China and the Republic of Zambia on Establishing the Comprehensive Strategic and Cooperative Partnership,"BEIJING, Sept. 15 (Xinhua) -- The People's Republic of China and the Republic of Zambia on Friday issued a joint statement on establishing a comprehensive strategic cooperative partnership. The following is the full text",0.165
Xinhua,520,2023-09-15,Xinhua,Interview: China's GDI key contributor to developing countries' socioeconomic growth: expert,"PHNOM PENH, Sept. 15 (Xinhua) -- The China-proposed Global Development Initiative (GDI) has become a key contributor to socioeconomic development and poverty reduction in developing countries, a Cambodian expert said on ",0.17
MFA,359,2023-09-16,Ministry of Foreign Affairs of the People's Republic of China - News (English),Li Xi Attends and Addresses the Summit of the G77 and China in Havana,"On September 15, 2023 local time, President Xi Jinping's Special Representative Li Xi, also Member of the Standing Committee of the Political Bureau of the CPC Central Committee and Secretary of the CPC Central Commissio",0.164
MFA,360,2023-09-16,Ministry of Foreign Affairs of the People's Republic of China - News (English),Full text: Remarks by Li Xi at Summit of the Group of 77 and China,"2023-09-16 11:59 HAVANA, Sept. 15 The following is the full text of the remarks by Li Xi, a member of the Standing Committee of the Political Bureau of the Communist Party of China Central Committee and the special repre",0.177
MFA,361,2023-09-16,Ministry of Foreign Affairs of the People's Republic of China - News (English),Full text: Remarks by Li Xi at Summit of the Group of 77 and China,"HAVANA, Sept. 15 The following is the full text of the remarks by Li Xi, a member of the Standing Committee of the Political Bureau of the Communist Party of China Central Committee and the special representative of Chin",0.18
Xinhua,521,2023-09-16,Xinhua,Full text: Remarks by Li Xi at Summit of the Group of 77 and China,"HAVANA, Sept. 15 (Xinhua) -- The following is the full text of the remarks by Li Xi, a member of the Standing Committee of the Political Bureau of the Communist Party of China Central Committee and the special representa",0.192
Xinhua,522,2023-09-16,Xinhua,Full text: Joint Communique between the Government of the People's Republic of China and the Royal Government of Cambodia,"BEIJING, Sept. 16 (Xinhua) -- The Government of the People's Republic of China and the Royal Government of Cambodia on Saturday issued a joint communique. The following is the full text of the joint communique: Joint Com",0.15
Xinhua,523,2023-09-17,Xinhua,Chinese premier meets with Malaysian PM,"NANNING, Sept. 17 (Xinhua) -- Chinese Premier Li Qiang on Sunday met with Malaysia's Prime Minister Datuk Seri Anwar Ibrahim in Nanning, the capital of south China's Guangxi Zhuang Autonomous Region. Li noted that China ",0.179
Xinhua,524,2023-09-19,Xinhua,"Chinese vice president meets Guterres, Blinken on sidelines of UNGA session","UNITED NATIONS, Sept. 18 (Xinhua) -- Chinese Vice President Han Zheng met here Monday with United Nations Secretary-General Antonio Guterres and U.S. Secretary of State Antony Blinken, respectively, on the sidelines of t",0.212
Xinhua,525,2023-09-19,Xinhua,"1st LD Writethru: China, Cuba to support each other on issues concerning core interests, says senior CPC official","HAVANA, Sept. 18 (Xinhua) -- China is willing to work with Cuba to implement the important consensus reached by top leaders of the two parties and countries, and continue to support each other on issues concerning each o",0.182
Xinhua,526,2023-09-19,Xinhua,"China, Cuba to support each other on issues concerning core interests: senior CPC official","HAVANA, Sept. 18 (Xinhua) -- China is willing to work with Cuba to implement the important consensus reached by top leaders of the two parties and countries, and continue to support each other on issues concerning each o",0.143
Xinhua,527,2023-09-20,Xinhua,China vows to strengthen global cooperation in public security,"NANJING, Sept. 20 (Xinhua) -- China is willing to deepen exchanges and cooperation in public security with all relevant parties, and promote the development of the global public-security governance system in a more fair,",0.112
MFA,362,2023-09-21,Ministry of Foreign Affairs of the People's Republic of China - News (English),Acting on the Global Security Initiative to advance International Counterterrorism Cooperation,"Written Statement by Wang Yi At the 13th Ministerial Plenary Meeting Of the Global Counterterrorism Forum September 20, 2023 Colleagues, Ladies and Gentlemen, Let me begin by extending, on behalf of the Chinese governmen",0.08
MFA,363,2023-09-22,Ministry of Foreign Affairs of the People's Republic of China - News (English),Build a Community with a Shared Future for Mankind and Jointly Deliver a Brighter Future for the World,"Statement by H.E. Han Zheng Vice President of the People's Republic of China At the General Debate Of the 78th Session of the United Nations General Assembly Mr. President, Colleagues, At present, the international secur",0.162
Xinhua,528,2023-09-22,Xinhua,"2nd LD-Writethru: Xi, Assad jointly announce China-Syria strategic partnership","HANGZHOU, Sept. 22 (Xinhua) -- Chinese President Xi Jinping and Syrian President Bashar al-Assad on Friday jointly announced the establishment of a China-Syria strategic partnership. The two presidents met in the eastern",0.147
Xinhua,529,2023-09-22,Xinhua,"2nd LD-Writethru: Xi meets Kuwaiti crown prince, pledging to take bilateral ties to new heights","HANGZHOU, Sept. 22 (Xinhua) -- Chinese President Xi Jinping on Friday vowed to work with Kuwait to take the bilateral ties to new heights when meeting with Crown Prince of Kuwait Sheikh Mishal Al-Ahmad Al-Jaber Al-Sabah.",0.116
Xinhua,530,2023-09-22,Xinhua,"1st LD: Xi, Assad jointly announce China-Syria strategic partnership","HANGZHOU, Sept. 22 (Xinhua) -- Chinese President Xi Jinping and Syrian President Bashar al-Assad on Friday jointly announced the establishment of a China-Syria strategic partnership. The two presidents met in the eastern",0.139
Xinhua,531,2023-09-22,Xinhua,"Interview: China-Arab States Expo an opportunity to enhance trade, investment, says senior Arab League official","CAIRO, Sept. 22 (Xinhua) -- The sixth China-Arab States Expo is a valuable opportunity to promote trade and investment, Ali bin Ibrahim Al-Maliki, assistant secretary general of the Arab League (AL), has said. """"A large ",0.13
Xinhua,532,2023-09-23,Xinhua,"Xinhua world news summary at 0630 GMT, Sept. 23","WASHINGTON -- U.S. President Joe Biden has told his Ukrainian counterpart that the United States will send Ukraine a type of long-range missile capable of striking inside Russia, NBC News reported Friday. The report cite",-0.031
Xinhua,533,2023-09-23,Xinhua,Chinese Embassy in Zimbabwe marks 74th founding anniversary of PRC,"HARARE, Sept. 22 (Xinhua) -- The Chinese Embassy in Zimbabwe hosted a reception on Friday to celebrate the upcoming 74th anniversary of the founding of the People's Republic of China (PRC). The reception was held in the ",0.163
Xinhua,534,2023-09-23,Xinhua,Full Text: Joint Statement between the People's Republic of China and the Democratic Republic of Timor-Leste on Establishing Comprehensive Strategic Partnership,"HANGZHOU, Sept. 23 (Xinhua) -- The People's Republic of China and the Democratic Republic of Timor-Leste on Saturday issued a joint statement on establishing a comprehensive strategic partnership. The following is the fu",0.182
Xinhua,535,2023-09-23,Xinhua,Solomon Islands PM calls for adopting China's partnership model,"UNITED NATIONS, Sept. 22 (Xinhua) -- Prime Minister of the Solomon Islands Manasseh Sogavare on Friday called for adopting China's transformative partnership model, including several initiatives China has proposed. """"We ",0.205
Xinhua,536,2023-09-24,Xinhua,"Venezuelan FM says supports China's global initiatives on development, security, civilization","UNITED NATIONS, Sept. 23 (Xinhua) -- Venezuelan Foreign Minister Yvan Gil said Saturday that his country supports China-proposed global initiatives on development, security, and civilization. Venezuela applauds the effor",0.109
Xinhua,537,2023-09-25,Xinhua,Chinese premier meets Syrian president in Beijing,"BEIJING, Sept. 25 (Xinhua) -- Chinese Premier Li Qiang met with Syrian President Bashar al-Assad in Beijing on Monday. The Syrian president came to China to attend the opening ceremony of the 19th Asian Games held in Han",0.16
MFA,364,2023-09-26,Ministry of Foreign Affairs of the People's Republic of China - News (English),Full Text: A Global Community of Shared Future: China's Proposals and Actions,A Global Community of Shared Future: China's Proposals and Actions The State Council Information Office of the People's Republic of China September 2023 Contents Preface I. Humanity at a Crossroads II. An Answer to the C,0.127
MFA,365,2023-09-26,Ministry of Foreign Affairs of the People's Republic of China - Spokesperson's Remarks (English),Foreign Ministry Spokesperson Wang Wenbin's Regular Press Conference on September 26 2023,Global Times: Yesterday was the first day of Thailand's temporary visa-free entry program for Chinese tourists. Could you share more details with us? Wang Wenbin: The Thai Government announced a five-month visa-free entr,0.118
Xinhua,538,2023-09-26,Xinhua,Xinhua Commentary: China's vision of global community of shared future materializes into concrete actions,"by Xinhua writer Zheng Bofei BEIJING, Sept. 26 (Xinhua) -- Facing an array of unprecedented crises and challenges, humanity today needs wisdom and action to surmount them for better lives. A decade after Chinese Presiden",0.128
Xinhua,539,2023-09-26,Xinhua,China is solid contributor to building global community of shared future: white paper,"BEIJING, Sept. 26 (Xinhua) -- China has contributed its strength to building a global community of shared future with firm conviction and solid actions over the past decade, said a white paper. The white paper, titled """,0.098
Xinhua,540,2023-09-26,Xinhua,China's top diplomat says past decade witnesses fruitful results of building global community of shared future,"BEIJING, Sept. 26 (Xinhua) -- The building of a global community of shared future has gained fruitful achievements over the past decade, Chinese Foreign Minister Wang Yi said Tuesday. Wang, also a member of the Political",0.105
Xinhua,541,2023-09-26,Xinhua,"China Focus: China issues white paper on global community of shared future, a decade after vision proposed","BEIJING, Sept. 26 (Xinhua) -- China on Tuesday issued a white paper on building a global community of shared future, a grand vision serving as a blueprint for a better world raised by President Xi Jinping in 2013. By put",0.112
Xinhua,542,2023-09-28,Xinhua,"China ready to further enhance law enforcement, security dialogue with Germany: senior CPC official","BERLIN, Sept. 27 (Xinhua) -- China is ready to work with Germany to further strengthen law enforcement and security dialogue and exchanges to enrich and consolidate the China-Germany all-round strategic partnership, Chen",0.127
Xinhua,543,2023-09-28,Xinhua,"Interview: China plays exemplary role in promoting fair, inclusive global human rights governance, says expert","by Raheela Nazir ISLAMABAD, Sept. 28 (Xinhua) -- Adhering to the visionary concept of building a community with a shared future for mankind, China has been playing an exemplary role in promoting fairer, more just and inc",0.138
Xinhua,544,2023-09-28,Xinhua,China's National Day celebrated in Ethiopia,"ADDIS ABABA, Sept. 27 (Xinhua) -- The Chinese community in Ethiopia on Tuesday celebrated the 74th anniversary of the founding of the People's Republic of China (PRC), which falls on Oct. 1. The event, held in the Ethiop",0.204
Xinhua,545,2023-09-28,Xinhua,"2nd LD-Writethru-Xinhua Headlines-Xi Focus: Xi says confidence """"more valuable than gold"""" in march toward rejuvenation","BEIJING, Sept. 28 (Xinhua) -- President Xi Jinping on Thursday called on the nation to firm up confidence and strive in unity in the relentless endeavor toward building a strong China and realizing national rejuvenation.",0.185
Xinhua,546,2023-09-28,Xinhua,Beijing Xiangshan Forum to open on Oct. 29,"BEIJING, Sept. 28 (Xinhua) -- The 10th Beijing Xiangshan Forum will be held from Oct. 29 to 31 in Beijing with a focus on key cooperation areas under the Global Security Initiative, a defense spokesman said on Thursday. ",0.065
Xinhua,547,2023-09-29,Xinhua,Xi Jinping addresses reception to celebrate the 74th anniversary of the founding of the People's Republic of China,"BEIJING, Sept. 29 (Xinhua) -- A reception to celebrate the 74th anniversary of the founding of the People's Republic of China was held at the Great Hall of the People on the evening of Sept. 28. Xi Jinping, general secre",0.158
Xinhua,548,2023-09-29,Xinhua,Senior Chinese legislator attends 9th BRICS Parliamentary Forum,"JOHANNESBURG, Sept. 29 (Xinhua) -- Peng Qinghua, vice chairman of the Standing Committee of the National People's Congress of China, attended and delivered a keynote speech at the 9th BRICS Parliamentary Forum, which was",0.142
Xinhua,549,2023-10-01,Xinhua,Chinese community in Malta celebrates National Day,"VALLETTA, Oct. 1 (Xinhua) -- The Chinese community in Malta gathered at the Chinese Garden of Serenity in Santa Lucija on Sunday to celebrate the 74th anniversary of the founding of the People's Republic of China. The ev",0.199
Xinhua,550,2023-10-09,Xinhua,"Interview: Chinese initiatives promote development, peace worldwide, says AL official","CAIRO, Oct. 9 (Xinhua) -- The global initiatives launched by China over the past decade, including the Belt and Road Initiative (BRI), have helped promote development, security and stability worldwide, a senior official ",0.164
Xinhua,551,2023-10-10,Xinhua,1st LD: China releases white paper on Belt and Road cooperation,"BEIJING, Oct. 10 (Xinhua) -- China's State Council Information Office on Tuesday released a white paper titled """"The Belt and Road Initiative: A Key Pillar of the Global Community of Shared Future."""" The white paper wil",0.217
Xinhua,552,2023-10-13,Xinhua,PLA Army to participate in HADR exercises of ASEAN Defense Ministers' Meeting-Plus,"BEIJING, Oct. 13 (Xinhua) -- The Chinese People's Liberation Army (PLA) will send army troops to Yogyakarta, Indonesia, to participate in the live exercises held by the Humanitarian Assistance and Disaster Relief (HADR) ",0.0
Xinhua,553,2023-10-14,Xinhua,Senior Chinese legislator calls on G20 to offer greater support to developing countries,"NEW DELHI, Oct. 14 (Xinhua) -- He Wei, vice chairman of China's National People's Congress Standing Committee, has urged greater support from the Group of 20 (G20) to developing countries. He led a delegation to the 9th ",0.147
Xinhua,554,2023-10-14,Xinhua,"Interview: China's BRI spurs development, champions multilateralism, says Argentine president","BUENOS AIRES, Oct. 13 (Xinhua) -- The Belt and Road Initiative (BRI) has promoted development in Argentina and served as a paradigm for the unconditional multilateralism China champions globally, Argentine President Albe",0.163
MFA,366,2023-10-17,Ministry of Foreign Affairs of the People's Republic of China - News (English),Li Qiang Meets with Cambodian Prime Minister Hun Manet,"On the afternoon of October 17, 2023, Premier Li Qiang of the State Council met at the Diaoyutai State Guesthouse with Cambodian Prime Minister Hun Manet who is in China to attend the third Belt and Road Forum for Intern",0.115
MFA,367,2023-10-17,Ministry of Foreign Affairs of the People's Republic of China - News (English),Xi Jinping Meets with Prime Minister of Ethiopia Abiy Ahmed Ali,"On the morning of October 17, 2023, President Xi Jinping met at the Great Hall of the People with Prime Minister of Ethiopia Abiy Ahmed Ali who is in China to attend the third Belt and Road Forum for International Cooper",0.242
MFA,368,2023-10-17,Ministry of Foreign Affairs of the People's Republic of China - News (English),Xi Jinping Meets with Uzbek President Shavkat Mirziyoyev,"On the afternoon of October 17, 2023, President Xi Jinping met at the Great Hall of the People with President Shavkat Mirziyoyev of the Republic of Uzbekistan who is in China to attend the third Belt and Road Forum for I",0.199
MFA,369,2023-10-17,Ministry of Foreign Affairs of the People's Republic of China - News (English),Xi Jinping Meets with Serbian President Aleksandar Vučić,"On the afternoon of October 17, 2023, President Xi Jinping met at the Great Hall of the People with Serbian President Aleksandar Vučić who is in China to attend the third Belt and Road Forum for International Cooperation",0.177
Xinhua,555,2023-10-17,Xinhua,(BRF2023) 3rd LD-Writethru: Xi meets Serbian president,"BEIJING, Oct. 17 (Xinhua) -- Chinese President Xi Jinping on Tuesday met with Serbian President Aleksandar Vucic, who is in Beijing to attend the third Belt and Road Forum for International Cooperation. Calling Serbia """,0.14
Xinhua,556,2023-10-17,Xinhua,(BRF2023) 2nd LD-Writethru: Xi meets Ethiopian PM,"BEIJING, Oct. 17 (Xinhua) -- China and Ethiopia announced elevating their ties to an """"all-weather strategic partnership"""" as President Xi Jinping met with Ethiopian Prime Minister Abiy Ahmed in Beijing on Tuesday. Abiy ",0.216
Xinhua,557,2023-10-17,Xinhua,"Interview: Pakistan as initial beneficiary appreciates, supports BRI -- Pakistan's caretaker PM","by Jamil Bhatti, Jiang Chao ISLAMABAD, Oct. 17 (Xinhua) -- Pakistan has been highly appreciating and supporting the Belt and Road Initiative (BRI) proposed by Chinese President Xi Jinping and is willing to learn from Chi",0.198
Xinhua,558,2023-10-17,Xinhua,"(BRF2023) Interview: Kenyan president highlights stronger ties between Kenya, China through BRI","by Xinhua writer Li Hualing, Liu Wanli, Bedah Mengo NAIROBI, Oct. 17 (Xinhua) -- The Belt and Road Initiative (BRI) has strengthened ties between China and Kenya by spurring development, Kenyan President William Ruto has",0.125
Xinhua,559,2023-10-17,Xinhua,Full text: Joint Statement between the People's Republic of China and the Independent State of Papua New Guinea,"BEIJING, Oct. 17 (Xinhua) -- The People's Republic of China and the Independent State of Papua New Guinea on Tuesday issued a joint statement. The following is the full text of the statement: Joint Statement between the ",0.166
Xinhua,560,2023-10-17,Xinhua,"Roundup: FAO marks World Food Day, calls for food security cooperation","ROME, Oct. 16 (Xinhua) -- The United Nations Food and Agriculture Organization (FAO) on Monday commenced a week of commemorations for World Food Day, an initiative aimed to increasing security and sustainability of globa",0.0
MFA,370,2023-10-18,Ministry of Foreign Affairs of the People's Republic of China - Spokesperson's Remarks (English),Foreign Ministry Spokesperson's Remarks on the Global AI Governance Initiative,"Q: On October 18, President Xi Jinping introduced the Global AI Governance Initiative in his keynote speech at the Opening Ceremony of the third Belt and Road Forum for International Cooperation. Can you share the detail",0.084
MFA,371,2023-10-18,Ministry of Foreign Affairs of the People's Republic of China - News (English),Han Zheng Meets with Foreign Guests,"On October 18, 2023, Vice President Han Zheng met in Beijing with General Secretary of the Lao People's Revolutionary Party Central Committee and Lao President Thongloun Sisoulith who is in China to attend the third Belt",0.183
MFA,372,2023-10-18,Ministry of Foreign Affairs of the People's Republic of China - News (English),Li Qiang Holds Talks with Prime Minister of Thailand Srettha Thavisin,"On the afternoon of October 18, 2023, Premier Li Qiang of the State Council held talks at the Diaoyutai State Guesthouse with Prime Minister of Thailand Srettha Thavisin who is in China to attend the third Belt and Road ",0.071
MFA,373,2023-10-18,Ministry of Foreign Affairs of the People's Republic of China - News (English),Xi Jinping Meets with Argentine President Fernandez,"On the evening of October 18, 2023, President Xi Jinping met at the Great Hall of the People with Argentine President Alberto Fernandez who is in China to attend the third Belt and Road Forum for International Cooperatio",0.225
MFA,374,2023-10-18,Ministry of Foreign Affairs of the People's Republic of China - News (English),Xi Jinping Meets with Argentine President Fernandez,"On the evening of October 18, 2023, President Xi Jinping met at the Great Hall of the People with Argentine President Alberto Fernandez who is in China to attend the third Belt and Road Forum for International Cooperatio",0.226
Xinhua,561,2023-10-18,Xinhua,"(BRF2023) China's BRI cooperation based on action, says Argentine president","BEIJING, Oct. 18 (Xinhua) -- """"They are not just talking, but actually taking action,"""" said Argentine President Alberto Fernandez on Wednesday, referring to the Belt and Road cooperation between Argentina and China. Ad",0.138
Xinhua,562,2023-10-18,Xinhua,(BRF2023) 1st LD-Writethru: Xi meets Argentine president in Beijing,"BEIJING, Oct. 18 (Xinhua) -- Chinese President Xi Jinping on Wednesday met with Argentine President Alberto Fernandez, who is in Beijing for the third Belt and Road Forum for International Cooperation. Both as major dev",0.219
Xinhua,563,2023-10-18,Xinhua,"(BRF2023) Roundup: Foreign leaders laud China, BRI in meetings with Xi","BEIJING, Oct. 17 (Xinhua) -- Representatives from more than 140 countries and 30-plus international organizations are gathering in Beijing to attend the third Belt and Road Forum for International Cooperation. Eight fore",0.183
Xinhua,564,2023-10-18,Xinhua,China launches initiative to address universal concerns over AI development: spokesperson,"BEIJING, Oct. 18 (Xinhua) -- Chinese President Xi Jinping announced that China will launch the Global Artificial Intelligence (AI) Governance Initiative, which presents a constructive approach to addressing universal con",0.076
Xinhua,565,2023-10-18,Xinhua,(BRF2023) Chinese premier meets Cambodian PM,"BEIJING, Oct. 17 (Xinhua) -- Chinese Premier Li Qiang on Tuesday met with Cambodian Prime Minister Hun Manet, who is in Beijing to attend the third Belt and Road Forum for International Cooperation. China is ready to pas",0.136
Xinhua,566,2023-10-18,Xinhua,(BRF2023) Interview: BRI provides much-needed opportunity to take the Maldives forward,"MALE, Oct. 18 (Xinhua) -- The Belt and Road Initiative (BRI) provides a much-needed opportunity to take the Maldives forward, said President-elect of the Maldives Mohamed Muizzu. In a recent interview with Xinhua, Muizzu",0.111
Xinhua,567,2023-10-18,Xinhua,"Developing, friendly countries voice support for China's just position at UN meeting","UNITED NATIONS, Oct. 17 (Xinhua) -- Developing and friendly countries on Tuesday made statements to support China at the general debate on human rights issues held by the Third Committee of the 78th UN General Assembly. ",0.04
Xinhua,568,2023-10-18,Xinhua,Full text: Joint Statement on Deepening Comprehensive Strategic Cooperation between the People's Republic of China and the Republic of Indonesia,"BEIJING, Oct. 18 (Xinhua) -- The People's Republic of China and the Republic of Indonesia on Wednesday issued a joint statement on deepening comprehensive strategic cooperation. The following is the full text of the stat",0.207
Xinhua,569,2023-10-18,Xinhua,(BRF2023) Chinese vice president meets UN chief,"BEIJING, Oct. 18 (Xinhua) -- Chinese Vice President Han Zheng on Wednesday met with United Nations (UN) Secretary-General Antonio Guterres, who is in Beijing attending the third Belt and Road Forum for International Coop",0.139
MFA,375,2023-10-19,Ministry of Foreign Affairs of the People's Republic of China - News (English),Xi Jinping Meets with Prime Minister of Mozambique Adriano Afonso Maleiane,"On the evening of October 19, 2023, President Xi Jinping met at the Great Hall of the People with Prime Minister of Mozambique Adriano Afonso Maleiane who is in China to attend the third Belt and Road Forum for Internati",0.247
MFA,376,2023-10-19,Ministry of Foreign Affairs of the People's Republic of China - News (English),Wang Yi Talks about Belt and Road Cooperation Ushering into a New Stage of High-quality Development,"On October 18, 2023, as the third Belt and Road Forum for International Cooperation came to a conclusion, Member of the Political Bureau of the CPC Central Committee and Foreign Minister Wang Yi held a press conference f",0.118
MFA,377,2023-10-19,Ministry of Foreign Affairs of the People's Republic of China - News (English),President Xi Jinping Meets with President of Republic of Congo Denis Sassou-N'Guesso,"On the afternoon of October 19, 2023, President Xi Jinping met at the Great Hall of the People with President of the Republic of Congo (ROC) Denis Sassou-N'Guesso who is in Beijing to attend the third Belt and Road Forum",0.302
MFA,378,2023-10-19,Ministry of Foreign Affairs of the People's Republic of China - News (English),Xi Jinping Meets with Mongolian President Ukhnaa Khurelsukh,"On the morning of October 19, 2023, President Xi Jinping met at the Great Hall of the People with Mongolian President Ukhnaa Khurelsukh who is in China to attend the third Belt and Road Forum for International Cooperatio",0.196
Xinhua,570,2023-10-19,Xinhua,"(BRF2023) Serbian president says Belt and Road Initiative like """"delivering roses"""" to others","BEIJING, Oct. 18 (Xinhua) -- """"One who delivers roses to others will have fragrance on his hands"""" shows the nature of the China-proposed Belt and Road Initiative, Serbian President Aleksandar Vucic told Xinhua here Wedn",0.21
Xinhua,571,2023-10-19,Xinhua,1st LD-Writethru: Xi meets president of Republic of the Congo,"BEIJING, Oct. 19 (Xinhua) -- Chinese President Xi Jinping on Thursday met with President of the Republic of the Congo Denis Sassou Nguesso, who is in Beijing for the third Belt and Road Forum for International Cooperatio",0.171
Xinhua,572,2023-10-19,Xinhua,"(BRF2023) Interview: Chile keen to be China's gateway to LatAm, says president","BEIJING, Oct. 19 (Xinhua) -- """"Chile and China are neighbors across the sea. The Belt and Road cooperation has brought us closer to each other,"""" said Chilean President Gabriel Boric in an exclusive interview with Xinhua",0.092
Xinhua,573,2023-10-20,Xinhua,Full text: Joint Press Communiqué between the Government of the People's Republic of China and the Government of the Kingdom of Thailand,"BEIJING, Oct. 19 (Xinhua) -- The Government of the People's Republic of China and the Government of the Kingdom of Thailand on Thursday issued a joint press communiqué. The following is the full text of the document. Joi",0.16
Xinhua,574,2023-10-21,Xinhua,"Cambodian think tank to host int'l forum on regional security, Chinese global initiatives","PHNOM PENH, Oct. 21 (Xinhua) -- The International Relations Institute of Cambodia (IRIC), a think tank under the Royal Academy of Cambodia, will host an international forum on Oct. 25, focusing on regional security conce",0.084
Xinhua,575,2023-10-21,Xinhua,Full text: Joint Statement between the People's Republic of China and the Democratic Socialist Republic of Sri Lanka," BEIJING, Oct. 20 (Xinhua) -- The People's Republic of China and the Democratic Socialist Republic of Sri Lanka on Friday issued a joint statement. The following is the full text of the statement. Joint Statement between",0.148
Xinhua,576,2023-10-21,Xinhua,Full text: Joint Press Statement between the People's Republic of China and the Islamic Republic of Pakistan,"BEIJING, Oct. 20 (Xinhua) -- The People's Republic of China and the Islamic Republic of Pakistan on Friday issued a joint press statement. The following is the full text of the statement. Joint Press Statement between th",0.183
Xinhua,577,2023-10-22,Xinhua,China Focus: BRI helps China become key global arena for idea exchange,"BEIJING, Oct. 22 (Xinhua) -- About 200 people from 40 countries and regions and international organizations engaged in in-depth discussions during a recent thematic forum on think tank exchanges held in Beijing. The even",0.106
Xinhua,578,2023-10-23,Xinhua,China aims to establish diplomatic relations with Bhutan soon: FM,"BEIJING, Oct. 23 (Xinhua) -- China is ready to conclude boundary negotiations and establish diplomatic relations with Bhutan as soon as possible, Chinese Foreign Minister Wang Yi said Monday. Wang, also member of the Po",0.165
MFA,379,2023-10-24,Ministry of Foreign Affairs of the People's Republic of China - News (English),"Wang Yi Attends the Opening Ceremony of the International Symposium to Commemorate the 10th Anniversary of China's Principle of Amity, Sincerity, Mutual Benefit and Inclusiveness In Neighborhood Diplomacy","On October 24, 2023, the International Symposium to Commemorate the 10th Anniversary of China's Principle of Amity, Sincerity, Mutual Benefit, and Inclusiveness in Neighborhood Diplomacy was held in Beijing. Member of th",0.157
MFA,380,2023-10-24,Ministry of Foreign Affairs of the People's Republic of China - News (English),Outlook on China's Foreign Policy on Its Neighborhood In the New Era,"Preface China and its neighboring countries enjoy geographical proximity, cultural affinity and integrated interests with a shared future. The millennium-old friendly exchanges between the two sides are a vivid history o",0.183
MFA,381,2023-10-24,Ministry of Foreign Affairs of the People's Republic of China - News (English),Outlook on China's Foreign Policy on Its Neighborhood In the New Era,"Preface China and its neighboring countries enjoy geographical proximity, cultural affinity and integrated interests with a shared future. The millennium-old friendly exchanges between the two sides are a vivid history o",0.181
Xinhua,579,2023-10-24,Xinhua,"3rd LD-Writethru-Xinhua Headlines: Ten years on, China's neighborhood diplomacy cements bonds, cooperation","BEIJING, Oct. 24 (Xinhua) -- China will continue to follow the principle of amity, sincerity, mutual benefit and inclusiveness, and work with other countries in the region to build an Asian homeland of peace, tranquility",0.223
MFA,382,2023-10-25,Ministry of Foreign Affairs of the People's Republic of China - News (English),Xi Jinping Holds Talks with President of Colombia Gustavo Petro,"On the afternoon of October 25, 2023, President Xi Jinping held talks at the Great Hall of the People with President of Colombia Gustavo Petro who is on a state visit to China. The two heads of state announced the elevat",0.238
MFA,383,2023-10-25,Ministry of Foreign Affairs of the People's Republic of China - Spokesperson's Remarks (English),"Foreign Ministry Spokesperson Mao Ning's Regular Press Conference on October 25, 2023","CCTV: The International Symposium to Commemorate the 10th Anniversary of China's Principle of Amity, Sincerity, Mutual Benefit and Inclusiveness in Neighborhood Diplomacy was successfully held yesterday. Could you share ",0.095
Xinhua,580,2023-10-25,Xinhua,"2nd LD-Writethru: Xi holds talks with Colombian president, elevating ties to strategic partnership","BEIJING, Oct. 25 (Xinhua) -- Chinese President Xi Jinping held talks with Colombian President Gustavo Francisco Petro Urrego, who is on a state visit to China, in Beijing on Wednesday. The two heads of state announced th",0.264
Xinhua,581,2023-10-25,Xinhua,2nd LD Writethru: China to enhance political mutual trust with Kyrgyzstan: premier,"BISHKEK, Oct. 25 (Xinhua) -- China is willing to continue to enhance political mutual trust with Kyrgyzstan, strengthen the alignment of development strategies, and seek more convergence points of common interests for mu",0.146
Xinhua,582,2023-10-25,Xinhua,Urgent: Kyrgyz PM vows to support China on issues concerning China's core interests,"BISHKEK, Oct. 25 (Xinhua) -- Kyrgyz Prime Minister Akylbek Japarov said Wednesday that Kyrgyzstan firmly supports China on issues concerning China's core interests and backs China-proposed major initiatives. Japarov made",0.104
Xinhua,583,2023-10-26,Xinhua,"Xinhua Commentary: A more united SCO for greater regional, global development","BISHKEK, Oct. 26 (Xinhua) -- In the grand tapestry of history, the Shanghai Cooperation Organization (SCO) stands out as a hallmark of cooperation in a region featuring diversity and complexity. Emerging from the crucibl",0.18
MFA,384,2023-10-27,Ministry of Foreign Affairs of the People's Republic of China - News (English),Li Qiang Meets with Prime Minister of Tajikistan Kokhir Rasulzoda,"On the afternoon of October 26, 2023 local time, Premier Li Qiang of the State Council met with Prime Minister of Tajikistan Kokhir Rasulzoda on the sidelines of the 22nd Meeting of the Council of Heads of Government of ",0.151
Xinhua,584,2023-10-27,Xinhua,1st LD: China ready to work with Tajikistan to implement China-proposed initiatives,"BISHKEK, Oct. 26 (Xinhua) -- Chinese Premier Li Qiang said here on Thursday that China is ready to work with Tajikistan to promote the implementation of the Global Development Initiative, the Global Security Initiative a",0.157
Xinhua,585,2023-10-27,Xinhua,"Interview: BRI to bring higher quality of development, says Swedish expert","STOCKHOLM, Oct. 27 (Xinhua) -- Building upon the great achievements of the past ten years, the Belt and Road Initiative (BRI) will only go forward with new energy and diversified components, a Swedish expert told Xinhua ",0.065
Xinhua,586,2023-10-27,Xinhua,2nd LD Writethru: China ready to work with Tajikistan to implement China-proposed initiatives,"BISHKEK, Oct. 26 (Xinhua) -- Chinese Premier Li Qiang said here on Thursday that China is ready to work with Tajikistan to promote the implementation of the Global Development Initiative, the Global Security Initiative a",0.163
Xinhua,587,2023-10-27,Xinhua,China ready to work with Tajikistan to implement China-proposed initiatives,Chinese Premier Li Qiang meets with Tajik Prime Minister Kokhir Rasulzoda on the sidelines of the 22nd Meeting of the Council of Heads of Government of the Shanghai Cooperation Organization (SCO) Member States in Bishkek,0.133
Xinhua,588,2023-10-27,Xinhua,Urgent: China ready to work with Tajikistan to implement China-proposed initiatives,"BISHKEK, Oct. 26 (Xinhua) -- Chinese Premier Li Qiang said here on Thursday that China is ready to work with Tajikistan to promote the implementation of the Global Development Initiative, the Global Security Initiative a",0.085
Xinhua,589,2023-10-28,Xinhua,CPC delegation visits Togo,"LOME, Oct. 28 (Xinhua) -- A delegation of the Communist Party of China (CPC) visited Togo from Wednesday to Saturday with the aim of strengthening relations between the two countries. During the visit, the delegation led",0.085
Xinhua,590,2023-11-02,Xinhua,China calls for AI safety cooperation at summit,"BLETCHLEY PARK, Britain, Nov. 1 (Xinhua) -- The Chinese delegation attending the AI Safety Summit in the United Kingdom (UK) has called for exchange and cooperation among countries on artificial intelligence (AI) safety ",0.167
Xinhua,591,2023-11-03,Xinhua,Roundup: How did the world's first AI safety summit go?,"LONDON, Nov. 3 (Xinhua) -- The world's first Artificial Intelligence (AI) safety summit has concluded at Bletchley Park in central Britain as countries gathered to discuss the global future of AI and work toward a shared",0.126
Xinhua,592,2023-11-07,Xinhua,"Myanmar reiterates commitment to maintain stability, order along border with China","YANGON, Nov. 7 (Xinhua) -- Myanmar has reiterated its commitment to maintain stability and order along border with China, and worked to ensure safety of Chinese-funded enterprises and Chinese personnel in the Southeast A",0.133
Xinhua,593,2023-11-07,Xinhua,"1st LD-Writethru: Experts, scholars gather in Beijing to foster dialogue among civilizations","BEIJING, Nov. 7 (Xinhua) -- The Inter-Civilizational Communication and Global Development Forum, hosted by the Party School of the Central Committee of the Communist Party of China, opened in Beijing on Tuesday. The thre",0.114
MFA,385,2023-11-08,Ministry of Foreign Affairs of the People's Republic of China - News (English),Han Zheng Attends the Sixth Bloomberg New Economy Forum and Visits Singapore,"From November 7 to 8, 2023, Vice President Han Zheng attended the sixth Bloomberg New Economy Forum in Singapore, and visited Singapore upon invitation. Han Zheng delivered a keynote speech at the opening ceremony of the",0.125
Xinhua,594,2023-11-09,Xinhua,Seminar on Africa's security and development of China-Africa relations held in Zimbabwe,"HARARE, Nov. 8 (Xinhua) -- A seminar on the security situation in Africa and the development of China-Africa relations was held here on Wednesday, attended by officials from the Chinese Embassy in Zimbabwe and scholars f",0.184
Xinhua,595,2023-11-09,Xinhua,1st LD Writethru: Seminar on Africa's security and development of China-Africa relations held in Zimbabwe,"HARARE, Nov. 8 (Xinhua) -- A seminar on the security situation in Africa and the development of China-Africa relations was held here on Wednesday, attended by officials from the Chinese Embassy in Zimbabwe and scholars f",0.234
MFA,386,2023-11-10,Ministry of Foreign Affairs of the People's Republic of China - Spokesperson's Remarks (English),"Foreign Ministry Spokesperson Wang Wenbin's Regular Press Conference on November 10, 2023","At the invitation of Vice Premier of the State Council Liu Guozhong, Malaysia's Deputy Prime Minister and Minister of Plantation and Commodities Fadillah Yusof will visit China from November 12 to 19. Yonhap News Agency:",0.091
MFA,387,2023-11-11,Ministry of Foreign Affairs of the People's Republic of China - News (English),Han Zheng Visits Malaysia,"From November 9 to 11, 2023 local time, Vice President Han Zheng paid a visit to Malaysia upon invitation, and met respectively with Supreme Head of Malaysia Sultan Abdullah Sultan Ahmad Shah in Kuala Lumpur and Prime Mi",0.185
Xinhua,596,2023-11-11,Xinhua,Belgrade conference explores China's global initiatives,"BELGRADE, Nov. 10 (Xinhua) -- International experts convened at the """"Dialogues on China 2023"""" conference here on Thursday to take a deep dive into China's evolving global role, and its global initiatives on development",0.089
MFA,388,2023-11-16,Ministry of Foreign Affairs of the People's Republic of China - News (English),Galvanizing Our Peoples into a Strong Force For the Cause of China-U.S. Friendship,"Speech by H.E. Xi Jinping President of the People's Republic of China At Welcome Dinner by Friendly Organizations in the United States San Francisco, November 15, 2023 Ladies and Gentlemen, Friends, It gives me great ple",0.136
Xinhua,597,2023-11-16,Xinhua,Full text of Xi's speech at Welcome Dinner by Friendly Organizations in the United States,"SAN FRANCISCO, Nov. 15 (Xinhua) -- Chinese President Xi Jinping delivered a speech here Wednesday at Welcome Dinner by Friendly Organizations in the United States. The following is the full text of the speech: Galvanizin",0.144
MFA,389,2023-11-17,Ministry of Foreign Affairs of the People's Republic of China - News (English),President Xi Jinping Meets with Fijian Prime Minister Sitiveni Rabuka,"On the morning of November 16 local time, President Xi Jinping met with Fijian Prime Minister Sitiveni Rabuka in San Francisco. President Xi Jinping noted that Fiji was the first Pacific island country (PIC) to establis",0.208
MFA,390,2023-11-17,Ministry of Foreign Affairs of the People's Republic of China - News (English),Meeting Challenges with Unity of Purpose To Write a New Chapter for Asia-Pacific Cooperation,"Written Speech by H.E. Xi Jinping President of the People's Republic of China At the APEC CEO Summit San Francisco, November 16, 2023 Representatives of the Business Community, Ladies and Gentlemen, Friends, It gives me ",0.166
Xinhua,598,2023-11-17,Xinhua,1st LD Writethru: Xi says China's relations with Pacific island countries candid without selfish motives,"SAN FRANCISCO, Nov. 16 (Xinhua) -- Chinese President Xi Jinping said here on Thursday that China has developed relations with Pacific island countries in a candid manner, without selfish motives or targeting any third pa",0.193
Xinhua,599,2023-11-17,Xinhua,Xinhua Headlines: Chinese President Xi calls for relaunch of Asia-Pacific cooperation,"SAN FRANCISCO, Nov. 17 (Xinhua) -- About thirty years ago, following the trend toward peace and development, Asia-Pacific leaders decided to rise above the outdated mentality of bloc confrontation and zero-sum games, str",0.123
Xinhua,600,2023-11-17,Xinhua,Full text of Xi's written speech at Asia-Pacific Economic Cooperation CEO Summit,"SAN FRANCISCO, Nov. 16 (Xinhua) -- Chinese President Xi Jinping delivered a written speech here Thursday at the Asia-Pacific Economic Cooperation (APEC) CEO Summit. The following is the full text of the speech: Meeting C",0.165
Xinhua,601,2023-11-17,Xinhua,"China to host SCO defense, security forum","BEIJING, Nov. 17 (Xinhua) -- China's Ministry of National Defense will host the fifth Shanghai Cooperation Organization (SCO) Defense and Security Forum from Nov. 20 to 29, the ministry announced Friday. The event will w",0.06
Xinhua,602,2023-11-18,Xinhua,Xinhua Headlines: Join hands for high-quality development in Asia-Pacific,"SAN FRANCISCO, Nov. 18 (Xinhua) -- In the beautiful U.S. city of San Francisco, leaders of the Asia-Pacific Economic Cooperation (APEC) members gathered on Friday, uniting in their commitment to deliver a free, open, fai",0.186
Xinhua,603,2023-11-18,Xinhua,Xinhua Headlines: Chinese President Xi calls for relaunch of Asia-Pacific cooperation,"* """"We should stay committed to APEC's founding mission, never forget our mission bestowed by history, and move to relaunch Asia-Pacific cooperation,"""" Xi said.* The achievements of APEC cooperation have not been made th",0.104
Xinhua,604,2023-11-18,Xinhua,Xinhua Headlines: Join hands for high-quality development in Asia-Pacific,"* It is of utmost significance for leaders in Asia Pacific to figure out what they """"should do to usher in another 'golden 30 years' for the region, and how we can bring out the best of APEC in this process,"""" as Xi poin",0.182
Xinhua,605,2023-11-21,Xinhua,"Roundup: China poised to offer new opportunities for cooperation, say experts","BELGRADE, Nov. 21 (Xinhua) -- China's expanding role in world affairs, alongside the promising dimensions of its strategic endeavors, is poised to engender new opportunities for cooperation, spur development, and usher i",0.077
Xinhua,606,2023-11-22,Xinhua,"2nd LD-Writethru: Xi, Uruguayan president hold talks, elevate ties to comprehensive strategic partnership","BEIJING, Nov. 22 (Xinhua) -- Chinese President Xi Jinping held talks with Uruguayan President Luis Alberto Lacalle Pou in Beijing on Wednesday. The two heads of state announced the elevation of bilateral relations to a c",0.209
MFA,391,2023-11-24,Ministry of Foreign Affairs of the People's Republic of China - News (English),Li Qiang Meets with French Minister for Europe and Foreign Affairs Catherine Colonna,"On the morning of November 24, 2023, Premier Li Qiang of the State Council met with French Minister for Europe and Foreign Affairs Catherine Colonna at the Great Hall of the People. Li Qiang said that since the beginning",0.206
Xinhua,607,2023-11-24,Xinhua,Chinese premier meets with French FM in Beijing,"BEIJING, Nov. 24 (Xinhua) -- Chinese Premier Li Qiang met on Friday with French Minister for Europe and Foreign Affairs Catherine Colonna in Beijing. Li said that under the strategic guidance of the two heads of state, t",0.22
Xinhua,608,2023-11-24,Xinhua,World Insights: China's coordination within BRICS facilitates restoration of peace in Middle East,"BEIJING, Nov. 24 (Xinhua) -- Chinese President Xi Jinping on Tuesday attended the BRICS extraordinary virtual summit on the Palestinian-Israeli issue, saying that the parties to the conflict must end hostility and reach ",0.116
Xinhua,609,2023-11-25,Xinhua,"Interview: China visit something he has been """"anticipating for a long time,"""" says Uruguayan president","by Xinhua writers Chen Yao, Huang Shunda BEIJING, Nov. 25 (Xinhua) -- This is a visit that """"I've been anticipating for a long time,"""" Uruguayan President Luis Alberto Lacalle Pou, who paid a state visit to China, said i",0.104
MFA,392,2023-11-30,Ministry of Foreign Affairs of the People's Republic of China - News (English),Xi Jinping Sends Congratulatory Message to U.N. Special Commemorative Meeting in Observance of the International Day of Solidarity with the Palestinian People,"On November 29, 2023, President Xi Jinping sent a congratulatory message to a UN Special Commemorative Meeting in observance of the International Day of Solidarity with the Palestinian People. Xi Jinping pointed out that",0.112
Xinhua,610,2023-11-30,Xinhua,1st LD Writethru: Xi sends congratulations to UN meeting marking Int'l Day of Solidarity with Palestinian People,"BEIJING, Nov. 30 (Xinhua) -- Chinese President Xi Jinping extended congratulations to a UN meeting held on Wednesday to commemorate the International Day of Solidarity with the Palestinian People. In his message, Xi said",0.115
MFA,393,2023-12-01,Ministry of Foreign Affairs of the People's Republic of China - News (English),Wang Yi Meets with Vietnamese Foreign Minister Bui Thanh Son,"On December 1, 2023 local time, Member of the Political Bureau of the CPC Central Committee and Foreign Minister Wang Yi met with Vietnamese Foreign Minister Bui Thanh Son in Hanoi. Wang Yi said that sharing the same ide",0.174
Xinhua,611,2023-12-02,Xinhua,"China, Vietnam agree to jointly maintain peace, stability at sea","HANOI, Dec. 1 (Xinhua) -- Chinese Foreign Minister Wang Yi and his Vietnamese counterpart Bui Thanh Son agreed during their meeting here on Friday to jointly maintain peace and stability at sea. Wang, also a member of th",0.178
MFA,394,2023-12-04,Ministry of Foreign Affairs of the People's Republic of China - News (English),Han Zheng Attends and Addresses the Opening Ceremony of the 2023 Imperial Springs International Forum,"On December 4, 2023, Vice President Han Zheng attended and addressed the opening ceremony of the 2023 Imperial Springs International Forum in Guangzhou. A congratulatory letter from President Xi Jinping was first read at",0.128
Xinhua,612,2023-12-04,Xinhua,Seminar held to commemorate 75th anniversary of universal human rights declaration,"BEIJING, Dec. 4 (Xinhua) -- A seminar was held Monday in Beijing to commemorate the 75th anniversary of the Universal Declaration of Human Rights. The seminar, hosted by the China Society for Human Rights Studies, welco",0.058
Xinhua,613,2023-12-04,Xinhua,"China adheres to path of peaceful, high-quality development, opening-up: VP","GUANGZHOU, Dec. 4 (Xinhua) -- China is committed to the path of peaceful, high-quality development and high-level opening-up, Chinese Vice President Han Zheng said Monday. Han made the remarks while addressing the openin",0.127
Xinhua,614,2023-12-04,Xinhua,"1st LD-Writethru: Chinese, Belarusian presidents pledge to enhance ties","BEIJING, Dec. 4 (Xinhua) -- Chinese President Xi Jinping met with Belarusian President Alexander Lukashenko in Beijing on Monday. Xi pointed out that he and Lukashenko reached important consensus on promoting the high-le",0.206
MFA,395,2023-12-05,Ministry of Foreign Affairs of the People's Republic of China - News (English),Wang Yi Makes Four-point Proposal on Realizing the Full Enjoyment of Human Rights by All People,"On December 5, 2023, Member of the Political Bureau of the CPC Central Committee and Foreign Minister Wang Yi attended the opening ceremony of the International Symposium Commemorating the 75th Anniversary of the Univers",0.09
MFA,396,2023-12-05,Ministry of Foreign Affairs of the People's Republic of China - News (English),Wang Yi Attends the Opening Ceremony of the International Symposium Commemorating the 75th Anniversary of the Universal Declaration of Human Rights,"On December 5, 2023, Member of the Political Bureau of the CPC Central Committee and Foreign Minister Wang Yi attended the opening ceremony of the International Symposium Commemorating the 75th Anniversary of the Univers",0.129
MFA,397,2023-12-05,Ministry of Foreign Affairs of the People's Republic of China - News (English),Pursuing a Country-Specific Path to Human Rights Advancement and Jointly Promoting Worldwide Progress in Human Rights,"Keynote Address by H.E.Wang Yi At the Opening Ceremony of the International Symposium Commemorating The 75th Anniversary of the Universal Declaration of Human Rights Beijing, December 5, 2023 Distinguished Guests, Friend",0.143
MFA,398,2023-12-05,Ministry of Foreign Affairs of the People's Republic of China - News (English),Pursuing a Country-Specific Path to Human Rights Advancement And Jointly Promoting Worldwide Progress in Human Rights,"Keynote Address by H.E.Wang Yi At the Opening Ceremony of the International Symposium Commemorating the 75th Anniversary of The Universal Declaration of Human Rights Beijing, December 5, 2023 Distinguished Guests, Friend",0.143
MFA,399,2023-12-06,Ministry of Foreign Affairs of the People's Republic of China - News (English),Wang Yi Meets with Myanmar's Deputy Prime Minister and Union Minister for Foreign Affairs U Than Swe,"On December 6, 2023, Member of the Political Bureau of the CPC Central Committee and Foreign Minister Wang Yi met with Myanmar's Deputy Prime Minister and Union Minister for Foreign Affairs U Than Swe, who is in China to",0.132
MFA,400,2023-12-06,Ministry of Foreign Affairs of the People's Republic of China - Spokesperson's Remarks (English),"Foreign Ministry Spokesperson Wang Wenbin's Regular Press Conference on December 6, 2023","As agreed with the Mekong countries, Member of the Political Bureau of the CPC Central Committee and Foreign Minister Wang Yi and the Lancang-Mekong Cooperation (LMC) co-chair Myanmar's Deputy Prime Minister and Union Mi",0.095
Xinhua,615,2023-12-06,Xinhua,"China, Laos pledge enhanced anti-corruption cooperation","BEIJING, Dec. 6 (Xinhua) -- Li Xi, a member of the Standing Committee of the Political Bureau of the Communist Party of China (CPC) Central Committee and secretary of the CPC Central Commission for Discipline Inspection,",0.148
MFA,401,2023-12-07,Ministry of Foreign Affairs of the People's Republic of China - News (English),Wang Yi Talks about Six Priority Areas for Lancang-Mekong Cooperation,"On December 7, 2023, the eighth Lancang-Mekong Cooperation (LMC) Foreign Ministers' Meeting was held in Beijing, After the meeting, Member of the Political Bureau of the CPC Central Committee and Foreign Minister Wang Yi",0.083
MFA,402,2023-12-07,Ministry of Foreign Affairs of the People's Republic of China - News (English),The Eighth LMC Foreign Ministers' Meeting Held in Beijing,"On December 7, 2023, the eighth Lancang-Mekong Cooperation (LMC) Foreign Ministers' Meeting was held in Beijing. The meeting was co-chaired by Member of the Political Bureau of the CPC Central Committee and Foreign Minis",0.153
Xinhua,616,2023-12-07,Xinhua,Xinhua Commentary: China grows into hub for global thought exchange,"BEIJING, Dec. 7 (Xinhua) -- China has become an increasingly influential hub for global thought exchange, hosting dozens of forums, expos, summits and meetings to promote world peace, development and the people-to-people",0.151
MFA,403,2023-12-08,Ministry of Foreign Affairs of the People's Republic of China - Spokesperson's Remarks (English),"Foreign Ministry Spokesperson Wang Wenbin's Regular Press Conference on December 8, 2023","After China started managing COVID-19 with measures against Class-B infectious diseases from January 8, 2023, the Chinese government has improved visa and entry policies for foreign nationals to facilitate cross-border t",0.062
Xinhua,617,2023-12-08,Xinhua,Eighth LMC Foreign Ministers' Meeting held in Beijing,"BEIJING, Dec. 7 (Xinhua) -- The eighth Lancang-Mekong Cooperation (LMC) Foreign Ministers' Meeting was held in Beijing on Thursday. Member of the Political Bureau of the Communist Party of China Central Committee and For",0.186
Xinhua,618,2023-12-11,Xinhua,"Xinhua Headlines: Xi's visit to chart course for development of China-Vietnam ties, boost shared growth in Asia-Pacific","BEIJING, Dec. 11 (Xinhua) -- After six years, Xi Jinping, general secretary of the Communist Party of China (CPC) Central Committee and Chinese president, will again pay a state visit to Vietnam at the invitation of Gene",0.112
MFA,404,2023-12-12,Ministry of Foreign Affairs of the People's Republic of China - News (English),General Secretary and President Xi Jinping Holds Talks with General Secretary of the CPV Central Committee Nguyen Phu Trong,"On the afternoon of December 12 local time, General Secretary of the Central Committee of the Communist Party of China (CPC) and President Xi Jinping held talks with General Secretary of the Central Committee of the Comm",0.183
MFA,405,2023-12-12,Ministry of Foreign Affairs of the People's Republic of China - News (English),Building a China-Viet Nam Community with a Shared Future That Carries Strategic Significance And Writing Together a New Chapter in Our Modernization Drive,Signed Article by H.E. Xi Jinping General Secretary of the Central Committee Of the Communist Party of China And President of the People's Republic of China On the Nhan Dan Newspaper of Viet Nam I will soon pay a state,0.19
Xinhua,619,2023-12-12,Xinhua,"Xi says China, Vietnam on promising path of building community with shared future for mankind","BEIJING, Dec. 12 (Xinhua) -- The Communist Party of China (CPC) and the Communist Party of Vietnam (CPV) as well as the two countries have found a promising path of jointly building a community with a shared future for m",0.166
Xinhua,620,2023-12-12,Xinhua,Xi says China prioritizes developing ties with Vietnam in neighborhood diplomacy,"BEIJING, Dec. 12 (Xinhua) -- The Communist Party of China (CPC) and the Chinese government always take it as a priority in neighborhood diplomacy to develop relations with Vietnam, sincerely hoping that the two nations w",0.153
Xinhua,621,2023-12-12,Xinhua,"1st Ld Writethru: Chinese, Iranian FMs discuss Gaza situation on phone","BEIJING, Dec. 12 (Xinhua) -- Chinese Foreign Minister Wang Yi and Iranian Foreign Minister Hossein Amir-Abdollahian exchanged views on the situation in the Gaza Strip and bilateral relations during a phone conversation o",0.114
Xinhua,622,2023-12-12,Xinhua,Urgent: Vietnam firmly supports and ready to actively join key global initiatives proposed by Xi -- Vietnam's Trong,"HANOI, Dec. 12 (Xinhua) -- Vietnam firmly supports and stands ready to actively join the key global initiatives proposed by Xi Jinping, general secretary of the Communist Party of China Central Committee and Chinese pres",0.147
Xinhua,623,2023-12-12,Xinhua,Full text of Xi's article on Vietnamese newspaper,"BEIJING, Dec. 12 (Xinhua) -- A signed article by General Secretary of the Communist Party of China Central Committee and Chinese President Xi Jinping titled """"Building a China-Vietnam Community with a Shared Future That ",0.198
MFA,406,2023-12-13,Ministry of Foreign Affairs of the People's Republic of China - News (English),Renewing Traditional Friendship and Embarking on a New Journey to Build a China-Viet Nam Community with a Shared Future,Remarks by H.E. Xi Jinping General Secretary of the Central Committee Of the Communist Party of China And President of the People's Republic of China At Meeting with Representatives of Young Chinese and Vietnamese and Pe,0.149
MFA,407,2023-12-13,Ministry of Foreign Affairs of the People's Republic of China - News (English),President Xi Jinping Holds Talks with President of Viet Nam Vo Van Thuong,"On the morning of December 13 local time, General Secretary of the Central Committee of the Communist Party of China (CPC) and President Xi Jinping held talks with President of Viet NamVo Van Thuong at the Presidential P",0.183
Xinhua,624,2023-12-13,Xinhua,"Xinhua Headlines: China, Vietnam lift ties to new stage, aiming for shared future","This aerial photo taken on Sept. 9, 2023 shows a view of the port of the Friendship Pass in Pingxiang, south China's Guangxi Zhuang Autonomous Region. (Xinhua/Cao Yiming)""""Xi's visit will add new impetus into the stable ",0.12
Xinhua,625,2023-12-13,Xinhua,"Xinhua Headlines: China, Vietnam lift ties to new stage, aiming for shared future","HANOI, Dec. 13 (Xinhua) -- China and Vietnam on Tuesday agreed to build a community with a shared future that carries strategic significance, charting a promising path of their closer cooperation and friendship going for",0.136
Xinhua,626,2023-12-13,Xinhua,"3rd LD Writethru: China, Vietnam agree to build community with shared future that carries strategic significance","HANOI, Dec. 12 (Xinhua) -- China and Vietnam on Tuesday agreed to build a community with a shared future that carries strategic significance. The two sides have announced the new positioning of relations between the two ",0.218
Xinhua,627,2023-12-13,Xinhua,"Vietnam supports building community with shared future for mankind, China-proposed initiatives","HANOI, Dec. 13 (Xinhua) -- Vietnam supports building a community with a shared future for mankind, the Global Development Initiative, the Global Security Initiative and the Global Civilization Initiative, according to a ",0.333
Xinhua,628,2023-12-13,Xinhua,"China, Vietnam agree to implement consensus with concrete actions: senior officials","HANOI, Dec. 12 (Xinhua) -- China and Vietnam should lose no time in studying and implementing important consensus reached by leaders of both countries and must actively work together for a China-Vietnam community with a ",0.219
Xinhua,629,2023-12-13,Xinhua,3rd LD Writethru: Xi urges implementation of China-Vietnam community with a shared future that carries strategic significance,"HANOI, Dec. 13 (Xinhua) -- Xi Jinping, general secretary of the Communist Party of China (CPC) Central Committee and Chinese president, said here Wednesday that China and Vietnam should join hands to build a China-Vietna",0.201
Xinhua,630,2023-12-14,Xinhua,"Interview: Kenya-China cooperation has unleashed profound benefits, says Kenya's prime cabinet secretary","by Xinhua writer Naftali Mwaura NAIROBI, Dec. 14 (Xinhua) -- The bilateral cooperation between Kenya and China that was formalized in December 1963 has covered a critical milestone, unleashing fruitful results for both s",0.139
Xinhua,631,2023-12-14,Xinhua,Key takeaways from Xi's state visit to Vietnam,"BEIJING, Dec. 14 (Xinhua) -- Xi Jinping, general secretary of the Communist Party of China Central Committee and Chinese president, paid a state visit to Vietnam from Tuesday to Wednesday. During the visit, the two sides",0.199
Xinhua,632,2023-12-14,Xinhua,"Full text of Xi's speech at meeting with representatives of young Chinese, Vietnamese, people who have contributed to China-Vietnam friendship","HANOI, Dec. 13 (Xinhua) -- The following is the full text of the speech by General Secretary of the Communist Party of China Central Committee and Chinese President Xi Jinping at a meeting with representatives of young C",0.153
Xinhua,633,2023-12-14,Xinhua,"Vietnam vows to take active part in China-proposed initiatives, says Chinese FM","BEIJING, Dec. 14 (Xinhua) -- The Vietnamese side vowed to firmly support and actively participate in the key global initiatives proposed by China, said Chinese Foreign Minister Wang Yi on Thursday. Wang, also a member of",0.14
MFA,408,2023-12-15,Ministry of Foreign Affairs of the People's Republic of China - Spokesperson's Remarks (English),"​Foreign Ministry Spokesperson Mao Ning's Regular Press Conference on December 15, 2023","CCTV: We noted that General Secretary and President Xi Jinping successfully concluded his state visit to Viet Nam. Can you further brief us on the visit and its important outcomes? Mao Ning: From December 12 to 13, Gener",0.137
Xinhua,634,2023-12-16,Xinhua,"1st LD Writethru: Security Council arms embargo should be viewed, implemented accurately -- Chinese envoy","UNITED NATIONS, Dec. 15 (Xinhua) -- The UN Security Council's arms embargo measures should be viewed and implemented accurately to prevent such measures from impeding capacity-building in the countries concerned, said a ",0.013
MFA,409,2023-12-20,Ministry of Foreign Affairs of the People's Republic of China - Spokesperson's Remarks (English),"Foreign Ministry Spokesperson Wang Wenbin's Regular Press Conference on December 20, 2023",Shenzhen TV: China put forward the vision of jointly building a Green Silk Road years ago. Can you share with us how China has contributed to green development through Belt and Road cooperation and what experience has be,0.11
MFA,410,2023-12-22,Ministry of Foreign Affairs of the People's Republic of China - Spokesperson's Remarks (English),"Foreign Ministry Spokesperson Wang Wenbin's Regular Press Conference on December 22, 2023","The fourth Lancang-Mekong Cooperation (LMC) Leaders' Meeting will be held via videolink on December 25. Premier Li Qiang of the State Council and the leaders of the five Mekong countries, namely Cambodia, Laos, Myanmar, ",0.073
MFA,411,2023-12-25,Ministry of Foreign Affairs of the People's Republic of China - Spokesperson's Remarks (English),"Foreign Ministry Spokesperson Mao Ning's Regular Press Conference on December 25, 2023","CCTV: This year marks the tenth anniversary of the vision of building a community with a shared future for mankind put forward by President Xi Jinping, which has been widely recognized and supported by the international ",0.062
Xinhua,635,2023-12-25,Xinhua,"Mekong-Lancang Cooperation countries vow to jointly build community of shared future, modernization","BEIJING, Dec. 25 (Xinhua) -- Leaders of the six Mekong-Lancang Cooperation (MLC) countries pledged on Monday to jointly build a community of shared future and modernization in the region. In a declaration issued followin",0.226
Xinhua,636,2023-12-26,Xinhua,"Chinese premier calls for integrated development, security cooperation among Lancang-Mekong countries","BEIJING, Dec. 25 (Xinhua) -- Chinese Premier Li Qiang on Monday called on Lancang-Mekong countries to enhance integrated development and security governance cooperation, and announced China's decision to put in place a l",0.073
Xinhua,637,2023-12-26,Xinhua,2nd LD-Writethru: CPC Central Committee holds symposium commemorating 130th anniversary of Mao's birth,"BEIJING, Dec. 26 (Xinhua) -- The Communist Party of China (CPC) Central Committee on Tuesday morning held a symposium at the Great Hall of the People to commemorate the 130th anniversary of the birth of Comrade Mao Zedon",0.145
Xinhua,638,2023-12-27,Xinhua,"Symposium held to commemorate 130th anniversary of Comrade Mao Zedong's birth, Xi delivers important speech","BEIJING, Dec. 27 (Xinhua) -- On the morning of Dec. 26, the Central Committee of the Communist Party of China (CPC) held a symposium at the Great Hall of the People in Beijing to commemorate the 130th anniversary of Comr",0.152
MFA,412,2023-12-28,Ministry of Foreign Affairs of the People's Republic of China - News (English),The Central Conference on Work Relating to Foreign Affairs was Held in Beijing Xi Jinping Delivered an Important Address at the Conference,"The Central Conference on Work Relating to Foreign Affairs was held in Beijing on December 27-28. Xi Jinping, General Secretary of the Central Committee of the Communist Party of China (CPC), President of the People's Re",0.137
Xinhua,639,2023-12-28,Xinhua,2nd LD-Writethru-Xinhua Headlines: Central conference on work relating to foreign affairs held in Beijing,"BEIJING, Dec. 28 (Xinhua) -- The Central Conference on Work Relating to Foreign Affairs was held in Beijing from Wednesday to Thursday. Xi Jinping, general secretary of the Central Committee of the Communist Party of Chi",0.141
Xinhua,640,2023-12-29,Xinhua,Xinhua Commentary: Building community with shared future promotes human progress,"BEIJING, Dec. 29 (Xinhua) -- Since it was first proposed in 2013, the idea of building a community with a shared future for mankind has developed from a single thought into a scientific system that has been put into prac",0.173
Xinhua,641,2023-12-30,Xinhua,Xinhua Headlines: Xinhua's top 10 world news events in 2023,"BEIJING, Dec. 30 (Xinhua) -- The following are the top 10 world news events in the year 2023 selected by Xinhua in a chronological order: 1. Generative AI accelerates industrial transformation The number of monthly activ",0.003
Xinhua,642,2023-12-30,Xinhua,Xinhua Headlines: Xinhua's top 10 world news events in 2023,"* Some Western politicians came up with the concept of """"de-risking,"""" extending the underlying logic of """"decoupling"""" and the """"small yard, high fence"""" doctrine. This goes against economic laws and historical developm",0.006
Xinhua,643,2023-12-30,Xinhua,Xinhua Headlines: Key takeaways from Xi's diplomacy in 2023,"BEIJING, Dec. 30 (Xinhua) -- As the year 2023 draws to a close, here are the key takeaways from Chinese President Xi Jinping's diplomacy throughout the year. It has been a busy year for Xi with four trips abroad, dozens ",0.09
Xinhua,644,2023-12-31,Xinhua,Yearender: 2023 ushers in historic advancements in China-Ethiopia ties,"ADDIS ABABA, Dec. 31 (Xinhua) -- As a vivid manifestation of the ever-deepening China-Ethiopia ties, 2023 marks historic advancements in the partnership between the two countries, which elevated their ties to an all-weat",0.108
Xinhua,645,2024-01-02,Xinhua,China-Ethiopia cooperation gaining momentum across various fields: envoy,"ADDIS ABABA, Jan. 1 (Xinhua) -- China-Ethiopia cooperation is gaining momentum across various fields of partnership, Chinese Ambassador to Ethiopia Zhao Zhiyuan has said. The Chinese ambassador, in his New Year remarks p",0.166
MFA,413,2024-01-09,Ministry of Foreign Affairs of the People's Republic of China - News (English),"Self-Confidence and Self-Reliance, Openness and Inclusiveness, Fairness and Justice, and Win-Win Cooperation","Address by H.E. Wang Yi At the Symposium on the International Situation and China's Foreign Relations Beijing, January 9, 2024 Dear Experts and Friends, I am delighted to meet you at the start of the new year to take s",0.149
Xinhua,646,2024-01-09,Xinhua,China's top diplomat presents diplomatic goals for 2024,"BEIJING, Jan. 9 (Xinhua) -- Chinese Foreign Minister Wang Yi on Tuesday presented China's diplomatic work for 2024, saying that China will always be confident and self-reliant, and fulfill its duties as a responsible maj",0.156
Xinhua,647,2024-01-10,Xinhua,"2nd LD-Writethru: China, Maldives upgrade ties as presidents hold talks","BEIJING, Jan. 10 (Xinhua) -- Chinese President Xi Jinping held talks with President of the Republic of Maldives Mohamed Muizzu in Beijing on Wednesday. The two heads of state announced the elevation of bilateral ties to ",0.205
MFA,414,2024-01-11,Ministry of Foreign Affairs of the People's Republic of China - News (English),Joint Press Communiqué between the People's Republic of China and the Republic of Maldives,"Beijing, January 11, 2024 1. At the invitation of His Excellency Xi Jinping, President of the People's Republic of China, His Excellency Dr. Mohamed Muizzu, President of the Republic of Maldives, paid a state visit to Ch",0.173
Xinhua,648,2024-01-11,Xinhua,Chinese premier meets with Maldivian president,"BEIJING, Jan. 11 (Xinhua) -- Chinese Premier Li Qiang met with President of the Republic of Maldives Mohamed Muizzu, who is on a state visit to China, in Beijing on Thursday. Li said that since the establishment of diplo",0.157
Xinhua,649,2024-01-11,Xinhua,Full text: Joint Press Communiqué between the People's Republic of China and the Republic of Maldives,"BEIJING, Jan. 11 (Xinhua) -- The People's Republic of China and the Republic of Maldives on Thursday issued a joint press communiqué. The following is the full text of the document. Joint Press Communiqué between the Peo",0.176
MFA,415,2024-01-12,Ministry of Foreign Affairs of the People's Republic of China - Spokesperson's Remarks (English),"Foreign Ministry Spokesperson Mao Ning's Regular Press Conference on January 12, 2024","President Xi Jinping's Special Representative, Member of the CPC Central Committee Political Bureau and Vice Premier of the State Council Liu Guozhong will attend the 19th Non-Aligned Movement Summit and the Third South ",0.099
Xinhua,650,2024-01-12,Xinhua,Interview: Belt and Road Initiative brings significant opportunities for Lebanon,"BEIRUT, Jan. 11 (Xinhua) -- In an interview at his office, Waref Kumayha, a dedicated stamp collector and the founder of the Lebanese-Chinese Dialogue Road Association, shared his profound connection with China and the t",0.055
MFA,416,2024-01-16,Ministry of Foreign Affairs of the People's Republic of China - News (English),Tunisian President Kais Saied Meets with Wang Yi,"On January 15, 2024 local time, Tunisian President Kais Saied met with visiting Member of the Political Bureau of the CPC Central Committee and Foreign Minister Wang Yi in Tunis, the capital of Tunisia. Kais Saied asked ",0.15
MFA,417,2024-01-16,Ministry of Foreign Affairs of the People's Republic of China - News (English),Implementing the Guiding Principles of the Central Conference On Work Relating to Foreign Affairs and Breaking New Ground In Major-Country Diplomacy with Chinese Characteristics,"At the end of December 2023, the Central Conference on Work Relating to Foreign Affairs was successfully held. General Secretary Xi Jinping delivered an important address at the conference, in which he presented a compre",0.152
Xinhua,651,2024-01-16,Xinhua,"Tunisia, China oppose interference in internal affairs under pretext of human rights","TUNIS, Jan. 16 (Xinhua) -- Tunisian President Kais Saied and visiting Chinese Foreign Minister Wang Yi on Monday expressed opposition to interference in other countries' internal affairs under the pretext of human rights",0.099
Xinhua,652,2024-01-16,Xinhua,"1st LD Writethru: Tunisia, China oppose interference in internal affairs under pretext of human rights","TUNIS, Jan. 16 (Xinhua) -- Tunisian President Kais Saied and visiting Chinese Foreign Minister Wang Yi on Monday expressed opposition to interference in other countries' internal affairs under the pretext of human rights",0.163
Xinhua,653,2024-01-17,Xinhua,"Feature: China-aided mine clearance project saves lives, provides better livelihoods in Cambodia","SIEM REAP, Cambodia, Jan. 17 (Xinhua) -- Farmer Sang Yon and his fellow villagers here in northwest Cambodia no longer live in fear of the danger caused by war-left landmines and unexploded ordnances (UXOs) after a China",0.018
MFA,418,2024-01-19,Ministry of Foreign Affairs of the People's Republic of China - Spokesperson's Remarks (English),"​Foreign Ministry Spokesperson Mao Ning's Regular Press Conference on January 19, 2024","At the invitation of the government of the Republic of Liberia, President Xi Jinping's Special Envoy and Vice Chairperson of the National Committee of the Chinese People's Political Consultative Conference Bater will att",0.111
Xinhua,654,2024-01-19,Xinhua,"Roundup: China-aided mine clearance project benefits 1.5 mln Cambodian people, says Cambodian senior gov't official","PHNOM PENH, Jan. 18 (Xinhua) -- A China-aided mine clearance project has cleared over 100 square km land contaminated with mines and explosive remnants of war (eras) in Cambodia, benefiting some 1.5 million people, a sen",0.085
Xinhua,655,2024-01-20,Xinhua,"Chinese FM says to work with Africa for equal, orderly multipolar world","BRASILIA, Jan. 20 (Xinhua) -- China stands ready to work with Africa towards an equal and orderly multipolar world as well as an inclusive economic globalization that benefits all, Chinese Foreign Minister Wang Yi said o",0.205
Xinhua,656,2024-01-20,Xinhua,Roundup: Chinese FM recaps New Year trip to four African countries,"BRASILIA, Jan. 20 (Xinhua) -- Chinese Foreign Minister Wang Yi on Friday held an interview with Chinese news organizations after concluding his recent trip to Egypt, Tunisia, Togo and Cote d'Ivoire. Wang, also a member o",0.168
Xinhua,657,2024-01-21,Xinhua,China hails Non-Aligned Movement's endeavors in advancing global peace,"KAMPALA, Jan. 21 (Xinhua) -- Chinese President Xi Jinping's special representative Liu Guozhong attended the 19th Non-Aligned Movement (NAM) Summit on Friday and Saturday in the Ugandan capital Kampala and delivered a sp",0.176
Xinhua,658,2024-01-22,Xinhua,China calls for more efforts in advancing South-South cooperation,"KAMPALA, Jan. 22 (Xinhua) -- Chinese President Xi Jinping's special representative Liu Guozhong attended the 3rd South Summit held Sunday in the Ugandan capital of Kampala and delivered a speech, calling for the advancem",0.113
MFA,419,2024-01-23,Ministry of Foreign Affairs of the People's Republic of China - News (English),Zhao Leji Holds Talks with President of the National Assembly of Djibouti Dileita Mohamed Dileita,"On the afternoon of January 23, 2024, Chairman of the Standing Committee of the National People's Congress (NPC) Zhao Leji held talks with President of the National Assembly of Djibouti Dileita Mohamed Dileita at the Gre",0.16
MFA,420,2024-01-23,Ministry of Foreign Affairs of the People's Republic of China - Spokesperson's Remarks (English),"Foreign Ministry Spokesperson Wang Wenbin's Regular Press Conference on January 23, 2024","At the invitation of Member of the Political Bureau of the CPC Central Committee and Minister of Foreign Affairs Wang Yi, Prime Cabinet Secretary and Cabinet Secretary for Foreign and Diaspora Affairs of Kenya Musalia Mu",0.138
Xinhua,659,2024-01-23,Xinhua,"Uzbekistan-China relations experiencing """"best period in history"""": Uzbek president","BEIJING, Jan. 22 (Xinhua) -- Uzbekistan-China relations are experiencing a historic high, Uzbek President Shavkat Mirziyoyev has said in an article ahead of his state visit to China, scheduled from Tuesday to Thursday. """,0.163
MFA,421,2024-01-24,Ministry of Foreign Affairs of the People's Republic of China - News (English),Li Qiang Holds Talks with Prime Minister of Antigua and Barbuda Gaston Browne,"On the morning of January 24, 2024, Premier Li Qiang of the State Council held talks with Prime Minister of Antigua and Barbuda Gaston Browne, who is on an official visit to China, at the Great Hall of the People. Li Qia",0.153
MFA,422,2024-01-24,Ministry of Foreign Affairs of the People's Republic of China - News (English),Xi Jinping Meets with Prime Minister of Antigua and Barbuda Gaston Browne,"On the afternoon of January 24, 2024, President Xi Jinping met with Prime Minister of Antigua and Barbuda Gaston Browne, who is on an official visit to China, at the Great Hall of the People. Noting that Antigua and Barb",0.207
Xinhua,660,2024-01-24,Xinhua,China's top legislator holds talks with speaker of Djiboutian National Assembly,"BEIJING, Jan. 23 (Xinhua) -- Zhao Leji, chairman of the National People's Congress (NPC) Standing Committee, held talks with Dileita Mohamed Dileita, speaker of the National Assembly of Djibouti, on Tuesday in Beijing. Z",0.123
Xinhua,661,2024-01-24,Xinhua,1st LD-Writethru: Xi meets Antigua and Barbuda's prime minister,"BEIJING, Jan. 24 (Xinhua) -- Chinese President Xi Jinping met with Prime Minister of Antigua and Barbuda Gaston Browne in Beijing on Wednesday. Noting Antigua and Barbuda is one of the first countries in the Eastern Cari",0.204
MFA,423,2024-01-25,Ministry of Foreign Affairs of the People's Republic of China - News (English),Han Zheng Meets with Minister for Foreign Affairs and Trade of Nauru Lionel Rouwen Aingimea,"On January 25, 2024, Vice President Han Zheng met with Minister for Foreign Affairs and Trade of Nauru Lionel Rouwen Aingimea at the Great Hall of the People. Han Zheng said, the Nauruan government has independently made",0.141
Xinhua,662,2024-01-25,Xinhua,Chinese VP meets Nauru's foreign minister,"BEIJING, Jan. 25 (Xinhua) -- Chinese Vice President Han Zheng met with Nauru's Minister for Foreign Affairs and Trade Lionel Aingimea in Beijing on Thursday. Hailing the political decision made independently by the Naur",0.206
Xinhua,663,2024-01-25,Xinhua,Chinese premier holds talks with PM of Antigua and Barbuda,"BEIJING, Jan. 24 (Xinhua) -- Chinese Premier Li Qiang held talks with Prime Minister of Antigua and Barbuda Gaston Browne in Beijing on Wednesday. Since the establishment of diplomatic ties 41 years ago, China and Antigu",0.141
Xinhua,664,2024-01-26,Xinhua,Xinhua president meets Kuwaiti ambassador to China,"BEIJING, Jan. 26 (Xinhua) -- President of Xinhua News Agency Fu Hua met with Kuwaiti ambassador to China Jasem Ibrahem Al-Najem in Beijing on Friday, exchanging views on promoting media cooperation between the two countr",0.109
Xinhua,665,2024-01-27,Xinhua,Interview: China delivers good performance in UN periodic review of human rights -- ambassador,"GENEVA, Jan. 26 (Xinhua) -- China has delivered good performance in the Universal Periodic Review (UPR) conducted by the United Nations Human Rights Council, China's top diplomat in Geneva Chen Xu told Xinhua on Friday. ",0.131
Xinhua,666,2024-01-28,Xinhua,"1st LD Writethru: China, Thailand FMs hold annual consultation to strengthen bilateral ties","BANGKOK, Jan. 28 (Xinhua) -- Chinese Foreign Minister Wang Yi met with Thai Deputy Prime Minister and Minister of Foreign Affairs Parnpree Bahiddha-Nukara here on Sunday for the annual consultation. Wang, also a member o",0.167
Xinhua,667,2024-01-28,Xinhua,"1st LD Writethru: China, Thailand to enter """"visa-free era,"""" says Chinese FM","BANGKOK, Jan. 28 (Xinhua) -- Chinese Foreign Minister Wang Yi said here on Sunday that China and Thailand will officially enter a """"visa-free era"""" from March 1 as the two sides have just signed an agreement on mutual vi",0.18
Xinhua,668,2024-01-28,Xinhua,"China, Thailand to enter """"visa-free era,"""" says Chinese FM","BANGKOK, Jan. 28 (Xinhua) -- Chinese Foreign Minister Wang Yi said here on Sunday that China and Thailand will officially enter a """"visa-free era"""" from March 1 as the two sides have just signed an agreement on mutual vi",0.118
MFA,424,2024-01-30,Ministry of Foreign Affairs of the People's Republic of China - News (English),Han Zheng Meets with President of the 78th Session of the United Nations General Assembly Dennis Francis,"On January 30, 2024, Vice President Han Zheng met with President of the 78th Session of the United Nations General Assembly Dennis Francis in Beijing. Han Zheng said that as a permanent member of the United Nations Secur",0.15
MFA,425,2024-01-30,Ministry of Foreign Affairs of the People's Republic of China - News (English),Wang Yi Meets with President of the 78th Session of the United Nations General Assembly Dennis Francis,"On January 30, 2024, Member of the Political Bureau of the CPC Central Committee and Foreign Minister Wang Yi met with President of the 78th Session of the United Nations (UN) General Assembly Dennis Francis in Beijing. ",0.174
MFA,426,2024-01-31,Ministry of Foreign Affairs of the People's Republic of China - News (English),Remarks by H.E. Wang Yi Member of the Political Bureau of the CPC Central Committee and Foreign Minister of the People's Republic of China At the MFA New Year Reception 2024,"Beijing, January 31, 2024 Your Excellencies Ambassadors, Members of the Diplomatic Corps, Representatives of International Organizations and Spouses, Ladies and Gentlemen, Friends, Good evening! It's a great pleasure to",0.211
Xinhua,669,2024-01-31,Xinhua,Chinese gov't representative attends Nauru Independece Day celebrations,"YAREN, Jan. 31 (Xinhua) -- Representative of the Chinese government Luo Zhaohui said the resumption of diplomatic relations between China and Nauru is in line with the fundamental interests of the two peoples when attend",0.096
Xinhua,670,2024-02-01,Xinhua,"Xi Focus-Profile: Xi Jinping, man of culture","BEIJING, Feb. 1 (Xinhua) -- Since the introduction of Xi Jinping Thought on Culture in October 2023, """"culture"""" has become a buzzword throughout China. Ahead of the Chinese Lunar New Year, the country has been busy orga",0.116
Xinhua,671,2024-02-01,Xinhua,"Morocco, U.S. held meeting to discuss cooperation in proliferation prevention","RABAT, Jan. 31 (Xinhua) -- A meeting on preventing the proliferation of weapons of mass destruction in Africa began Wednesday in the southern Moroccan city of Marrakech, the official news agency MAP reported. The meeting",-0.078
Xinhua,672,2024-02-04,Xinhua,China committed to advancing bilateral ties with Ethiopia: envoy,"ADDIS ABABA, Feb. 4 (Xinhua) -- Chinese Ambassador to Ethiopia Zhao Zhiyuan has said China remains committed to promoting bilateral relations and high-quality cooperation under the Belt and Road Initiative (BRI) with Eth",0.148
MFA,427,2024-02-08,Ministry of Foreign Affairs of the People's Republic of China - Spokesperson's Remarks (English),"Foreign Ministry Spokesperson Wang Wenbin's Regular Press Conference on February 8, 2024","CCTV: With the New Year approaching, could you share more with us about the events that the Chinese Foreign Ministry, embassies and consulates have planned for overseas Chinese during the upcoming Spring Festival of the ",0.061
Xinhua,673,2024-02-14,Xinhua,"Foreign leaders, heads of int'l organizations extend greetings for Chinese New Year of Dragon","BEIJING, Feb. 14 (Xinhua) -- More foreign leaders and heads of international organizations have sent their festive blessings to Chinese President Xi Jinping, also general secretary of the Communist Party of China Central",0.153
MFA,428,2024-02-15,Ministry of Foreign Affairs of the People's Republic of China - News (English),Zhao Leji Delivers Remarks at the Video Meeting of the Heads of Parliaments of the Member Countries of the Group of Friends of Neutrality,"On February 15, 2024, at the invitation of Chairperson of the National Assembly (Mejlis) of Turkmenistan Dunyagozel Gulmanowa, Chairman of the Standing Committee of the National People's Congress (NPC) Zhao Leji delivere",0.223
Xinhua,674,2024-02-16,Xinhua,Chinese envoy advocates international cooperation against terrorism,"UNITED NATIONS, Feb. 15 (Xinhua) -- China's permanent representative to the UN Zhang Jun on Thursday underscored the critical role of international cooperation in tackling the multifaceted challenges posed by terrorism. ",0.029
MFA,429,2024-02-17,Ministry of Foreign Affairs of the People's Republic of China - News (English),A Staunch Force for Stability in a Turbulent World,"Keynote Speech by H.E. Wang Yi At the 60th Munich Security Conference Conversation with China Munich, February 17, 2024 Dear Friends, Colleagues, The past year witnessed much turbulence in our world and many challenges ",0.073
MFA,430,2024-02-17,Ministry of Foreign Affairs of the People's Republic of China - News (English),Wang Yi: China Serves as a Staunch Force for Stability in a Turbulent World,"On February 17, 2024 local time, Member of the Political Bureau of the CPC Central Committee and Foreign Minister Wang Yi attended the Munich Security Conference and delivered a keynote speech entitled """"A Staunch Force ",0.077
Xinhua,675,2024-02-17,Xinhua,Xinhua Commentary: How to avoid lose-lose? True multilateralism gives answer,"BEIJING, Feb. 17 (Xinhua) -- In the newly released Munich Security Report 2024, the West expressed concerns about the advent of """"lose-lose dynamics,"""" where many governments are no longer focusing on the absolute benefi",0.051
MFA,431,2024-02-18,Ministry of Foreign Affairs of the People's Republic of China - News (English),Wang Yi: China Will be a Force for Stability in Enhancing Global Governance,"On February 17, 2024 local time, Member of the Political Bureau of the CPC Central Committee and Foreign Minister Wang Yi attended the Munich Security Conference and delivered a keynote speech during the """"Conversation w",0.144
MFA,432,2024-02-18,Ministry of Foreign Affairs of the People's Republic of China - News (English),Wang Yi: China Will be a Force for Stability in Addressing Hotspot Issues,"On February 17, 2024 local time, Member of the Political Bureau of the CPC Central Committee and Foreign Minister Wang Yi attended the Munich Security Conference. He delivered a keynote speech during the """"Conversation w",0.0
Xinhua,676,2024-02-18,Xinhua,Roundup: Chinese experts envisage new world order in Munich,"MUNICH, Germany, Feb. 17 (Xinhua) -- Old mindset should be modified and full respect should be paid, especially to the appeals of developing countries, in order to revamp the world order and make it fair and reasonable, ",0.065
Xinhua,677,2024-02-18,Xinhua,China will be a force for stability in enhancing global governance: FM,"MUNICH, Germany, Feb. 17 (Xinhua) -- Chinese Foreign Minister Wang Yi said here Saturday that China will be a force for stability in enhancing global governance. Wang, also a member of the Political Bureau of the Communi",0.126
Xinhua,678,2024-02-18,Xinhua,China stands firm as stabilizing force in turbulent world: top diplomat,"MUNICH, Germany, Feb. 17 (Xinhua) -- Chinese Foreign Minister Wang Yi delivered a keynote speech entitled """"Firmly acting as a force for stability in a turbulent world"""" during the """"China in the World"""" session at the o",0.128
Xinhua,679,2024-02-18,Xinhua,China willing to be stabilizing force in dealing with hotspot issues: FM,"MUNICH, Germany, Feb. 18 (Xinhua) -- China is willing to be a stabilizing force in dealing with hotspot issues, Chinese Foreign Minister Wang Yi said here on Saturday. Wang, also a member of the Political Bureau of the C",0.027
MFA,433,2024-02-19,Ministry of Foreign Affairs of the People's Republic of China - News (English),"Wang Yi: """"Lose-Lose"""" is Not a Rational Choice, and Win-Win is the Future of Mankind","On February 18, 2024 local time, Member of the Political Bureau of the CPC Central Committee and Foreign Minister Wang Yi and Spanish Foreign Minister José Manuel Albares Bueno jointly met the press in Córdoba. When aske",0.072
MFA,434,2024-02-19,Ministry of Foreign Affairs of the People's Republic of China - Spokesperson's Remarks (English),"Foreign Ministry Spokesperson Mao Ning's Regular Press Conference on February 19, 2024","CCTV: We noticed that the just concluded 60th Munich Security Conference offered reflections on the current international order that led to """"lose-lose"""" dynamics. Foreign Minister Wang Yi was at the conference. What mes",0.085
Xinhua,680,2024-02-19,Xinhua,Xinhua Headlines: Munich conference closes with calls to jointly address global security challenges,"MUNICH, Germany, Feb. 19 (Xinhua) -- The 60th edition of the Munich Security Conference (MSC) wrapped up its three-day gathering here on Sunday, with participants calling for enhanced international cooperation to address",0.006
Xinhua,681,2024-02-20,Xinhua,Chinese FM stresses win-win as future of humanity,"CORDOBA, Spain, Feb. 19 (Xinhua) -- Chinese Foreign Minister Wang Yi emphasized the importance of embracing a win-win approach for the future of humanity on Sunday at a joint press conference with his Spanish counterpart",0.188
MFA,435,2024-02-23,Ministry of Foreign Affairs of the People's Republic of China - Spokesperson's Remarks (English),"Foreign Ministry Spokesperson Mao Ning's Regular Press Conference on February 23, 2024","Reuters: According to Kiribati officials, Chinese police are carrying out cooperation with the country on community policing. Does the Ministry of Foreign Affairs have any further information to offer on this cooperation",0.035
Xinhua,682,2024-02-23,Xinhua,Roundup: Eurasian Economic Summit highlights China' growing role in building better world for all,"ISTANBUL, Feb. 23 (Xinhua) -- The 27th Eurasian Economic Summit, which ended on Thursday in Türkiye's cultural and financial hub of Istanbul, highlighted China's growing role in building a better world for all. """"It is i",0.129
Xinhua,683,2024-02-27,Xinhua,Guest Opinion: The Global Security Initiative -- China's way forward in a turbulent world,"by Yi Xin In a recent article, The Economist described China as """"sitting out"""" the security crisis in the Red Sea and """"exploiting the Middle East situation for its own political gains."""" On global security more broadly",-0.044
Xinhua,684,2024-02-27,Xinhua,Guest Opinion: The Global Security Initiative -- China's way forward in a turbulent world,"Chinese peacekeepers march at a medal parade ceremony in Hanniyah village, southern Lebanon, July 1, 2022. (Xinhua/Liu Zongya)In recent years, China has put forth many proposals for settling conflicts. A five-point initi",-0.034
Xinhua,685,2024-02-28,Xinhua,1st LD-Writethru: Xi holds talks with Sierra Leonean president,"BEIJING, Feb. 28 (Xinhua) -- Chinese President Xi Jinping held talks with President of the Republic of Sierra Leone Julius Maada Bio, who is on a state visit to China, in Beijing on Wednesday. Noting that China and Sierr",0.211
Xinhua,686,2024-02-28,Xinhua,"Interview: China achieves comprehensive development, fruitful Belt and Road cooperation, says Egyptian expert","CAIRO, Feb. 28 (Xinhua) -- China has succeeded in achieving """"comprehensive development"""" and fruitful Belt and Road cooperation with many partner countries despite Western smear campaigns, an Egyptian expert on Chinese ",0.047
MFA,436,2024-02-29,Ministry of Foreign Affairs of the People's Republic of China - Spokesperson's Remarks (English),"Foreign Ministry Spokesperson Mao Ning's Regular Press Conference on February 29, 2024","Shenzhen TV: It's reported that in a statement released on February 28, the UK Foreign Secretary David Cameron said that Hong Kong Special Administrative Region (HKSAR) government's legislative proposals on Article 23 of",0.064
Xinhua,687,2024-02-29,Xinhua,"China urges U.S. to formulate universal data security rules to enable orderly, free data flows","BEIJING, Feb. 29 (Xinhua) -- China firmly rejects the U.S. false accusation that China purchases American personal and sensitive data for malicious activities, and urges the United States to work with others to formulate",0.022
Xinhua,688,2024-03-01,Xinhua,"China, Indonesia pledge to enhance counter-terrorism cooperation","BEIJING, March 1 (Xinhua) -- Chinese State Councilor and Minister of Public Security Wang Xiaohong met with Rycko Amelza Dahniel, head of Indonesia's National Counter-Terrorism Agency, in Beijing on Friday, with both sid",0.113
Xinhua,689,2024-03-07,Xinhua,"Xinhua Commentary: More countries are rejecting U.S. calls to take sides, why?","HONG KONG, March 7 (Xinhua) -- Malaysian Prime Minister Anwar Ibrahim has recently rejected pressure by the United States and its allies on regional nations to take sides in the West's rivalry with China. Attending a sum",0.066
Xinhua,690,2024-03-09,Xinhua,1st LD-Writethru: Chinese military spokesperson answers media questions during annual legislative session,"BEIJING, March 9 (Xinhua) -- A Chinese military spokesperson on Saturday answered media questions during the ongoing second session of the 14th National People's Congress (NPC), the country's national legislature. Wu Qia",0.085
MFA,437,2024-03-13,Ministry of Foreign Affairs of the People's Republic of China - Spokesperson's Remarks (English),"Foreign Ministry Spokesperson Wang Wenbin's Regular Press Conference on March 13, 2024",AFP: The Australian wine industry said today that the Chinese government is expected to lift anti-dumping tariffs on Australian wine soon. Can you confirm this? When will China make the relevant announcement? Wang Wenbin,0.063
Xinhua,691,2024-03-13,Xinhua,"Interview: Pakistan, China march toward shared development, prosperity, progress: PM","by Xinhua reporter Jiang Chao ISLAMABAD, March 13 (Xinhua) -- Pakistan and China will carry shared values and march toward shared development, prosperity and progress together, Pakistani Prime Minister Shehbaz Sharif sai",0.155
Xinhua,692,2024-03-14,Xinhua,"Interview: IMF's upward revision of China's economic growth positive for global economic recovery, says former Pakistani minister","by Xinhua reporter Ali Jaswal ISLAMABAD, March 14 (Xinhua) -- The International Monetary Fund's (IMF) upward revision of China's economic growth prospects in 2024 is a good signal for global economic recovery, a former P",0.119
Xinhua,693,2024-03-14,Xinhua,Xinhua Commentary: What drives the growth of China's soft power,"by Xinhua writer Gao Wencheng BEIJING, March 14 (Xinhua) -- A recent report by British consultancy Brand Finance highlighted China's ascent to the third position in the Global Soft Power Index for 2024. This leap undersc",0.164
MFA,438,2024-03-18,Ministry of Foreign Affairs of the People's Republic of China - Spokesperson's Remarks (English),"Foreign Ministry Spokesperson Lin Jian's Regular Press Conference on March 18, 2024","Mao Ning: Friends from the press, good afternoon. Welcome to today's press conference. I'm happy today because I'm not here for taking questions. It is with great pleasure that I introduce my new colleague Mr. Lin Jian, ",0.098
Xinhua,694,2024-03-19,Xinhua,LMC becomes effective model of win-win cooperation: Cambodian FM,"PHNOM PENH, March 19 (Xinhua) -- Eight years on, the Lancang-Mekong Cooperation (LMC) mechanism has reached new heights, becoming an effective model of win-win cooperation, Cambodian Foreign Minister Sok Chenda Sophea sa",0.243
Xinhua,695,2024-03-19,Xinhua,China's police chief meets Australian Federal Police commissioner,"BEIJING, March 19 (Xinhua) -- Chinese State Councilor and Minister of Public Security Wang Xiaohong met with Reece Kershaw, Commissioner of the Australian Federal Police, in Beijing on Tuesday. Wang said it is hoped that",0.129
Xinhua,696,2024-03-21,Xinhua,Ethiopian official urges stronger cooperation with China,"ADDIS ABABA, March 21 (Xinhua) -- A senior Ethiopian government official has called for further augmenting Ethiopia-China cooperation through common platforms and initiatives. Ethiopia and China have enjoyed a longstandi",0.078
Xinhua,697,2024-03-24,Xinhua,Economic Watch: Boao Forum for Asia unveils agenda for 2024 conference,"BEIJING, March 24 (Xinhua) -- The Boao Forum for Asia (BFA) has unveiled the agenda for its 2024 annual conference scheduled to be held from March 26 to 29 in the resort town of Boao, southern China's Hainan Province. Th",0.102
MFA,439,2024-03-25,Ministry of Foreign Affairs of the People's Republic of China - News (English),Li Qiang Holds Talks with Dominican Prime Minister Roosevelt Skerrit,"On the morning of March 25, 2024, Premier Li Qiang of the State Council held talks at the Great Hall of the People with Dominican Prime Minister Roosevelt Skerrit who is on an official visit to China. Li Qiang said, this",0.187
Xinhua,698,2024-03-25,Xinhua,"2nd LD-Writethru-Xinhua Headlines: Chinese, Nauruan presidents hold talks for 1st time since resuming ties","BEIJING, March 25 (Xinhua) -- Chinese President Xi Jinping and Nauruan President David Adeang held talks in Beijing on Monday. Xi noted that Nauru's political decision to adhere to the one-China principle and restore dip",0.152
Xinhua,699,2024-03-26,Xinhua,Interview: China's stable economic growth crucial to boosting global economy: Cambodian scholar,"PHNOM PENH, March 26 (Xinhua) -- As the global manufacturing hub and the stabilizer of global value chains, China's stable economic growth is essential to driving the global economy, a Cambodian scholar said on Tuesday. ",0.165
Xinhua,700,2024-03-26,Xinhua,"Roundup: Experts discuss development experience of China, Bangladesh, calling for strengthening cooperation","DHAKA, March 26 (Xinhua) -- A seminar with theme of """"Development and Governance Experience in China and Bangladesh"""" was held here Monday to discuss sustainable development, social governance, communication and mutual l",0.042
Xinhua,701,2024-03-27,Xinhua,2nd LD-Writethru: Xi meets Sri Lankan PM in Beijing,"BEIJING, March 27 (Xinhua) -- Chinese President Xi Jinping met with Sri Lankan Prime Minister Dinesh Gunawardena in Beijing on Wednesday. Noting that the friendship between China and Sri Lanka enjoys a long history and t",0.151
Xinhua,702,2024-03-28,Xinhua,Interview: IFRC official says global initiatives put forward by China are of great significance,"BOAO, Hainan, March 28 (Xinhua) -- Facing an uncertain international environment, several global initiatives put forward by China are of great significance to promoting peaceful world development, said Xavier Castellanos",0.138
Xinhua,703,2024-03-28,Xinhua,"Xinhua Headlines: At Boao forum, China reiterates commitment to opening up, shared development","BOAO, Hainan, March 28 (Xinhua) -- At the high-profile Boao Forum for Asia (BFA) Annual Conference 2024, China has made a clarion call for solidarity and cooperation to address the common challenges facing the world toda",0.159
MFA,440,2024-03-29,Ministry of Foreign Affairs of the People's Republic of China - Spokesperson's Remarks (English),"Foreign Ministry Spokesperson Lin Jian's Regular Press Conference on March 29, 2024","At the invitation of Member of the Political Bureau of the CPC Central Committee and Minister of Foreign Affairs Wang Yi, French Minister for Europe and Foreign Affairs Stéphane Séjourné will visit China on April 1. Chin",0.073
MFA,441,2024-03-29,Ministry of Foreign Affairs of the People's Republic of China - News (English),Working Together to Meet Challenges and Create a Better Future for Asia and the World,"Keynote Speech by H.E. Zhao Leji Chairman of the Standing Committee Of the National People's Congress Of the People's Republic of China At the Opening Plenary Of the Boao Forum for Asia Annual Conference 2024 Boao, March",0.135
Xinhua,704,2024-03-29,Xinhua,"1st LD-Writethru: Interview: IFRC official says global initiatives put forward by China demonstrate a long-term commitment to multilateral cooperation, development","BOAO, Hainan, March 29 (Xinhua) -- Facing an uncertain international environment, several global initiatives put forward by China demonstrate a long-term commitment to multilateral cooperation and development, said Xavie",0.089
Xinhua,705,2024-04-01,Xinhua,"Interview: China an important promoter of Int'l humanitarian cause, says ICRC senior official","by Xinhua writer Liu Bowei, Chen Ziwei BOAO, China, April 1 (Xinhua) -- China is an important participant and promoter of international humanitarian cause as it keeps providing humanitarian relief to places in need, a se",0.18
Xinhua,706,2024-04-02,Xinhua,Xinhua Headlines: 3 things to know about China's Global Civilization Initiative,"BEIJING, April 2 (Xinhua) -- Chinese President Xi Jinping put forward the Global Civilization Initiative (GCI) in March 2023, following the Global Development Initiative and the Global Security Initiative. Here are three",0.132
Xinhua,707,2024-04-02,Xinhua,Uzbek president meets with China's police chief,"TASHKENT, April 2 (Xinhua) -- Uzbek President Shavkat Mirziyoyev met with Chinese State Councilor and Minister of Public Security Wang Xiaohong in the capital of Tashkent on Monday. During the meeting, Wang conveyed warm",0.172
Xinhua,708,2024-04-03,Xinhua,"Interview: Deepening China-Honduras ties act of """"historical justice,"""" says Honduran FM","TEGUCIGALPA, April 3 (Xinhua) -- Honduran Foreign Minister Enrique Reina praised the establishment of diplomatic relations between Honduras and China in 2023 and the subsequent deepening of ties. In an interview with Xin",0.137
Xinhua,709,2024-04-04,Xinhua,Roundup: Leading think-tanks in Zambia support China's vision of a shared future for mankind,"LUSAKA, April 4 (Xinhua) -- China's vision of building a community with a shared future for mankind has received the backing of leading think-tanks in Zambia. The Chinese Embassy in Zambia recently organized a symposium ",0.144
Xinhua,710,2024-04-08,Xinhua,China's top legislator holds talks with National Assembly of Vietnam chairman,"BEIJING, April 8 (Xinhua) -- China's top legislator Zhao Leji held talks with Chairman of the National Assembly of Vietnam Vuong Dinh Hue in Beijing on Monday. Zhao, chairman of the National People's Congress (NPC) Stand",0.161
Xinhua,711,2024-04-09,Xinhua,"1st LD-Writethru: Xi says China to cooperate with Micronesia on infrastructure, climate change","BEIJING, April 9 (Xinhua) -- Chinese President Xi Jinping said on Tuesday that China and Micronesia should enhance cooperation on infrastructure, expressing China's willingness to provide assistance to the island country",0.148
Xinhua,712,2024-04-09,Xinhua,"Chinese, Russian FMs hold talks","BEIJING, April 9 (Xinhua) -- Chinese Foreign Minister Wang Yi held talks with Minister of Foreign Affairs of the Russian Federation Sergey Lavrov in Beijing Tuesday, and both sides expressed hope for strengthening practi",0.102
Xinhua,713,2024-04-09,Xinhua,"1st LD: Chinese, Russian FMs hold talks","BEIJING, April 9 (Xinhua) -- Chinese Foreign Minister Wang Yi held talks with Minister of Foreign Affairs of the Russian Federation Sergey Lavrov in Beijing Tuesday, and both sides expressed hope for strengthening practi",0.124
Xinhua,714,2024-04-09,Xinhua,"2nd LD-Writethru: Chinese, Russian FMs hold talks","BEIJING, April 9 (Xinhua) -- Chinese Foreign Minister Wang Yi held talks with Minister of Foreign Affairs of the Russian Federation Sergey Lavrov in Beijing Tuesday, and both sides expressed hope for strengthening practi",0.137
Xinhua,715,2024-04-12,Xinhua,Chinese premier meets Surinamese president,"BEIJING, April 12 (Xinhua) -- Chinese Premier Li Qiang met with President of the Republic of Suriname Chandrikapersad Santokhi in Beijing on Friday. Li said that since the establishment of diplomatic ties more than 40 ye",0.164
Xinhua,716,2024-04-12,Xinhua,Chinese defense ministry hosts int'l security cooperation seminar,"BEIJING, April 12 (Xinhua) -- The Chinese Ministry of National Defense hosted a seminar on international security cooperation in Beijing on Friday, a spokesperson for the ministry said. Military attaches from foreign emb",0.059
MFA,442,2024-04-15,Ministry of Foreign Affairs of the People's Republic of China - Spokesperson's Remarks (English),"Foreign Ministry Spokesperson Lin Jian's Regular Press Conference on April 15, 2024","At the invitation of Member of the Political Bureau of the CPC Central Committee and Minister of Foreign Affairs Wang Yi, Slovenia's Deputy Prime Minister and Foreign Minister Tanja Fajon will pay an official visit to Ch",0.062
Xinhua,717,2024-04-16,Xinhua,"UNESCO symposium highlights intercultural dialogue, mutual learning","PARIS, April 15 (Xinhua) -- An international symposium on the concept of intercultural exchanges and mutual learning among civilizations was held Monday in the French capital. The symposium, held at the headquarters of t",0.076
MFA,443,2024-04-17,Ministry of Foreign Affairs of the People's Republic of China - Spokesperson's Remarks (English),"Foreign Ministry Spokesperson Lin Jian's Regular Press Conference on April 17, 2024",CCTV: We noted that the National Bureau of Statistics released yesterday statistics about China's national economic performance in the first quarter this year. They show that China's economy remains on a positive traject,0.112
Xinhua,718,2024-04-17,Xinhua,China to host Western Pacific naval symposium in Qingdao,"BEIJING, April 17 (Xinhua) -- The 19th Western Pacific Naval Symposium (WPNS) will be held from April 21 to 24 in China's port city of Qingdao, and will be hosted by the Chinese People's Liberation Army Navy, according t",0.048
Xinhua,719,2024-04-18,Xinhua,"Interview: UN space chief hails """"strong"""" cooperation with China","VIENNA, April 18 (Xinhua) -- Aarti Holla-Maini, director of the United Nations Office for Outer Space Affairs (UNOOSA), has hailed China's achievements in space exploration and its close cooperation with her office in le",0.097
MFA,444,2024-04-19,Ministry of Foreign Affairs of the People's Republic of China - Spokesperson's Remarks (English),"Foreign Ministry Spokesperson Lin Jian's Regular Press Conference on April 19, 2024","From April 20 to 28, Member of the Political Bureau of the CPC Central Committee and Secretary of the Central Political and Legal Affairs Commission of the CPC Chen Wenqing will travel to Russia to attend the 12th Intern",0.049
Xinhua,720,2024-04-21,Xinhua,Roundup: China hosts 19th Western Pacific Naval Symposium,"QINGDAO, April 21 (Xinhua) -- The 19th biennial meeting of the Western Pacific Naval Symposium (WPNS) opened on Sunday in the port city of Qingdao in east China's Shandong Province. Themed """"Seas of Shared Future,"""" the ",0.057
MFA,445,2024-04-23,Ministry of Foreign Affairs of the People's Republic of China - Spokesperson's Remarks (English),"​Foreign Ministry Spokesperson Wang Wenbin's Regular Press Conference on April 23, 2024",Beijing Youth Daily: It is reported that US Secretary of State Antony Blinken will tell his Chinese counterpart that the US and its allies are becoming increasingly impatient with Beijing's refusal to stop providing Mosc,-0.006
Xinhua,721,2024-04-23,Xinhua,"China always be Cambodia's most reliable friend, firmest supporter for development: Chinese FM","PHNOM PENH, April 22 (Xinhua) -- Visiting Chinese Foreign Minister Wang Yi said here on Monday that no matter how the international situation has changed, China will always be Cambodia's most reliable friend and firmest ",0.152
Xinhua,722,2024-04-23,Xinhua,"Roundup: China, Cambodia pledge to build community with shared future, promote multilateralism, economic globalization","PHNOM PENH, April 23 (Xinhua) -- China and Cambodia have pledged to further build a high-quality, high-level and high-standard Cambodia-China community with a shared future in the new era and jointly promote free, open, ",0.12
Xinhua,723,2024-04-24,Xinhua,Senior CPC official attends high-level int'l security meeting in Russia,"ST. PETERSBURG, April 24 (Xinhua) -- Chen Wenqing, a member of the Political Bureau of the Communist Party of China (CPC) Central Committee and head of the Commission for Political and Legal Affairs of the CPC Central Co",0.03
Xinhua,724,2024-04-24,Xinhua,Chinese vice president meets speaker of lower house of Kazakh parliament,"BEIJING, April 24 (Xinhua) -- Chinese Vice President Han Zheng met with Yerlan Koshanov, speaker of the Mazhilis, or lower house of Kazakhstan's parliament, in Beijing on Wednesday. Noting China and Kazakhstan have start",0.111
Xinhua,725,2024-04-25,Xinhua,China's top legislator holds talks with speaker of lower house of Kazakh parliament,"BEIJING, April 25 (Xinhua) -- China's top legislator Zhao Leji held talks with Yerlan Koshanov, speaker of the Mazhilis, or the lower house of Kazakhstan's parliament, in Beijing on Thursday. Zhao, chairman of the Nation",0.206
MFA,446,2024-04-26,Ministry of Foreign Affairs of the People's Republic of China - News (English),Written Interview with Al Jazeera Media Network by Foreign Minister Wang Yi,"Q1. Foreign Minister Wang Yi, you talked about the conflict in Gaza at your recent press conference held on the margins of the annual session of the National People's Congress. What measures will China possibly take to p",0.072
Xinhua,726,2024-04-26,Xinhua,Chinese foreign minister receives written interview with Al Jazeera Media Network,"BEIJING, April 26 (Xinhua) -- Member of the Political Bureau of the Communist Party of China Central Committee and Minister of Foreign Affairs Wang Yi recently received a written interview with Al Jazeera Media Network. ",0.086
Xinhua,727,2024-04-27,Xinhua,China-proposed initiatives bring benefits to people worldwide: defense minister,"ASTANA, April 26 (Xinhua) -- China-proposed initiatives have brought dividends to the well-being of people worldwide, and have led the Shanghai Cooperation Organization (SCO) to become a constructive force in safeguardin",0.145
Xinhua,728,2024-05-04,Xinhua,1st LD Writethru: Xi sends congratulations to 15th session of the Organisation of Islamic Cooperation summit,"BEIJING, May 4 (Xinhua) -- Chinese President Xi Jinping on Saturday sent a congratulatory message to the opening of the 15th session of the Organisation of Islamic Cooperation (OIC)'s Islamic Summit Conference in Banjul,",0.219
MFA,447,2024-05-05,Ministry of Foreign Affairs of the People's Republic of China - News (English),"Carrying Forward the Spirit that Guided the Establishment of China-France Diplomatic Relations, Working Together for Global Peace and Development",Xi Jinping President of the People's Republic of China I am delighted to pay my third state visit to France at the invitation of President Emmanuel Macron. France holds a special fascination for us Chinese. This country ,0.136
MFA,448,2024-05-06,Ministry of Foreign Affairs of the People's Republic of China - Spokesperson's Remarks (English),"Foreign Ministry Spokesperson Lin Jian's Regular Press Conference on May 6, 2024","Xinhua News Agency: From May 4 to 5, President Xi Jinping's Special Representative and Vice Chairman of the Standing Committee of the National People's Congress Zheng Jianbang attended the 15th Islamic Summit Conference ",0.043
Xinhua,729,2024-05-06,Xinhua,Full text of Xi's signed article in French media,"PARIS, May 5 (Xinhua) -- A signed article by Chinese President Xi Jinping titled """"Carrying Forward the Spirit that Guided the Establishment of China-France Diplomatic Relations, Working Together for Global Peace and Dev",0.139
MFA,449,2024-05-08,Ministry of Foreign Affairs of the People's Republic of China - News (English),President Xi Jinping and President Aleksandar Vučić Jointly Meet the Press,"At noon on May 8 local time, President Xi Jinping and President Aleksandar Vučić of Serbia jointly met the press after their talks at the Palace of Serbia in Belgrade. At the outset, on behalf of the Chinese government a",0.181
MFA,450,2024-05-08,Ministry of Foreign Affairs of the People's Republic of China - News (English),President Xi Jinping and President Aleksandar Vučić Jointly Meet the Press,"At noon on May 8 local time, President Xi Jinping and President Aleksandar Vučić of Serbia jointly met the press after their talks at the Palace of Serbia in Belgrade. At the outset, on behalf of the Chinese government a",0.182
MFA,451,2024-05-08,Ministry of Foreign Affairs of the People's Republic of China - News (English),President Xi Jinping Holds Talks with President Aleksandar Vučić of Serbia,"On the morning of May 8 local time, President Xi Jinping held talks with Serbian President Alexandar Vučić at the Palace of Serbia in Belgrade. The two Presidents announced the decision to deepen and elevate China-Serbia",0.2
Xinhua,730,2024-05-08,Xinhua,Serbia supports efforts to build a community with a shared future for mankind -- joint statement,"BELGRADE, May 8 (Xinhua) -- Serbia supports the efforts to build a community with a shared future for mankind, said a joint statement between China and Serbia issued here on Wednesday. The Serbian side is willing to work",0.061
MFA,452,2024-05-09,Ministry of Foreign Affairs of the People's Republic of China - News (English),Xi Jinping Holds Talks with President Tamás Sulyok of Hungary,"On the morning of May 9, 2024 local time, President Xi Jinping held talks with President Tamás Sulyok of Hungary at the Sándor Palace in Budapest. Xi Jinping pointed out that Hungary is one of the first countries to reco",0.18
Xinhua,731,2024-05-09,Xinhua,4th LD Writethru: Xi says ready to jointly promote China-Hungary ties to higher levels,"BUDAPEST, May 9 (Xinhua) -- Chinese President Xi Jinping expressed on Thursday his readiness to work with Hungarian President Tamas Sulyok to carry forward the traditional friendship, deepen political mutual trust, stren",0.184
Xinhua,732,2024-05-09,Xinhua,"2nd LD Writethru: China, Serbia decide to build community with shared future","BELGRADE, May 8 (Xinhua) -- China and Serbia have decided on Wednesday to build a community with a shared future, an upgrade of their relations from the comprehensive strategic partnership established eight years ago. Th",0.2
MFA,453,2024-05-10,Ministry of Foreign Affairs of the People's Republic of China - News (English),Joint Statement Between the People's Republic of China and Hungary on the Establishment of An All-Weather Comprehensive Strategic Partnership for the New Era,"(May 9, 2024) At the invitation of H.E. Tamás Sulyok, President of Hungary, H.E. Viktor Orbán, Prime Minister of Hungary, H.E. Xi Jinping, President of the People's Republic of China, paid a state visit to Hungary from M",0.19
Xinhua,733,2024-05-10,Xinhua,Full text: China-Hungary Joint Statement on the Establishment of an All-Weather Comprehensive Strategic Partnership for the New Era,"BUDAPEST, May 9 (Xinhua) -- The following is the full text of a joint statement on the establishment of an all-weather comprehensive strategic partnership for the new era released by China and Hungary on Thursday. Joint ",0.189
MFA,454,2024-05-15,Ministry of Foreign Affairs of the People's Republic of China - News (English),"Wang Yi: Develop China-Pakistan All-Weather Strategic Cooperative Partnership with """"Four Commitments""""","On May 15, 2024, Member of the Political Bureau of the CPC Central Committee and Minister of Foreign Affairs Wang Yi and Pakistan's Deputy Prime Minister and Foreign Minister Mohammad Ishaq Dar jointly met the press afte",0.166
MFA,455,2024-05-16,Ministry of Foreign Affairs of the People's Republic of China - News (English),Joint Press Release of the Fifth Round of China-Pakistan Foreign Ministers' Strategic Dialogue,"At the invitation of H.E. Wang Yi, member of the Political Bureau of the Central Committee of the Communist Party of China and Minister of Foreign Affairs, H.E. Senator Mohammad Ishaq Dar, Deputy Prime Minister and Minis",0.195
Xinhua,734,2024-05-16,Xinhua,China's top legislator holds talks with speaker of Moroccan House of Representatives,"BEIJING, May 16 (Xinhua) -- Zhao Leji, China's top legislator, held talks with Speaker of the Moroccan House of Representatives Rachid Talbi Alami on Thursday in Beijing. Zhao, chairman of the National People's Congress ",0.22
Xinhua,735,2024-05-17,Xinhua,1st LD-Writethru: Xi holds restrictive meeting with Putin at Zhongnanhai,"BEIJING, May 16 (Xinhua) -- Chinese President Xi Jinping held a restrictive meeting with Russian President Vladimir Putin on Thursday at Zhongnanhai in Beijing, during which they had in-depth exchanges on strategic issue",0.186
Xinhua,736,2024-05-19,Xinhua,"Chinese, Tajik FMs pledge to strengthen bilateral cooperation","DUSHANBE, May 19 (Xinhua) -- Chinese Foreign Minister Wang Yi held talks Sunday with Tajik Foreign Minister Sirojiddin Muhriddin in the Tajik capital of Dushanbe. Wang, also a member of the Political Bureau of the Commun",0.172
Xinhua,737,2024-05-20,Xinhua,Kazakh President Tokayev meets with Chinese FM,"ASTANA, May 20 (Xinhua) -- Kazakh President Kassym-Jomart Tokayev on Monday met here with Chinese Foreign Minister Wang Yi. Tokayev asked Wang to convey his sincere greetings to Chinese President Xi Jinping, noting that ",0.182
Xinhua,738,2024-05-20,Xinhua,"China, Kyrgyzstan to pursue high-quality Belt and Road cooperation","BISHKEK, May 20 (Xinhua) -- China and Kyrgyzstan will pursue high-quality Belt and Road cooperation and strengthen cooperation within multilateral frameworks, said visiting Chinese Vice Premier Liu Guozhong. Liu, also a ",0.141
Xinhua,739,2024-05-20,Xinhua,Chinese peacekeeping team to depart for South Sudan,"BEIJING, May 20 (Xinhua) -- A team of 12 Chinese peacekeepers will depart for South Sudan on Wednesday, according to China's Ministry of Public Security. A ceremony for the scheduled departure of the team, which is the 1",0.029
MFA,456,2024-05-21,Ministry of Foreign Affairs of the People's Republic of China - Spokesperson's Remarks (English),"Foreign Ministry Spokesperson Wang Wenbin's Regular Press Conference on May 21, 2024","At the invitation of Member of the Standing Committee of the Political Bureau of the CPC Central Committee and Vice Premier of the State Council Ding Xuexiang, Malaysia's Deputy Prime Minister I and Minister of Rural and",0.07
Xinhua,740,2024-05-21,Xinhua,"Chinese, Kazakh FMs vow to enhance cooperation","ASTANA, May 20 (Xinhua) -- Chinese Foreign Minister Wang Yi on Monday jointly met the press here with Kazakhstan's Deputy Prime Minister and Minister of Foreign Affairs Murat Nurtleu following their talks. Wang, also a m",0.12
MFA,457,2024-05-22,Ministry of Foreign Affairs of the People's Republic of China - Spokesperson's Remarks (English),"Foreign Ministry Spokesperson Wang Wenbin's Regular Press Conference on May 22, 2024","President Xi Jinping's Special Representative, Member of the Political Bureau of the CPC Central Committee and Vice Premier of the State Council Zhang Guoqing will attend the memorial service for Iran's late President Eb",0.083
Xinhua,741,2024-05-23,Xinhua,"Chinese vice premier urges enhanced industrial, investment cooperation with GCC countries","XIAMEN, May 23 (Xinhua) -- Chinese vice premier Ding Xuexiang on Thursday called for enhanced industrial and investment cooperation with the Gulf Cooperation Council (GCC) countries, pledging to provide more convenience ",0.161
Xinhua,742,2024-05-28,Xinhua,China's top legislator holds talks with speaker of Indonesia's House of Representatives,"BEIJING, May 28 (Xinhua) -- China's top legislator Zhao Leji held talks with Puan Maharani, speaker of Indonesia's House of Representatives, on Tuesday in Beijing. Next year marks the 75th anniversary of the establishmen",0.167
Xinhua,743,2024-05-29,Xinhua,China's top legislator meets president of Equatorial Guinea,"BEIJING, May 29 (Xinhua) -- China's top legislator Zhao Leji met with Teodoro Obiang Nguema Mbasogo, president of the Republic of Equatorial Guinea, in Beijing on Wednesday. Zhao, chairman of the National People's Congre",0.155
Xinhua,744,2024-05-29,Xinhua,China's top legislator holds talks with Belarusian parliamentary leader,"BEIJING, May 29 (Xinhua) -- China's top legislator Zhao Leji held talks with Natalia Kochanova, chairwoman of the Council of the Republic of the National Assembly of Belarus, in Beijing on Wednesday. Zhao, chairman of th",0.265
Xinhua,745,2024-05-29,Xinhua,"3rd LD-Writethru: Chinese, Equatorial Guinean presidents hold talks, elevate ties","BEIJING, May 28 (Xinhua) -- China and Equatorial Guinea on Tuesday elevated their relations to a comprehensive strategic partnership of cooperation. This was announced by Chinese President Xi Jinping and Teodoro Obiang N",0.198
Xinhua,746,2024-05-29,Xinhua,China Focus: China bolsters efforts to cement its status as one of safest countries in world,"BEIJING, May 29 (Xinhua) -- Several months ago, travel Youtuber JetLag Warriors from Canada posted a video online, in which the couple behind the account recounted a recent trip to Shanghai and spoke of the city's tidine",-0.052
Xinhua,747,2024-05-30,Xinhua,Anticipation builds for China's approach to global security in Shangri-La Dialogue,"SINGAPORE, May 30 (Xinhua) -- China's Global Security Initiative (GSI) can not only play a role in promoting more multipolar global governance but also serve as a framework for conflict mediation and dispute resolution, ",0.076
Xinhua,748,2024-05-30,Xinhua,2nd LD-Writethru: Xi holds talks with UAE president,"BEIJING, May 30 (Xinhua) -- Chinese President Xi Jinping held talks with President of the United Arab Emirates (UAE) Sheikh Mohamed bin Zayed Al Nahyan in Beijing on Thursday. Xi noted that the UAE is an important compre",0.164
Xinhua,749,2024-05-30,Xinhua,Xinhua Headlines: Xi urges greater efforts to build China-Arab community with shared future,"BEIJING, May 30 (Xinhua) -- Chinese President Xi Jinping on Thursday called on China and Arab states to deepen cooperation and step up the building of a China-Arab community with a shared future. Xi made the remarks in a",0.091
Xinhua,750,2024-06-02,Xinhua,Chinese defense minister addresses Shangri-La Dialogue on China's approach to global security,"SINGAPORE, June 2 (Xinhua) -- Chinese Defense Minister Dong Jun delivered a speech on China's approach to global security on Sunday at the 21st Shangri-La Dialogue held in Singapore. Dong highlighted the concept of build",0.175
Xinhua,751,2024-06-02,Xinhua,"World Insights: China promotes open, equal security cooperation to anchor stability, development at Shangri-La Dialogue","SINGAPORE, June 2 (Xinhua) -- Chinese Defense Minister Dong Jun on Sunday called for a regional security landscape featuring equal participation, non-confrontation and candid communication to consolidate the role of the ",0.1
Xinhua,752,2024-06-04,Xinhua,Interview: Pakistani PM deems Pakistan-China friendship unshakable,"by Xinhua writers Tang Binhui, Jiang Chao and Zhang Jingyao ISLAMABAD, June 4 (Xinhua) -- """"We are coming with serious plans to make our friendship become much higher than the Himalayas and deeper than the deepest ocean ",0.11
Xinhua,753,2024-06-05,Xinhua,3rd Wanshou Dialogue on Global Security calls for peaceful settlement of disputes,"BEIJING, June 5 (Xinhua) -- The third Wanshou Dialogue on Global Security kicked off on Wednesday in Beijing, with more than 60 international security experts from over 20 countries and international organizations in att",0.182
MFA,458,2024-06-07,Ministry of Foreign Affairs of the People's Republic of China - News (English),Xi Jinping Meets with Pakistan's Prime Minister Muhammad Shehbaz Sharif,"On the afternoon of June 7, 2024, President Xi Jinping met with Pakistan's Prime Minister Muhammad Shehbaz Sharif, who is paying an official visit to China, at the Great Hall of the People in Beijing. Xi Jinping pointed ",0.246
Xinhua,754,2024-06-07,Xinhua,2nd LD-Writethru: Xi meets Pakistani PM,"BEIJING, June 7 (Xinhua) -- Chinese President Xi Jinping met with Pakistani Prime Minister Shehbaz Sharif in Beijing on Friday. Pointing out that China and Pakistan are good neighbors linked by mountains and rivers, good",0.259
MFA,459,2024-06-09,Ministry of Foreign Affairs of the People's Republic of China - News (English),Joint Statement between the People's Republic of China and the Islamic Republic of Pakistan,"June 7, 2024, Beijing 1.At the invitation of H.E. Li Qiang, Premier of the State Council of the People's Republic of China, H.E. Muhammad Shehbaz Sharif, Prime Minister of the Islamic Republic of Pakistan paid an officia",0.182
MFA,460,2024-06-11,Ministry of Foreign Affairs of the People's Republic of China - News (English),BRICS and Other Developing Countries Hold Foreign Ministers' Dialogue,"On June 11, 2024 local time, Member of the Political Bureau of the CPC Central Committee and Foreign Minister Wang Yi attended the BRICS Foreign Ministers' Dialogue with Developing Countries (BRICS+) in Nizhny Novgorod. ",0.117
MFA,461,2024-06-11,Ministry of Foreign Affairs of the People's Republic of China - News (English),Remarks by H.E. Wang Yi At the BRICS Dialogue with Developing Countries,"Nizhny Novgorod, June 11, 2024 Fellow Foreign Ministers, Colleagues, It gives me great pleasure to join old and new friends for the first BRICS Plus foreign ministers' meeting after the expansion of BRICS. BRICS Plus is ",0.153
MFA,462,2024-06-12,Ministry of Foreign Affairs of the People's Republic of China - Spokesperson's Remarks (English),"Foreign Ministry Spokesperson Lin Jian's Regular Press Conference on June 12, 2024","CCTV: Yesterday, Foreign Minister Wang Yi attended the BRICS Foreign Ministers' Dialogue with Developing Countries, could you share more details with us? Lin Jian: On June 11 local time, Member of the Political Bureau of",0.015
MFA,463,2024-06-13,Ministry of Foreign Affairs of the People's Republic of China - Spokesperson's Remarks (English),"Foreign Ministry Spokesperson Lin Jian's Regular Press Conference on June 13, 2024","CNR: On June 12, the opening ceremony of the 60th anniversary celebrations of the United Nations Conference on Trade and Development was held in Geneva. We noted that President Xi Jinping attended the opening ceremony vi",0.082
Xinhua,755,2024-06-15,Xinhua,"Xinhua Commentary: China-proposed resolution advocates coexistence, mutual learning among civilizations","by Xinhua writer Ma Qian BEIJING, June 15 (Xinhua) -- The 78th session of the United Nations General Assembly recently adopted a China-proposed resolution unanimously, designating June 10 as the International Day for Dia",0.147
Xinhua,756,2024-06-19,Xinhua,"Senior CPC official meets with Singapore PM, attends social governance forum","SINGAPORE, June 19 (Xinhua) -- Chen Wenqing, a member of the Political Bureau of the Communist Party of China (CPC) Central Committee and head of the Commission for Political and Legal Affairs of the CPC Central Committe",0.119
Xinhua,757,2024-06-20,Xinhua,"Celebrating golden jubilee, China, Malaysia vow to write new chapter of shared future","by Tian Dongdong, Gao Yang and Liu Chang KUALA LUMPUR, June 20 (Xinhua) -- Designed as a finely cut gem, Gombak Integrated Terminal Station is among the largest facilities within Malaysia's East Coast Rail Link (ECRL) pr",0.102
Xinhua,758,2024-06-21,Xinhua,Book on China's global civilization initiative launched in Cambodia,"PHNOM PENH, June 21 (Xinhua) -- A Khmer-version book titled """"Deeper Insights into Global Civilization Initiative (GCI)"""" was launched in the capital city of Cambodia on Friday. Authored by Chea Munyrith, president of th",0.22
Xinhua,759,2024-06-22,Xinhua,"Chinese vice premier, Grand Duke of Luxembourg vow to bolster cooperation","LUXEMBOURG, June 21 (Xinhua) -- Visiting Chinese Vice Premier Ding Xuexiang and Grand Duke of Luxembourg Henri met here Thursday and the two sides agreed to deepen cooperation in various fields. Ding, also a member of th",0.316
MFA,464,2024-06-25,Ministry of Foreign Affairs of the People's Republic of China - Spokesperson's Remarks (English),"Foreign Ministry Spokesperson Mao Ning's Regular Press Conference on June 25, 2024",Reuters: The Chinese Embassy in South Korea said preliminary assessments indicate 17 Chinese nationals were killed in a fire at a lithium factory in South Korea yesterday. Is the Foreign Ministry able to provide an updat,0.049
Xinhua,760,2024-06-26,Xinhua,"China to advance global security governance, carry forward implementation of Resolution 1540","BEIJING, June 26 (Xinhua) -- China intends to advance global security governance and carry forward implementation of Resolution 1540, according to Sun Xiaobo, Director-General of the Department of Arms Control of the Chi",0.158
Xinhua,761,2024-06-27,Xinhua,"Roundup: High risk of famine looms over Gaza, warns FAO","ROME, June 26 (Xinhua) -- The entire Gaza Strip is at high risk of famine, the Food and Agriculture Organization of the United Nations (FAO) warned on Wednesday. The alarm was raised as a new report has shown that almost",-0.134
MFA,465,2024-06-28,Ministry of Foreign Affairs of the People's Republic of China - News (English),Beijing Declaration Of the Conference Marking the 70th Anniversary Of the Five Principles of Peaceful Coexistence,"On June 28, 2024, the Conference Marking the 70th Anniversary of the Five Principles of Peaceful Coexistence was held in Beijing. President Xi Jinping of the People's Republic of China attended the conference and deliver",0.206
MFA,466,2024-06-28,Ministry of Foreign Affairs of the People's Republic of China - News (English),Remarks by H.E. Wang Yi At the Luncheon Marking the 70th Anniversary Of the Five Principles of Peaceful Coexistence,"Beijing, June 28, 2024 Distinguished Guests, Dear Friends, As we mark the 70th Anniversary of the Five Principles of Peaceful Coexistence, I am delighted to join friends from across the world in the commemorative confere",0.199
MFA,467,2024-06-28,Ministry of Foreign Affairs of the People's Republic of China - News (English),Carrying Forward the Five Principles of Peaceful Coexistence and Jointly Building a Community with a Shared Future for Mankind,"Address by H.E. Xi Jinping President of the People's Republic of China At the Conference Marking the 70th Anniversary of the Five Principles of Peaceful Coexistence June 28, 2024 Distinguished Guests, Diplomatic Envoys, ",0.195
Xinhua,762,2024-06-28,Xinhua,World Insights: Five Principles of Peaceful Coexistence -- timeless guide for int'l relations,"JAKARTA, June 28 (Xinhua) -- Seventy years ago, an idea featuring mutual respect and peaceful coexistence among nations, the Five Principles of Peaceful Coexistence, was put forward by China, and has since guided its rel",0.114
Xinhua,763,2024-06-28,Xinhua,Xinhua Commentary: China-proposed peaceful coexistence principles highly needed in turbulent world,"HONG KONG, June 28 (Xinhua) -- China on Friday held an event to commemorate the Five Principles of Peaceful Coexistence put forth by then Chinese Premier Zhou Enlai in the 1950s, demonstrating the country's unwavering co",0.199
Xinhua,764,2024-06-28,Xinhua,Chinese envoy interprets China's concepts on diplomacy at gathering of OAS member states,"WASHINGTON, June 27 (Xinhua) -- Chinese Ambassador to the United States Xie Feng has recently attended a gathering of member countries of the Organization of American States (OAS), where he elaborated China's concept of ",0.139
Xinhua,765,2024-06-28,Xinhua,Full Text: Address by Chinese President Xi Jinping at conference marking 70th anniversary of Five Principles of Peaceful Coexistence,"BEIJING, June 28 (Xinhua) -- Chinese President Xi Jinping delivered an important speech at the Conference Marking the 70th Anniversary of the Five Principles of Peaceful Coexistence on Friday in Beijing. The following is",0.2
Xinhua,766,2024-06-29,Xinhua,"Roundup: Five Principles of Peaceful Coexistence shape growing Global South, say Sri Lankan experts","by Chen Dongshu, Wu Yue COLOMBO, June 29 (Xinhua) -- The Global South has long desired an equal and orderly multipolar world, and the Five Principles of Peaceful Coexistence put forward by China have shaped the stance an",0.067
Xinhua,767,2024-06-29,Xinhua,Chinese Premier meets with Peruvian president in Beijing,"BEIJING, June 28 (Xinhua) -- Chinese Premier Li Qiang met with Peruvian President Dina Ercilia Boluarte Zegarra in Beijing on Friday. Li said that since the establishment of the comprehensive strategic partnership betwee",0.197
Xinhua,768,2024-06-30,Xinhua,"""""A just cause finds great support"""": Xi Jinping and the Shanghai Cooperation Organization","by Xinhua writer He Fei BEIJING/ASTANA, June 30 (Xinhua) -- On June 15, 2001, then heads of state of China, Kazakhstan, Kyrgyzstan, Russia, Tajikistan and Uzbekistan gathered in Shanghai. Together, they announced the cre",0.071
Xinhua,769,2024-07-01,Xinhua,"Interview: Kazakhstan-China permanent comprehensive strategic partnership to usher in new chapter, says Kazakh president","ASTANA, July 1 (Xinhua) -- The upcoming meeting between the heads of state of Kazakhstan and China will benefit people of the two countries, and the agreements to be reached will open a new chapter in the Kazakhstan-Chin",0.161
Xinhua,770,2024-07-03,Xinhua,"1st LD: Xi says China, Kazakhstan are companions on path to modernization","ASTANA, July 3 (Xinhua) -- China and Kazakhstan are companions on the path to modernization, said Chinese President Xi Jinping here Wednesday when jointly meeting the press with Kazakh President Kassym-Jomart Tokayev. No",0.158
Xinhua,771,2024-07-03,Xinhua,"2nd LD Writethru: Xi says China, Kazakhstan are companions on path to modernization","ASTANA, July 3 (Xinhua) -- China and Kazakhstan are companions on the path to modernization, said Chinese President Xi Jinping here Wednesday when jointly meeting the press with Kazakh President Kassym-Jomart Tokayev. No",0.176
Xinhua,772,2024-07-03,Xinhua,Azerbaijan voices support for China-proposed global initiatives,"ASTANA, July 3 (Xinhua) -- In a joint statement signed with China here Wednesday, Azerbaijan said it supports the China-proposed Global Development Initiative, Global Security Initiative and Global Civilization Initiativ",0.054
Xinhua,773,2024-07-03,Xinhua,"Urgent: Xi says China, Kazakhstan pledge to jointly implement 3 key China-proposed initiatives","ASTANA, July 3 (Xinhua) -- Chinese President Xi Jinping said here Wednesday that China and Kazakhstan have agreed to jointly implement the Global Development Initiative, the Global Security Initiative and the Global Civi",0.119
MFA,468,2024-07-04,Ministry of Foreign Affairs of the People's Republic of China - Spokesperson's Remarks (English),"Foreign Ministry Spokesperson Mao Ning's Regular Press Conference on July 4, 2024","At the invitation of Premier Li Qiang of the State Council, Prime Minister Sheikh Hasina of the People's Republic of Bangladesh will pay an official visit to China from July 8 to 10. CCTV: President Xi Jinping paid a sta",0.06
Xinhua,774,2024-07-04,Xinhua,"1st LD Writethru: Xi says China-Belarus relations to develop healthily, with great strides","ASTANA, July 4 (Xinhua) -- Chinese President Xi Jinping said here Thursday that he believes China-Belarus relations will continue to develop healthily and with great strides under joint efforts of both countries. Xi made",0.188
Xinhua,775,2024-07-04,Xinhua,1st LD-Writethru: Bangladeshi PM to visit China,"BEIJING, July 4 (Xinhua) -- At the invitation of Chinese Premier Li Qiang, Prime Minister Sheikh Hasina of the People's Republic of Bangladesh will pay an official visit to China from July 8 to 10, foreign ministry spoke",0.147
Xinhua,776,2024-07-04,Xinhua,1st LD Writethru: Xi says China ready to promote high-quality development of China-Uzbekistan relations,"ASTANA, July 3 (Xinhua) -- China is ready to work with Uzbekistan to promote the high-quality development of China-Uzbekistan relations with the future of the country and the well-being of its people in mind, said Chines",0.139
Xinhua,777,2024-07-04,Xinhua,"Urgent: Belarus supports 3 key China-proposed initiatives, consensus on political settlement of Ukraine crisis","ASTANA, July 4 (Xinhua) -- Belarus supports the Global Development Initiative, the Global Security Initiative and the Global Civilization Initiative proposed by Chinese President Xi Jinping, said Belarusian President Ale",0.024
Xinhua,778,2024-07-04,Xinhua,Urgent: Uzbek president says Uzbekistan willing to closely cooperate with China within multilateral frameworks,"ASTANA, July 3 (Xinhua) -- Uzbekistan is willing to closely coordinate and cooperate with China within the China-Central Asia mechanism, the Shanghai Cooperation Organization, as well as other multilateral frameworks, Uz",0.082
MFA,469,2024-07-05,Ministry of Foreign Affairs of the People's Republic of China - News (English),Working Together for a Brighter Future of China-Tajikistan Relations,"Xi Jinping President of the People's Republic of China In this lovely midsummer season, I will pay a state visit to the Republic of Tajikistan at the invitation of President Emomali Rahmon. This will be my third visit to",0.163
Xinhua,779,2024-07-05,Xinhua,Full Text of Chinese president's signed article on Tajik media,"DUSHANBE, July 5 (Xinhua) -- A signed article by Chinese President Xi Jinping titled """"Working Together for a Brighter Future of China-Tajikistan Relations"""" was published Friday on the Narodnaya Gazeta newspaper and the",0.163
MFA,470,2024-07-08,Ministry of Foreign Affairs of the People's Republic of China - Spokesperson's Remarks (English),"Foreign Ministry Spokesperson Lin Jian's Regular Press Conference on July 8, 2024","CCTV: President Xi Jinping has concluded his state visit to Tajikistan. Could you share with us the outcomes of the visit? Lin Jian: At the invitation of President Emomali Rahmon of the Republic of Tajikistan, President ",0.075
Xinhua,780,2024-07-08,Xinhua,China Focus: World Peace Forum calls for strengthening global security governance,"BEIJING, July 8 (Xinhua) -- Global scholars, former senior officials and diplomats have called for strengthening global security governance during a forum in Beijing. Themed """"Improving Global Security Governance: Justic",0.115
Xinhua,781,2024-07-09,Xinhua,China willing to promote modernization with Africa: vice premier,"GUANGZHOU, July 9 (Xinhua) -- China is willing to provide new opportunities for Africa concerning its development and to join hands in promoting modernization, Chinese Vice Premier Liu Guozhong said on Tuesday in Guangzh",0.127
Xinhua,782,2024-07-09,Xinhua,China's top legislator pays official goodwill visit to Uzbekistan,"TASHKENT, July 9 (Xinhua) -- At the invitation of Tanzila Narbayeva, chairperson of the Senate of Uzbekistan and Nurdinjon Ismoilov, speaker of the Legislative Chamber of the Oliy Majlis of Uzbekistan, China's top legisl",0.17
MFA,471,2024-07-11,Ministry of Foreign Affairs of the People's Republic of China - News (English),Joint Statement between the People's Republic of China and The People's Republic of Bangladesh on the Establishment of Comprehensive Strategic Cooperative Partnership,"July 10, 2024, Beijing 1. At the invitation of H.E. Li Qiang, Premier of the State Council of the People's Republic of China, H.E. Sheikh Hasina, Prime Minister of the People's Republic of Bangladesh, paid an official vi",0.171
Xinhua,783,2024-07-11,Xinhua,"2nd LD-Writethru: Chinese, Guinea-Bissau presidents hold talks, elevate ties","BEIJING, July 10 (Xinhua) -- China and Guinea-Bissau on Wednesday elevated their relations to a strategic partnership. Chinese President Xi Jinping and Umaro Sissoco Embalo, president of the Republic of Guinea-Bissau, an",0.191
Xinhua,784,2024-07-12,Xinhua,China's top legislator attends 10th BRICS Parliamentary Forum,"ST. PETERSBURG, July 12 (Xinhua) -- China's top legislator Zhao Leji attended the 10th BRICS Parliamentary Forum here and delivered speeches at the event. Zhao, chairman of China's National People's Congress (NPC) Standi",0.188
Xinhua,785,2024-07-12,Xinhua,1st LD-Writethru: Xi meets prime minister of Solomon Islands,"BEIJING, July 12 (Xinhua) -- Chinese President Xi Jinping met with Prime Minister Jeremiah Manele of the Solomon Islands here on Friday. Noting that China regards the Solomon Islands as a good friend, good partner and go",0.207
Xinhua,786,2024-07-13,Xinhua,Why Xi's works a key to decoding modern China and its global vision,"BEIJING, July 13 (Xinhua) -- A readers' seminar on Chinese President Xi Jinping's books on governance was successfully held in late June at the national library in Dushanbe, the capital of Tajikistan, as the works have a",0.119
MFA,472,2024-07-17,Ministry of Foreign Affairs of the People's Republic of China - News (English),The Historic Step from Peaceful Coexistence To a Shared Future for Humanity,"Wang Yi Member of the Political Bureau of the CPC Central Committee And Minister of Foreign Affairs The year 2024 marks the 70th anniversary of the Five Principles of Peaceful Coexistence. On June 28, General Secretary X",0.167
MFA,473,2024-07-17,Ministry of Foreign Affairs of the People's Republic of China - Spokesperson's Remarks (English),"Foreign Ministry Spokesperson Lin Jian's Regular Press Conference on July 17, 2024",CCTV: This year marks the 10th anniversary of President Xi Jinping's proposition of building a China-LAC community with a shared future. How does China view its progress and what's China's expectation for China-LAC relat,0.092
Xinhua,787,2024-07-17,Xinhua,Xinhua Headlines: Why global observers see Xi as a visionary leader committed to reform,"BEIJING, July 17 (Xinhua) -- """"Today, the Chinese people can say with great pride that reform and opening-up, China's second revolution if you like, has not only profoundly changed the country but also greatly influenced",0.078
MFA,474,2024-07-18,Ministry of Foreign Affairs of the People's Republic of China - News (English),Communique of the Third Plenary Session of the 20th Central Committee of the Communist Party of China,"Communique of the Third Plenary Session of the 20th Central Committee of the Communist Party of China Adopted at the Third Plenary Session of the 20th Central Committee of the Communist Party of China on July 18, 2024 Th",0.143
Xinhua,788,2024-07-18,Xinhua,China releases report on implementation of global security initiative,"BEIJING, July 18 (Xinhua) -- The report on the implementation progress of the Global Security Initiative was released on Thursday, systematically reviewing the achievements accomplished since the initiative's inception. ",0.202
Xinhua,789,2024-07-18,Xinhua,Xinhua Headlines: Why global observers see Xi as a visionary leader committed to reform,"An aerial drone photo taken on July 24, 2021 shows a view of a relocation site for poverty alleviation at Huawu Village in Xinren Miao Township, Qianxi City, southwest China's Guizhou Province. (Xinhua/Yang Wenbin)* Many",0.069
Xinhua,790,2024-07-18,Xinhua,Full text: Communique of the Third Plenary Session of the 20th Central Committee of the Communist Party of China," BEIJING, July 18 (Xinhua) -- The 20th Central Committee of the Communist Party of China concluded its third plenary session here on Thursday with a communique issued. The following is the full text of the communique: Co",0.142
MFA,475,2024-07-19,Ministry of Foreign Affairs of the People's Republic of China - News (English),Written Remarks by H.E.Wang Yi At the Launching Ceremony of the Center for Global Security Initiative Studies and Release of the Report on the Implementation Progress of the Global Security Initiative,"Distinguished Guests, Friends, The Global Security Initiative (GSI) was proposed by President Xi Jinping in April 2022 bearing in mind the future of humanity. The GSI champions the spirit of solidarity to adapt to the pr",0.151
MFA,476,2024-07-19,Ministry of Foreign Affairs of the People's Republic of China - Spokesperson's Remarks (English),"Foreign Ministry Spokesperson Lin Jian's Regular Press Conference on July 19, 2024","At the invitation of First Deputy Prime Minister Denis Manturov and Deputy Prime Minister Alexander Novak of the government of the Russian Federation, Member of the Standing Committee of the Political Bureau of the CPC C",0.054
Xinhua,791,2024-07-19,Xinhua,Interview: China's resilient growth reaffirms its role as important engine of world economic growth: Cambodian senior official,"PHNOM PENH, July 19 (Xinhua) -- China's resilient economic growth has reaffirmed its role as a major engine of global economic growth, a Cambodian senior official said on Friday. China's economy grew by 5 percent in the ",0.276
MFA,477,2024-07-21,Ministry of Foreign Affairs of the People's Republic of China - News (English),Resolution of the Central Committee of the Communist Party of China on Further Deepening Reform Comprehensively to Advance Chinese Modernization,"(Adopted at the third plenary session of the 20th Central Committee of the Communist Party of China on July 18, 2024) In order to implement the strategic plans made at the 20th National Congress of the Communist Party of",0.161
MFA,478,2024-07-22,Ministry of Foreign Affairs of the People's Republic of China - News (English),Wang Yi Holds Talks with Maldivian Foreign Minister Moosa Zameer,"On July 22, 2024, Member of the Political Bureau of the CPC Central Committee and Foreign Minister Wang Yi held talks with Maldivian Foreign Minister Moosa Zameer in Beijing. Wang Yi pointed out that since the establishm",0.203
MFA,479,2024-07-23,Ministry of Foreign Affairs of the People's Republic of China - Spokesperson's Remarks (English),"Foreign Ministry Spokesperson Mao Ning's Regular Press Conference on July 23, 2024","From July 25 to 27, Member of the Political Bureau of the CPC Central Committee and Foreign Minister Wang Yi will attend the ASEAN-China Foreign Ministers' Meeting, the ASEAN Plus Three Foreign Ministers' Meeting, the Ea",0.091
MFA,480,2024-07-24,Ministry of Foreign Affairs of the People's Republic of China - Spokesperson's Remarks (English),"Foreign Ministry Spokesperson Mao Ning's Regular Press Conference on July 24, 2024","Hubei Media Group: A US delegation of heavyweight business executives from Boeing, Goldman Sachs, Starbucks, and the United Family and so on is visiting China. Foreign Minister Wang Yi and Vice Premier He Lifeng met with",0.084
MFA,481,2024-07-25,Ministry of Foreign Affairs of the People's Republic of China - Spokesperson's Remarks (English),"Foreign Ministry Spokesperson Mao Ning's Regular Press Conference on July 25, 2024","At the invitation of Premier Li Qiang of the State Council, Italian Prime Minister Giorgia Meloni will pay an official visit to China from July 27 to 31. Beijing Daily: To follow up on your announcement of the Italian Pr",0.172
Xinhua,792,2024-07-25,Xinhua,China to share modernization experience with Africa: senior legislator,"CHANGSHA, July 25 (Xinhua) -- China is willing to share with African countries its experience in realizing modernization and further promote China-Africa cooperation, a senior Chinese legislator said here on Thursday. Ch",0.153
Xinhua,793,2024-07-25,Xinhua,"Interview: Chinese modernization rejects short-termism, stresses sustainability -- British expert","LONDON, July 25 (Xinhua) -- Chinese modernization rejects short-termism and stresses sustainability, a British expert has said recently. In an interview with Xinhua, Keith Bennett, an international relations consultant b",0.116
Xinhua,794,2024-07-25,Xinhua,Chinese embassy in Lebanon marks 97th founding anniversary of PLA,"BEIRUT, July 25 (Xinhua) -- The Chinese embassy in Lebanon hosted a reception on Wednesday to commemorate the 97th anniversary of the founding of the People's Liberation Army (PLA) of China. More than 300 guests attended",0.07
Xinhua,795,2024-07-25,Xinhua,Chinese hospital ship demonstrates efforts to build maritime community of shared future,"BEIJING, July 25 (Xinhua) -- The People's Liberation Army Navy's Ark Peace hospital ship vividly demonstrates the navy's efforts to implement the Global Security Initiative and build a maritime community of a shared futu",0.049
MFA,482,2024-07-26,Ministry of Foreign Affairs of the People's Republic of China - Spokesperson's Remarks (English),"Foreign Ministry Spokesperson Mao Ning's Regular Press Conference on July 26, 2024","At the invitation of the government of the Islamic Republic of Iran, Special Envoy of President Xi Jinping and Vice Chairman of the Standing Committee of the National People's Congress Peng Qinghua will attend the inaugu",0.11
Xinhua,796,2024-07-26,Xinhua,Roundup: China's reform and opening-up commitment inspirational for Global South,"BEIJING, July 26 (Xinhua) -- Experts from many countries in the Global South paid close attention to the third plenary session of the 20th Communist Party of China (CPC) Central Committee, describing it as a milestone in",0.143
MFA,483,2024-07-27,Ministry of Foreign Affairs of the People's Republic of China - News (English),The 14th East Asia Summit Foreign Ministers' Meeting is Held in Vientiane,"On July 27, 2024 local time, the 14th East Asia Summit (EAS) Foreign Ministers' Meeting was held in Vientiane. Member of the Political Bureau of the CPC Central Committee and Foreign Minister Wang Yi attended and deliver",0.08
Xinhua,797,2024-07-28,Xinhua,"East Asia Summit should grasp correct direction, safeguard int'l justice: Wang Yi","VIENTIANE, July 27 (Xinhua) -- The 14th East Asia Summit (EAS) Foreign Ministers' Meeting was held here on Saturday, with Chinese Foreign Minister Wang Yi attending and delivering a speech. Wang, also a member of the Pol",0.076
MFA,484,2024-07-29,Ministry of Foreign Affairs of the People's Republic of China - News (English),Joint Statement between the People's Republic of China and the Democratic Republic of Timor-Leste on Strengthening Comprehensive Strategic Partnership,"Beijing, 29 July 2024 1.At the invitation of H.E. Xi Jinping, President of the People's Republic of China, H.E. Dr. José Ramos-Horta, President of the Democratic Republic of Timor-Leste, embarked on state visit to the Pe",0.181
Xinhua,798,2024-08-05,Xinhua,China donates 3 mln USD to UN agency for aid in Gaza,"RAMALLAH, Aug. 4 (Xinhua) -- China on Thursday donated 3 million U.S. dollars to the United Nations Relief and Works Agency for Palestine Refugees in the Near East (UNRWA) to support its emergency humanitarian efforts in",0.048
Xinhua,799,2024-08-07,Xinhua,Guest Opinion: Let Chinese wisdom illuminate the path to reconciliation in the Middle East,"by Yi Zhong From July 21 to 23, high-level representatives of 14 Palestinian factions held a reconciliation dialogue in Beijing. At the closing ceremony, representatives of these factions took the stage one after another",0.168
Xinhua,800,2024-08-09,Xinhua,"Roundup: China's comprehensively deepening reform """"great boon"""" to world economic growth: Cambodian experts","PHNOM PENH, Aug. 9 (Xinhua) -- China's further comprehensive deepening of reforms in the new era is a """"great boon"""" to the world economic growth and development, Cambodian experts said during a dialogue here on Friday. ",0.259
Xinhua,801,2024-08-10,Xinhua,"China's Global Civilization Initiative key pillar for community with shared future, say experts","ISLAMABAD, Aug. 10 (Xinhua) -- The Global Civilization Initiative (GCI) is a key pillar in China's vision for a community with a shared future for mankind and would be significant in fostering global peace, cooperation, ",0.137
Xinhua,802,2024-08-13,Xinhua,"1st LD-Writethru: Chinese FM to visit Myanmar, travel to Thailand to co-chair 9th LMC Foreign Ministers' Meeting, attend Informal Discussion between Foreign Ministers of China, Laos, Myanmar, Thailand","BEIJING, Aug. 13 (Xinhua) -- Wang Yi, a member of the Political Bureau of the Communist Party of China (CPC) Central Committee and Chinese Foreign Minister, will visit Myanmar and travel to Thailand to co-chair the ninth",0.062
Xinhua,803,2024-08-15,Xinhua,"Chinese, Cambodian FMs meet on bilateral, regional cooperation","BANGKOK, Aug. 15 (Xinhua) -- China and Cambodia should stay committed to developing their friendship and following the path of solidarity and win-win cooperation, Chinese Foreign Minister Wang Yi said in Chiang Mai, Thai",0.171
Xinhua,804,2024-08-17,Xinhua,"China, Laos, Myanmar, Thailand agree to step up joint efforts to combat cross-border crimes","BANGKOK, Aug. 16 (Xinhua) -- China, Laos, Myanmar and Thailand discussed cross-border crimes Friday at the Informal Discussion Between the Foreign Ministers of China, Laos, Myanmar and Thailand in Chiang Mai, Thailand. C",-0.108
Xinhua,805,2024-08-17,Xinhua,"LMC foreign ministers meet in Thailand, agree on closer connectivity, cooperation","BANGKOK, Aug. 16 (Xinhua) -- The ninth Lancang-Mekong Cooperation (LMC) Foreign Ministers' Meeting was held Friday in Thailand's northern city of Chiang Mai, with participants agreeing to further strengthen connectivity ",0.105
Xinhua,806,2024-08-17,Xinhua,Building community with shared future for Lancang-Mekong countries continues to deepen: Chinese FM,"BANGKOK, Aug. 16 (Xinhua) -- Building a community with a shared future for Lancang-Mekong continues is to deepen and make solid progress, Chinese Foreign Minister Wang Yi said in Chiang Mai, Thailand on Friday. When pres",0.083
Xinhua,807,2024-08-18,Xinhua,"Chinese premier, Fijian PM stress enhancing cooperation during talks","BEIJING, Aug. 18 (Xinhua) -- Chinese Premier Li Qiang held talks with Prime Minister of the Republic of Fiji Sitiveni Rabuka on Sunday in Beijing, calling on the two sides to push bilateral cooperation to a higher level.",0.131
MFA,485,2024-08-19,Ministry of Foreign Affairs of the People's Republic of China - News (English),Xi Jinping Holds Talks with General Secretary of CPV Central Committee and State President To Lam,"On August 19, 2024, General Secretary of the Central Committee of the Communist Party of China (CPC) and President Xi Jinping held talks with General Secretary of the Communist Party of Viet Nam (CPV) Central Committee a",0.18
Xinhua,808,2024-08-19,Xinhua,"Vietnam to strengthen exchanges, deepen cooperation with China: To Lam","BEIJING, Aug. 19 (Xinhua) -- Vietnam is willing to maintain close high-level exchanges, deepen strategic mutual trust, enhance synergy of development strategies, and promote mutually beneficial cooperation with China, Ge",0.141
Xinhua,809,2024-08-19,Xinhua,"3rd LD-Writethru-Xinhua Headlines: Xi, Lam hold talks, guiding development of China-Vietnam community with shared future","BEIJING, Aug. 19 (Xinhua) -- Xi Jinping, general secretary of the Communist Party of China (CPC) Central Committee and Chinese president, held talks with To Lam, general secretary of the Communist Party of Vietnam (CPV) ",0.151
MFA,486,2024-08-20,Ministry of Foreign Affairs of the People's Republic of China - News (English),Zhao Leji Attends the Commemoration of the 40th Anniversary of the NPC's Affiliation to the IPU and the Opening Ceremony of the 2024 Interregional Seminar on the Achievement of the SDGs for Parliaments of Developing Coun,"On the morning of August 20, 2024, Chairman of the Standing Committee of the National People's Congress (NPC) Zhao Leji attended the commemoration of the 40th anniversary of the NPC's affiliation to the Inter-Parliamenta",0.139
MFA,487,2024-08-20,Ministry of Foreign Affairs of the People's Republic of China - News (English),Xi Jinping Meets with Foreign Parliamentary Leaders Attending the Commemoration of the 40th Anniversary of the NPC's Affiliation to the IPU and the 2024 Interregional Seminar on the Achievement of the SDGs for Parliament,"On the afternoon of August 20, 2024, President Xi Jinping held a group meeting with foreign parliamentary leaders attending the commemoration of the 40th anniversary of the National People's Congress' (NPC) affiliation t",0.167
Xinhua,810,2024-08-21,Xinhua,"China's top legislator calls for enhanced cooperation with IPU, foreign legislative bodies","BEIJING, Aug. 20 (Xinhua) -- China is ready to work with the Inter-Parliamentary Union (IPU) and legislative bodies of other countries to expand forms of exchange, enrich the content of cooperation and constantly work to",0.13
Xinhua,811,2024-08-21,Xinhua,2nd LD-Writethru: Xi says China to continue to support NPC in deepening exchanges with IPU,"BEIJING, Aug. 20 (Xinhua) -- Chinese President Xi Jinping said Tuesday that China will, as always, support the National People's Congress (NPC) in deepening exchanges and cooperation with the Inter-Parliamentary Union (I",0.192
MFA,488,2024-08-22,Ministry of Foreign Affairs of the People's Republic of China - News (English),Joint Statement between the People's Republic of China and the Republic of Fiji,"1.At the invitation of Premier Li Qiang of the State Council of the People's Republic of China, Prime Minister Sitiveni Rabuka of the Republic of Fiji paid an official visit to China from August 12 to 21, 2024. During th",0.163
Xinhua,812,2024-08-23,Xinhua,Xi urges advancing socialism with Chinese characteristics at symposium held to mark Deng Xiaoping's 120th birth anniversary,"BEIJING, Aug. 23 (Xinhua) -- The Communist Party of China (CPC) Central Committee held a symposium on the morning of Aug. 22 at the Great Hall of the People to commemorate the 120th birth anniversary of Comrade Deng Xiao",0.163
Xinhua,813,2024-08-31,Xinhua,(FOCAC)Guest Opinion: Jointly build a closer China-Africa community with shared future to push forward China-Eritrea strategic partnership,by Li Xiang The 2024 Summit of the Forum on China-Africa Cooperation (FOCAC) will be held in Beijing on Sept. 4-6. Chinese and African leaders will gather in Beijing again after six years to discuss future development an,0.077
Xinhua,814,2024-09-02,Xinhua,"Xiplomacy: Xi encourages African scholars to bolster China-Africa cooperation, Global South development","NAIROBI, Sept. 2 (Xinhua) -- Chinese President Xi Jinping encouraged African scholars to continue to provide intellectual support for building a high-level China-Africa community with a shared future and safeguarding the",0.151
MFA,489,2024-09-03,Ministry of Foreign Affairs of the People's Republic of China - News (English),Xi Jinping Meets with Mauritanian President Mohamed Ould Cheikh Ghazouani,"On the evening of September 3, 2024, President Xi Jinping met with Mauritanian President Mohamed Ould Cheikh Ghazouani, who is in China for the Beijing Summit of the Forum on China-Africa Cooperation (FOCAC), at the Grea",0.162
MFA,490,2024-09-03,Ministry of Foreign Affairs of the People's Republic of China - News (English),Xi Jinping Meets with Chairperson of AUC Moussa Faki Mahamat,"On the morning of September 3, 2024, President Xi Jinping met with Chairperson of the African Union Commission (AUC) Moussa Faki Mahamat, who is in China for the Beijing Summit of the Forum on China-Africa Cooperation (F",0.29
MFA,491,2024-09-03,Ministry of Foreign Affairs of the People's Republic of China - News (English),The Shanghai Declaration of the 2024 Legislators Forum for Friendly Exchanges,"On September 3,2024, the 2024 Legislators Forum for Friendly Exchanges was held in the city of Shanghai. More than 40 legislators and former legislators from 40-plus countries and over 70 deputies to the National People'",0.169
MFA,492,2024-09-03,Ministry of Foreign Affairs of the People's Republic of China - News (English),Xi Jinping Meets with President of Chad Mahamat Idriss Deby Itno,"On the morning of September 3, 2024, President Xi Jinping met with President of Chad Mahamat Idriss Deby Itno, who is in China for the Beijing Summit of the Forum on China-Africa Cooperation (FOCAC), at the Great Hall of",0.195
Xinhua,815,2024-09-03,Xinhua,(FOCAC) 2nd LD-Writethru: Xi meets African Union Commission chairperson,"BEIJING, Sept. 3 (Xinhua) -- Chinese President Xi Jinping on Tuesday met with Chairperson of the African Union (AU) Commission Moussa Faki Mahamat, who is in Beijing for the 2024 Summit of the Forum on China-Africa Coope",0.262
Xinhua,816,2024-09-03,Xinhua,(FOCAC) 9th FOCAC Ministerial Conference held in Beijing,"BEIJING, Sept. 3 (Xinhua) -- The Ninth Ministerial Conference of the Forum on China-Africa Cooperation (FOCAC) was held on Tuesday in Beijing, laying the groundwork for the forthcoming FOCAC Beijing summit. Foreign minis",0.058
Xinhua,817,2024-09-03,Xinhua,"(FOCAC) Interview: China-Africa consensus on green growth, peace rock-solid -- Kenyan president","NAIROBI, Sept. 3 (Xinhua) -- As China-Africa cooperation thrives, both sides agree on the need to foster green and inclusive growth, peace, and civilizational dialogue, Kenyan President William Ruto said here on Monday. ",0.207
Xinhua,818,2024-09-03,Xinhua,"(FOCAC) Guest Opinion: China's modernization drive: inspirations, opportunities for Africa","by Sithembiso Bhengu From July 15 to 18, the 20th Central Committee of the Communist Party of China (CPC) held its third plenary session, in which it discussed, reviewed and adopted resolutions to advance Chinese moderni",0.136
Xinhua,819,2024-09-03,Xinhua,"(FOCAC) Interview: FOCAC enriches Africa-China relations, says Egyptian PM","by Xinhua writers Mao Lei, Yao Bing CAIRO, Sept. 3 (Xinhua) -- The Forum on China-Africa Cooperation (FOCAC) has enriched the Africa-China relations and achieved fruitful results, Egyptian Prime Minister Mostafa Madbouly",0.084
Xinhua,820,2024-09-04,Xinhua,"(FOCAC)Interview: China is a true friend that stands with Gabon through thick and thin, says Gabonese president","LIBREVILLE, Sept. 4 (Xinhua) -- China and Gabon have upheld a robust and supportive friendship over the 50 years of diplomatic relations, with China consistently supporting Gabon through challenging times, Gabonese Presi",0.192
Xinhua,821,2024-09-04,Xinhua,(FOCAC) Chinese vice premier meets UN chief,"BEIJING, Sept. 4 (Xinhua) -- Chinese Vice Premier Ding Xuexiang on Wednesday met with United Nations (UN) Secretary-General Antonio Guterres, who is in Beijing for the 2024 Summit of the Forum on China-Africa Cooperation",0.094
Xinhua,822,2024-09-04,Xinhua,(FOCAC) 2nd LD-Writethru: Xi meets Mozambican president,"BEIJING, Sept. 4 (Xinhua) -- Chinese President Xi Jinping on Wednesday met with Mozambican President Filipe Jacinto Nyusi, who is in Beijing for the 2024 Summit of the Forum on China-Africa Cooperation (FOCAC). Xi said t",0.122
MFA,493,2024-09-05,Ministry of Foreign Affairs of the People's Republic of China - News (English),Xi Jinping Attends the Opening Ceremony of the Beijing Summit of the Forum on China-Africa Cooperation and Delivers a Keynote Address,"On the morning of September 5, 2024, President Xi Jinping attended the opening ceremony of the Beijing Summit of the Forum on China-Africa Cooperation (FOCAC) and delivered a keynote address at the Great Hall of the Peop",0.127
MFA,494,2024-09-05,Ministry of Foreign Affairs of the People's Republic of China - News (English),Beijing Declaration on Jointly Building an All-Weather China-Africa Community with a Shared Future for the New Era,"We, the Heads of State, Government and Delegations of the People's Republic of China and 53 African countries, and the Chairperson of the African Union Commission, gathered in China from September 4 to 6 for the 2024 Bei",0.154
MFA,495,2024-09-05,Ministry of Foreign Affairs of the People's Republic of China - News (English),Forum on China-Africa Cooperation Beijing Action Plan (2025-2027),"CONTENTS 1. PREAMBLE 4 2. THE KEY MEASURES TO SUPPORT AFRICA BY THE CHINESE SIDE IN THE NEXT THREE YEARS 7 3.POLITICAL, PEACE AND SECURITY COOPERATION 12 3.1 High-Level Visits and Dialogue 13 3.2 Exchanges Between Politi",0.127
MFA,496,2024-09-05,Ministry of Foreign Affairs of the People's Republic of China - News (English),Joining Hands to Advance Modernization and Build a Community with a Shared Future,"Keynote Address by H.E. Xi Jinping President of the People's Republic of China At the Opening Ceremony of the Beijing Summit of The Forum on China-Africa Cooperation Beijing, September 5, 2024 Your Excellency President B",0.126
Xinhua,823,2024-09-05,Xinhua,"(FOCAC) FOCAC has become model of effective partnership, says Senegalese president","BEIJING, Sept. 5 (Xinhua) -- The Forum on China-Africa Cooperation (FOCAC) has become a model of effective partnership based on dialogue and mutual respect, said Senegalese President Bassirou Diomaye Faye here on Thursda",0.222
Xinhua,824,2024-09-05,Xinhua,(FOCAC) Partnership action plans demonstrate China's commitment to modernization of Global South: AU official,"BEIJING, Sept. 5 (Xinhua) -- A series of partnership action plans proposed by Chinese President Xi Jinping at the 2024 Summit of the Forum on China-Africa Cooperation (FOCAC) demonstrates China's willingness to support t",0.169
Xinhua,825,2024-09-05,Xinhua,(FOCAC) 4th LD: Xi proposes partnership actions to jointly advance modernization with Africa,"BEIJING, Sept. 5 (Xinhua) -- Chinese President Xi Jinping said on Thursday that China stands ready to work with Africa to implement 10 partnership actions to jointly advance modernization. One-third of the world's popula",0.078
Xinhua,826,2024-09-05,Xinhua,(FOCAC) Full text: Keynote address by Chinese President Xi Jinping at opening ceremony of 2024 FOCAC summit,"BEIJING, Sept. 5 (Xinhua) -- Chinese President Xi Jinping on Thursday delivered a keynote address at the opening ceremony of the 2024 Summit of the Forum on China-Africa Cooperation (FOCAC). The following is the full tex",0.129
Xinhua,827,2024-09-06,Xinhua,"(FOCAC) Interview: FOCAC drives forward community with shared future for mankind, says Botswanan president","GABORONE, Sept. 6 (Xinhua) -- The Forum on China-Africa Cooperation (FOCAC) has provided important driving forces for building a community with a shared future for mankind, Botswanan President Mokgweetsi Masisi has said.",0.156
Xinhua,828,2024-09-06,Xinhua,"(FOCAC) Chinese, African leaders call for enhanced cooperation on peace, security","BEIJING, Sept. 5 (Xinhua) -- Chinese and African leaders on Thursday called for enhanced cooperation on maintaining peace and security at a high-level meeting of the 2024 Summit of the Forum on China-Africa Cooperation (",0.132
Xinhua,829,2024-09-06,Xinhua,"Chinese VP calls for deepening solidarity, cooperation in Northeast Asia","VLADIVOSTOK, Sept. 5 (Xinhua) -- Chinese Vice President Han Zheng on Thursday called for deepening cooperation in the Northeast Asia region while addressing the 9th Eastern Economic Forum in Russia's Far East city of Vla",0.123
Xinhua,830,2024-09-06,Xinhua,(FOCAC) 5th LD-Writethru-Xinhua Headlines-Xi Focus: Xi proposes partnership actions to jointly advance modernization with Africa,"BEIJING, Sept. 5 (Xinhua) -- China and Africa have been more closely bonded in their pursuit of modernization as Chinese President Xi Jinping announced here on Thursday an upgrade of China-Africa relations and unveiled 1",0.097
Xinhua,831,2024-09-07,Xinhua,FOCAC provides platform to deepen China-Africa cooperation on global issues: Ghanaian expert,"ACCRA, Sept. 6 (Xinhua) -- The 2024 Summit of the Forum on China-Africa Cooperation (FOCAC) provides a platform for China and Africa to deepen their cooperation on global issues, Paul Frimpong, executive director of the ",0.114
Xinhua,832,2024-09-07,Xinhua,1st China-East Africa Ministerial Dialogue on Law Enforcement and Security Cooperation held in Beijing,"BEIJING, Sept. 7 (Xinhua) -- The first China-East Africa Ministerial Dialogue on Law Enforcement and Security Cooperation was held in Beijing on Saturday. The dialogue aimed to provide high-level guarantees for common se",0.084
Xinhua,833,2024-09-09,Xinhua,China ready to contribute to global public security governance: official,"NANJING, Sept. 9 (Xinhua) -- China will take concrete actions to contribute Chinese wisdom and strength to global public security governance, Chinese State Councilor and Minister of Public Security Wang Xiaohong said Mon",0.146
Xinhua,834,2024-09-10,Xinhua,Interview: China-Africa cooperation mutually beneficial in essence -- former S. African diplomat,"JOHANNESBURG, Sept. 10 (Xinhua) -- The Africa-China partnership is a mutually beneficial endeavor with huge potential for further growth, a former South African senior diplomat has said. Gert Grobler, a former South Afri",0.155
Xinhua,835,2024-09-10,Xinhua,China to strengthen mine clearance cooperation with African countries,"BEIJING, Sept. 9 (Xinhua) -- China is willing to strengthen mine clearance cooperation with African countries and help Africa eliminate the threat of mines as soon as possible, foreign ministry spokesperson Mao Ning said",0.134
Xinhua,836,2024-09-12,Xinhua,"China advocates BRICS enhancing counter-terrorism, cybersecurity cooperation, says Wang Yi","ST. PETERSBURG, Sept. 11 (Xinhua) -- The BRICS countries should work together to further strengthen pragmatic cooperation on counter-terrorism and cybersecurity issues, Wang Yi, director of the Office of the Central Comm",0.147
Xinhua,837,2024-09-12,Xinhua,Wang Yi calls for BRICS to jointly address security threats,"ST. PETERSBURG, Sept. 11 (Xinhua) -- Wang Yi, director of the Office of the Central Commission for Foreign Affairs, on Wednesday called for BRICS countries to join hands in addressing security threats at a high-level mee",0.16
Xinhua,838,2024-09-12,Xinhua,Xinhua Commentary: China and Latin America share vision for global human rights governance,"by Xinhua writers Chen Weihua, Xuan Liqi RIO DE JANEIRO, Sept. 12 (Xinhua) -- Senior officials, experts and scholars in the field of human rights from China and countries in Latin America and the Caribbean (LAC) exchange",0.104
MFA,497,2024-09-13,Ministry of Foreign Affairs of the People's Republic of China - News (English),Xi Jinping Sends Congratulatory Letter to the 11th Beijing Xiangshan Forum,"On September 13, 2024, President Xi Jinping sent a congratulatory letter to the 11th Beijing Xiangshan Forum. Xi Jinping pointed out that in the face of global changes of a magnitude unseen in a century and the expectati",0.141
Xinhua,839,2024-09-13,Xinhua,"Rwanda views China as important, reliable partner: FM","KIGALI, Sept. 13 (Xinhua) -- Rwanda views China as an important and reliable partner that has significantly contributed to the country's socioeconomic development, a senior official said Thursday. """"This collaboration ha",0.238
Xinhua,840,2024-09-13,Xinhua,2nd LD-Writethru: Xi sends congratulatory letter to 11th Beijing Xiangshan Forum,"BEIJING, Sept. 13 (Xinhua) -- Chinese President Xi Jinping has sent a congratulatory letter to the 11th Beijing Xiangshan Forum that opened in Beijing on Friday. In the letter, Xi pointed out that in the face of global c",0.138
Xinhua,841,2024-09-13,Xinhua,"China calls for pushing SCO law enforcement, security cooperation to new level","BEIJING, Sept. 13 (Xinhua) -- Chinese State Councilor and Minister of Public Security Wang Xiaohong met with heads of delegations of the 42nd meeting of the Council of the Regional Anti-Terrorist Structure (RATS) of the ",0.057
Xinhua,842,2024-09-13,Xinhua,Chinese defense minister urges pooling strength for peace in times of changes,"BEIJING, Sept. 13 (Xinhua) -- Chinese Defense Minister Dong Jun on Friday called on countries to pool their efforts to promote peace and stability as the world is in a time of change. In his keynote speech delivered at t",0.212
Xinhua,843,2024-09-14,Xinhua,China Focus: China's Global Security Initiative widely echoed in top security forum,"BEIJING, Sept. 13 (Xinhua) -- The Global Security Initiative (GSI) that China proposed to pursue common peace was widely echoed and endorsed by strategists and scholars worldwide at the 11th Beijing Xiangshan Forum, whic",0.09
Xinhua,844,2024-09-14,Xinhua,"China Focus: Global South plays larger role in world peace, security","BEIJING, Sept. 14 (Xinhua) -- The Global South, including China, is playing an increasingly pivotal role in world peace and security, according to officials, strategists and scholars from around the world who participate",0.139
Xinhua,845,2024-09-14,Xinhua,Kenya hosts seminar to review two decades of FOCAC's positive impacts,"NAIROBI, Sept. 13 (Xinhua) -- A seminar was held Friday in Nairobi, the Kenyan capital to assess milestones achieved since the inception of the Forum on China-Africa Cooperation (FOCAC) more than two decades ago. Senior ",0.02
Xinhua,846,2024-09-19,Xinhua,Chinese vice president attends opening ceremony of International Peace Day event,"JINAN, Sept. 19 (Xinhua) -- Chinese Vice President Han Zheng addressed the opening ceremony of the Commemoration of the International Day of Peace 2024 in Jinan in east China's Shandong Province on Thursday. Han noted th",0.189
MFA,498,2024-09-20,Ministry of Foreign Affairs of the People's Republic of China - News (English),Xi Jinping Holds Talks with King of Malaysia Sultan Ibrahim,"On the afternoon of September 20, 2024, President Xi Jinping held talks with King of Malaysia Sultan Ibrahim, who is in China for a state visit, at the Great Hall of the People in Beijing. Xi Jinping pointed out that as ",0.176
Xinhua,847,2024-09-21,Xinhua,2nd LD-Writethru: Xi holds talks with Malaysia's king,"BEIJING, Sept. 20 (Xinhua) -- Chinese President Xi Jinping on Friday held talks with Malaysia's King Sultan Ibrahim Sultan Iskandar in Beijing, pledging to work with Malaysia to bring the building of a China-Malaysia com",0.185
MFA,499,2024-09-23,Ministry of Foreign Affairs of the People's Republic of China - Spokesperson's Remarks (English),"Foreign Ministry Spokesperson Lin Jian's Regular Press Conference on September 23, 2024",Member of the Standing Committee of the Political Bureau of the CPC Central Committee and Vice Premier of the State Council Ding Xuexiang will attend and address the opening ceremony of the 21st China-ASEAN Expo and the ,0.081
MFA,500,2024-09-24,Ministry of Foreign Affairs of the People's Republic of China - News (English),Address by Ding Xuexiang Vice Premier of the State Council of the People's Republic of China at the Opening Ceremony of the 21st China-ASEAN Expo and China-ASEAN Business and Investment Summit,"Nanning, September 24, 2024 Honorable Leaders, Dear Guests, Ladies and Gentlemen, Friends, Good morning! It is a pleasure to be here with you for the 21st China-ASEAN Expo (CAEXPO) and China-ASEAN Business and Investment",0.202
Xinhua,848,2024-09-24,Xinhua,China calls for joint efforts to advance global governance,"UNITED NATIONS, Sept. 23 (Xinhua) -- Chinese Foreign Minister Wang Yi on Monday called on the international community to """"take good care of our common home"""" and make joint efforts to advance global governance, as """"hum",0.146
Xinhua,849,2024-09-24,Xinhua,China pledges joint efforts with ASEAN to build closer community with shared future: vice premier,"NANNING, Sept. 24 (Xinhua) -- China is willing to work with the Association of Southeast Asian Nations (ASEAN) to deepen practical cooperation and write a new chapter in building a closer China-ASEAN community with a sha",0.167
Xinhua,850,2024-09-26,Xinhua,"Interview: China's views on global relations reasonable, promising: former Slovenian president","LJUBLJANA, Sept. 26 (Xinhua) -- China holds the """"most reasonable and promising views"""" on the international situation, global relations and the state of international community, Slovenia's former President Danilo Turk s",0.089
MFA,501,2024-09-27,Ministry of Foreign Affairs of the People's Republic of China - Spokesperson's Remarks (English),"Foreign Ministry Spokesperson Lin Jian's Regular Press Conference on September 27, 2024","At the invitation of the Mexican government, President Xi Jinping's special envoy and Vice Chairperson of the Standing Committee of the National People's Congress Tie Ning will attend Mexico's presidential inauguration c",0.068
Xinhua,851,2024-09-27,Xinhua,China's top legislator holds talks with chairperson of Uzbekistan's senate,"BEIJING, Sept. 27 (Xinhua) -- Zhao Leji, China's top legislator, held talks with Tanzila Narbayeva, chairperson of the Senate of Uzbekistan, on Friday in Beijing. Zhao, chairman of the National People's Congress (NPC) St",0.185
Xinhua,852,2024-09-29,Xinhua,Guest Opinion: China's transformations inspire global development,"by Rania Aboelkheir On Oct. 1, the People's Republic of China will celebrate its diamond jubilee, marking the 75th anniversary of its founding. Over these 75 years, China has undergone numerous major transformations, evo",0.166
Xinhua,853,2024-09-29,Xinhua,Chinese FM outlines China's vision for addressing global challenges,"UNITED NATIONS, Sept. 29 (Xinhua) -- Chinese Foreign Minister Wang Yi on Saturday outlined China's vision for tackling the world's most urgent challenges, reaffirming the country's role as a proactive force in global gov",0.078
MFA,502,2024-09-30,Ministry of Foreign Affairs of the People's Republic of China - Spokesperson's Remarks (English),"Foreign Ministry Spokesperson Lin Jian's Regular Press Conference on September 30, 2024","CCTV: Foreign Minister Wang Yi attended the General Debate of the 79th Session of the United Nations General Assembly in New York. Can you share more details with us? Lin Jian: On September 28 local time, Member of the P",0.076
Xinhua,854,2024-09-30,Xinhua,Roundup: World leaders hope to deepen cooperation with China,"BEIJING, Sept. 30 (Xinhua) -- On the occasion of the 75th anniversary of the founding of the People's Republic of China, leaders from various countries have expressed their hopes to deepen friendly cooperation with China",0.211
Xinhua,855,2024-10-01,Xinhua,"Guest Opinion: China major contributor to global poverty alleviation, peace","by Joseph Matthews China's impact on global poverty alleviation, peace, stability, and sustainable development has resonated worldwide, shaping the future of international cooperation. Over the past 40 years, China has l",0.032
Xinhua,856,2024-10-01,Xinhua,"Roundup: Experts, officials applaud Xi's pledge to promote peace and development in National Day speech","BEIJING, Oct. 1 (Xinhua) -- Experts and officials around the world have applauded Chinese President Xi Jinping's latest pledge that the Chinese people will score more remarkable achievements and make greater contribution",0.174
Xinhua,857,2024-10-02,Xinhua,Xi delivers speech at reception held in Beijing to celebrate 75th founding anniversary of PRC,"BEIJING, Oct. 2 (Xinhua) -- A grand reception celebrating the 75th anniversary of the founding of the People's Republic of China (PRC) was held at the Great Hall of the People on the evening of Sept. 30. Xi Jinping, gene",0.168
Xinhua,858,2024-10-12,Xinhua,1st LD Writethru: China ready to strengthen synergy of development strategies with Laos -- Premier Li,"VIENTIANE, Oct. 12 (Xinhua) -- China is ready to strengthen the synergy of development strategies with Laos, promote the expansion and improvement of economic and trade cooperation, explore more converging interests and ",0.243
Xinhua,859,2024-10-15,Xinhua,1st LD Writethru: China to work with Tajikistan to tap cooperation potential -- Premier Li,"ISLAMABAD, Oct. 15 (Xinhua) -- Chinese Premier Li Qiang said here on Tuesday that China is ready to work with Tajikistan, focusing on the high-quality Belt and Road cooperation, to tap the potential of cooperation in var",0.178
MFA,503,2024-10-16,Ministry of Foreign Affairs of the People's Republic of China - News (English),Joint Statement between the Islamic Republic of Pakistan and the People's Republic of China,"Islamabad, 15 October 2024 At the invitation of H.E. Mr. Muhammad Shehbaz Sharif, Prime Minister of the Islamic Republic of Pakistan, H.E. Mr. Li Qiang, Premier of the State Council of the People's Republic of China, pai",0.144
MFA,504,2024-10-24,Ministry of Foreign Affairs of the People's Republic of China - News (English),Combining the Great Strength of the Global South to Build Together a Community with a Shared Future for Mankind,"Remarks by H.E. Xi Jinping President of the People's Republic of China At the """"BRICS Plus"""" Dialogue Kazan, October 24, 2024 Your Excellency President Vladimir Putin, Colleagues, I would like to thank President Putin an",0.161
MFA,505,2024-10-24,Ministry of Foreign Affairs of the People's Republic of China - News (English),"Xi Jinping Attends the """"BRICS Plus"""" Dialogue and Delivers Important Remarks","On the morning of October 24, 2024 local time, President Xi Jinping attended the """"BRICS Plus"""" Dialogue at the Kazan Expo International Exhibition Centre and delivered important remarks entitled """"Combining the Great St",0.151
MFA,506,2024-10-24,Ministry of Foreign Affairs of the People's Republic of China - Spokesperson's Remarks (English),"Foreign Ministry Spokesperson Lin Jian's Regular Press Conference on October 24, 2024","CCTV: Yesterday, President Xi Jinping attended the 16th BRICS Summit and delivered an important statement. It's commented by many in other countries that President Xi Jinping's five proposals will elevate BRICS cooperati",0.13
Xinhua,860,2024-10-24,Xinhua,Ethiopian experts hail China's modernization path as crucial catalyst for global development,"ADDIS ABABA, Oct. 23 (Xinhua) -- Ethiopian experts have lauded China's path to modernization as a crucial catalyst for global development and progress, particularly in fostering a more balanced multipolar international s",0.145
Xinhua,861,2024-10-24,Xinhua,"Interview: China plays key role of BRICS countries in pursuing true multilateralism, Indian experts say","by Wu Yue COLOMBO, Oct. 24 (Xinhua) -- """"BRICS works to promote true multilateralism and support changes in global governance, and China plays an important role by actively engaging in discussions and initiatives that ai",0.169
Xinhua,862,2024-10-24,Xinhua,"2nd LD Writethru: Xi urges """"BRICS Plus"""" to pursue common security and development, harmony among civilizations","KAZAN, Russia, Oct. 24 (Xinhua) -- Chinese President Xi Jinping on Thursday called on """"BRICS Plus"""" countries to strive for common security, common development and harmony among civilizations. Xi made the remarks while ",0.117
Xinhua,863,2024-10-24,Xinhua,"Full Text: Address by Chinese President Xi Jinping at """"BRICS Plus"""" leaders' dialogue","KAZAN, Russia, Oct. 24 (Xinhua) -- Chinese President Xi Jinping on Thursday delivered an important speech at the """"BRICS Plus"""" leaders' dialogue in Kazan, Russia. The following is the full text of the speech: Combining ",0.166
MFA,507,2024-10-25,Ministry of Foreign Affairs of the People's Republic of China - Spokesperson's Remarks (English),"Foreign Ministry Spokesperson Lin Jian's Regular Press Conference on October 25, 2024","China Daily: Yesterday President Xi Jinping attended the """"BRICS Plus"""" Dialogue and delivered important remarks. The international community, especially developing countries, welcomed President Xi Jinping's three-point ",0.073
Xinhua,864,2024-10-30,Xinhua,"China vows to deepen counterterrorism, law enforcement cooperation with Egypt","BEIJING, Oct. 29 (Xinhua) -- China is willing to work with the Egyptian side to deepen cooperation on counterterrorism and law enforcement, Chinese State Councilor and Minister of Public Security Wang Xiaohong said Tuesd",0.156
Xinhua,865,2024-10-31,Xinhua,"Chinese FM meets UNGA president, calling for deepened cooperation","BEIJING, Oct. 31 (Xinhua) -- Chinese Foreign Minister Wang Yi met Thursday with Philemon Yang, President of the 79th session of the UN General Assembly, calling for deepened cooperation with the United Nations. Wang, als",0.056
Xinhua,866,2024-10-31,Xinhua,"Minsk conference focuses on Eurasian security, world multipolarity","MINSK, Oct. 31 (Xinhua) -- The Second Minsk International Conference on Eurasian Security kicked off on Thursday, with the aim to conduct frank and inclusive discussions on such topics as the multi-polarization of the wo",0.039
Xinhua,867,2024-11-05,Xinhua,Senior CPC official pledges to advance China-Kenya cooperation,"NAIROBI, Nov. 5 (Xinhua) -- Li Xi, a senior official of the Communist Party of China (CPC), on Tuesday concluded an official goodwill visit to Kenya, where he expressed commitment to fostering an even closer China-Kenya ",0.176
MFA,508,2024-11-07,Ministry of Foreign Affairs of the People's Republic of China - Spokesperson's Remarks (English),"Foreign Ministry Spokesperson Mao Ning's Regular Press Conference on November 7, 2024",China News Service: The eighth Greater Mekong Subregion (GMS) Summit was held in Kunming this morning. Premier of the State Council Li Qiang attended and addressed the event. Can you share more information on that? Mao N,0.156
Xinhua,868,2024-11-07,Xinhua,"China, Cuba vow to strengthen exchange in rule-of-law development","BEIJING, Nov. 7 (Xinhua) -- Zhao Leji, China's top legislator, and Esteban Lazo Hernandez, president of Cuba's National Assembly of People's Power, held talks on Thursday in Beijing, vowing to strengthen exchange in the ",0.185
Xinhua,869,2024-11-09,Xinhua,Xinhua Commentary: Jointly build Asia-Pacific community with a shared future through high-quality development,"BEIJING, Nov. 9 (Xinhua) -- The upcoming 31st APEC Economic Leaders' Meeting in Lima, Peru, coincides with the forum's 35th anniversary. Over the past 35 years, Asia-Pacific regional cooperation has yielded fruitful resu",0.217
MFA,509,2024-11-14,Ministry of Foreign Affairs of the People's Republic of China - News (English),China-Peru Friendship: Setting Sail Toward an Even Brighter Future,"Xi Jinping President of the People's Republic of China Early summer in the Southern Hemisphere is a season brimming with vitality and hope. At the invitation of President Dina Boluarte, I will soon pay a state visit to t",0.144
MFA,510,2024-11-14,Ministry of Foreign Affairs of the People's Republic of China - News (English),China-Peru Friendship: Setting Sail Toward an Even Brighter Future,"Xi Jinping President of the People's Republic of China Early summer in the Southern Hemisphere is a season brimming with vitality and hope. At the invitation of President Dina Boluarte, I will soon pay a state visit to t",0.144
Xinhua,870,2024-11-14,Xinhua,"Interview: China-proposed initiatives key to global governance, says Rwandan expert","KIGALI, Nov. 14 (Xinhua) -- China-proposed initiatives are playing a critical role in improving the global governance system, a Rwandan expert has said. """"China is sharing its development experience with other countries ",0.195
Xinhua,871,2024-11-14,Xinhua,"2nd LD Writethru: Chinese, Peruvian presidents to attend inauguration of Chancay Port via video","LIMA, Nov. 14 (Xinhua) -- Chinese President Xi Jinping said in a signed article published Thursday in Peruvian media outlet El Peruano that during his visit, he and President Dina Boluarte will attend the inauguration ce",0.087
Xinhua,872,2024-11-14,Xinhua,Chinese vice premier meets with Azerbaijani president Aliyev,"BAKU, Nov. 14 (Xinhua) -- Chinese Vice Premier Ding Xuexiang on Wednesday met with Azerbaijani President Ilham Aliyev in Baku, the capital city of Azerbaijan. Ding, also a member of the Standing Committee of the Politica",0.232
Xinhua,873,2024-11-14,Xinhua,Full Text of Chinese president's signed article in Peruvian media,"LIMA, Nov. 14 (Xinhua) -- Chinese President Xi Jinping published a signed article in Peruvian media outlet El Peruano on Thursday under the title """"China-Peru Friendship: Setting Sail Toward an Even Brighter Future"""" ahe",0.148
Xinhua,874,2024-11-14,Xinhua,1st LD: Xi says China ready to champion true multilateralism with Peru,"LIMA, Nov. 14 (Xinhua) -- China is ready to work with Peru to champion true multilateralism, promote an equal and orderly multipolar world and a universally beneficial and inclusive economic globalization, Chinese Presid",0.048
Xinhua,875,2024-11-16,Xinhua,"""""We are in the same boat"""": Xi dynamizes G20 cooperation in uncertain world","by Xinhua writer He Fei BEIJING, Nov. 16 (Xinhua) -- As a representative mix of the world's major economies, the Group of Twenty (G20) has become the premier forum the world looks up to today in moments of global economi",0.053
MFA,511,2024-11-20,Ministry of Foreign Affairs of the People's Republic of China - Spokesperson's Remarks (English),"Foreign Ministry Spokesperson Lin Jian's Regular Press Conference on November 20, 2024",Dragon TV: Recently President Xi Jinping put forth the Global Cross-Border Data Flow Cooperation Initiative at the 31st APEC Economic Leaders' Meeting. The full text of the initiative was officially released by China at ,0.075
Xinhua,876,2024-11-20,Xinhua,"Guest Opinion: China a key contributor to building world of peace, security, common development","by Kin Phea As the world is increasingly interconnected yet deeply divided, China has been playing a pivotal role in promoting global peace, security, governance, common development and shared prosperity. China is an ind",0.168
Xinhua,877,2024-11-20,Xinhua,China ready to deepen int'l cooperation on cross-border data flow: spokesperson,"BEIJING, Nov. 20 (Xinhua) -- China stands ready to conduct and deepen exchanges and cooperation on cross-border data flow with other parties, a foreign ministry spokesperson said on Wednesday. China has put forth the Gl",0.079
Xinhua,878,2024-11-21,Xinhua,Chinese Defense Minister addresses ASEAN Defense Ministers' Meeting Plus,"VIENTIANE, Nov. 21 (Xinhua) -- Chinese Defense Minister Dong Jun on Thursday attended the 11th ASEAN (the Association of Southeast Asian Nations) Defense Ministers' Meeting Plus and delivered a speech. Noting the Asia-Pa",0.081
Xinhua,879,2024-11-22,Xinhua,Guest Opinion: A towering pillar built by BRICS,"by Xin Ping A 42-year-old woman waist-deep in filthy floodwater, her brows furrowed as she held her dog above the rising waters. In May, torrential floods caused by overflowing rivers left large parts of Brazil's Rio Gra",0.024
Xinhua,880,2024-11-23,Xinhua,CPC delegation attends International Conference of Asian Political Parties in Cambodia,"PHNOM PENH, Nov. 23 (Xinhua) -- A delegation of the Communist Party of China (CPC) attended the 12th International Conference of Asian Political Parties and related activities in Cambodia from Thursday to Saturday, at th",0.068
Xinhua,881,2024-11-24,Xinhua,Asian political parties welcome China's Global Civilization Initiative in promoting culture of peace,"PHNOM PENH, Nov. 24 (Xinhua) -- Representatives of Asian political parties have welcomed China-proposed Global Civilization Initiative (GCI) to promote a culture of peace, said a declaration released in Phnom Penh on Sat",0.208
Xinhua,882,2024-11-26,Xinhua,"1st LD-Writethru: Xi meets Samoan PM, says China prioritizes empowering Pacific Island countries to tackle climate change","BEIJING, Nov. 26 (Xinhua) -- Chinese President Xi Jinping met with Samoan Prime Minister Fiame Naomi Mata'afa in Beijing on Tuesday, saying China is willing to make empowering Pacific Island countries to tackle climate c",0.142
Xinhua,883,2024-11-29,Xinhua,"China, Interpol vow to strengthen law-enforcement cooperation","LYON, France, Nov. 28 (Xinhua) -- Chinese State Councilor and Minister of Public Security Wang Xiaohong met with International Criminal Police Organization (Interpol) President Ahmed Nasser Al-Raisi in Lyon on Thursday, ",0.059
Xinhua,884,2024-12-04,Xinhua,"Interview: Chinese modernization benefits Egypt, world -- former Egyptian PM","GUANGZHOU, Dec. 4 (Xinhua) -- Chinese modernization benefits Egypt and the world a lot, former Egyptian Prime Minister Essam Sharaf told Xinhua in a recent interview. The achievement of Chinese modernization is rooted de",0.126
Xinhua,885,2024-12-04,Xinhua,Kenya committed to long-term strategic partnership with China: senior official,"NAIROBI, Dec. 4 (Xinhua) -- Kenya remains committed to promoting the long-term and healthy growth of its relations with China as well as protecting the interests of Chinese nationals living in the country, a senior Kenya",0.225
Xinhua,886,2024-12-05,Xinhua,"Global delegates draw on wisdom of ancient Chinese military masterpiece """"The Art of War""""","BEIJING, Dec. 5 (Xinhua) -- More than 350 delegates from nearly 30 countries gathered in Beijing on Thursday to draw inspiration from the ancient Chinese military strategist Sun Tzu and his timeless masterpiece """"The Art",0.07
Xinhua,887,2024-12-10,Xinhua,1st LD: Xi says China will continue to be biggest engine of world economic growth,"BEIJING, Dec. 10 (Xinhua) -- Chinese President Xi Jinping said on Tuesday China has full confidence to achieve this year's economic growth target and will continue to play its role as the biggest engine of world economic",0.118
Xinhua,888,2024-12-10,Xinhua,2nd LD-Writethru-Xinhua Headlines: Xi says China will continue to be biggest engine of world economic growth,"BEIJING, Dec. 10 (Xinhua) -- Chinese President Xi Jinping said on Tuesday China has full confidence to achieve this year's economic growth target and will continue to play its role as the biggest engine of world economic",0.146
Xinhua,889,2024-12-12,Xinhua,Int'l university experts call for cooperation to promote global development,"BEIJING, Dec. 11 (Xinhua) -- About 100 university experts and scholars from China and around the world gathered at Peking University (PKU) on Wednesday, advocating for more cooperation to promote global development, secu",0.085
Xinhua,890,2024-12-17,Xinhua,Chinese FM attends CICA foreign ministers' meeting,"BEIJING, Dec. 17 (Xinhua) -- Chinese Foreign Minister Wang Yi attended the seventh foreign ministers' meeting of the Conference on Interaction and Confidence Building Measures in Asia (CICA) via video link on Tuesday. Wa",0.242
Xinhua,891,2024-12-29,Xinhua,Xinhua Headlines: Top 10 China news events of 2024,"BEIJING, Dec. 29 (Xinhua) -- As 2024 draws to a close, Xinhua News Agency has curated a selection of top 10 news stories that defined the year in China. Join us as we recap the standout moments of 2024. 1. CPC launches d",0.129
Xinhua,892,2024-12-30,Xinhua,Highlights of Guest Opinions on China's global role in 2024,"BEIJING, Dec. 30 (Xinhua) -- In 2024, experts, scholars and specialists from various fields across the world have shared their opinions with Xinhua on China's economy, diplomacy as well as international relations. The fo",0.134
Xinhua,893,2024-12-31,Xinhua,Yearender: Egypt-China ties grow stronger over 10 years of comprehensive strategic partnership,"by Mahmoud Fouly CAIRO, Dec. 31 (Xinhua) -- Egypt and China bid farewell to 2024 with stronger bilateral relations under a 2014 agreement to elevate their ties to a comprehensive strategic partnership. Marking the 10th a",0.093
Xinhua,894,2025-01-07,Xinhua,"Namibia, China pledge to advance outcomes of FOCAC Beijing Summit","WINDHOEK, Jan. 6 (Xinhua) -- Namibian President Nangolo Mbumba on Monday met with Wang Yi, a member of the Political Bureau of the Communist Party of China Central Committee and Chinese Foreign Minister, in the city of S",0.148
Xinhua,895,2025-01-08,Xinhua,"China, Republic of Congo to implement FOCAC outcomes for closer cooperation","BRAZZAVILLE, Jan. 8 (Xinhua) -- Visiting Chinese Foreign Minister Wang Yi held talks with his counterpart of the Republic of the Congo Jean-Claude Gakosso on Tuesday, pledging to implement the outcomes of the Beijing Sum",0.12
Xinhua,896,2025-01-10,Xinhua,Chinese FM calls for China-Africa cooperation on global governance reform,"ABUJA, Jan. 10 (Xinhua) -- China is ready to work with African countries to advance the reform of the global governance system, Chinese Foreign Minister Wang Yi said Friday. Wang, also a member of the Political Bureau of",0.07
Xinhua,897,2025-01-10,Xinhua,China to align development initiatives with Nigeria's Renewed Hope Agenda: FM,"ABUJA, Jan. 9 (Xinhua) -- China is willing to work with Nigeria to implement the outcomes of the Beijing Summit of the Forum on China-Africa Cooperation (FOCAC) and advance the 10 partnership action plans in Nigeria, pav",0.22
Xinhua,898,2025-01-10,Xinhua,1st LD Writethru: China willing to build all-weather China-Africa community with shared future in new era -- FM,"ABUJA, Jan. 10 (Xinhua) -- China is willing to work with Africa for the Global Security Initiative to take root on the continent and jointly build a peaceful and secure modernization, Chinese Foreign Minister Wang Yi sai",0.143
Xinhua,899,2025-01-10,Xinhua,Urgent: China willing to build all-weather China-Africa community with shared future in new era -- FM,"ABUJA, Jan. 10 (Xinhua) -- China is willing to work with Africa for the Global Security Initiative to take root on the continent and jointly build a peaceful and secure modernization, Chinese Foreign Minister Wang Yi sai",0.068
Xinhua,900,2025-01-11,Xinhua,Interview: Grenadian PM voices hope for strengthened ties with China over next 20 years,"by Xinhua writers Zhao Kai, Li Xin and Wang Linyuan ST. GEORGE'S, Grenada, Jan. 11 (Xinhua) -- The Grenada-China relationship has grown significantly in various fields over the past 20 years, Grenadian Prime Minister Dic",0.114
MFA,512,2025-01-13,Ministry of Foreign Affairs of the People's Republic of China - News (English),Xi Jinping Meets with Prime Minister of Grenada Dickon Mitchell,"On the morning of January 13, 2025, President Xi Jinping met with Prime Minister of Grenada Dickon Mitchell, who is in China for an official visit, at the Great Hall of the People in Beijing. Dickon Mitchell expressed de",0.147
Xinhua,901,2025-01-13,Xinhua,"2nd LD-Writethru: Xi meets Grenadian PM, calls for advancing bilateral ties","BEIJING, Jan. 13 (Xinhua) -- Chinese President Xi Jinping said Monday that China is willing to provide assistance for Grenada's economic and social development within the framework of South-South cooperation. The two cou",0.128
Xinhua,902,2025-01-13,Xinhua,China's top political advisor meets Kazakhstan's Senate chairperson,"BEIJING, Jan. 13 (Xinhua) -- Wang Huning, chairman of the National Committee of the Chinese People's Political Consultative Conference (CPPCC), met with Maulen Ashimbayev, chairperson of the Senate of Kazakhstan, in Beij",0.14
MFA,513,2025-01-16,Ministry of Foreign Affairs of the People's Republic of China - News (English),Joint Statement between the People's Republic of China and The Democratic Socialist Republic of Sri Lanka,"Beijing, January 16, 2025 1.At the invitation of H.E. Xi Jinping, President of the People's Republic of China, H.E. Anura Kumara Disanayaka, President of the Democratic Socialist Republic of Sri Lanka, paid a state visit",0.169
MFA,514,2025-01-21,Ministry of Foreign Affairs of the People's Republic of China - News (English),Keeping to the Right Path of Multilateralism and Promoting Open and Inclusive Development,"Special Address by H.E. Ding Xuexiang Vice Premier of the State Council of the People's Republic of China At the World Economic Forum Annual Meeting 2025 Davos, January 21, 2025 Professor Klaus Schwab, Distinguished Gues",0.148
Xinhua,903,2025-01-21,Xinhua,Xiplomacy: Understanding China's vision for better world amid complex global challenges,"BEIJING, Jan. 20 (Xinhua) -- """"What has happened to the world and how should we respond?"""" Chinese President Xi Jinping first posed this thought-provoking question in 2017. As political and business leaders convene in Da",0.064
Xinhua,904,2025-01-21,Xinhua,Full text: Address by Vice Premier Ding Xuexiang's at World Economic Forum Annual Meeting 2025,"DAVOS, Switzerland, Jan. 21 (Xinhua) -- Chinese Vice Premier Ding Xuexiang on Tuesday delivered a special address at the World Economic Forum Annual Meeting 2025 in Davos, Switzerland. The following is the full text of t",0.149
MFA,515,2025-01-22,Ministry of Foreign Affairs of the People's Republic of China - News (English),Ding Xuexiang on Improving Global Governance and Safeguarding the International Order,"On January 21, Ding Xuexiang, member of the Standing Committee of the Political Bureau of the Communist Party of China Central Committee and Vice Premier of the State Council, took a question on how to improve global gov",0.151
Xinhua,905,2025-01-22,Xinhua,Chinese vice premier calls for multilateralism at Davos,"DAVOS, Switzerland, Jan. 21 (Xinhua) -- Chinese Vice Premier Ding Xuexiang delivered a speech at the World Economic Forum (WEF) Annual Meeting 2025 in Davos, Switzerland, on Tuesday, urging the global community to uphold",0.187
Xinhua,906,2025-01-22,Xinhua,Full text: Address by Vice Premier Ding Xuexiang at World Economic Forum Annual Meeting 2025,"DAVOS, Switzerland, Jan. 21 (Xinhua) -- Chinese Vice Premier Ding Xuexiang on Tuesday delivered a special address at the World Economic Forum Annual Meeting 2025 in Davos, Switzerland. The following is the full text of t",0.149
Xinhua,907,2025-01-31,Xinhua,World Insights: How the world unites with the spirit of Chinese New Year,"BEIJING, Jan. 31 (Xinhua) -- This year's Spring Festival marks the first since its inclusion in UNESCO's Representative List of the Intangible Cultural Heritage of Humanity. Celebrations across the globe vividly showcase",0.236
Xinhua,908,2025-02-04,Xinhua,"Interview: Kyrgyz president expects Chinese modernization to bring new opportunities for Kyrgyzstan, Central Asia","by Xinhua writers Gou Hongjing, Zheng Yu BISHKEK, Feb. 4 (Xinhua) -- Kyrgyz President Sadyr Japarov has said that Kyrgyzstan attaches great importance to the comprehensive strategic partnership for a new era with China, ",0.228
MFA,516,2025-02-05,Ministry of Foreign Affairs of the People's Republic of China - News (English),Xi Jinping Holds Talks with Kyrgyz President Sadyr Japarov,"On the morning of February 5, 2025, President Xi Jinping held talks at the Great Hall of the People in Beijing with Kyrgyz President Sadyr Japarov, who is on a state visit to China. Xi Jinping pointed out that linked by ",0.2
Xinhua,909,2025-02-05,Xinhua,China's top legislator meets with Kyrgyz president,"BEIJING, Feb. 5 (Xinhua) -- Zhao Leji, chairman of the National People's Congress (NPC) Standing Committee, met with Kyrgyz President Sadyr Japarov in Beijing on Wednesday. Zhao said bilateral relations are at their best",0.159
Xinhua,910,2025-02-05,Xinhua,2nd LD-Writethru: Xi holds talks with Kyrgyz president,"BEIJING, Feb. 5 (Xinhua) -- Chinese President Xi Jinping and Kyrgyz President Sadyr Japarov held talks in Beijing on Wednesday, pledging high-quality Belt and Road cooperation for more win-win outcomes. Xi said bilateral",0.242
Xinhua,911,2025-02-05,Xinhua,China's top legislator meets Pakistani president,"BEIJING, Feb. 5 (Xinhua) -- Zhao Leji, chairman of the National People's Congress (NPC) Standing Committee, met with Pakistani President Asif Ali Zardari in Beijing on Wednesday. China is willing to work with Pakistan to",0.147
Xinhua,912,2025-02-15,Xinhua,"China to push for more just, reasonable int'l order: FM","MUNICH, Germany, Feb. 15 (Xinhua) -- China aims to push the international order toward a more just and reasonable direction in line with the wishes of the majority of countries, Chinese Foreign Minister Wang Yi said on F",0.054
Xinhua,913,2025-02-16,Xinhua,World Insights: Xi's congratulatory message to 38th AU summit draws warm responses,"NAIROBI, Feb. 16 (Xinhua) -- Chinese President Xi Jinping on Saturday sent a message to the 38th African Union (AU) Summit, extending warm congratulations to African countries and people. Experts from African countries n",0.163
MFA,517,2025-02-17,Ministry of Foreign Affairs of the People's Republic of China - Spokesperson's Remarks (English),"Foreign Ministry Spokesperson Guo Jiakun's Regular Press Conference on January 17, 2025","Global Times: At this year's Munich Security Conference which focused on multipolarization, Foreign Minister Wang Yi delivered an address. Could you share more information? Is China a growing polar in a multipolar world?",0.032
Xinhua,914,2025-02-18,Xinhua,Xinhua think tank report emphasizes China's commitment to promoting world peace,"BEIJING, Feb. 18 (Xinhua) -- As global security challenges increase and intensify, China has initiated a vision for common, comprehensive, cooperative and sustainable security, following a path of peaceful development wh",0.166
Xinhua,915,2025-02-18,Xinhua,"Xinhua Headlines: Xinhua think tank report highlights significance of exchanges, mutual learning between civilizations","BEIJING, Feb. 18 (Xinhua) -- Xinhua News Agency on Tuesday released a think tank report in Tokyo, calling for enhanced civilizational exchange and mutual learning to tackle the challenges facing the development of human ",0.094
Xinhua,916,2025-02-18,Xinhua,"Interview: Africa-China cooperation key to addressing current challenges, says former South African diplomat","JOHANNESBURG, Feb. 18 (Xinhua) -- Africa-China cooperation is critical to tackling the pressing challenges facing the world today, former South African diplomat Gert Grobler has said. """"We are currently living in an incr",0.086
Xinhua,917,2025-02-19,Xinhua,"Chinese FM calls for true multilateralism, more equitable global governance system","UNITED NATIONS, Feb. 19 (Xinhua) -- Chinese Foreign Minister Wang Yi on Tuesday called for reinvigorating true multilateralism and speeding up the efforts to build a more just and equitable global governance system. Wang",0.136
Xinhua,918,2025-02-25,Xinhua,China urges global participation in Int'l Humanitarian Law Initiative,"GENEVA, Feb. 24 (Xinhua) -- China has called on the international community to actively engage in the International Humanitarian Law (IHL) Initiative, co-launched by China, stressing the importance of joint efforts to up",0.09
Xinhua,919,2025-02-26,Xinhua,"Guest Opinion: Chinese initiatives promote global cooperation, common development","by Thong Mengdavid In the face of profound changes unseen in a century, China's diplomacy with Chinese characteristics has made a significant contribution to world peace, common development and a new type of internationa",0.204
Xinhua,920,2025-02-26,Xinhua,"Tunisian FM, EU foreign policy chief discuss bilateral ties","TUNIS, Feb. 25 (Xinhua) -- Tunisian Minister of Foreign Affairs Mohamed Ali Nafti held a phone conversation on Tuesday with European Union (EU) foreign policy chief Kaja Kallas on bilateral ties. According to a statement",0.184
Xinhua,921,2025-03-04,Xinhua,2nd LD-Writethru: China always stands with Global South countries: spokesperson,"BEIJING, March 4 (Xinhua) -- As a developing country and a member of the Global South, China has always stood with the Global South, a spokesperson said on Tuesday. Over the past two decades, countries of the Global Sout",0.073
Xinhua,922,2025-03-04,Xinhua,"Chinese ambassador calls for China, Australia AI cooperation","CANBERRA, March 4 (Xinhua) -- Chinese Ambassador to Australia Xiao Qian has called on Australia to strengthen artificial intelligence (AI) cooperation with China. """"Taking restrictive measures against DeepSeek under the ",0.103
Xinhua,923,2025-03-06,Xinhua,"Interview: """"Two sessions"""" key to understanding China's global role, says Egyptian observer","by Mahmoud Fouly CAIRO, March 6 (Xinhua) -- China's annual """"two sessions"""" serve as a key venue for understanding the country's economic and political direction, as well as its approach to addressing challenges to globa",0.128
Xinhua,924,2025-03-07,Xinhua,1st LD-Writethru: Chinese FM calls for jointly building community with shared future for humanity,"BEIJING, March 7 (Xinhua) -- Chinese Foreign Minister Wang Yi on Friday called for building a community with a shared future for humanity at a press conference. An increasing number of countries have participated in the ",0.112
Xinhua,925,2025-03-07,Xinhua,Chinese FM calls for jointly building community with shared future for humanity,"BEIJING, March 7 (Xinhua) -- Chinese Foreign Minister Wang Yi on Friday called for building a community with a shared future for humanity at a press conference. An increasing number of countries have participated in the ",0.073
Xinhua,926,2025-03-09,Xinhua,"Fact Check: Why is """"China threat"""" narrative invalid?","by Xinhua writer Li Binian BEIJING, March 9 (Xinhua) -- China's ongoing """"two sessions"""" have once again highlighted its steadfast commitment to working with all countries to uphold international equity and justice, and ",0.132
Xinhua,927,2025-03-13,Xinhua,"Roundup: China's high-quality development promotes global economic stability, modernization, say Pakistani experts","by Raheela Nazir ISLAMABAD, March 13 (Xinhua) -- Pakistani experts are of the view that China's opening-up policy and high-quality development have been playing a crucial role in promoting global economic stability and b",0.101
Xinhua,928,2025-03-14,Xinhua,"Guest Opinion: China advances in global soft power, championing cooperation and inclusive growth","by Maya Majueran Soft power is the ability of a country to shape the preferences, decisions and behaviors of other countries or actors in the international arena by leveraging its cultural appeal, values, policies and id",0.153
MFA,518,2025-03-26,Ministry of Foreign Affairs of the People's Republic of China - Spokesperson's Remarks (English),"Foreign Ministry Spokesperson Guo Jiakun's Regular Press Conference on March 26, 2025",Shenzhen TV: Boao Forum for Asia Annual Meeting 2025 has just kicked off. We noted that the Asian Economic Outlook and Integration Progress Annual Report 2025 was released at the forum. The report estimates that Asia's e,0.081
MFA,519,2025-03-27,Ministry of Foreign Affairs of the People's Republic of China - Spokesperson's Remarks (English),"Foreign Ministry Spokesperson Guo Jiakun's Regular Press Conference on March 27, 2025","As the rotating president of the Shanghai Cooperation Organization (SCO), China is holding a series of presidency events and making full preparations for the SCO summit in Tianjin. The official website of the SCO preside",0.104
Xinhua,929,2025-04-02,Xinhua,Hong Ting Forum held in Kenya to advance China-Africa modernization drive,"NAIROBI, April 2 (Xinhua) -- The 2025 edition of the Hong Ting Forum took place on Wednesday in the Kenyan capital, Nairobi, bringing together senior government officials, diplomats, scholars, industry executives and med",0.152
Xinhua,930,2025-04-09,Xinhua,"Column: Two paths, shared future: China-Africa dialogue on modernization","by Peter Kagwanja Modernity must be homegrown. Models of modernization imported or imposed without regard for local realities could have calamitous results. In this context, the Hong Ting Forum, hosted by Xinhua News Age",0.066
Xinhua,931,2025-04-11,Xinhua,"Feature: Xi Jinping and his """"ironclad friends"""" from Cambodia","by Xinhua writers Chang Yuan, Liu Chang BEIJING, April 11 (Xinhua) -- In February 2023, Chinese President Xi Jinping hosted then Cambodian Prime Minister Samdech Techo Hun Sen at the Diaoyutai State Guest House in Beijin",0.124
Xinhua,932,2025-04-13,Xinhua,"Interview: ASEAN seeks closer ties with China, upholds multilateralism, says ASEAN secretary-general","JAKARTA, April 13 (Xinhua) -- The Association of Southeast Asian Nations (ASEAN) is committed to deepening its comprehensive strategic partnership with China and upholds multilateralism, the bloc's Secretary-General Kao ",0.084
MFA,520,2025-04-14,Ministry of Foreign Affairs of the People's Republic of China - News (English),​General Secretary and President Xi Jinping Holds Talks with General Secretary of CPV Central Committee To Lam,"On the afternoon of April 14, General Secretary of the Central Committee of the Communist Party of China (CPC) and President Xi Jinping held talks with General Secretary of the Central Committee of the Communist Party of",0.185
MFA,521,2025-04-14,Ministry of Foreign Affairs of the People's Republic of China - News (English),Xi Jinping Meets with Vietnamese Prime Minister Pham Minh Chinh,"On the evening of April 14, 2025 local time, President Xi Jinping met with Vietnamese Prime Minister Pham Minh Chinh at the headquarters of the Communist Party of Viet Nam (CPV) Central Committee. Xi Jinping noted that u",0.242
MFA,522,2025-04-14,Ministry of Foreign Affairs of the People's Republic of China - News (English),Building on Past Achievements and Making New Advances In Pursuit of Shared Goals,H.E. Xi Jinping General Secretary of the Central Committee Of the Communist Party of China And President of the People's Republic of China For Nhan Dan of Viet Nam Late spring is full of vitality. As China and Viet Nam c,0.085
MFA,523,2025-04-14,Ministry of Foreign Affairs of the People's Republic of China - News (English),Building on Past Achievements and Making New Advances In Pursuit of Shared Goals,H.E. Xi Jinping General Secretary of the Central Committee Of the Communist Party of China And President of the People's Republic of China For Nhan Dan of Viet Nam Late spring is full of vitality. As China and Viet Nam c,0.084
MFA,524,2025-04-15,Ministry of Foreign Affairs of the People's Republic of China - Spokesperson's Remarks (English),"Foreign Ministry Spokesperson Lin Jian's Regular Press Conference on April 15, 2025","CCTV: We noted that last weekend, the fifth China International Consumer Products Expo opened. Yesterday, the 2025 Global Industrial Investment Promotion Conference for the Hainan Free Trade Port was held. This morning, ",0.078
Xinhua,933,2025-04-15,Xinhua,"1st LD: Xi calls on China, Vietnam to oppose hegemonism, unilateralism, protectionism","HANOI, April 14 (Xinhua) -- Chinese President Xi Jinping on Monday urged China and Vietnam to jointly oppose hegemonism, unilateralism and protectionism. In his meeting with Vietnamese Prime Minister Pham Minh Chinh, Xi ",0.224
Xinhua,934,2025-04-15,Xinhua,"1st LD Writethru: Xi says China-Vietnam relations rooted in, sustained by and empowered by the people","HANOI, April 15 (Xinhua) -- Chinese President Xi Jinping said on Tuesday that China-Vietnam relations are rooted in the people, sustained by the people and empowered by the people. Xi, also general secretary of the Commu",0.14
Xinhua,935,2025-04-15,Xinhua,"2nd LD Writethru: Xi calls on China, Vietnam to oppose hegemonism, unilateralism, protectionism","HANOI, April 14 (Xinhua) -- Chinese President Xi Jinping on Monday urged China and Vietnam to jointly oppose hegemonism, unilateralism and protectionism. In his meeting with Vietnamese Prime Minister Pham Minh Chinh, Xi ",0.247
MFA,525,2025-04-16,Ministry of Foreign Affairs of the People's Republic of China - News (English),Xi Jinping Meets with King of Malaysia His Majesty Sultan Ibrahim,"On the morning of April 16, 2025 local time, King of Malaysia His Majesty Sultan Ibrahim met with President of China Xi Jinping at the National Palace of Malaysia. Kuala Lumpur in April is bathed in bright sunshine, with",0.206
MFA,526,2025-04-16,Ministry of Foreign Affairs of the People's Republic of China - News (English),President Xi Jinping Holds Talks with Malaysian Prime Minister Anwar Ibrahim,"On the afternoon of April 16, President Xi Jinping held talks with Malaysian Prime Minister Anwar Ibrahim at Seri Perdana, the prime minister's residence, in Putrajaya. Upon arriving at Seri Perdana by car, President Xi ",0.139
MFA,527,2025-04-16,Ministry of Foreign Affairs of the People's Republic of China - News (English),General Secretary and President Xi Jinping General Secretary of the CPV Central Committee To Lam and Vietnamese President Luong Cuong Jointly Meet Representatives Attending Chinese and Vietnamese People's Friendship Meet,"On the morning of April 15, General Secretary of the Central Committee of the Communist Party of China (CPC) and President Xi Jinping, together with General Secretary of the Central Committee of the Communist Party of Vi",0.117
Xinhua,936,2025-04-16,Xinhua,1st LD: Xi urges joint efforts to build high-level strategic China-Malaysia community with shared future,"KUALA LUMPUR, April 16 (Xinhua) -- Chinese President Xi Jinping said Wednesday that China is ready to work with the Malaysian side to build a high-level strategic China-Malaysia community with a shared future, so as to u",0.241
Xinhua,937,2025-04-16,Xinhua,2nd LD Writethru: Xi urges joint efforts to build high-level strategic China-Malaysia community with shared future,"KUALA LUMPUR, April 16 (Xinhua) -- Chinese President Xi Jinping said Wednesday that China is ready to work with the Malaysian side to build a high-level strategic China-Malaysia community with a shared future, so as to u",0.241
Xinhua,938,2025-04-16,Xinhua,"Xinhua Headlines: China, Vietnam reaffirm commitment to closer ties, broader cooperation","HANOI, April 15 (Xinhua) -- Chinese President Xi Jinping wrapped up his state visit to Vietnam on Tuesday with the two neighbors pledging joint efforts to accelerate the building of a community with a shared future that ",0.197
Xinhua,939,2025-04-16,Xinhua,Urgent: Xi says China supports Malaysia's role as ASEAN chair,"KUALA LUMPUR, April 16 (Xinhua) -- Chinese President Xi Jinping said Wednesday that China supports Malaysia in its role as the ASEAN chair. China stands ready to work with Malaysia to implement the Global Development Ini",0.109
MFA,528,2025-04-17,Ministry of Foreign Affairs of the People's Republic of China - News (English),President Xi Jinping Holds Talks with Cambodian Prime Minister Hun Manet,"On the evening of April 17, President Xi Jinping held talks with Cambodian Prime Minister Hun Manet at the Peace Palace in Phnom Penh. The two leaders agreed on jointly building an all-weather China-Cambodia community wi",0.17
MFA,529,2025-04-17,Ministry of Foreign Affairs of the People's Republic of China - News (English),"Together We Strive, Together We Thrive: Toward a Stable and Sustainable China-Cambodia Community with a Shared Future in the New Era","H.E. Xi Jinping President of the People's Republic of China For Cambodian press I am very happy to visit Cambodia on the occasion of the Khmer New Year. For me, it feels like going to the home of a good friend. I wish to",0.183
MFA,530,2025-04-17,Ministry of Foreign Affairs of the People's Republic of China - News (English),Joint Statement Between the People's Republic of China and Malaysia on Building a High-level Strategic China-Malaysia Community with a Shared Future,"(17 April 2025, Kuala Lumpur) 1.At the invitation of His Majesty Sultan Ibrahim, King of Malaysia, H.E. Xi Jinping, President of the People's Republic of China paid a State Visit to Malaysia from 15 to 17 April 2025. Dur",0.184
Xinhua,940,2025-04-17,Xinhua,"Column: Cambodia-China ties -- A partnership built on mutual trust, win-win cooperation","by Joseph Matthews The Cambodia-China partnership has evolved well beyond economic and political cooperation, becoming deeply rooted in mutual trust, respect and support, and a shared commitment to achieving win-win outc",0.225
Xinhua,941,2025-04-17,Xinhua,Highlights of Xi's remarks during his visit to Malaysia,"KUALA LUMPUR, April 17 (Xinhua) -- Chinese President Xi Jinping wrapped up his state visit to Malaysia on Thursday. During his visit, Xi held talks with King Sultan Ibrahim Sultan Iskandar and Prime Minister Anwar Ibrahi",0.206
Xinhua,942,2025-04-17,Xinhua,"Xinhua Headlines: Xi's Malaysia visit sets new milestone in bilateral ties, regional cooperation","KUALA LUMPUR, April 16 (Xinhua) -- Chinese President Xi Jinping's ongoing state visit to Malaysia marks a significant step in strengthening China-Malaysia all-round cooperation as the two sides have agreed to work togeth",0.117
Xinhua,943,2025-04-17,Xinhua,Full text of Xi's signed article in Cambodian media,"PHNOM PENH, April 17 (Xinhua) -- Chinese President Xi Jinping on Thursday published a signed article titled """"Together We Strive, Together We Thrive: Toward a Stable and Sustainable China-Cambodia Community with a Shared",0.184
MFA,531,2025-04-18,Ministry of Foreign Affairs of the People's Republic of China - Spokesperson's Remarks (English),"Foreign Ministry Spokesperson Lin Jian's Regular Press Conference on April 18, 2025","On April 21, Member of the Political Bureau of the CPC Central Committee and Foreign Minister Wang Yi and Defense Minister Dong Jun will chair the First Ministerial Meeting of China-Indonesia Joint Foreign and Defense Mi",0.101
Xinhua,944,2025-04-18,Xinhua,"China, Cambodia pledge to implement China-proposed global initiatives","PHNOM PENH, April 18 (Xinhua) -- China and Cambodia on Friday expressed readiness to fully implement the China-proposed Global Development Initiative, Global Security Initiative and Global Civilization Initiative. The co",0.208
Xinhua,945,2025-04-18,Xinhua,"1st LD: China, Cambodia agree to build all-weather community with shared future in new era","PHNOM PENH, April 17 (Xinhua) -- Chinese President Xi Jinping and Cambodian Prime Minister Hun Manet on Thursday agreed to build an all-weather China-Cambodia community with a shared future in the new era, and designated",0.162
Xinhua,946,2025-04-18,Xinhua,"2nd LD Writethru: China, Cambodia agree to build all-weather community with shared future in new era","PHNOM PENH, April 17 (Xinhua) -- Chinese President Xi Jinping and Cambodian Prime Minister Hun Manet on Thursday agreed to build an all-weather China-Cambodia community with a shared future in the new era, and designated",0.181
Xinhua,947,2025-04-18,Xinhua,"Xinhua Headlines: China, Cambodia vow to forge all-weather community with shared future in new era","PHNOM PENH, April 18 (Xinhua) -- Chinese President Xi Jinping concluded his state visit to Cambodia on Friday, with both nations agreeing on jointly building an all-weather China-Cambodia community with a shared future i",0.173
Xinhua,948,2025-04-19,Xinhua,"Column: China's community with a shared future with neighboring countries: a new pathway to global stability, prosperity","by Gong Rong From April 14 to 18, Chinese President Xi Jinping paid state visits to Vietnam, Malaysia and Cambodia. This was the first foreign trip made by China's top leader since the recent central conference on work r",0.208
MFA,532,2025-04-21,Ministry of Foreign Affairs of the People's Republic of China - Spokesperson's Remarks (English),"Foreign Ministry Spokesperson Guo Jiakun's Regular Press Conference on April 21, 2025","CCTV: This morning China announced that President of Azerbaijan Ilham Aliyev will pay a state visit to China. Can you share the background, arrangement and China's expectation for the visit? Guo Jiakun: China and Azerbai",0.049
Xinhua,949,2025-04-21,Xinhua,Xinhua Headlines: How Bandung Conference changes the course for Global South,"BEIJING, April 21 (Xinhua) -- In April 1955, delegates from 29 Asian and African nations gathered in Bandung, Indonesia, for the historic Asian-African Conference, also known as the Bandung Conference. The meeting marked",0.113
Xinhua,950,2025-04-21,Xinhua,Xinhua Headlines: How Bandung Conference changes the course for Global South,* The Bandung Conference opened a new era of South-South economic cooperation. Its resolution on economic cooperation called for economic collaboration among Asian and African nations and a fairer global economic system.,0.101
MFA,533,2025-04-23,Ministry of Foreign Affairs of the People's Republic of China - News (English),Xi Jinping Holds Talks with President of Azerbaijan Ilham Aliyev,"On the morning of April 23, 2025, President Xi Jinping held talks with President of Azerbaijan Ilham Aliyev, who is on a state visit to China, at the Great Hall of the People in Beijing. The two heads of state announced ",0.168
Xinhua,951,2025-04-23,Xinhua,Feature: Bandung's call echoes 70 years on,"JAKARTA, April 23 (Xinhua) -- In April 1955, a landmark conference in Indonesia's city of Bandung gathered 29 Asian and African nations under the flag of solidarity, friendship and cooperation, marking the awakening of t",0.102
MFA,534,2025-04-24,Ministry of Foreign Affairs of the People's Republic of China - News (English),​Joint Statement Between the People's Republic of China and the Republic of Kenya on Creating an Inspiring Example in the All-Weather China-Africa Community with a Shared Future for the New Era,"At the invitation of H.E. Xi Jinping, President of the People's Republic of China, H.E. William Ruto, President of the Republic of Kenya, paid a state visit to the People's Republic of China from April 22nd to 26th, 2025",0.157
Xinhua,952,2025-04-24,Xinhua,"Interview: Xi's visit draws strategic blueprint for long-term, multifaceted win-win cooperation with Cambodia -- expert","PHNOM PENH, April 24 (Xinhua) -- Chinese President Xi Jinping's recent state visit to Cambodia has produced fruitful outcomes, drawing a strategic blueprint for long-term, multifaceted win-win cooperation between the two",0.133
Xinhua,953,2025-04-25,Xinhua,Column: Call of the era: China's vision for building a community with a shared future for mankind,"by Essam Sharaf Speaking of China means recognizing not only its global influence and economic strength, but also its unique ability to balance between self-reliance and cooperation. China's readiness to help others, roo",0.105
Xinhua,954,2025-04-26,Xinhua,"China, Central Asian countries to deepen cooperation","ALMATY, April 26 (Xinhua) -- China and Central Asian countries have agreed to boost cooperation in various fields, said a press release from the Sixth China-Central Asia Foreign Ministers' Meeting held here Saturday. Mur",0.103
Xinhua,955,2025-04-26,Xinhua,"Interview: """"Individual countries will be stronger if they're willing to work together,"""" says UN under-secretary-general","BEIJING, April 26 (Xinhua) -- Countries can only achieve broad-based economic development by forging partnerships rooted in trust and dialogue -- a fact exemplified by China, UN Under-Secretary-General for Humanitarian A",0.071
MFA,535,2025-04-28,Ministry of Foreign Affairs of the People's Republic of China - Spokesperson's Remarks (English),"Foreign Ministry Spokesperson Guo Jiakun's Regular Press Conference on April 28, 2025","Phoenix TV: It was reported that President Trump said at a TIME interview on April 22 that President Xi Jinping """"has called."""" What is China's comment? Is there ongoing talks between China and the U.S.? Guo Jiakun: As f",0.066
Xinhua,956,2025-05-04,Xinhua,Xi Jinping: A visionary architect of world peace and development,"by Xinhua writer He Fei BEIJING, May 4 (Xinhua) -- In the stately Conference Building at the United Nations Headquarters in New York City, a 65-inch-tall resplendent bronze vessel gleams under soft light, its cloisonne e",0.153
MFA,536,2025-05-07,Ministry of Foreign Affairs of the People's Republic of China - News (English),H.E. Xi Jinping President of the People's Republic of China for the Russian Gazette,Learning from History to Build Together a Brighter Future H.E. Xi Jinping President of the People's Republic of China For the Russian Gazette This year marks the 80th anniversary of the victory of the Chinese People's Wa,0.03
Xinhua,957,2025-05-07,Xinhua,Xinhua Commentary: Pass the torch of peace from generation to generation,"BEIJING, May 7 (Xinhua) -- Eighty years ago, the victory of the World Anti-Fascist War marked a turning point in human history, opening a new chapter in building a better international order and pursuing lasting peace. T",0.01
Xinhua,958,2025-05-07,Xinhua,Full text of Xi's signed article in Russian media,"MOSCOW, May 7 (Xinhua) -- Chinese President Xi Jinping on Wednesday published a signed article titled """"Learning from History to Build Together a Brighter Future"""" in the Russian Gazette newspaper ahead of his arrival in",0.041
MFA,537,2025-05-10,Ministry of Foreign Affairs of the People's Republic of China - News (English),Xi Jinping Meets with Myanmar's Leader Min Aung Hlaing,"On the afternoon of May 9, 2025 local time, President Xi Jinping met with Myanmar's leader Min Aung Hlaing in Moscow on the sidelines of the celebrations marking the 80th anniversary of the Victory in the Great Patriotic",0.129
Xinhua,959,2025-05-10,Xinhua,"1st LD Writethru: Xi urges China, Myanmar to keep advancing key projects of economic corridor","MOSCOW, May 9 (Xinhua) -- Chinese President Xi Jinping on Friday urged China and Myanmar to deepen strategic cooperation and keep advancing the construction of key projects of the China-Myanmar Economic Corridor. Xi made",0.141
Xinhua,960,2025-05-10,Xinhua,"Xi's Russia trip advances friendships, defends int'l equity: Chinese FM","BEIJING, May 10 (Xinhua) -- Chinese President Xi Jinping's visit to Russia has further consolidated the China-Russia comprehensive strategic partnership of coordination for a new era, led the world in jointly maintaining",0.06
Xinhua,961,2025-05-11,Xinhua,Roundup: Xi's call for learning from history echoed by int'l community,"BEIJING, May 10 (Xinhua) -- Chinese President Xi Jinping's signed article recently published in the Russian Gazette newspaper, which called for learning from history, and especially the hard lessons of the Second World W",-0.008
Xinhua,962,2025-05-12,Xinhua,1st LD-Writethru: China releases white paper on national security,"BEIJING, May 12 (Xinhua) -- China's State Council Information Office on Monday released a white paper on the country's national security in the new era. The move aims to provide a comprehensive explanation of the innovat",0.15
Xinhua,963,2025-05-12,Xinhua,2nd LD-Writethru: Abstract of white paper on China's national security in new era,"BEIJING, May 12 (Xinhua) -- The Information Office of China's State Council on Monday issued a white paper titled """"China's National Security in the New Era."""" An abstract is as follows: In the new era, the Communist Par",0.137
MFA,538,2025-05-13,Ministry of Foreign Affairs of the People's Republic of China - News (English),President Xi Jinping Attended the Opening Ceremony of the Fourth Ministerial Meeting of the China-CELAC Forum and Delivered a Keynote Address,"On the morning of May 13, President Xi Jinping attended the opening ceremony of the Fourth Ministerial Meeting of the Forum of China and Community of Latin American and Caribbean States at the China National Convention C",0.125
MFA,539,2025-05-13,Ministry of Foreign Affairs of the People's Republic of China - News (English),Writing a New Chapter in Building a China-LAC Community with a Shared Future,"Keynote Address by H.E. Xi Jinping President of the People's Republic of China At the Opening Ceremony Of the Fourth Ministerial Meeting of the China-CELAC Forum Beijing, May 13, 2025 Your Excellency President Gustavo Pe",0.118
MFA,540,2025-05-13,Ministry of Foreign Affairs of the People's Republic of China - News (English),Writing a New Chapter in Building A China-LAC Community with a Shared Future,"Keynote Address by H.E. Xi Jinping President of the People's Republic of China At the Opening Ceremony Of the Fourth Ministerial Meeting of the China-CELAC Forum Beijing, May 13, 2025 Your Excellency President Gustavo Pe",0.118
Xinhua,964,2025-05-13,Xinhua,"Xinhua Commentary: China resolved, confident in safeguarding national security","BEIJING, May 13 (Xinhua) -- China's newly released white paper on national security offers valuable insights into the country's security concepts and practices, as well as its resolve and confidence in safeguarding natio",0.184
Xinhua,965,2025-05-13,Xinhua,Xinhua Headlines: Xi unveils roadmap for deepening cooperation with LAC countries,"BEIJING, May 13 (Xinhua) -- Chinese President Xi Jinping on Tuesday announced the launch of five programs to advance shared development and revitalization with Latin American and Caribbean (LAC) countries. The five progr",0.123
Xinhua,966,2025-05-13,Xinhua,China to work with Latin American and Caribbean countries to implement Global Security Initiative: Xi,"BEIJING, May 13 (Xinhua) -- China is willing to work with the Latin American and Caribbean countries to implement the Global Security Initiative, Chinese President Xi Jinping said on Tuesday. Xi made the remarks in a spe",-0.088
Xinhua,967,2025-05-13,Xinhua,Full Text: President Xi's keynote speech at the opening ceremony of the fourth ministerial meeting of the China-CELAC Forum,"BEIJING, May 13 (Xinhua) -- Chinese President Xi Jinping on Tuesday delivered a keynote speech at the opening ceremony of the fourth ministerial meeting of the China-CELAC (the Community of Latin American and Caribbean S",0.125
MFA,541,2025-05-14,Ministry of Foreign Affairs of the People's Republic of China - Spokesperson's Remarks (English),"Foreign Ministry Spokesperson Lin Jian's Regular Press Conference on May 14, 2025","People's Daily: On May 13, China and LAC countries held the Fourth Ministerial Meeting of the China-CELAC Forum in Beijing. Can you share the outcomes and impact of the meeting? How does China evaluate the role of the Ch",0.091
Xinhua,968,2025-05-14,Xinhua,Column: Understanding China's vision for modernization and its shared future for mankind,by Essam Sharaf China's vision for modernization and building a community with a shared future for mankind represents a unique model for simultaneously achieving domestic development and promoting global cooperation. Cur,0.095
Xinhua,969,2025-05-16,Xinhua,China always firm supporter for UN peacekeeping: defense minister,"BERLIN, May 15 (Xinhua) -- Chinese Defense Minister Dong Jun has expressed China's support for the reform and transformation of United Nations (UN) peacekeeping operations during a meeting in Berlin. Delivering a speech ",0.177
Xinhua,970,2025-05-18,Xinhua,Interview: Stand side by side to ensure success of building enduring all-weather Cambodia-China community with shared future: Cambodian PM,"PHNOM PENH, May 18 (Xinhua) -- Amidst the fast-changing international situation, Cambodia and China should stand side by side to tackle the emerging complex challenges and ensure continued progress in the building of an ",0.155
Xinhua,971,2025-05-22,Xinhua,"Column: Distorted WWII narrative impedes unity, progress",by Xin Ping This month marks the 80th anniversary of the victory of the World Anti-Fascist War. Many European countries are holding events to commemorate this both dark and glorious episode of history. Britain held milit,-0.079
Xinhua,972,2025-05-22,Xinhua,"Roundup: BRI-backed industrial zone in Cambodia boosts economic growth, improve local livelihoods: PM","SIHANOUKVILLE, Cambodia, May 22 (Xinhua) -- Cambodian Prime Minister Hun Manet said here on Thursday that the Sihanoukville Special Economy Zone (SSEZ) has not only boosted the kingdom's trade and economic growth, but al",0.142
MFA,542,2025-05-26,Ministry of Foreign Affairs of the People's Republic of China - Spokesperson's Remarks (English),"Foreign Ministry Spokesperson Mao Ning's Regular Press Conference on May 26, 2025","CCTV: How does China view the significance of Premier Li Qiang's official visit to Indonesia? Could you share more information on this visit? Mao Ning: At the invitation of Indonesian President Prabowo Subianto, Premier ",0.111
Xinhua,973,2025-05-30,Xinhua,Senior CPC official attends meetings in Russia,"MOSCOW, May 29 (Xinhua) -- Visiting senior official of the Communist Party of China (CPC) Chen Wenqing attended the 13th International Meeting of High Representatives for Security Issues and delivered a speech in Russia ",0.146
Xinhua,974,2025-05-30,Xinhua,World Insights: What's at stake as Shangri-La Dialogue kicks off in Singapore?,"SINGAPORE, May 30 (Xinhua) -- The 22nd Shangri-La Dialogue, Asia's leading defense summit, convenes from Friday to Sunday in Singapore, with more than 550 delegates from over 40 countries expected to attend. China will b",0.044
Xinhua,975,2025-06-01,Xinhua,World Insights: China advocates cooperative security at Shangri-La Dialogue,"SINGAPORE, June 1 (Xinhua) -- At the 22nd Shangri-La Dialogue in Singapore, the Chinese delegation said China will uphold the three global initiatives, and expressed willingness to cooperate under the framework of an Asi",0.045
MFA,543,2025-06-08,Ministry of Foreign Affairs of the People's Republic of China - News (English),Xi Jinping Exchanges Congratulatory Messages with Myanmar's Leader Min Aung Hlaing on the 75th Anniversary of the Establishment of China-Myanmar Diplomatic Relations,"On June 8, 2025, President Xi Jinping exchanged congratulatory messages with Myanmar's leader Min Aung Hlaing to celebrate the 75th anniversary of the establishment of China-Myanmar diplomatic relations. Xi Jinping noted",0.214
Xinhua,976,2025-06-08,Xinhua,"1st LD: Xi, Myanmar leader exchange congratulations on 75th anniversary of diplomatic ties","BEIJING, June 8 (Xinhua) -- Chinese President Xi Jinping and Myanmar leader Min Aung Hlaing on Sunday exchanged congratulations on the 75th anniversary of diplomatic ties between the two countries. In his message, Xi sai",0.268
Xinhua,977,2025-06-08,Xinhua,"2nd LD Writethru: Xi, Myanmar leader exchange congratulations on 75th anniversary of diplomatic ties","BEIJING, June 8 (Xinhua) -- Chinese President Xi Jinping and Myanmar leader Min Aung Hlaing on Sunday exchanged congratulations on the 75th anniversary of diplomatic ties between the two countries. In his message, Xi sai",0.251
Xinhua,978,2025-06-09,Xinhua,Myanmar leader says willing to work together to promote building of Myanmar-China community with shared future,"NAT PYI TAW, Myanmar, June 8 (Xinhua) -- A ceremony to commemorate the 75th anniversary of China-Myanmar diplomatic relations was held in Nay Pyi Taw, the capital of Myanmar, on Sunday. In his speech during the ceremony,",0.202
Xinhua,979,2025-06-17,Xinhua,Cambodia launches mine action project with LMC special fund,"PHNOM PENH, June 17 (Xinhua) -- Cambodia on Tuesday launched a mine action project with financial support from the Lancang-Mekong Cooperation (LMC) Special Fund. The LMC Special Fund, initiated by China in March 2016, ai",0.102
Xinhua,980,2025-06-20,Xinhua,Chinese envoy calls for addressing root causes of conflict through development,"UNITED NATIONS, June 20 (Xinhua) -- China's permanent representative to the United Nations on Thursday stressed the need to address the root causes of conflict from a development perspective. Poverty and underdevelopment",0.145
Xinhua,981,2025-06-21,Xinhua,Interview: China-Central Asia Spirit provides strong impetus for regional development: former Kyrgyz FM,"BISHKEK, June 21 (Xinhua) -- The China-Central Asia Spirit proposed by Chinese President Xi Jinping at the Second China-Central Asia Summit embodies the essence of the long-standing friendship and comprehensive cooperati",0.198
Xinhua,982,2025-06-22,Xinhua,Xinhua research report on opportunities for China-Central Asia cooperation published in Astana,"ASTANA, June 22 (Xinhua) -- The Xinhua Institute, a think tank affiliated with Xinhua News Agency, published a report here on Sunday titled """"Championing the China-Central Asia Spirit: Achievements, Opportunities and Pro",0.142
Xinhua,983,2025-06-23,Xinhua,Xinhua think tank report offers forward-looking insights on China-Central Asia cooperation,"ASTANA, June 22 (Xinhua) -- China-Central Asia cooperation in the new era is set to drive regional development, enhance well-being, and offer a model for building a community with a shared future for humanity, said a Xin",0.159
Xinhua,984,2025-06-24,Xinhua,Chinese vice president calls for enhanced SCO security cooperation,"BEIJING, June 24 (Xinhua) -- Chinese Vice President Han Zheng met with heads of foreign delegations attending the 20th meeting of the Security Council Secretaries of the Shanghai Cooperation Organization (SCO) Member Sta",0.234
Xinhua,985,2025-06-25,Xinhua,"China calls on SCO members to deepen cooperation on law enforcement, security","BEIJING, June 24 (Xinhua) -- Chinese State Councilor and Minister of Public Security Wang Xiaohong on Tuesday called on Shanghai Cooperation Organization (SCO) member states to deepen practical cooperation on law enforce",0.123
Xinhua,986,2025-06-26,Xinhua,China's lunar samples debut at UN,"VIENNA, June 26 (Xinhua) -- China's lunar samples, collected from both the near and far side of the moon, were exhibited together for the first time at the United Nations (UN) on Wednesday. During the 68th session of the",0.087
Xinhua,987,2025-06-26,Xinhua,Xinhua Commentary: UN Charter remains humanity's guiding compass in turbulent times,"BEIJING, June 26 (Xinhua) -- As the world marks UN Charter Day on Thursday, it is more crucial than ever to reaffirm the fundamental norms of international relations rooted in the Charter's purposes and principles. Eight",0.049
