# Source: GSI Datasets | Cite as: Gruffydd-Jones, J. (2026). GSI Datasets. https://github.com/jjgj/gsi-datasets | Build: 2026-06-23
AidData Record ID,source,Recipient,iso3,Recipient Region,Commitment Year,year,Direct Receiving Agencies,Title,Description,Medical,Status,Flow Type Simplified,Sector Name,Infrastructure,COVID,Funding Agencies,Funding Agencies Type,Amount (Constant USD 2021),amt_2023,Commitment Date (MM/DD/YYYY),Actual Implementation Start Date (MM/DD/YYYY),Actual Completion Date (MM/DD/YYYY),verdict,verdict_reason,full_verdict,full_reason
570,algo_added_2000_2021,"Africa, regional",,Africa,2000.0,2000,Government of Angola|Government of Ethiopia|Government of Mozambique|Government of Rwanda,"Chinese government holds a De-mining training workshop for Angola, Ethiopia, Mozambique, and Rwanda (Linked to Record ID#601)","The Chinese government and the Mine Action Service of the United Nations Department of Peacekeeping Operations are co-sponsoring another training workshop on de-mining technology from May to June 2000, with trainees from Angola, Ethiopia, Mozambique, and Rwanda.   China is also donating de-mining equipment to Eritrea, Angola, Ethiopia, Mozambique, and Rwanda, recorded in Record ID#601. ",,Completion,Grant,GOVERNMENT AND CIVIL SOCIETY,,,Unspecified Chinese Government Institution,Government Agency,,,1/1/2000,5/1/2000,6/30/2000,KEEP_likely_TP,peacekeeping deployment,KEEP,security recipient: 'De-mining'
60988,algo_added_2000_2021,"Africa, regional",,Africa,2004.0,2004,Economic Community of West African States (ECOWAS),Chinese government donates 1 million Chinese Yuan to ECOWAS for peacekeeping,"The Chinese Government handed out 1 million RMB to the Economic Community of West African States (ECOWAS) in Abuja, Nigeria on 14 September 2004 for peacekeeping efforts in the region. ",,Completion,Grant,GOVERNMENT AND CIVIL SOCIETY,,,Unspecified Chinese Government Institution,Government Agency,223543.3724056508,254168.814425225,1/1/2004,9/14/2004,9/14/2004,KEEP_likely_TP,peacekeeping deployment,KEEP,security recipient: 'peacekeeping'
54684,algo_added_2000_2021,Grenada,GRD,America,2005.0,2005,Government of Grenada ,"Chinese Government provides $450,000 grant to repair her Majesty's Prison of Grenada","According to internal records that the Government of Grenada shared with AidData in June 2018, the Chinese Government provided a $450,000 grant to the Government of Grenada in 2005 to repair Her Majesty's Prison.",,Completion,Grant,GOVERNMENT AND CIVIL SOCIETY,Yes,,China Ministry of Commerce,Government Agency,793270.6539708206,901948.733564823,1/1/2005,,1/20/2005,KEEP_likely_TP,recipient_type = Detention / correctional,KEEP,security recipient: 'Prison'
61137,algo_added_2000_2021,Somalia,SOM,Africa,2007.0,2007,African Union Mission to Somalia (AMISOM),China grants African Union financial aid for peacekeeping mission in Somalia in 2007,"On August 27, 2007, Lin Lin, the Chinese Ambassador to Ethiopia and Representative to the African Union (AU) granted financial aid to Alpha Oumar Konaré, Chairman of the Commission of the African Union. This aid was intended for the peacekeeping mission in Somalia (African Union Mission in Somalia - AMISOM), which was founded in the same year. The exact monetary value of this grant is unknown.",,Completion,Grant,GOVERNMENT AND CIVIL SOCIETY,,,Unspecified Chinese Government Institution,Government Agency,,,8/27/2007,8/27/2007,8/27/2007,KEEP_likely_TP,peacekeeping deployment,KEEP,security recipient: 'peacekeeping'
2402,algo_added_2000_2021,Sudan,SDN,Africa,2007.0,2007,Government of Sudan,"China sends engineers to Darfur as part of UN Peacekeeping Mission to construct roads, camps, and wells","On May 8, 2007, China announced that it would send an engineering unit to join a UN-led peacekeeping force in Darfur, Sudan. The first batch of 135 engineers and troops of a total of 315 were deployed in Darfur in November 24, 2007. Their main task was to build camps, roads and to dig wells to allow for the deployment of more peacekeepers.  On January 12, 2008, the first batch of engineers left for China and were replaced by a team of 160 engineers. The third batch of 172 arrived in July 2008. In March 2011, a fifth detachment of engineers arrived to take part in the Darfur peacekeeping mission. A sixth detachment arrived in January 2012. In April 2019, it was reported that China had sent a total of 15 engineering units to Darfur, but when they were sent and how many engineers were in the units is unknown.",,Implementation,Grant,EMERGENCY RESPONSE,,,Unspecified Chinese Government Institution,Government Agency,,,5/8/2007,2/1/2008,,KEEP_likely_TP,peacekeeping deployment,KEEP,security recipient: 'Peacekeeping'
23566,algo_added_2000_2021,Gabon,GAB,Africa,2009.0,2009,Government of Gabon,China donates emergency supplies to the Gabonese military through Peace Angel 2009 (linked to ID #532 and ID#286),"Between June 21 and 28, 2009 the Chinese gave the Gabonese military ten shipping containers including tents, medicine, laboratory equipment, and mobile medical units. The equipment will be stocked at four locations around the country for use during emergencies. A financial amount for this project, as well as contacts, are unknown.   This donation was part of the Peace Angel 2009 military training held June 21-28, 2009 in Makokou, Ogooue-Ivindo Province. The training also included professional development and a rescue exercise (captured in ID#286) and medical aid (captured in ID#532).",,Completion,Grant,EMERGENCY RESPONSE,,,Unspecified Chinese Government Institution,Government Agency,,,1/1/2009,6/21/2009,6/28/2009,KEEP_hand,hand-reviewed: genuine security,KEEP,security recipient: 'military'
59823,algo_added_2000_2021,Democratic Republic of the Congo,COD,Africa,2010.0,2010,Government of Democratic Republic of Congo ,Chinese government sends 12th peacekeeping mission to DRC,"On November 19, 2010, the first batch of peacekeepers in the 12th Peacekeeping mission set off for the DRC. The 100 peacekeepers came from the engineering unit and medical unit. The second batch of peacekeepers with 118 peacekeepers will set off later. The mission will reportedly last for 8 months. The peacekeeping mission is likely supporting the United Nations Organization Stabilization Mission in the Democratic Republic of the Congo or MONUSCO. ",,Completion,Grant,GOVERNMENT AND CIVIL SOCIETY,,,People's Liberation Army of China (PLA),Government Agency,,,1/1/2010,11/19/2010,,KEEP_likely_TP,peacekeeping deployment,KEEP,security recipient: 'peacekeeping'
40193,algo_added_2000_2021,Haiti,HTI,America,2010.0,2010,,China sends an additional 43 relief workers to Haiti (Linked to Record ID#85824),"On January 21, 2010, the Chinese government announced a 43 person medical care and epidemic prevention team would help assist disaster relief efforts in Haiti following a magnitude 7.3 earthquake. The team arrived on January 25 and left on February 9, and team members were from China's military medical system. 70 percent of them had participated in previous UN peacekeeping missions. They brought with them medical supplies worth 18 million RMB (see Record ID#85824).  The team will be replacing another 60 member team, consisting of medical professionals and individuals working on search and rescue operations (see Record ID#40186). ",,Completion,Grant,EMERGENCY RESPONSE,,,Unspecified Chinese Government Institution,Government Agency,,,1/1/2010,1/25/2010,2/9/2010,KEEP_likely_TP,peacekeeping deployment,KEEP,no rule fired
60582,algo_added_2000_2021,"Africa, regional",,Africa,2011.0,2011,Government of South Sudan|Government of Sudan,Chinese government provides training to 20 mine-clearing personnel from Sudan and South Sudan,"On October 8, 2011, twenty mine-clearing personnel from Sudan and South Sudan began The International Humanitarian Mine Clearance Training Course in Xuzhou, Jiangsu. The training was conducted by the People's Liberation Army Academy of Engineering, and its content covered mine-sweeping technical equipment, mine-clearing methods, and the United Nations Information Management System for Mine Action. The course lasted six weeks. The amount of funding allocated by China for this training is unknown. ",,Completion,Grant,GOVERNMENT AND CIVIL SOCIETY,,,Unspecified Chinese Government Institution,Government Agency,,,1/1/2011,10/8/2011,11/19/2011,KEEP_likely_TP,demining / mine clearance,KEEP,no rule fired
95239,algo_added_2000_2021,Canada,CAN,America,2011.0,2011,Calgary Police Youth Foundation,"CNOOC Petroleum North America ULC donates at least CAD 500,000 to the Calgary Police Youth Foundation","In 2011, CNOOC Petroleum North America ULC donated at least CAD 500,000 to the Calgary Police Youth Foundation, according to the Foundation's website.",,Completion,Grant,GOVERNMENT AND CIVIL SOCIETY,,,China National Offshore Oil Corporation (CNOOC),State-owned Company,505268.6210266755,574490.42210733,1/1/2011,,,KEEP_likely_TP,recipient_type = Police,KEEP,security recipient: 'Police'
41416,algo_added_2000_2021,Cyprus,CYP,Europe,2011.0,2011,Government of Cyprus,Chinese Government sends peacekeeping police force to Cyprus,"In 2011, the Chinese Government deployed peacekeeping police to Cyprus to support the United Nations Peacekeeping Force in Cyprus (UNFICYP), which was established under United Nations Security Council Resolution 186 in 1964 to prevent a return of violence following intercommunal fighting between Greek Cypriots and Turkish Cypriots. ",,Completion,Grant,GOVERNMENT AND CIVIL SOCIETY,,,Unspecified Chinese Government Institution,Government Agency,,,1/1/2011,,,KEEP_likely_TP,peacekeeping deployment,KEEP,security recipient: 'peacekeeping'
59817,algo_added_2000_2021,Democratic Republic of the Congo,COD,Africa,2011.0,2011,Government of Democratic Republic of Congo ,Chinese government sends 13th peacekeeping mission to DRC,"On July 18, 2011, the first batch of peacekeepers in the 13th Peacekeeping mission set off for the DRC. The 218 peacekeepers came from the engineering unit and medical unit. The second batch of peacekeepers will set off in late July with 118 peacekeepers. The peacekeeping mission is likely supporting the United Nations Organization Stabilization Mission in the Democratic Republic of the Congo or MONUSCO. ",,Completion,Grant,GOVERNMENT AND CIVIL SOCIETY,,,People's Liberation Army of China (PLA),Government Agency,,,1/1/2011,7/18/2011,,KEEP_likely_TP,peacekeeping deployment,KEEP,security recipient: 'peacekeeping'
53612,algo_added_2000_2021,Tajikistan,TJK,Asia,2011.0,2011,,"Chinese Government provides $305,810 in grant assistance for drug trafficking seminars in Xinjiang","In 2011, the Chinese Government provided grant assistance worth $305,810 to Tajikistan for seminars, as reported by the May 2018 Flat Export from Tajikistan AIMS. The AIMS Record ID is TJK/112259.",,Completion,Grant,GOVERNMENT AND CIVIL SOCIETY,,,Unspecified Chinese Government Institution,Government Agency,305674.75177805807,347552.192771652,1/1/2011,,11/1/2011,KEEP_likely_TP,recipient_type = Civil security ministry,KEEP,no rule fired
87494,algo_added_2000_2021,"Africa, regional",,Africa,2012.0,2012,African Union Commission,Chinese Government provides RMB 80 million grant to cover expenses of logistical materials supplied to the AU’s peacekeeping operations,"On November 7, 2012, the Chinese Government and the African Union Commission (AUC) signed an RMB 80 million grant agreement (‘protocol’) to cover the expenses of logistical materials supplied to the African Union’s peacekeeping operations. The agreement was signed at the African Union headquarters in Addis Ababa by Mr Erastus Mwencha, Deputy Chairperson of the AUC and Rear Admiral Guan Youafei for the Chinese side.",,Pipeline: Commitment,Grant,OTHER SOCIAL INFRASTRUCTURE AND SERVICES,,,Unspecified Chinese Government Institution,Government Agency,12087899.156470098,13743941.3409065,11/7/2012,,,KEEP_hand,hand-reviewed: genuine security,KEEP,security recipient: 'peacekeeping'
59765,algo_added_2000_2021,Democratic Republic of the Congo,COD,Africa,2012.0,2012,Government of Democratic Republic of Congo ,Chinese government sends 15th peacekeeping mission to DRC,"On November 27, 2012, the first batch of peacekeepers in the 15th Peacekeeping mission set off for the DRC. The 218 peacekeepers in total came from the engineering unit and medical unit. The second batch of peacekeepers will set off 10 days later with 118 peacekeepers. The peacekeeping mission is likely supporting the United Nations Organization Stabilization Mission in the Democratic Republic of the Congo or MONUSCO. The mission will reportedly last for 8 months.",,Completion,Grant,GOVERNMENT AND CIVIL SOCIETY,,,People's Liberation Army of China (PLA),Government Agency,,,1/1/2012,11/27/2012,7/27/2013,KEEP_likely_TP,peacekeeping deployment,KEEP,security recipient: 'peacekeeping'
59813,algo_added_2000_2021,Democratic Republic of the Congo,COD,Africa,2012.0,2012,Government of Democratic Republic of Congo ,Chinese government sends 14th peacekeeping mission to DRC,"On March 20, 2012, the first batch of peacekeepers in the 14th Peacekeeping mission set off for the DRC. The 218 peacekeepers in total came from the engineering unit and medical unit. The second batch of peacekeepers will set off in late March with 118 peacekeepers. The peacekeeping mission is likely supporting the United Nations Organization Stabilization Mission in the Democratic Republic of the Congo or MONUSCO. The mission will reportedly last for 8 months. ",,Completion,Grant,GOVERNMENT AND CIVIL SOCIETY,,,People's Liberation Army of China (PLA),Government Agency,,,1/1/2012,3/20/2012,11/20/2012,KEEP_likely_TP,peacekeeping deployment,KEEP,security recipient: 'peacekeeping'
36001,algo_added_2000_2021,Ecuador,ECU,America,2012.0,2012,Ecuador Armed Forces (FFAA),Chinese Ministry of Defense funds 10 million RMB of mobile field hospital grant worth 18 million RMB through Free Military Assistance Agreement (Linked to Record ID#88255),"On May 9, 2012, the Ministries of Defense of Ecuador and China signed a protocol agreement, which agreed to grant a mobile field hospital, consisting of vehicles and other equipment, worth 18 million RMB. The field hospital was to be used in Loja by the Motorized Infantry Brigade, part of Ecuador's Armed Forces (FF.AA). Its was to be used for medical emergencies and rescue operations during natural disasters.  This mobile field hospital was co-financed by the China's Ministry of Defense (captured in this project, 10 million RMB out of 18 million RMB) and the People's Liberation Army (captured in #88255, 8 million RMB out of 18 million RMB). Both the Ministry of Defense and the PLA funded the field hospital through a Free Military Assistance Agreement with Ecuador.   The Free Military Assistance Agreement between China's Ministry of Defense and Ecuador's Ministry of Defense was signed December 27, 2011, and provided a 10 million RMB grant captured in this project. The entire amount was used for the field hospital project. The Free Military Assistance Agreement between the PLA and the Armed Forces of Ecuador was signed November 12, 2010, and provided an 8 million RMB grant, which is captured in Record ID#. The entire amount was used to fund the field hospital project as well.  More specifically, the grant contained one of each of the following vehicles: ambulance, surgery vehicle, clinical laboratory vehicle, x-ray and type B ultrasound vehicle, sterilization/pharmacy/storage vehicle, restaurant vehicle, vehicle for medical oxygen preparation, shower vehicle, water purifying vehicle, and support vehicle. It also included one transition tent; four tents with a bed and equipment for triage, ICU, and care; and spare parts for two years of use.  The handover ceremony took place in Loja on July 19, 2013. ",,Completion,Grant,DISASTER PREVENTION AND PREPAREDNESS,,,China Ministry of National Defense,Government Agency,1510987.3945587687,1717992.66761332,5/9/2012,7/19/2013,7/19/2013,KEEP_likely_TP,recipient_type = Military,KEEP,security recipient: 'Ministry of Defense'
88255,algo_added_2000_2021,Ecuador,ECU,America,2012.0,2012,Ecuador Armed Forces (FFAA),People's Liberation Army funds 8 million RMB of mobile field hospital grant worth 18 million RMB through Free Military Assistance Agreement (Linked to Record ID#36001),"On May 9, 2012, the Ministries of Defense of Ecuador and China signed a protocol agreement, which agreed to grant a mobile field hospital, consisting of vehicles and other equipment, worth 18 million RMB. The field hospital was to be used in Loja by the Motorized Infantry Brigade, part of Ecuador's Armed Forces (FF.AA). Its was to be used for medical emergencies and rescue operations during natural disasters.  This mobile field hospital was co-financed by the People's Liberation Army (captured in this project, 8 million RMB out of 18 million RMB) and China's Ministry of Defense (captured Record ID#36001, 10 million RMB out of 18 million RMB). Both the Ministry of Defense and the PLA funded the field hospital through a Free Military Assistance Agreement with Ecuador.   The Free Military Assistance Agreement between the PLA and the Armed Forces of Ecuador was signed November 12, 2010, and provided an 8 million RMB grant, which is captured in this project. The entire amount was used for the field hospital project. The Free Military Assistance Agreement between China's Ministry of Defense and Ecuador's Ministry of Defense was signed December 27, 2011, and provided a 10 million RMB grant captured Record ID#36001. The entire amount was used to fund the field hospital project as well.  More specifically, the grant contained one of each of the following vehicles: ambulance, surgery vehicle, clinical laboratory vehicle, x-ray and type B ultrasound vehicle, sterilization/pharmacy/storage vehicle, restaurant vehicle, vehicle for medical oxygen preparation, shower vehicle, water purifying vehicle, and support vehicle. It also included one transition tent; four tents with a bed and equipment for triage, ICU, and care; and spare parts for two years of use.  The handover ceremony took place in Loja on July 19, 2013. ",,Completion,Grant,DISASTER PREVENTION AND PREPAREDNESS,,,People's Liberation Army of China (PLA),Government Agency,1208789.9156470096,1374394.13409065,5/9/2012,7/19/2013,7/19/2013,KEEP_likely_TP,recipient_type = Military,KEEP,security recipient: 'Army'
60723,algo_added_2000_2021,South Sudan,SSD,Africa,2012.0,2012,,Chinese peacekeeping medical team provides medical care to South Sudanese in Babi village,"On March 3, 2012, a group of doctors from the Chinese UN peacekeeping medical team in South Sudan visited the village of Babi to offer medical care to local people. During this visit they gave medicine, conducted checkups, and provided health education.",,Completion,Grant,EMERGENCY RESPONSE,,,People's Liberation Army of China (PLA),Government Agency,,,1/1/2012,3/3/2012,,KEEP_likely_TP,peacekeeping deployment,KEEP,security recipient: 'peacekeeping'
40968,algo_added_2000_2021,Lebanon,LBN,Middle East,2013.0,2013,,Chinese engineers clear landmines in South Lebanon,"In 2013, a Chinese engineer brigade, part of a UN peacekeeping force, were on a mission to clear landmines in Southern Lebanon.  The landmines were remnants from the conflict in the region in 2006.  China has previously sent money and equipment to Lebanon specifically for clearing landmines in the past.
 ",,Completion,Grant,GOVERNMENT AND CIVIL SOCIETY,,,Unspecified Chinese Government Institution,Government Agency,,,1/1/2013,,,KEEP_likely_TP,peacekeeping deployment,KEEP,no rule fired
31147,algo_added_2000_2021,South Sudan,SSD,Africa,2013.0,2013,Government of South Sudan,China builds disarmament training center in South Sudan,"In April 2013, Chinese UN peacekeepers constructed interim training centers for Disarmament, Demobilization, and Reintegration (DDR) in South Sudan, which will teach new skills to around 400 ex-militants.  The peacekeepers also constructed a road through forests and swamps in order to ease access to the center. The transaction information on the agreement of peacekeeping operations and costs of construction are unknown.",,Completion,Grant,GOVERNMENT AND CIVIL SOCIETY,Yes,,Unspecified Chinese Government Institution,Government Agency,,,1/1/2013,,4/1/2013,KEEP_likely_TP,peacekeeping deployment,KEEP,no rule fired
59762,algo_added_2000_2021,Democratic Republic of the Congo,COD,Africa,2014.0,2014,Government of Democratic Republic of Congo ,Chinese government sends 17th peacekeeping mission to DRC,"On April 16, 2014, the first batch of peacekeepers in the 17th Peacekeeping mission set off for the DRC. The 218 peacekeepers in total came from the engineering unit and medical unit. The second batch of peacekeepers will set off 10 days later with 118 peacekeepers. The peacekeeping mission is likely supporting the United Nations Organization Stabilization Mission in the Democratic Republic of the Congo or MONUSCO. The mission will reportedly last for 8 months.
 
 On November 11, 2014, a ceremony was held to honor the 17th peacekeeping mission. ",,Completion,Grant,GOVERNMENT AND CIVIL SOCIETY,,,People's Liberation Army of China (PLA),Government Agency,,,1/1/2014,4/16/2014,,KEEP_likely_TP,peacekeeping deployment,KEEP,security recipient: 'peacekeeping'
67421,algo_added_2000_2021,Democratic Republic of the Congo,COD,Africa,2014.0,2014,Government of Democratic Republic of Congo ,Chinese government sends 18th peacekeeping mission to DRC,"On December 16 2014, the peacekeepers in the 18th Peacekeeping mission arrived in the DRC. The 218 peacekeepers in total came from the engineering unit and medical unit. The peacekeeping mission is likely supporting the United Nations Organization Stabilization Mission in the Democratic Republic of the Congo or MONUSCO. The mission will reportedly last for 8 months.",,Completion,Grant,GOVERNMENT AND CIVIL SOCIETY,,,People's Liberation Army of China (PLA),Government Agency,,,1/1/2014,12/16/2014,8/16/2015,KEEP_likely_TP,peacekeeping deployment,KEEP,security recipient: 'peacekeeping'
38728,algo_added_2000_2021,Indonesia,IDN,Asia,2014.0,2014,Government of Indonesia,China Ministry of Defense sends ships and aircraft to help find AirAsia QZ8501 plane crash (Linked to Record ID#39125),"On December 29th, 2014, China announced it would send aircraft and vessels to join the search and rescue for missing AirAsia flight QZ8501. On December 30, 2014, the Chinese Ministry of National Defense sent ships and an aircraft to assist in the search for the crashed AirAsia flight QZ8501 that went missing on December 28. The search mission was led by Indonesia. The flight was scheduled to land in Singapore but crashed in the waters off Belitung island.  In January 2015, China Civil Aviation Authority also sent three experts to assist in the search (see Record ID#39125). As of January 9th, 2015, a total of 48 bodies were found. As of January 12th, 2015, the investigation was still ongoing. On December 1st, 2015, the final report on the investigation was released, marking the completion of the provided aid.",,Completion,Grant,EMERGENCY RESPONSE,,,China Ministry of National Defense,Government Agency,,,12/29/2014,12/30/2014,,KEEP_likely_TP,recipient_type = Military,KEEP,security recipient: 'Ministry of Defense'
41549,fn_added_security_eq1,Liberia,LBR,Africa,2014.0,2014,Liberian National Police (LNP),"China grants $211,781 USD to Liberia National Police for Ebola response (Linked to Record ID#41547, #45060)","In 2014, China committed to various sectors of the Government of Liberia over 3 million dollars to fight Ebola. During the signing ceremony, the PRC Government is providing US$1 million cash to the Liberian Government (see #41547); US $2 million to the World Food Programme (WFP) (see #45060), and US $211,781 logistical support to the LNP. This project captures the donation to the LNP, which includes vehicles, motorcycles, communication equipment, among others.  Other Ebola-related assistance provided by the Chinese Government in 2014 is captured in umbrella Record ID#60642.",,Pipeline: Commitment,Grant,EMERGENCY RESPONSE,,,Unspecified Chinese Government Institution,Government Agency,191022.5841744802,217192.678206384,9/24/2014,,,KEEP_fn_audit,Liberia 2014 -- $212K Ebola response grant to Liberia National Police,KEEP,security recipient: 'Police'
38087,algo_added_2000_2021,Maldives,MDV,Asia,2014.0,2014,,"China provides emergency water supplies to Male, Maldives (link to Record ID#38403)","In early December 2014, China sent water bottles on commercial airliners including 32.5 tons of water from Mega Maldives and China Southern Airlines and 5 tons of water bottles from Emirates (following urgent contact on the part of CMEC, a Chinese machinery company) to the Maldives. In addition, China had the People's Liberation Army Navy (PLAN) Changxingdao warship deliver 600 tons of drinking water to Male Port. Then the PLAAF sent two planes to deliver 40 tons of water to Male International Airport. 
 
 The project is linked to Record ID#38403 where China provided a $500,000 emergency grant to the Maldives' government to speed up repairs in a desalination plant and restore water to the capital following a fire at a desalinization plant that threatened Male's water supply in 2014.",,Completion,Grant,EMERGENCY RESPONSE,,,Unspecified Chinese Government Institution,Government Agency,,,12/7/2014,,12/8/2014,KEEP_likely_TP,recipient_type = Military,KEEP,no rule fired
41987,algo_added_2000_2021,South Sudan,SSD,Africa,2014.0,2014,United Nations Mission in South Sudan (UNMISS),Chinese Government sends 350 non-combat peacekeepers to South Sudan (Linked to Record ID#41573),"In May 2014, the Chinese Government agreed to send 850 peacekeepers to support the United Nations Mission in South Sudan (UNMISS). The Chinese foreign ministry confirmed this in June of the same year.  Then, in September 2014, the Chinese Government announced that it would send 700 combat troops (as captured by linked Record ID#41573). These combat troops began arriving in January 2015, joining existing 350 Chinese peacekeeping medical workers and engineers in Juba, South Sudan captured in this project. There were 1,031 Chinese peacekeepers in South Sudan in December 2015, including the battalion.",,Implementation,Grant,EMERGENCY RESPONSE,,,People's Liberation Army of China (PLA),Government Agency,,,1/1/2014,,,KEEP_likely_TP,peacekeeping deployment,KEEP,security recipient: 'UNMISS'
53106,algo_added_2000_2021,"Africa, regional",,Africa,2015.0,2015,International Peace Support Training Center (IPSTC),China donates equipment to Kenya International Peace Support Training Center,"On November 27, 2015, an official donation ceremony was held at the Kenya International Peace Support Training Center (IPSTC) in Nairobi, Kenya; furthermore, the ceremony saw office equipment handed over from China, with Chinese Ambassador of Kenya Liu Xianfa present. The ambassador also gave a speech at the event, which addressed China-Kenya relations and announced that China would train 2,000 peacekeeping officers in multiple countries and provide 100 million USD to African Union standing forces. The office supplies donation is complete, however, the cost, specific donor organization, and specific supplies donated are unknown.",,Completion,Grant,OTHER SOCIAL INFRASTRUCTURE AND SERVICES,,,Unspecified Chinese Government Institution,Government Agency,,,11/27/2015,11/27/2015,11/27/2015,KEEP_hand,hand-reviewed: genuine security,KEEP,no rule fired
59758,algo_added_2000_2021,Democratic Republic of the Congo,COD,Africa,2015.0,2015,Government of Democratic Republic of Congo ,Chinese government sends 19th peacekeeping mission to DRC,"On September 21, 2015, the first batch of peacekeepers in the 19th Peacekeeping mission set off for the DRC. The 225 peacekeepers in total came from the engineering unit and medical unit. The second batch of peacekeepers will set off on September 27. The peacekeeping mission is likely supporting the United Nations Organization Stabilization Mission in the Democratic Republic of the Congo or MONUSCO. The mission was completed in September 2016. ",,Completion,Grant,GOVERNMENT AND CIVIL SOCIETY,,,People's Liberation Army of China (PLA),Government Agency,,,1/1/2015,9/21/2015,,KEEP_likely_TP,peacekeeping deployment,KEEP,security recipient: 'peacekeeping'
49251,algo_added_2000_2021,Lao People's Democratic Republic,LAO,Asia,2015.0,2015,Government of Laos,Chinese government donates seven ambulances and medical supplies worth 3 million yuan to Laos to support unexploded ordnance (UXO),"On April 2, 2015, the Chinese government donated seven ambulances and medical supplies worth 3 million yuan (about 480,000 U.S. dollars) in support of unexploded ordnance (UXO) to Laos. The ambulances will be allocated to provincial hospitals that deal with the majority of the nation's UXO casualties, as well as to the army's UXO Humanitarian Unit.
 
 On average, 300 people had been killed and countless more injured from accidents related to UXO in Laos each year from 1964 to 2008.",,Completion,Grant,EMERGENCY RESPONSE,,,Unspecified Chinese Government Institution,Government Agency,439182.23657820054,499350.202989414,1/1/2015,4/2/2015,4/2/2015,KEEP_likely_TP,demining / mine clearance,KEEP,security recipient: 'UXO'
91725,algo_added_2000_2021,Lao People's Democratic Republic,LAO,Asia,2015.0,2015,Cambodian Ministry of Economy and Finance,MOFCOM provides $4 million grant for Council of Ministers Bodyguard Building Project,"In 2015, China’s Ministry of Commerce (MOFCOM) provided a grant worth approximately $4 million to the Cambodian Ministry of Economy and Finance for the Council of Ministers Bodyguard Building Project. The purpose of the project was to construct a building for the Council of Ministers Bodyguard Unit (Command) in Toul Krosang (Toul Krasang), Takhmao City, Kandal Province. The project was completed and the building was officially inaugurated on June 21, 2018. The, on January 22, 2019, a project handover (consignment) certificatd was signed by Cambodian Ministry of Economy and Finance Secretary of State Vongsey Vissoth and Chinese Minister of Commerce Zhong Shan.",,Completion,Grant,GOVERNMENT AND CIVIL SOCIETY,Yes,,China Ministry of Commerce,Government Agency,3680557.190506394,4184793.52560577,1/1/2015,,6/21/2018,KEEP_hand,hand-reviewed: genuine security,KEEP,no rule fired
59713,algo_added_2000_2021,Democratic Republic of the Congo,COD,Africa,2016.0,2016,,Chinese government sends 20th peacekeeping mission to DRC from the medical and engineering units,"On September 19, 2016, the 20th Peacekeeping mission set off for the DRC. The 218 peacekeepers in total came from the engineering unit and medical unit. The peacekeeping mission is likely supporting the United Nations Organization Stabilization Mission in the Democratic Republic of the Congo or MONUSCO. The mission was completed in September 2017. 
 
 As of July 2017, the 20th peacekeeping mission had completed 31 engineering investigations, 35 construction tasks, and 19 medical operations and had treated 1,430 patients. ",,Completion,Grant,GOVERNMENT AND CIVIL SOCIETY,,,People's Liberation Army of China (PLA),Government Agency,,,1/1/2016,9/19/2016,,KEEP_likely_TP,peacekeeping deployment,KEEP,security recipient: 'peacekeeping'
67423,algo_added_2000_2021,Democratic Republic of the Congo,COD,Africa,2017.0,2017,Government of Democratic Republic of Congo ,Chinese government sends 21st peacekeeping mission to DRC,"On September 12, 2017, the first batch of peacekeepers in the 21st Peacekeeping mission set off for the DRC. The 218 peacekeepers in total came from the engineering unit and medical unit. The second batch of peacekeepers will set off on September 18 with 118 peacekeepers. The peacekeeping mission is likely supporting the United Nations Organization Stabilization Mission in the Democratic Republic of the Congo or MONUSCO. The mission was completed in September 2018. ",,Completion,Grant,GOVERNMENT AND CIVIL SOCIETY,,,People's Liberation Army of China (PLA),Government Agency,,,1/1/2017,,,KEEP_likely_TP,peacekeeping deployment,KEEP,security recipient: 'peacekeeping'
65137,algo_added_2000_2021,Philippines,PHL,Asia,2017.0,2017,,China donated P65M for troops injured in Marawi City [September 13th] (Linked to Record ID#65140),"On September 13, 2017, the Chinese government turned over a P65-million donation to the Philippines for troops wounded in ongoing offensives against terrorists in Marawi City. Chinese Ambassador to the Philippines Zhao Jianhua handed over the latest assistance to President Rodrigo Duterte in Malacañang.
 
 This project is linked to Record ID#65140, a P5 million for wounded troops in Marawi donated on September 6th, 2017.",,Completion,Grant,EMERGENCY RESPONSE,,,Unspecified Chinese Government Institution,Government Agency,1206628.4607102463,1371936.55982755,1/1/2017,9/13/2017,9/13/2017,KEEP_hand,hand-reviewed: genuine security,KEEP,no rule fired
65723,algo_added_2000_2021,Philippines,PHL,Asia,2017.0,2017,,China holds training program for Philippine Coast Guard officers,"From May 4 to 20, 2017, the Philippine Coast Guard (PCG) Legal Affairs seminar and the Junior Officers Law Enforcement training course took place in Ningbo City, Zheijang Province, China. Ten PCG legal officers participated in the legal affairs seminar while the rest of the PCG officers took the law enforcement training course.
 
 According to ""20 PCG officers training on maritime law enforcement in China,"" the 2-week program includes an ""introduction to the maritime law enforcement agencies in China, maritime law enforcement language (Chinese), maritime search and rescue, diving, boarding and capture, ship maneuvering, communication and navigation support.""",,Completion,Grant,EDUCATION,,,Unspecified Chinese Government Institution,Government Agency,,,1/1/2017,5/4/2017,5/20/2017,KEEP_likely_TP,recipient_type = Border / customs / coast guard,KEEP,security recipient: 'Coast Guard'
72576,algo_added_2000_2021,South Sudan,SSD,Africa,2018.0,2018,Sudan People's Liberation Movement (SPLM),China donates 38 computers to South Sudan's ruling SPLM party,"On April 5, 2018, the Chinese Embassy in South Sudan donated 38 computers to the Sudan People's Liberation Movement, the ruling party of South Sudan. The total value of the donation is unknown. ",,Completion,Grant,GOVERNMENT AND CIVIL SOCIETY,,,Unspecified Chinese Government Institution,Government Agency,,,4/1/2018,4/5/2018,4/5/2018,KEEP_likely_TP,recipient_type = Military,KEEP,no rule fired
87072,algo_added_2000_2021,Sudan,SDN,Africa,2018.0,2018,Government of Sudan,China sends 15th peacekeeping team to Sudan,"On December 11, 2018, a group of 100 Chinese Peacekeepers left for Darfur, Sudan for a year-long peacekeeping mission. This is the first group of the 225-member peace-keeping force team, with the second group leaving on December 18 for Darfur. Together, the 225-member team is the 15th batch of peacekeepers that China has sent to the Darfur region. The team will be tasked with maintaining supplies, engineering projects, renovating buildings, and constructing/repairing homes, roads, and airports.  On December 4, 2019, the United Nations Peacekeeping Strategic Partnership Office evaluated the 15th Chinese peacekeeping team, and the team passed the evaluation with high standards.  On August 13, 2020, a group of 115 members from the 15th peacekeeping team successfully completed their 20-month mission and returned to China. During their mission, the peacekeeping team has successively completed the infrastructure construction of the Gloria Temporary Operation Base of UNIFIL, the clearing and remediation and transfer of 10 camps, the upgrade of the El Fasher super camp, etc. All 225 members were awarded the United Nations ""Peace Medal of Honor"" in July 2020.",,Completion,Grant,GOVERNMENT AND CIVIL SOCIETY,,,Unspecified Chinese Government Institution,Government Agency,,,1/1/2018,12/11/2018,8/13/2020,KEEP_likely_TP,peacekeeping deployment,KEEP,security recipient: 'peacekeeping'
86672,algo_added_2000_2021,Democratic Republic of the Congo,COD,Africa,2019.0,2019,Government of Democratic Republic of Congo ,Chinese government sends 23rd peacekeeping mission troupe to the Democratic Republic of the Congo,"In September 2019, the Chinese government dispatched its 23rd peacekeeping mission troupe to the Democratic Republic of the Congo. The team had returned to China on September 16, 2020. According to CCTV via the Forum on China-Africa Cooperation the peacekeeping mission had over 200 members, with 90 officers and soldiers dispatched in the first batch (88 of the 90 were members of the engineering team). The team had completed 53 engineering tasks in one year, invested 19,437 man-hours, mobilized 6,520 units of equipment, repaired 62.64 kilometers of roads, leveled 20,216 square meters of ground, and pulled 30,250 square meters of earth and stone. The team had also destroyed more than 1,700 pieces of used ammunition and carried out more than 10 missions of humanitarian aid. The soldiers were commended by MONUSCO their supporting partner. ",,Completion,Grant,GOVERNMENT AND CIVIL SOCIETY,,,Unspecified Chinese Government Institution,Government Agency,,,1/1/2019,9/1/2019,9/16/2020,KEEP_likely_TP,peacekeeping deployment,KEEP,security recipient: 'peacekeeping'
103981,algo_added_2000_2021,Jamaica,JAM,America,2019.0,2019,Jamaica Ministry of Foreign Affairs and Foreign Trade (MFAFT),Chinese government provides USD 18 million grant of electronic office equipment and airport security scanners to Jamaica (Linked to Record ID #69489),"On November 21, 2023, the Chinese government donated airport security scanners and office equipment, including multifunctional printers, computers, laptops, and video conferencing systems, to the Government of Jamaica. The grant was valued at USD $18 million and would be used to enhance border security and furnish the office of the Jamaican Ministry of Foreign Affairs and Foreign Trade. The donations had been agreed upon in the Economic and Technical Cooperation Agreement signed on July 30, 2019, which is captured in Record ID #69489.",,Completion,Grant,GOVERNMENT AND CIVIL SOCIETY,,,China Ministry of Commerce,Government Agency,16432519.644972824,18683774.8363341,7/30/2019,11/21/2023,11/21/2023,KEEP_hand,hand-reviewed: genuine security,KEEP,no rule fired
94410,algo_added_2000_2021,Lebanon,LBN,Middle East,2020.0,2020,Government of Lebanon,"Chinese Government provides 3,600 food parcels to families in Beirut, Lebanon in September 2020","In September 29th 2020, the Chinese Embassy in Lebanon provided 3,600 food parcels to poor families in Beirut, Lebanon affected by the Beirut port explosion. The monetary value of the donation is unknown.  The packages were delivered to the Lebanese army, which was tasked with distributing the parcels to approximately 15,000 people. The purpose of this donation is to support Lebanon during the aftermath of the Beirut port explosion.",,Completion,Grant,EMERGENCY RESPONSE,,,Unspecified Chinese Government Institution,Government Agency,,,9/29/2020,9/29/2020,9/29/2020,KEEP_likely_TP,recipient_type = Military,KEEP,no rule fired
94518,fn_added_security_eq1,Lebanon,LBN,Middle East,2020.0,2020,Government of Lebanon,18th Chinese peacekeeping force donates medical supplies to Marjayoun District in August 2020 (Linked to Record ID#67574),"On August 10, 2020, the 18th Chinese peacekeeping force dispatched to Lebanon donated a batch of medical supplies to the local government of Marjayoun District, where it was stationed. The supplies included medicines for external use, preventive medicines, and some medical apparatus and instruments. The monetary value of the donation is unknown.  The 18th Chinese peacekeeping force dispatched to Lebanon is captured and detailed in Record ID#67574.",,Completion,Grant,HEALTH,,,Unspecified Chinese Government Institution,Government Agency,,,8/10/2020,8/10/2020,8/10/2020,KEEP_fn_audit,Lebanon 2020 -- 18th PKO force donates medical supplies to Marjayoun,KEEP,security recipient: 'peacekeeping'
95939,algo_added_2000_2021,Sri Lanka,LKA,Asia,2020.0,2020,Sri Lanka Air Force (SLAF),Chinese Embassy in Sri Lanka donates to Sri Lanka Air Force Seva Vanitha Unit in 2020,"On June 8, 2020, Chinese Embassy in Sri Lanka made a monetary donation to the SLAF Seva Vanitha Unit at Air Force Headquarters. The donation was made by a Chinese delegation led by the Defence Attache of the Chinese Embassy, Senior Colonel Wan Dong to the Commander of the Air Force, Air Marshal Sumangala Dias at the Commanders' Office.   The donation was intended to be utilized to further develop SLAF Pre-School Projects conducted by the SLAF Seva Vanitha Unit and to empower family members of SLAF personnel also through the Seva Vanitha Unit.",,Completion,Grant,OTHER SOCIAL INFRASTRUCTURE AND SERVICES,,,Chinese Embassy,Government Agency,,,6/8/2020,6/8/2020,6/8/2020,KEEP_likely_TP,recipient_type = Military,KEEP,security recipient: 'Air Force'
95201,algo_added_2000_2021,Canada,CAN,America,2021.0,2021,Salvation Army Calgary,CNOOC Petroleum North America ULC purchased critical items for Calgary's Salvation Army chapter,"In 2021, CNOOC Petroleum North America ULC purchased unspecified critical items for the Salvation Army's Calgary chapter, most likely to support the chapter's food pantry program.",,Completion,Grant,OTHER SOCIAL INFRASTRUCTURE AND SERVICES,,,CNOOC Petroleum North America ULC (formerly CNOOC Canada Holding Ltd and Nexen Energy ULC),State-owned Company,,,1/1/2021,,,KEEP_likely_TP,recipient_type = Military,KEEP,security recipient: 'Army'
94516,fn_added_security_eq1,Lebanon,LBN,Middle East,2021.0,2021,Government of Lebanon,"20th Chinese peacekeeping force donates medicine worth USD 22,000 to a Lebanese village in November 2021 (Linked to Record ID#94431)","On November 29, 2021, the 20th Chinese peacekeeping force dispatched to Lebanon provided medicine, worth USD 22,000, to a local village in Nabatieh, South Lebanon. The force donated 51 medications, including antihypertensive, antibacterial, and topical drugs, as well as analgesics. The monetary value of the donation is unknown.  The donation occurred in a handover ceremony attended by Chinese Liaison officer Duan Da and the head of the Lebanese village.",,Completion,Grant,HEALTH,,,Unspecified Chinese Government Institution,Government Agency,17842.67020045409,20287.1160179163,11/29/2021,11/29/2021,11/29/2021,KEEP_fn_audit,Lebanon 2021 -- 20th PKO force donates medicine to Nabatieh village,KEEP,security recipient: 'peacekeeping'
103402,algo_added_2000_2021,Madagascar,MDG,Africa,2021.0,2021,Government of Madagascar,Unspecified Chinese Government Institution grants police supplies worth RMB 1 million to Madagascar,"In 2021, China and Madagascar signed a cooperation agreement for police supplies. On June 21, 2023, Zhang Wei, Charge d'Affaires of the Chinese Embassy in Madagascar and the Secretary-General of Madagascar's Ministry of Public Security signed a handover certificate for the donation of police supplies.  The equipment included including VPN servers, security gateways, network switches, laptops, uninterruptible power supplies, and other electronic equipment. This grant was to help Madagascar's government upgrade the police communication system and upgrade to the ""I-24/7"" communication system. The value of the equipment is RMB 1 million.  The equipment was expected to arrive May 3, 2023, in the port of Toamasina. It was handed over June 21, 2023. The donation is being implemented through the National Central Bureau of INTERPOL in Madagascar.  The Madagascar national police said the donation would allow them to detect suspicious persons entering Madagascar from other countries. It will Madagascar's INTERPOL office to communicate with other countries' INTERPOL offices and store data on suspicious persons entering and leaving the country.",,Completion,Grant,GOVERNMENT AND CIVIL SOCIETY,,,Unspecified Chinese Government Institution,Government Agency,125741.157156124,142967.695686513,1/1/2021,6/21/2023,6/21/2023,KEEP_likely_TP,recipient_type = Police,KEEP,security recipient: 'police'
93610,algo_added_2000_2021,Mali,MLI,Africa,2021.0,2021,United Nations Multidimensional Integrated Stabilization Mission in Mali (MINUSMA),China sends 9th batch of peacekeeping forces to Mali ,"On October 23rd, 2021, China sent peacekeeping engineering contingency forces to Menaka, Mali as a part of the United Nations Multidimensional Integrated Stabilization Mission (MINUSMA). This is the ninth batch of peacekeeping forces China has sent as part of MINUSMA. The contingency consisted of 38 Chinese officers and soldiers. According to the Chinese Government, the contingency will carry out nine engineering tasks, including building bunkers, repairing roads, and erecting board houses. The mission period is 10 months. ",,Completion,Grant,GOVERNMENT AND CIVIL SOCIETY,,,Unspecified Chinese Government Institution,Government Agency,,,10/23/2021,10/23/2021,,KEEP_likely_TP,peacekeeping deployment,KEEP,security recipient: 'peacekeeping'
95317,algo_added_2000_2021,Mali,MLI,Africa,2021.0,2021,Government of Mali,Chinese medical peacekeeping contingent donates flood relief supplies to Mali ,"On August 11, 2021, the 8th Chinese medical peacekeeping contingent to Mali donated more than 600 pieces of emergency supplies to flood-stricken areas in Menaka, Mali. The donation was delivered to the affected area through the logistics department of the Mali military.",,Completion,Grant,EMERGENCY RESPONSE,,,Unspecified Chinese Government Institution,Government Agency,,,8/11/2021,8/11/2021,8/11/2021,KEEP_likely_TP,peacekeeping deployment,KEEP,security recipient: 'peacekeeping'
93197,algo_added_2022_2023,Benin,BEN,Africa,2022.0,2022,Republican Police of Benin,Chinese Embassy in Benin donates 45 motorcycles to the Republican Police of Benin,"On September 8, 2022, the Chinese Embassy in Benin provided 45 motorbikes to the Republican Police of Benin. The total value of the bikes came in at 20 million West African CFA francs. The purpose of the donation was to ameliorate the operational capacity of the Police.  A handover ceremony was held for this donation. Peng Jingtao, China’s Ambassador to Benin, and Sai Yidu, Minister of the Interior and Public Security of Benin, attended the ceremony and delivered speeches. The Secretary-General of the Ministry of Internal Affairs, the main heads of ministries and commissions, and the main heads of the Republic Police also attended.",,Completion,Grant,TRANSPORT AND STORAGE,,,Chinese Embassy,Government Agency,26646.89752756851,30297.5224888454,9/8/2022,9/8/2022,9/8/2022,KEEP_likely_TP,recipient_type = Police,KEEP,security recipient: 'Police'
99430,algo_added_2022_2023,Cambodia,KHM,Asia,2022.0,2022,Government of Cambodia,Chinese Government provides grant for construction of auditorium at Cambodia's Army Institute ,"On March 28, 2022, construction began for an Chinese Government grant-funded auditorium at Cambodia's Army Institute in Phnom Sruoch District within Kampong Speu Province. The monetary value of the grant from the Chinese Government is unknown. The auditorium is expected to consist of 5 floors and will be used for human resources training purposes.  When completed, the auditorium is expected to improve Cambodia’s training abilities and national defense operations.   Yunnan Construction and Investment Holding Group Co. Ltd. is the contractor responsible for implementation. A groundbreaking ceremony was held on March 28, 2022.  Vong Pisen, Commander-in-Chief of the Royal Cambodian Armed Forces, and Colonel Zhu Shuaifei, Deputy Military Attache of the Chinese Embassy to Cambodia, presided over the ceremony.",,Implementation,Grant,GOVERNMENT AND CIVIL SOCIETY,,,People's Liberation Army of China (PLA),Government Agency,,,3/28/2022,,,KEEP_likely_TP,recipient_type = Military,KEEP,security recipient: 'Army'
99740,algo_added_2022_2023,Democratic Republic of the Congo,COD,Africa,2022.0,2022,Democratic Republic of Congo Ministry of Defense,Chinese Embassy in the Democratic Republic of the Congo donates information technology equipment to Democratic Republic of the Congo's Ministry of National Defense in December 2022,"On December 23, 2022, Charge d'Affaires of the Chinese Embassy in the Democratic Republic of the Congo Wang Hailong donated information equipment to the Ministry of Defense of Democratic Republic of the Congo. The donation was received by Secretary General of the Ministry of Defense Lu Kuikira, and was made on the behalf of Chinese Ambassador to Democratic Republic of the Congo, Zhu Jing.",,Completion,Grant,GOVERNMENT AND CIVIL SOCIETY,,,Chinese Embassy,Government Agency,,,1/1/2022,,12/23/2022,KEEP_likely_TP,recipient_type = Military,KEEP,security recipient: 'Defense'
101838,algo_added_2022_2023,Djibouti,DJI,Africa,2022.0,2022,Djibouti National Police,Chinese Ministry of Public Security donates police supplies to Djibouti National Police Force,"On November 28, 2022, the Chinese Ministry of Public Security (Chinese:中国公安部援) donated supplies to Djibouti National Police. ",,Completion,Grant,GOVERNMENT AND CIVIL SOCIETY,,,China Ministry of Public Security,Government Agency,,,11/28/2022,11/28/2022,11/28/2022,KEEP_likely_TP,recipient_type = Police,KEEP,security recipient: 'Ministry of Public Security'
99810,algo_added_2022_2023,Ethiopia,ETH,Africa,2022.0,2022,Ethiopian Federal Police Commission,"Chinese government provides $600,000 worth of equipment to the Ethiopian Federal Police","On November 29 2022, the Chinese government donated $600,000 worth of equipment to the Ethiopian Federal Police. At the handover ceremony, Chinese Ambassador to Ethiopia Zhao Zhiyuan represented China and Ethiopian Federal Police Commissioner-General Demelash Gebremichael represented Ethiopia.   The equipment included five Corolla Cross patrol vehicles, a bullet-proof vehicle, digital forensic laboratory equipment, cash, and a communication upgrading system. The purpose of the donation was to promote security within Ethiopia and limit terrorism and piracy and strengthen the Ethiopian Federal Police.",,Completion,Grant,GOVERNMENT AND CIVIL SOCIETY,,,Unspecified Chinese Government Institution,Government Agency,498638.0640538839,566951.478829266,11/29/2022,11/29/2022,11/29/2022,KEEP_likely_TP,recipient_type = Police,KEEP,security recipient: 'Police'
99956,algo_added_2022_2023,Gambia,GMB,Africa,2022.0,2022,Gambia Armed Forces,Chinese Embassy donates logistic equipment to Gambia Armed Forces,"On December 30, H.E. Liu Jin, Chinese Ambassador to The Gambia handed over a batch of logistic equipment to Gambia Armed Forces. The donation included eight double cabin pickup trucks, two single cabin pickup trucks, multiple other trucks, two water tank trucks, two vehicle lifters, one container, and one ambulance. The total cost of the donation is unknown. The purpose of the donation is to aid in peacekeeping efforts and support military training efforts. ",,Completion,Grant,GOVERNMENT AND CIVIL SOCIETY,,,Chinese Embassy,Government Agency,,,12/30/2022,,,KEEP_likely_TP,peacekeeping deployment,KEEP,security recipient: 'Armed Forces'
93374,algo_added_2022_2023,Guinea-Bissau,GNB,Africa,2022.0,2022,Guinea Bissau Ministry of Defense,Chinese Government Donates Aid to Guinea-Bissau's Defense Ministry (March 2022),"On March 3, 2022 China donated materials to Guinea-Bissau's Ministry of Defense including eight vehicles, cartography and office materials, and military engineering machines. The monetary value of this donation is unknown.",,Completion,Grant,GOVERNMENT AND CIVIL SOCIETY,,,Unspecified Chinese Government Institution,Government Agency,,,1/1/2022,3/3/2022,3/3/2022,KEEP_likely_TP,recipient_type = Military,KEEP,security recipient: 'Defense'
100587,algo_added_2022_2023,Kiribati,KIR,Oceania,2022.0,2022, Kiribati Police Service (KPS),Chinese government donates equipment to Kiribati Police Service,"On November 24, 2022, there was a handover ceremony for the Chinese-donated police equipment to the Kiribati Police Service at the Police Headquarters in Betio.   The government of the People's Republic of China represented by Ambassador Zhou Limin has handed over police equipment including brass band equipment, mobile phones, tablets, traffic cones and vests, sport wear, and many more to the Acting Commissioner Mr Eeri Aritiera. These equipment will be used by the KPS for the enhancement of its services to the people of Kiribati. This handing over ceremony was witnessed by officials from the Chinese Embassy, the Assistance Police team from China, and the Senior Management Group from KPS. ",,Completion,Grant,GOVERNMENT AND CIVIL SOCIETY,,,Unspecified Chinese Government Institution,Government Agency,,,11/24/2022,11/24/2022,11/24/2022,KEEP_likely_TP,recipient_type = Police,KEEP,security recipient: 'Police'
100801,algo_added_2022_2023,Liberia,LBR,Africa,2022.0,2022,Liberia National Police Academy ,Chinese Embassy in Liberia donates supplies to the Liberia Police Academy,"On September 23, 2022, the Chinese Embassy in Liberia donated a batch of daily necessities, including solar street lights, to the Liberia Police Academy community. Ambassador Ren Yisheng, Community Chairman Mr. Nyumah A. Borbor, and his delegation attended the ceremony. The monetary value of the donation is unknown.   The donation is intended to strengthen grassroots community infrastructure and enhance China-Liberia relations.",,Completion,Grant,GOVERNMENT AND CIVIL SOCIETY,,,Chinese Embassy,Government Agency,,,9/23/2022,9/23/2022,9/23/2022,KEEP_likely_TP,recipient_type = Police,KEEP,security recipient: 'Police'
100226,algo_added_2022_2023,Madagascar,MDG,Africa,2022.0,2022,Madagascar Ministry of Public Security,Chinese Government donates police materials to Madagascar Ministry of Public Security in November 2022,"On November 4, 2022, the Chinese government donated police materials to the Madagascar Ministry of Public Security. The donation includes an unknown quantity of anti-riot helmets, bulletproof vests, and batons. The monetary value of the donation is unknown.",,Completion,Grant,OTHER SOCIAL INFRASTRUCTURE AND SERVICES,,,Unspecified Chinese Government Institution,Government Agency,,,11/4/2022,11/4/2022,11/4/2022,KEEP_likely_TP,recipient_type = Civil security ministry,KEEP,security recipient: 'police'
104303,algo_added_2022_2023,Maldives,MDV,Asia,2022.0,2022,Maldives Police Service,Chinese Ministry of Public Security pledged information equipment to the Maldives Police Service in February 2022,"On February 22, 2022, the Chinese Ministry of Public Security pledged a donation of information equipment to the Maldives Police Service. The Chinese government formalized the pledged equipment assistance through a formalized Exchange of Notes at a ceremony attended by Chinese Ambassador Wang Lixin and Commissioner of Police Mohamed Hameed. The batch of information equipment will include computers and servers. The monetary value of the donation is unknown. ",,Pipeline: Commitment,Grant,GOVERNMENT AND CIVIL SOCIETY,,,China Ministry of Public Security,Government Agency,,,2/22/2022,,,KEEP_likely_TP,recipient_type = Police,KEEP,security recipient: 'Ministry of Public Security'
101749,algo_added_2022_2023,Namibia,NAM,Africa,2022.0,2022,"Ministry of Home Affairs, Immigration, Safety and Security of Namibia","China Ministry of Public Security donates security equipment worth NAD 7 million to Namibia Ministry of Home Affairs, Immigration, Safety and Security for law enforcement capacity building","On April 21, 2022, the Chinese Ministry of Public Security handed over a donation of security equipment worth NAD 7 million to the Namibian Ministry of Home Affairs, Immigration, Safety and Security. The donation included 1,500 rubber batons, helmets, riot shields, and knee and elbow caps, as well as 1,600 sets of protective vests. The donation was planned to be distributed to correctional facilities across Namibia to support law enforcement capacity building. ",,Completion,Grant,GOVERNMENT AND CIVIL SOCIETY,,,China Ministry of Public Security,Government Agency,355372.2712662577,404058.272429735,4/1/2022,4/21/2022,4/21/2022,KEEP_likely_TP,recipient_type = Police,KEEP,security recipient: 'Ministry of Public Security'
103227,algo_added_2022_2023,Nicaragua,NIC,America,2022.0,2022,National Police of Nicaragua,Chinese Ministry of Public Security provides equipment to the National Police of Nicaragua,"On November 8, 2022, the Chinese Ministry of Public Security donated protective equipment to the National Police of Nicaragua, including helmets, bulletproof vests, shields, batons, knee pads, handcuffs, and gloves. Francisco Díaz Madriz, Director General of the National Police of Nicaragua, and Chen Xi, Chinese Ambassador to Nicaragua, were present during the donation. ",,Completion,Grant,GOVERNMENT AND CIVIL SOCIETY,,,China Ministry of Public Security,Government Agency,,,11/8/2022,11/8/2022,11/8/2022,KEEP_likely_TP,recipient_type = Police,KEEP,security recipient: 'Ministry of Public Security'
101316,algo_added_2022_2023,Panama,PAN,America,2022.0,2022,Panama City Municipality,Chinese Government donated 10 motorcycles to Panama City Police Department ,"On December 15, 2022, the Chinese Ambassador to Panama attended a handover ceremony of 10 motorcycles to Panama City's police force. The motorcycles were donated from an unknown agency within the Chinese Government.  According to the ambassador, this donation is to help the Panamanian city government improve the hardware construction of the police force and better serve to ensure social security and citizen safety in the capital.",,Completion,Grant,GOVERNMENT AND CIVIL SOCIETY,,,Unspecified Chinese Government Institution,Government Agency,,,12/15/2022,12/16/2022,12/16/2022,KEEP_likely_TP,recipient_type = Police,KEEP,security recipient: 'Police'
100546,algo_added_2022_2023,Papua New Guinea,PNG,Oceania,2022.0,2022,Royal Papua New Guinea Constabulary (RPNGC),Chinese Government provides 1000 bullet proof vests to Royal Papua New Guinea Constabulary in August 2022,"On August 19, 2022, the Chinese Government donated 1000 high quality bullet proof vests to Royal Papua New Guinea Constabulary. The supplies were distributed to front-line police forces in the highlands on August 20, 2022. The donation will enhance police capabilities and improve their completion of election security duties. The monetary value of this donation is unknown.  A handover ceremony was held for this donation. China’s Ambassador to Papua New Guinea, Zeng Fanhua, and Inspector General of PNG Police, David Manning, attended the ceremony and signed the material handover certificate.",,Completion,Grant,GOVERNMENT AND CIVIL SOCIETY,,,Unspecified Chinese Government Institution,Government Agency,,,8/19/2022,8/19/2022,8/19/2022,KEEP_hand,hand-reviewed: genuine security,KEEP,security recipient: 'Constabulary'
100436,algo_added_2022_2023,Samoa,WSM,Oceania,2022.0,2022,Government of Samoa,China provides $5.36 million USD for the construction of Samoa's first Police Academy ,"On October 27, 2022, Samoa announced that the construction of its first Police Academy started and would be completed in 18 months. The academy is funded by the Chinese Government at an estimated cost of over $15 million tala ($5.36 million USD) and the Samoa Government at a cost of $1 million tala.  A groundbreaking ceremony was held for the start of academy construction on the site at Tafa'igata, an old prison. Police and Prison Minister Faualo Lefau Harry Schuster, Prime Minister Fiame Naomi Mataʻafa, and China’s Ambassador to Samoa Chao Xiaoliang attended the ceremony and delivered speeches.   The academy is estimated to be completed by mid-2024. The project includes construction of both functional buildings and auxiliary facilities.",,Implementation,Grant,GOVERNMENT AND CIVIL SOCIETY,,,Unspecified Chinese Government Institution,Government Agency,4686447.97043124,5328491.34238032,10/27/2022,10/27/2022,,KEEP_likely_TP,recipient_type = Police,KEEP,security recipient: 'Police'
101646,algo_added_2022_2023,Seychelles,SYC,Africa,2022.0,2022,Seychelles Police Force,China donates first aid dummies to the Seychelles Police Academy,"On December 29, 2022, the Chinese ambassador handed over a donation of several first aid dummies to the Commissioner of Police, Ted Barbe, at the Seychelles Police Academy. The donation was done in the presence of other representatives of the Chinese embassy and senior police officers.",,Completion,Grant,GOVERNMENT AND CIVIL SOCIETY,,,Chinese Embassy,Government Agency,,,12/30/2022,,12/29/2022,KEEP_likely_TP,recipient_type = Police,KEEP,security recipient: 'Police'
103060,algo_added_2022_2023,Sierra Leone,SLE,Africa,2022.0,2022,Sierra Leone Police,Chinese embassy donates 10 motorcycles to Sierra Leone Police Headquarters in 2022,"On June 14, 2022, the Chinese Embassy in Sierra Leone donated 10 motorcycles to the Sierra Leone Police headquarters. The donation was made to help improve transportation conditions in remote areas. The donation is valued at roughly $43473.12.",,Completion,Grant,TRANSPORT AND STORAGE,,,Chinese Embassy,Government Agency,36128.92065863693,41078.5827888702,6/14/2022,6/14/2022,6/20/2022,KEEP_likely_TP,recipient_type = Police,KEEP,security recipient: 'Police'
103120,algo_added_2022_2023,Sierra Leone,SLE,Africa,2022.0,2022,Sierra Leone Ministry of Internal Affairs ,Chinese embassy donates media equipment to Sierra Leone Police Department in 2022,"On July 12, 2022, the Chinese Embassy, represented by Li Xiaoyong, donated 1 video camera, 1 camera, 1 digital camera, 2 power banks, and 1 digital recording pen to the Media Department of the Sierra Leone Police force. ",,Completion,Grant,GOVERNMENT AND CIVIL SOCIETY,,,Chinese Embassy,Government Agency,2991.828384323298,3401.70887297559,7/12/2022,7/12/2022,7/12/2022,KEEP_likely_TP,recipient_type = Police,KEEP,security recipient: 'Police'
101941,algo_added_2022_2023,Solomon Islands,SLB,Oceania,2022.0,2022,Royal Solomon Islands Police Force (RSIP),Chinese Ministry of Public Security provides RMB 9.86 million grant for Police Equipment Project in 2022,"At the request of the Solomon Islands Government following the November 2021 riots in Honiara, the Ministry of Public Security of the People's Republic of China dispatched a Police Liaison Team consisting of 9 members to assist the Royal Solomon Islands Police Force (RSIPF) and planned to provide several batches of police equipment.   Then, on February 22, 2022, the Chinese Ministry of Public Security delivered 18,000 pieces of police equipment — including uniforms, protective equipment, dispersive equipment, restrictive equipment, and warning equipment — worth RMB 9.86 million to the Royal Solomon Islands Police Force. The handover ceremony was attended by Solomon Islands Police Minister Hon. Anthony Veke, Solomon Islands Police Commissioner Mostyn Mangau, PRC Ambassador to the Solomon Islands Li Ming, China Police Liaison Team Leader Commissioner Zhang, and senior officials of both governments.   The Chinese Government also agreed to (a) support a Digital Mobile Radio Communication System for Honiara, a Forensic Autopsy Laboratory (see Record ID#108705), and an “I-24/7” Interpol Communication System; and (b) have its China Police Liaison Team train the RSIPF, including on the use of equipment, police techniques and tactics, public order management, riot control, and close personnel protection.",,Completion,Grant,GOVERNMENT AND CIVIL SOCIETY,,,China Ministry of Public Security,Government Agency,1217575.8572489533,1384383.74969206,1/1/2022,2/22/2022,2/22/2022,KEEP_likely_TP,recipient_type = Police,KEEP,security recipient: 'Ministry of Public Security'
101946,algo_added_2022_2023,Solomon Islands,SLB,Oceania,2022.0,2022,Royal Solomon Islands Police Force (RSIP),Chinese government donates police vehicles to Solomon Islands police force,"On November 4, 2022, the handover ceremony of police vehicles (riot control vehicles and motorcycles) donated by China to the Solomon Islands was held at the headquarters of the Solomon Islands Police Force. The donation was made in response to social unrest that broke out in Honiara, the capital of the Solomon Islands, in November 2021. The donation will further effectively enhance the law enforcement, patrol, anti-riot and social security capabilities of the police force.",,Completion,Grant,GOVERNMENT AND CIVIL SOCIETY,,,Unspecified Chinese Government Institution,Government Agency,,,11/4/2022,11/4/2022,11/4/2022,KEEP_likely_TP,recipient_type = Police,KEEP,security recipient: 'police'
101170,fn_added_security_eq1,South Africa,ZAF,Africa,2022.0,2022,South African National Defence Force (SANDF),Chinese Embassy donates E-Learning Center to Peace Mission Training Center in South Africa ,"On September 30, 2022, Chinese Ambassador Chen Xiaodong unveiled the E-Learning Center for the Peace Mission Training Center controlled by South Africa's Defense Forces.   This new component to the structure has been donated in kind by the Chinese Embassy to enable the institution to provide exceptional research facilities to its personnel as well as learners attending courses at the PMTC. ",,Completion,Grant,GOVERNMENT AND CIVIL SOCIETY,,,Chinese Embassy,Government Agency,,,9/30/2022,,9/30/2022,KEEP_fn_audit,South Africa 2022 -- E-Learning Center to Peace Mission Training Center,KEEP,security recipient: 'Defence'
101211,algo_added_2022_2023,South Africa,ZAF,Africa,2022.0,2022,Government of South Africa,Chinese Consulate General in Cape Town donates 56 mountain bikes to Wastern Cape Town Neighborhood Watch in 2022,"On 20 September 2022, acting Consul General of China Tang Changan and his delegation donated 56 mountain bikes to the Department of Community Safety of Western Cape Town Neighborhood Watch. It was handed over to Minister Reagen Allen, Minister of Police Oversight and Community Safety. The donation will support accredited Neighborhood Watch structures in their significant work across the province to create safer communities in the Western Cape.",,Completion,Grant,GOVERNMENT AND CIVIL SOCIETY,,,Chinese Consulate General,Government Agency,,,9/20/2022,9/20/2022,9/20/2022,KEEP_hand,hand-reviewed: genuine security,KEEP,no rule fired
100527,algo_added_2022_2023,Timor-Leste,TLS,Asia,2022.0,2022,Government of Timor-Leste,Chinese Embassy donates forensic laboratory equipment to Timor-Leste in 2022,"On December 12, 2022, the Chinese Embassy donated forensic DNA laboratory equipment to the Government of Timor-Leste. The purpose of the equipment provided is to strengthen criminal investigations in Timor-Leste. Timor-Leste's Minister of Justice, Amaral and the Chief Police, Vincent attended the event. The specific financial value, or quantity of the equipment is unknown. ",,Completion,Grant,GOVERNMENT AND CIVIL SOCIETY,,,Chinese Embassy,Government Agency,,,12/12/2022,,12/12/2022,KEEP_hand,hand-reviewed: genuine security,KEEP,security recipient: 'forensic'
103051,algo_added_2022_2023,Tunisia,TUN,Africa,2022.0,2022,Government of Tunisia|Tunisian Ministry of National Defense,Chinese Government donates medical supplies to Tunisia in August 2022,"On August 2, 2022, Chinese Ambassador to Tunisia Zhang Jianguo and Major General Fergani, Director General of the Military Medical Services of the Tunisian Ministry of Defense, signed the certificate of handover of medical supplies donated by China to Tunisia. The supplies consist of a batch of ventilators and oxygen concentrators (see source ID #199407). The monetary value of this donation is unknown.",,Completion,Grant,HEALTH,,Yes,Unspecified Chinese Government Institution,Government Agency,,,8/2/2022,,8/2/2022,KEEP_likely_TP,recipient_type = Military,KEEP,security recipient: 'Defense'
103817,algo_added_2022_2023,Cabo Verde,CPV,Africa,2023.0,2023,Cabo Verde National Police,"Chinese Embassy donates office supplies to police in Santiago and Maio, Cabo Verde, May 2023","On May 25, 2023, the Chinese embassy in Cabo Verde donated a batch of office supplies to the Cabo Verde National Police in Santiago and the island of Maio.  The type and amount of supplies and their monetary value are all unknown.",,Completion,Grant,GOVERNMENT AND CIVIL SOCIETY,,,Chinese Embassy,Government Agency,,,5/25/2023,5/25/2023,5/25/2023,KEEP_likely_TP,recipient_type = Police,KEEP,security recipient: 'police'
104398,algo_added_2022_2023,Cabo Verde,CPV,Africa,2023.0,2023,Cabo Verde Ministry of Justice,"Chinese government donates CVE 15 million worth of forensic equipment to Cabo Verde Judicial Police, September 2023","On September 6, 2023, the Chinese ambassador in Cabo Verde held a handover ceremony of a batch of forensic equipment for the Cabo Verde Judicial Police (Polícia Judiciária). This donation included computer equipment for the digital forensic laboratory that was worth CVE 15 million.",,Completion,Grant,GOVERNMENT AND CIVIL SOCIETY,,,Unspecified Chinese Government Institution,Government Agency,129587.3292536614,147340.793361413,9/6/2023,9/6/2023,9/6/2023,KEEP_likely_TP,recipient_type = Police,KEEP,security recipient: 'forensic'
107129,algo_added_2022_2023,Ecuador,ECU,America,2023.0,2023,Ecuador Ministry of Internal and External Security Coordination,"Chinese Embassy in Ecuador donates computers, printers, and a connectivity system to Ecuadorian police in 2023","On April 28, 2023, the Chinese Embassy in Ecuador donated 100 computers and printers to police in Ecuador, as well as a connectivity system aimed to improve cybersecurity measures. The monetary value of the donated items is unknown.   The donation was received in a ceremony attended by the Chinese Ambassador to Ecuador and Ecuador's Minister of the Interior. The Minister of the Interior noted that these materials would be deployed in the cities most affected by crime.",,Completion,Grant,GOVERNMENT AND CIVIL SOCIETY,,,Chinese Embassy,Government Agency,,,4/28/2023,4/28/2023,4/28/2023,KEEP_likely_TP,recipient_type = Police,KEEP,security recipient: 'police'
104162,algo_added_2022_2023,Kiribati,KIR,Oceania,2023.0,2023, Kiribati Police Service (KPS),Chinese government donates equipment to the Kiribati Police Service in 2023,"On November 24, 2023, there was a handover ceremony for the Chinese-donated police equipment to the Kiribati Police Service (KPS) at the Police Headquarters in Betio. Chinese Ambassador to Kiribati Zhou Limin, KPS Acting Commissioner Eeri Aritiera, officials from the Chinese Embassy, the Assistance Police team from China, and the Senior Management Group from KPS attended the handover ceremony. The batch of equipment included brass band equipment, mobile phones, tablets, traffic cones and vests, sports wear, etc. The monetary value of this donation is unknown.",,Completion,Grant,GOVERNMENT AND CIVIL SOCIETY,,,Unspecified Chinese Government Institution,Government Agency,,,11/24/2023,11/24/2023,11/24/2023,KEEP_likely_TP,recipient_type = Police,KEEP,security recipient: 'Police'
103276,algo_added_2022_2023,Malawi,MWI,Africa,2023.0,2023,Malawi Police Service,"Chinese Government donates 143,000 USD modern fingerprint and forensic science laboratory to Malawi Police Service","On July 28, 2023, the Chinese Government provided a 143,000 USD fingerprint testing laboratory to the Malawi Police Service (MPS) in a handover ceremony in Lilongwe, Malawi. The donation will bridge the technological gap in Malawi’s police force. ",,Completion,Grant,GOVERNMENT AND CIVIL SOCIETY,,,Unspecified Chinese Government Institution,Government Agency,125769.56904133684,143000.0,7/28/2023,7/28/2023,7/28/2023,KEEP_likely_TP,recipient_type = Police,KEEP,security recipient: 'forensic'
107315,algo_added_2022_2023,Pakistan,PAK,Asia,2023.0,2023,Sindh Provincial Government,"Chinese Government donates police equipment to Sindh police, Pakistan, November 2023","On November 1, 2023, the Consul General in Karachi, Yang Yundong, held a handover ceremony was held for police equipment donated to the police department of Sindh, in Pakistan.  The exact breakdown, amount, and monetary value of the supplies given are all unknown.",,Completion,Grant,GOVERNMENT AND CIVIL SOCIETY,,,Unspecified Chinese Government Institution,Government Agency,,,11/1/2023,,,KEEP_likely_TP,recipient_type = Police,KEEP,security recipient: 'police'
107680,algo_added_2022_2023,Pakistan,PAK,Asia,2023.0,2023,Punjab Police,Wuxi Police College in China provides training for Punjab Assistant Superintendents of Police ,"In September 2023, the Inspector General of Punjab Police, Dr. Usman Anwar, announced a collaborative initiative with the Wuxi Police Training College in China. This program aims to send Assistant Superintendents of Police (ASPs) from Punjab to China for specialized training in operational and investigative techniques, including advanced drone technology. The objective is to enhance the professionalism, operational efficiency, and investigative skills of Punjab's police force through bilateral cooperation.",,Pipeline: Commitment,Grant,GOVERNMENT AND CIVIL SOCIETY,,,Wuxi Municipal Government ,Government Agency,,,9/1/2023,,,KEEP_likely_TP,recipient_type = Police,KEEP,security recipient: 'Police'
107911,algo_added_2022_2023,Pakistan,PAK,Asia,2023.0,2023,Government of Pakistan,"Chinese Embassy donates 250 bulletproof jackets to Islamabad, Punjab, and Khyber Pakhtunkhwa Police in Pakistan","On March 15, 2023, the Chinese Embassy donated 250 bulletproof jackets to Islamabad Capital Police, Punjab Police, and Khyber Pakhtunkhwa Police in Pakistan. A total of 50 bulletproof jackets were provided to Islamabad Capital Police, 100 jackets to the Punjab Police, and 100 jackets to the Khyber Pakhtunkhwa Police.",,Completion,Grant,GOVERNMENT AND CIVIL SOCIETY,,,Chinese Embassy,Government Agency,,,3/15/2023,3/15/2023,3/15/2023,KEEP_likely_TP,recipient_type = Police,KEEP,security recipient: 'bulletproof'
107090,algo_added_2022_2023,Philippines,PHL,Asia,2023.0,2023,Benguet Police Provincial Office|Benguet Provincial Advisory Group for Police Transformation and Development (BPAGPTD),"Chinese Consulate donates PHP 500,000 for the Pailaw Project in La Trinidad, Philippines","On June 9, 2023, the Chinese Consulate in Laoag donated PHP 500,000 to the Benguet Police Provincial Office in the Philippines for the Pailaw Project. The project is run by the Provincial Advisory Group for Police Transformation and Development (PAGPTD). The purpose of the project is to provide local residents with electricity for their homes.    The donation ceremony was held at the Benguet Provincial Capitol Hall in La Trinidad, Philippines.",,Completion,Grant,ENERGY,,,Chinese Consulate General,Government Agency,7905.601323181864,8988.66870445778,6/9/2023,6/9/2023,6/9/2023,KEEP_likely_TP,recipient_type = Police,KEEP,security recipient: 'Police'
103865,algo_added_2022_2023,Seychelles,SYC,Africa,2023.0,2023,Seychelles Police Force,"Chinese Government donates Digital Forensic Laboratory Equipment worth RMB 1 million to Seychelles Police Force, November 2023","On November 13, 2023. the Chinese government handed over digital forensic laboratory equipment to the Seychelles police. The laboratory's major functions include data extraction, storage media back-up, quick data acquisition, data analysis and authentication, and data recovery.   The equipment is valued at RMB 1 million.",,Completion,Grant,GOVERNMENT AND CIVIL SOCIETY,,,Unspecified Chinese Government Institution,Government Agency,124216.42990376608,141234.080800582,10/13/2023,10/13/2023,10/13/2023,KEEP_likely_TP,recipient_type = Police,KEEP,security recipient: 'Forensic'
106986,algo_added_2022_2023,Solomon Islands,SLB,Oceania,2023.0,2023,Royal Solomon Islands Police Force (RSIP),Chinese Government provides SBD 5 million in security equipment to Royal Solomon Islands Police Force in October 2023,"On October 30, 2023, the Chinese Government donated security equipment and materials valued at SBD 5 million to the Royal Solomon Islands Police Force (RSIPF) to support security operations for the 2023 Pacific Games in November. The handover ceremony at Rove Police Headquarters was attended by Prime Minister Manasseh Sogavare, Chargé d’Affaires Ding Yonghua, and senior police officials from both countries. The donation included 1,600 items, namely 1,300 sets of security clothing and shoes, 2 unmanned aerial vehicles, 2 inspection machines, 29 metal detectors, 1 video transmission system, 200 radio walkie-talkies, and 120 handheld metal detectors.   The donation is part of a three-year ""SI–PRC Police Cooperation Agreement"", and was implemented by China’s Ministry of Public Security, which also conducted pre-Games security training for RSIPF officers and deployed additional personnel from the China Police Liaison Team (CPLT) as part of broader police cooperation efforts. The donation and increased Chinese police presence generated concern among some regional actors, particularly Australia, about China's growing security influence in the Solomon Islands.",,Completion,Grant,GOVERNMENT AND CIVIL SOCIETY,,,Unspecified Chinese Government Institution,Government Agency,531730.9007532822,604578.034156482,10/30/2023,10/30/2023,10/30/2023,KEEP_likely_TP,recipient_type = Police,KEEP,security recipient: 'Police'
108703,algo_added_2022_2023,Solomon Islands,SLB,Oceania,2023.0,2023,Royal Solomon Islands Police Force (RSIP),Chinese Government provides SBD 5.5 million in police equipment to Royal Solomon Islands Police Force in June 2023,"On June 28, 2023, the Chinese Government donated police equipment and storage facilities valued at SBD 5.5 million to the Royal Solomon Islands Police Force (RSIPF). The donation included night-vision devices, drones, vehicle search mirrors, a wireless signal jammer, protective gear, and two police vehicles to strengthen the RSIPF’s Close Personal Protection (CPP) capability. The handover also included a newly designated police storage facility at Rove Police Headquarters for storing tactical equipment.  The handover ceremony was attended by Chinese Ambassador Li Ming, Minister of Police Anthony Veke, RSIPF Commissioner Mostyn Mangau, and Commissioner Zhao Jinyong of the China Police Liaison Team (CPLT). The donation forms part of the broader SI–PRC Police Cooperation Agreement, implemented by China’s Ministry of Public Security, which has also provided RSIPF with tactical training and ongoing advisory support. ",,Completion,Grant,GOVERNMENT AND CIVIL SOCIETY,,,China Ministry of Public Security,Government Agency,584903.9908286104,665035.83757213,6/28/2023,6/28/2023,6/28/2023,KEEP_likely_TP,recipient_type = Police,KEEP,security recipient: 'police'
107763,algo_added_2022_2023,Sri Lanka,LKA,Asia,2023.0,2023,Sri Lanka Police,Chinese Embassy in Sri Lanka donates fabric to Sri Lankan police department in March 2023,"On March 15, 2023, the Chinese Embassy in Sri Lanka held a handover ceremony for the donation of fabrics to make police uniforms to the Sri Lankan police department. According to the Chinese Embassy in Sri Lanka, the fabric can be used to provide two sets of standard police uniforms to 45,000 police officers. ",,Completion,Grant,GOVERNMENT AND CIVIL SOCIETY,,,Chinese Embassy,Government Agency,,,3/15/2023,3/15/2023,3/15/2023,KEEP_likely_TP,recipient_type = Police,KEEP,security recipient: 'police'
107966,algo_added_2022_2023,Sri Lanka,LKA,Asia,2023.0,2023,Sri Lanka Police,Chinese government donates 26 motorcycles and 100 computers to Sri Lankan Police ,"On November 10, 2023, the Chinese government donated 26 Ranomoto motorcycles and 100 Lenovo desktop computers to the Sri Lanka Police.",,Completion,Grant,GOVERNMENT AND CIVIL SOCIETY,,,Unspecified Chinese Government Institution,Government Agency,,,11/10/2023,11/10/2023,11/10/2023,KEEP_likely_TP,recipient_type = Police,KEEP,security recipient: 'Police'
107484,algo_added_2022_2023,Thailand,THA,Asia,2023.0,2023,Government of Thailand,Chinese Consulate General in Chiang Mai donates office equipment to the Fifth Police District in Thailand in December 2023 (Linked to Record ID#107493),"On December 19, 2023, the Chinese Consulate General in Chiang Mai donated office equipment to the Royal Thai Police Fifth Provincial Region. The donation was provided to thank the Fifth Police District for its long-term work in protecting the safety of Chinese citizens in northern Thailand and combating transnational crime.   The monetary value of the donation is unknown. This is the second donation provided to the Fifth Police District in 2023. The first donation was provided in March 2023 (Record ID 107493). ",,Completion,Grant,GOVERNMENT AND CIVIL SOCIETY,,,Chinese Consulate General,Government Agency,,,12/19/2023,12/19/2023,12/19/2023,KEEP_likely_TP,recipient_type = Police,KEEP,security recipient: 'Police'
107493,algo_added_2022_2023,Thailand,THA,Asia,2023.0,2023,Government of Thailand,Chinese Consulate General in Chiang Mai donates office equipment to the Fifth Police District in Thailand in March 2023 (Linked to Record ID#107484),"On March 8, 2023, the Chinese Consulate General in Chiang Mai donated office equipment to the Royal Thai Police Fifth Provincial Region. The donation was provided to thank the Fifth Police District for its long-term work in protecting the safety of Chinese citizens in northern Thailand and combating transnational crime.  The monetary value of the donation is unknown. This is the second donation provided to the Fifth Police District in 2023. The second donation was provided in December 2023 (Record ID 107484).",,Completion,Grant,GOVERNMENT AND CIVIL SOCIETY,,,Chinese Consulate General,Government Agency,,,3/8/2023,3/8/2023,3/8/2023,KEEP_likely_TP,recipient_type = Police,KEEP,security recipient: 'Police'
104129,algo_added_2022_2023,Timor-Leste,TLS,Asia,2023.0,2023,Government of Timor-Leste,Chinese government donates communication system equipment to the Scientific and Criminal Investigation Police (PCIC) in Timor-Leste in July 2023,"On July 25, 2023, the Chinese government donated the I-24/7 Communication System to the Scientific and Criminal Investigation Police (PCIC) in Timor-Leste. The I-24/7 Communication System Equipment is an advanced technological platform that provides critical resources for information sharing and institutional cooperation in the fight against transnational crime. The I-24/7 system will be used by INTERPOL-NCB Díli and the donated equipment strengthens the implementation of this system in Timor-Leste, which promotes security and maintenance of stability by fighting crime in the country. ",,Completion,Grant,COMMUNICATIONS,,,Unspecified Chinese Government Institution,Government Agency,,,7/25/2023,7/25/2023,7/25/2023,KEEP_likely_TP,recipient_type = Police,KEEP,security recipient: 'Criminal Investigation'
104559,algo_added_2022_2023,Trinidad and Tobago,TTO,America,2023.0,2023,Trinidad and Tobago Ministry of National Security,Chinese government donates natural disaster equipment to National Security Ministry,"On April 28, 2023, the Chinese government donated 30 emergency tents, 10 standby generators, 5 rescue boats with of engines, fuel containers, and 25 life jackets to Trinidad and Tobago's Office of Disaster Preparedness and Management, a division of the National Security Ministry. The donation was completed at a handover ceremony held on April 28, 2023. Later, in November 2023, the materials were disbursed by the Office of Disaster Preparedness and Management to various government bodies, including the Ministry of Rural Development and Local Government’s Disaster Management Units, the Trinidad and Tobago Defense Force, the Trinidad and Tobago Police Force, the Trinidad and Tobago Fire Service, and the Tobago Emergency Management Agency. The donation was valued at TT $330,000.00.",,Completion,Grant,DISASTER PREVENTION AND PREPAREDNESS,,,Unspecified Chinese Government Institution,Government Agency,42873.4925521679,48747.1610318149,4/28/2023,4/28/2023,4/28/2023,KEEP_likely_TP,recipient_type = Police,KEEP,no rule fired
104566,algo_added_2022_2023,Vanuatu,VUT,Oceania,2023.0,2023,Vanuatu Police Force,"Chinese government sends 1st Chinese police expert group to Vanuatu in 2023 (linked to records 104567, 104568)","On August 25, 2023, Chinese Ambassador to Vanuatu Li Minggang attended the launch ceremony for the first Chinese police expert group to Vanuatu to analyze its police capabilities and infrastructure requirements. The same day, the ambassador attended the handover ceremony of a batch of police supplies to improve the law enforcement conditions of the Vanuatu police (see record ID #104567).   After arriving in Vanuatu, the expert group assisted the Vanuatu Police Force and offered police capacity training to community-level policing on the islands of Santo and Efate.",,Implementation,Grant,GOVERNMENT AND CIVIL SOCIETY,,,Unspecified Chinese Government Institution,Government Agency,,,8/25/2023,8/25/2023,,KEEP_likely_TP,recipient_type = Police,KEEP,security recipient: 'police'
104567,algo_added_2022_2023,Vanuatu,VUT,Oceania,2023.0,2023,Vanuatu Police Force,"Chinese government provides grant of police supplies worth VUV 34.43 million to Vanuatu (linked to Record ID#104566, 104568)","On August 25, 2023, the Chinese Ambassador to Vanuatu Li Minggang attended the handover ceremony of a batch of police supplies (worth VUV 34.43 million) to improve the law enforcement conditions of the Vanuatu Police Force. The Ambassador also attended the launch ceremony for the first Chinese police expert group sent to Vanuatu (see Record ID #104566)  The batch of supplies included 1,036 sets of operational suits and fast-dry operational suits, 1,036 sets of training T-shirts, 748 pairs of tactical gloves, 70 sets of tactical belts, handcuffs, police flashlights, and police batons, as well as 2 sets of alcohol breathalyzer parts. (Linked to Record ID #104568)",,Completion,Grant,GOVERNMENT AND CIVIL SOCIETY,,,Unspecified Chinese Government Institution,Government Agency,252257.69372026823,286816.997759945,8/25/2023,8/25/2023,8/25/2023,KEEP_likely_TP,recipient_type = Police,KEEP,security recipient: 'police'
104568,algo_added_2022_2023,Vanuatu,VUT,Oceania,2023.0,2023,Vanuatu Police Force,"Chinese government provides second batch of police supplies worth VUV 27 million to Vanuatu (linked to Record ID#104566, 104567)","On November 21, 2023, the Chinese government donated a second batch of police supplies (worth VUV 27 million) to Vanuatu, which included electronic data forensics laboratory equipment. The grant also included a 16-seater bus, a boxing ring, boxing gloves, punchbags, and fighting gear for the Vanuatu Police Force. (Linked to Record ID #104567).",,Completion,Grant,GOVERNMENT AND CIVIL SOCIETY,,,Unspecified Chinese Government Institution,Government Agency,197820.43945533596,224921.839660717,11/21/2023,11/21/2023,11/21/2023,KEEP_likely_TP,recipient_type = Police,KEEP,security recipient: 'police'
34514,hand,Afghanistan,AFG,Asia,,2004,,China grants $1 million in material assistance for Afghan elections ,"On 31 March 2004, at the International Conference on Afghanistan, Li Zhaoxing, Foreign Minister of the People's Republic of China, announced plans to offer material assistance worth US$1 million to Afghanistan for its elections. This include tents, photocopiers, and lighting equipment. The aid is aligned with China's position to prioritize election in Afghanistan, as evidenced from Minister Li's statement at the High-level ad-hoc Meeting on Afghanistan on 19 April 2004.  The aid is to arrive in Afghanistan at the end of September 2004._x000D_ _x000D_ At the Security Council session on 25 August 2004, Ambassador Zhang Yishan mentioned in his statement that the aid material will be ""on the ground"" in Afghanistan by the end of September 2004.",,Completion,Grant,GOVERNMENT AND CIVIL SOCIETY,,,China Ministry of Foreign Affairs,Government Agency,2277652.12188663,2589690.4625850986,2004-03-31,,,KEEP_hand_source,hand-curated original Security funding.xlsx,KEEP,no rule fired
34520,hand,Afghanistan,AFG,Asia,,2006,Government of Afghanistan,China donates $1m in aid to Afghan parliament,"In 2006 China donated vehicles, security equipment and kitchenware to the Afghan Parliament. This donation was worth 1 million USD, and included 20 jeeps, 20 pickup trucks, sets of security monitoring system, and cooking supplies. _x000D_ ",,Completion,Grant,GOVERNMENT AND CIVIL SOCIETY,,,Unspecified Chinese Government Institution,Government Agency,2031949.0852567,2310326.109936868,2006-01-01,2006-11-09,2006-11-09,KEEP_hand_source,hand-curated original Security funding.xlsx,KEEP,no rule fired
34521,hand,Afghanistan,AFG,Asia,,2007,,China donates $2m in non-military items to the Afghanistan National Army,"On 11 January 2007, the Chinese government donated non-military items to the Afghanistan National Army. The value of this aid is US$2 million, and included 10 trucks, 12 Jeeps, 17 cars, 100 computers, 30 photocopy machines, 100 printers, 100 air conditioners, 140 TV sets, refrigerators, a diesel generator, shoes, tents, axes and shovels and electric fans. _x000D_ ",,Completion,Grant,GOVERNMENT AND CIVIL SOCIETY,,,Unspecified Chinese Government Institution,Government Agency,3598528.76576819,4091527.206678432,2007-01-01,2007-01-11,2007-01-11,KEEP_hand_source,hand-curated original Security funding.xlsx,KEEP,security recipient: 'military'
34643,hand,Afghanistan,AFG,Asia,,2012,Afghanistan Ministry of the Interior,China provides RMB 4.3 million to Afghanistan Ministry of Interior,"On September 23, 2012, China and Afghanistan signed 3 agreements. One of them is the 'Agreement for Assistance for Completion of Police Equipment between Afghanistan and China', and it was signed between Deputy Minister of Interior Affairs and Deputy Minister of Public Security of China. Based on the report by Bakhtar News Agency, the assistance may be worth 4.3 million Chinese Yuan.  ",,Pipeline: Commitment,Grant,GOVERNMENT AND CIVIL SOCIETY,,,Unspecified Chinese Government Institution,Government Agency,800289.779076342,909929.4788098008,2012-09-23,,,KEEP_hand_source,hand-curated original Security funding.xlsx,KEEP,security recipient: 'Ministry of Interior'
34679,hand,Afghanistan,AFG,Asia,,2012,Afghanistan National Army,China provides training for 300 Afghan police officers ,"On September 23, 2012, China signed an agreement with Afghanistan to provide training to 300 Afghan police officers over the next four years; the officers will be in China for the training. As of 2013, 45 Afghan police officers were receiving training in China on fighting drugs and riots. This number was expected to increase to 250 by 2015. The financial value and current status of this project are unknown. ",,Implementation,Grant,GOVERNMENT AND CIVIL SOCIETY,,,Unspecified Chinese Government Institution,Government Agency,,,2012-09-23,,,KEEP_hand_source,hand-curated original Security funding.xlsx,KEEP,security recipient: 'police'
37865,hand,Afghanistan,AFG,Asia,,2014,Afghanistan Ministry of the Interior,China provides anti-terrorism and anti-drug training to police officers of Afghanistan (Linked to Project ID#37849),"On October 28, 2014, China announced that it would hold training on anti-terrorism and anti-drugs for Afghanistan. The announcement was made during Afghan's President Mohammad Ashraf Ghani Ahmadzai visit to China. On the same date the announcement was made, China and Afghanistan signed an agreement on economic and technical cooperation, under which China would provide 2 billion Chinese Yuan in grant (See Project ID#37849). China previously had been providing small-scale security training to Afghanistan, specifically in the form of mine clearance and counter-narcotics training.   In January 2015, the Xinjiang Frontier Corps and the Xinjiang Police College hosted the first Afghan anti-drug and anti-terrorism training seminar. The training was concluded on 29 January 2015 at Urumqi, Xinjiang. 50 police officers from the Afghanistan Interior Ministry Anti-drug, Anti-terrorism, and Border authorities Department participated in the training that lasted a month and were later awarded the certificate of completion by the People's Republic of China Ministry of Public Security and the Ministry of Commerce.",,Completion,Grant,OTHER MULTISECTOR,,,Unspecified Chinese Government Institution,Government Agency,,,2014-10-28,2015-01-01,2015-01-29,KEEP_hand_source,hand-curated original Security funding.xlsx,KEEP,security recipient: 'police'
52342,hand,Afghanistan,AFG,Asia,,2015,Government of Afghanistan,Chinese Government provides $10.4 million grant for equipping and training of border police,"In May 14, 2015, Afghani MoI General Noorul Haq Uloomi signed an agreement with Chinese authorities to allow Chinese experts to train officers of the Afghanistan Border Police in order to help them combat insurgents and drug trafficking in the area. The Chinese specialists also provided new detective equipment to the border police. The disbursed amount for the project was $10,470,000. ",,Completion,Grant,OTHER SOCIAL INFRASTRUCTURE AND SERVICES,,,China Ministry of Commerce,Government Agency,11750225.2134916,13360006.067739949,2015-05-14,,,KEEP_hand_source,hand-curated original Security funding.xlsx,KEEP,security recipient: 'border police'
53743,hand,Afghanistan,AFG,Asia,,2014,Government of Afghanistan,Chinese Government RMB 6 million grant for provision of police equipment to Afghanistan’s Ministry of Interior,"On November 8, 2014, China delivered police equipment worths 6 million Chinese Yuan to Afghanistan. The equipment was handed to Minister of Interior._x000D_ _x000D_ The materials handed over by the Chinese side include communication equipment, forensic cameras, police helmets and shields, and rapid detection equipment for drugs (drugs). The Chinese side also provided assistance to the Afghan in equipment operation training. In addition to these, there are some computer equipment, which is Lenovo's E49 model. The network shows that the price of such computers does not exceed RMB 4,000._x000D_ _x000D_ There is no offensive weapon in this batch of public police materials, indicating that China has taken into consideration its stance and position when choosing assistance, and avoided transmitting information that is deeply involved in the armed conflict in Afghanistan._x000D_ _x000D_ ",,Completion,Grant,GOVERNMENT AND CIVIL SOCIETY,,,Unspecified Chinese Government Institution,Government Agency,1078075.64194808,1225772.004894967,2014-01-01,2014-11-08,2014-11-08,KEEP_hand_source,hand-curated original Security funding.xlsx,KEEP,security recipient: 'police'
53814,hand,Afghanistan,AFG,Asia,,2005,Government of Afghanistan,China donates $1 million in material aid to Afghanistan's Legislature,"In April 2005, during the period that Afghan Vice President visited to China, China government pledged to provide suppliers that worth $1 million to support the parliamentary election of the Afghan government. The grants include 24 sets of security monitoring system, 20 jeeps, 20 pickup trucks, lots of cooking utensils, and others. _x000D_ _x000D_ At the beginning of September 2015, all the materials arrived at Afghanistan. The handover ceremony was held on November 9, 2005._x000D_ _x000D_ _x000D_ ",,Completion,Grant,GOVERNMENT AND CIVIL SOCIETY,,,Unspecified Chinese Government Institution,Government Agency,2170233.34961414,2467555.3185112774,2005-01-01,2005-11-09,2006-11-09,KEEP_hand_source,hand-curated original Security funding.xlsx,KEEP,no rule fired
53886,hand,Afghanistan,AFG,Asia,,2007,,"China provides 140,000 USD to Afghanistan Police","From April 1, 2007 to December 31, 2008, China provides 140,000 USD assistance to the Afghanistan Police._x000D_ _x000D_ ",,Completion,Grant,GOVERNMENT AND CIVIL SOCIETY,,,Unspecified Chinese Government Institution,Government Agency,251897.013603774,286406.904467491,2007-01-01,,,KEEP_hand_source,hand-curated original Security funding.xlsx,KEEP,security recipient: 'Police'
66135,hand,Albania,ALB,Europe,,2018,Government of Albania,Chinese Embassy to Albania launches the China-Albania Public Management and Administrative Capability Training Project,"On October 5th, 2018, the Chinese Embassy to Albania held a launching ceremony for the ""China-Albania Public Management and Administrative Capability Training Project"" . The project promotes human resources development among Albanian participants in the program. During the launching ceremony, the Chinese Ambassador to Albania and Albanian Director-General of the National Resources and Anti-Corruption Departments met with Albanian participants of the program. The Albanian participants will travel to participate in courses arranged by the China National Academy of Administration. The courses are composed of classroom seminars, and visits to Beijing, Zhejiang Province, Shanghai, and other places to study local government, well known enterprises, and famous cultural cities.   According to the Chinese Embassy in Albania, the project takes place as part of an economic cooperation and technical agreement (ETCA) signed between China and Albania in 2016, concerning cooperation in human resources development. The China-Albania Public Management and Administrative Capability Training Project, is the fourth training course to take place under this ETCA. Previous courses included three training courses in police-security (ID#66147), water conservancy (ID#66136), and tourism (ID#66140).  ",,Completion,Grant,GOVERNMENT AND CIVIL SOCIETY,,,China Ministry of Commerce,Government Agency,,,2018-01-01,2018-10-05,,KEEP_hand_source,hand-curated original Security funding.xlsx,KEEP,no rule fired
66147,hand,Albania,ALB,Europe,,2017,,"Chinese Government grants 131,652 euros to Albania for Non-traditional Security Threats Seminar","In 2017, the Chinese Government granted 131,652 euros for a Seminar on Non-traditional Security Threats for Albania in Hangzhou, China. Seminar participants were from the State Police & Ministry of Interior. This project started on May 4, 2017 and reached completion on May 24, 2017. The seminar was to teach the State Police & Ministry of Interior on how to handle security threats, organized crime, terrorism, and trafficking. ",,Completion,Grant,GOVERNMENT AND CIVIL SOCIETY,,,Unspecified Chinese Government Institution,Government Agency,171081.200336647,194519.3247827676,2017-01-01,2017-05-04,2017-05-24,KEEP_hand_source,hand-curated original Security funding.xlsx,KEEP,no rule fired
47,hand,Angola,AGO,Africa,,2002,Angolan Armed Forces,"China grants 900,000 USD in demining equipment to Angola in 2002","On April 16, 2002, the Angolan and Chinese governments signed an accord for logistical and de-mining equipment for the Angolan Armed Forces. They would help the military personnel and impact the reopening of roads in the country. General Demostenes Amos Chilingutila, the Vice Minister of Defense for Angola, and Jian Yaunde, the Chinese Ambassador, signed the agreement in Luanda. The equipment donated will include dormitories and catering equipment at $500,000 US dollars and de-mining equipment at $400,000 US dollars for a total commitment of $900,000.",,Completion,Grant,GOVERNMENT AND CIVIL SOCIETY,,,Unspecified Chinese Government Institution,Government Agency,2249509.41180328,2557692.2012203294,2002-04-16,2002-04-16,2002-04-16,KEEP_hand_source,hand-curated original Security funding.xlsx,KEEP,security recipient: 'demining'
67304,hand,Angola,AGO,Africa,,2010,Government of Angola,"China Development Bank provides a buyer's credit loan for Phase 1 of the Sambizanga Municipal Infrastructure Project (linked to #67310, #85374)","In 2010, China Development Bank (CDB) and the Government of Angola signed a buyer’s credit loan (BCL) for Phase 1 of the Sambizanga Municipal Infrastructure Project. The face value and borrowing terms of this loan are unknown. China Eximbank also provided a loan for Phase 1 of this project (see #85374). CDB provided an $80 million loan for Phase 2A of this project (see #67310).   Phase 1 of this project involved the construction and installation of highways, water supply systems, drainage systems, power supply systems, communication stations, street lamps, and other supporting facilities (including an administrative office, a police station, a library and a health center). Sichuan Huashi Overseas Investment & Engineering Co. Ltd. and CCR Agência 13 were the contractors responsible for implementation. The contract value with Sichuan Huashi Overseas Investment & Engineering Co. Ltd. is RMB 242.08 million (or $10,723,213.20). A foundation stone laying ceremony took place on 8 November 2010, and construction began in January 2011. As of 3 August 2016, construction was 94% complete with expected completion in October 2016. The first phase of 500 apartments and supporting municipal infrastructure was to be completed by the end of December 2016. In 2017, a 60kV High voltage cable with the conductor of 1200mm² was signed into contract for the project and had completed production.   This project is located in the District of Sambizanga within the city of Luanda.  More specifically, it is located where the “Roque Santeiro” market used to be located. Sambizanga is one of the six districts in the municipality of Luanda. It consists of the communes of Sambizanga, Bairro Operário and Ngola Kiluanje.  It has 14.5 square kilometers and about 244,000 inhabitants. ",,Implementation,Loan,OTHER MULTISECTOR,Yes,,China Development Bank (CDB),State-owned Policy Bank,,,2010-01-01,2010-11-08,,KEEP_hand_source,hand-curated original Security funding.xlsx,KEEP,no rule fired
67629,hand,Angola,AGO,Africa,,2016,,China trains 15 Angola police officers in Jiangsu,"On July 10, 2016, 15 Angolan police officers departed for China's Jiangsu Police Academy to participate in a 15-day training course. The officers were also scheduled to visit the Jiangsu Provincial Public Security Bureau's Physical Evidence Appraisal Center, Nanjing Public Security Bureau Command Center, Nanjing Confucius Temple Police Station, etc. to learn from China's advanced experience in police work.",,Completion,Grant,GOVERNMENT AND CIVIL SOCIETY,,,Unspecified Chinese Government Institution,Government Agency,,,2016-01-01,2016-07-10,,KEEP_hand_source,hand-curated original Security funding.xlsx,KEEP,security recipient: 'police'
68286,hand,Angola,AGO,Africa,,2012,,"China and Angola sign letters of exchange for immigration bureau, airport customs, and transportation police training","On September 19, 2012, China and Angola signed letters of exchange for three free training courses. The trainings would include training courses for officials of the Angolan Immigration Bureau, training courses for the Angolan airport customs police, and Angola traffic police training courses. All of the courses would be provided free of charge._x000D_ _x000D_ On April 15, 2013, the traffic police training courses began for 20 Angola police officers at Shandong Police Academy. The training was set to last 14 days. The training course for officials of the Angola Immigration Bureau was held in December 2012. The training course for Angolan customs police was held in March 2013.",,Pipeline: Commitment,Grant,GOVERNMENT AND CIVIL SOCIETY,,,Unspecified Chinese Government Institution,Government Agency,,,2012-09-19,,,KEEP_hand_source,hand-curated original Security funding.xlsx,KEEP,security recipient: 'customs'
85374,hand,Angola,AGO,Africa,,2010,Government of Angola,"China Eximbank provides a loan for Phase 1 of the Sambizanga Municipal Infrastructure Project (linked to #67304, #67310)","In or around 2010, China Eximbank provided a loan to the Government of Angola for Phase 1 of the Sambizanga Municipal Infrastructure Project. The loan terms are unknown. Also in or around 2010, China Development Bank (CDB) provided a buyer’s credit loan (BCL) for Phase 1 of the same project (see #67304). CDB provided an $80 million loan for Phase 2A of this project (see #67310).  Phase 1 of this project involved the construction and installation of highways, water supply systems, drainage systems, power supply systems, communication stations, street lamps, and other supporting facilities (including an administrative office, a police station, a library and a health center). Sichuan Huashi Overseas Investment & Engineering Co. Ltd. and CCR Agência 13 were the contractors responsible for implementation. The contract value with Sichuan Huashi Overseas Investment & Engineering Co. Ltd. is RMB 242.08 million (or $10,723,213.20). A foundation stone laying ceremony took place on 8 November 2010, and construction began in January 2011. As of 3 August 2016, construction was 94% complete with expected completion in October 2016.  This project is located in the District of Sambizanga within the city of Luanda. More specifically, it is located where the “Roque Santeiro” market used to be located. Sambizanga is one of the six districts in the municipality of Luanda. It consists of the communes of Sambizanga, Bairro Operário and Ngola Kiluanje. It has 14.5 square kilometers and about 244,000 inhabitants.",,Implementation,Loan,OTHER MULTISECTOR,Yes,,Export-Import Bank of China (China Eximbank),State-owned Policy Bank,,,2010-01-01,2010-11-08,,KEEP_hand_source,hand-curated original Security funding.xlsx,KEEP,no rule fired
69294,hand,Antigua and Barbuda,ATG,America,,2018,Government of Antigua and Barbuda,China Naval Hospital Ship arrives in St. John's port to provide medical assistance in Harmony Mission-2018,"On October 22, 2018, the Chinese “Peace Ark” naval ship arrived in St. John’s port in Antigua and Barbuda to carry out the “Harmony Mission-2018” or “和谐使命-2018”.” The mission lasted eight days, and the ship departed on October 29th 2018. The Chinese Navy ambulance set up an air health channel between Antigua and Barbuda to care for both islands. During the visit, the Chinese Navy and Ark Hospital ship completed 3924 diagnoses and treatments, 2410 CT, DR and other auxiliary examinations, 53 physical examinations, 16 hospitalizations, and 14 operations.",,Completion,Grant,HEALTH,,,Unspecified Chinese Government Institution,Government Agency,,,2018-01-01,2018-10-22,2018-10-29,KEEP_hand_source,hand-curated original Security funding.xlsx,KEEP,military/police medical
52875,hand,Argentina,ARG,America,,2016,Government of Argentina,Chinese Government provides $50 million for construction of space station in Neuquén Province,"On July 20, 2012, the Government of Argentina's Space Agency (Comisión Nacional de Actividades Espaciales or CONAE) signed a cooperation agreement with China Satellite Launch and Tracking Control General (CLTC) to carry out a deep space exploration program. However, Argentina’s Congress did not approve the proposal until March 3, 2015 (via la Ley N° 27.123). Then, on February 15, 2016, the Chinese Government and Government of Argentina signed an agreement that allows the Chinese Government to build a ground station in western Argentina for scientific research purposes. The project represented a $50 million commitment, but the nature of the flow type is unknown.   The stated purpose of building the ground station (known as the Espacio Lejano Station) within Loncopué Department and Neuquén Province was to promote scientific research. According to Jorge Sapag, the former governor of Neuquén Province, the project would also promote scientific tourism through the construction of an on-site educational center and create 400 jobs and boost the development of the local economy, technology and education. China Harbor Engineering Corporation (CHEC) was the contractor responsible for construction of the ground station. It hired ESUCO S.A. as a subcontractor.   Construction reportedly began during the summer of 2013. Aerial photography from December 2013 confirmed that construction of the ground station was underway. Then, at end of April 2016, Chinese and Argentine officials announced that the station will be fully operational in March 2017. By early 2017, satellite imagery suggests that most of the buildings at the ground station were structurally complete. At least 300 Argentine construction workers assisted on the site, according to Argentina's space agency (CONAE), before the project was handed over to Chinese management. Today, there are 30 Chinese staff members who work and live at the station. When China built a military-run space station in Argentina’s Patagonian region it promised to include a visitors’ center to explain the purpose of its powerful 16-story antenna. The center is now built -- behind the 8-foot barbed wire fence that surrounds the entire space station compound. Visits are by appointment only.   Shrouded in secrecy, the compound has stirred unease among local residents, fueled conspiracy theories and sparked concerns within the U.S. Government about its true purpose, according to interviews with dozens of residents, current and former Argentine government officials, U.S. officials, satellite and astronomy specialists and legal experts. The station’s stated aim is peaceful space observation and exploration and, according to Chinese media, it played a key role in China’s landing of a spacecraft on the dark side of the moon in January. But the remote 200-hectare compound operates with little oversight by the Argentine authorities, according to hundreds of pages of Argentine government documents obtained by Reuters and reviewed by international law experts.   President Mauricio Macri’s former foreign minister, Susana Malcorra, said in an interview with Reuters that Argentina has no physical oversight of the station’s operations. In 2016, she revised the China space station deal to include a stipulation it be for civilian use only. The agreement obliges China to inform Argentina of its activities at the station but provides no enforcement mechanism for authorities to ensure it is not being used for military purposes. When Argentina’s Congress debated the space station in 2015, during the presidency of Cristina Fernandez, opposition lawmakers questioned why there was no stipulation that it only be for civilian use. Nonetheless, Congress approved the deal. Then, when Macri took office in 2015, he was worried the space station agreement did not explicitly say it should be for civilian use only. Malcorra flew to Beijing in 2016 to rework it. However, Malcorra said she was constrained in her ability to revise it because it had already been signed by the previous (Fernandez) administration.",,Completion,Grant,GOVERNMENT AND CIVIL SOCIETY,Yes,,China Satellite Launch and Tracking Control General (CLTC),Government Agency,59040225.4179233,67128736.3001788,2016-01-01,,,KEEP_hand_source,hand-curated original Security funding.xlsx,KEEP,no rule fired
69281,hand,Argentina,ARG,America,,2018,Argentina Ministry of Security,Chinese Ministry of Defense donates police equipment worth $17.5 million ahead of 2018 G20 Summit,"On July 18, 2018, the Chinese Ministry of Defense and Argentina's Ministry of Security signed two cooperation agreements. The first was a cooperation agreement for the provision of free material assistance to the Ministry of Security in Argentina, which would involve the donation of transport vehicles and logistics equipment to assist with security of the G20 Summit (to be held in Buenos Aires from November 30, 2018 to December 1, 2018). The second agreement was related to Police Equipment Cooperation and it aimed 'to promote the exchange for the purchase and transfer of equipment in the security sector'. On November 16, 2018, a handover ceremony of donated police equipment from the Chinese Ministry of Defense to Argentina's Ministry of Security took place at the headquarters of Argentina's Federal Police Mounted Police Force. The equipment consisted of 30 presidential custody motorcycles, 87 detectors (dual-sensor), 40 anti-explosive protective suits, an anti-explosive kit, 2 trucks, 4 armored counterinsurgency vehicles (Dongfeng CSK131), and 45 inspection systems. The Coordination Secretary of the Ministry of Security, Alberto Föhrig estimated the monetary value of the donation at $17.5 million. This donation was meant to ensure security for the 2018 G20 Summit, which was held in Buenos Aires. The equipment is expected to be dispersed across Argentina's four federal forces after the completion of the G20 Summit.",,Completion,Grant,GOVERNMENT AND CIVIL SOCIETY,,,China Ministry of National Defense,Government Agency,19072370.5878768,21685285.358415924,2018-01-01,2018-11-16,2018-11-16,KEEP_hand_source,hand-curated original Security funding.xlsx,KEEP,security recipient: 'Ministry of Defense'
89381,hand,Argentina,ARG,America,,2019,Argentina Ministry of Security,Argentinian Naval personnel attend security training session in China in 2019,"According to a report from the Government of Argentina's website, from October 10th through 30th, 2019, personnel from the Argentinian Naval Prefecture and other Argentinian security forces attended a training session hosted by Chinese security officials in Hangzhou, China. The objective of the training was the strengthening of cooperation in security matters, the joint fight against international terrorism and organized crime. The training covered the following topics: administration of police resources, international law enforcement cooperation, international terrorism, introduction of organized crimes, anti-organized crime work, public relations, and community policing strategy. The trainees also visited police departments in Shanghai, Shenzhen and Tongxiang.",,Completion,Grant,GOVERNMENT AND CIVIL SOCIETY,,,Unspecified Chinese Government Institution,Government Agency,,,2019-10-10,2019-10-10,2019-10-30,KEEP_hand_source,hand-curated original Security funding.xlsx,KEEP,no rule fired
89903,hand,Argentina,ARG,America,,2015,Argentine Army,Chinese Government donates Relocatable Military Hospital to the Argentine Army,"In 2015, China committed to donating a Relocatable Military Hospital (HMR) to the Argentine Army, which was formally donated and received in 2017. The HMR allows for providing surgical and emergency healthcare support for a 48 hour uninterrupted period, performing 2 surgeries simultaneously, hospitalizing 28 patients, and can be easily transported by land, air, and sea in 13x20 foot containers. It serves as an intermediary between outposts of soldiers and permanent military hospitals, intended to diagnose and care for patients during operational deployments.",,Completion,Grant,GOVERNMENT AND CIVIL SOCIETY,,,Unspecified Chinese Government Institution,Government Agency,,,2015-01-01,2017-01-01,2017-01-01,KEEP_hand_source,hand-curated original Security funding.xlsx,KEEP,security recipient: 'Military'
90578,hand,Argentina,ARG,America,,2019,Argentina Ministry of Security,16 Argentine police officers attend security training in China in 2019,"From December 5th to 19th, 2019, 16 police officers from the Argentine Police Department of Córdoba Province attended a security training at a Municipal Police Vocational Training College (市警察职业培训学院) in Jinan, China. The training was organized by the China Ministry of Public Security. A closing ceremony was held two days early, on the 17th. ",,Completion,Grant,GOVERNMENT AND CIVIL SOCIETY,,,China Ministry of Public Security,Government Agency,,,2019-12-05,,2019-12-17,KEEP_hand_source,hand-curated original Security funding.xlsx,KEEP,security recipient: 'police'
91390,hand,Argentina,ARG,America,,2021,Argentine Army,Chinese Government donates field hospital worth USD 5 million to Argentine Army,"On January 18, 2021, the Chinese Ambassador to Argentina, Zou Xiaoli, and Argentine Minister of Defense, Agustín Rossi, met to discuss the donation of a mobile field hospital to the Argentine Army. On February 10, 2021, the hospital arrived at the port of Zárate. It is a KANGFEI brand model BLAT30EX14V equipped with an operating room, dental offices, radiology laboratory, water plant, and other medical services; it is worth approximately USD 5 million. Also included in this donation were four tents for the patient room, 90 VHF portable radios and 15 VHF backpack radios.   The hospital's place of deployment was not yet determined at the time of its arrival in Argentina.",,Completion,Grant,HEALTH,,,Unspecified Chinese Government Institution,Government Agency,5000000.0,5685000.0,2021-01-18,2021-02-10,2021-02-10,KEEP_hand_source,hand-curated original Security funding.xlsx,KEEP,security recipient: 'Army'
98396,hand,Argentina,ARG,America,,2020,Government of the Province of Jujuy in Argentina,"Chinese Government provides 10,000 surgical masks to Argentina in June 2020","On June 12, 2020, the Chinese government made a donation of 10,000 surgical masks to the Governor of the Jujuy province in Argentina and the Minister of Security. The masks will be dispersed throughout the different sectors in Jujuy that need them the most.   The donation was part of the ""Jujuy Seguro e Interconectado"" (Safe and Interconnected Jujuy) Project. ",,Completion,Grant,HEALTH,,Yes,Unspecified Chinese Government Institution,Government Agency,11168.3700238739,12698.436717144625,2020-06-12,2020-06-12,2020-06-12,KEEP_hand_source,hand-curated original Security funding.xlsx,KEEP,no rule fired
52684,hand,Armenia,ARM,Asia,,2015,Government of Armenia,"China Eximbank provides RMB 155.4 million government concessional loan for Customs Management, Technology, and Modernization Project","On March 25, 2015, China Eximbank and the Government of Armenia signed an RMB 155,440,000 government concessional loan (GCL) agreement [No. GCL NO.5 (2015) TOTAL NO.(544)] for the Customs Management, Technology, and Modernization Project. The loan carries the following terms: a 2% interest rate, a 5-year grace period, a 20-year maturity, a 0.25% commitment fee, and a 0.15% management fee. The loan repayment period was scheduled to begin on September 21, 2020, and end on March 21, 2035. The proceeds from the GCL were to be used by the borrower to finance a commercial contract (number NUC-1-14-1092) worth RMB 155,439,953 between the Government of Armenia’s Ministry of Finance and Nuctech Company Limited («Նուքթեք քամփնի»), which was signed on November 14, 2014, and subsequently modified on June 9, 2016. The purpose of the Customs Management, Technology, and Modernization Project is to acquire portable x-ray scanners that are capable of detecting explosive devices, weapons, and other types of contraband.  Nuctech Company Limited is the contractor responsible for implementation. Project implementation was underway as of November 2017; however, the precise project implementation start date is unknown. ",,Implementation,Loan,TRADE POLICIES AND REGULATIONS,,,Export-Import Bank of China (China Eximbank),State-owned Policy Bank,27754424.6523414,31556780.82971217,2015-03-25,,,KEEP_hand_source,hand-curated original Security funding.xlsx,KEEP,security recipient: 'Customs'
34024,hand,Bangladesh,BGD,Asia,,2006,Government of Bangladesh ,Chinese Government gives RMB 50 million interest-free loan to support law enforcement activities (Linked to #34159),"On 24 April 2006, the Chinese Government signed an exchange of letters providing a 50 million RMB interest-free loan to the Government of Bangladesh. The loan intended to purchase equipment supporting Bangladesh's law enforcement apparatus; for areas such as criminal investigation, intelligence sharing, traffic management, cyber patrolling, personnel training, coastal and border security, fire service and civil defense, and in areas with shared interest such as terrorism, drug trafficking, and currency counterfeiting.   The government was supposed to purchase about 2,000 vehicles such as cars, jeeps, and motorbikes for the police department through the 2006 loan. However, it seems as if these funds were never spent and the terms were renegotiated in July 2009 (see Project #34159). ",,Pipeline: Commitment,Loan,GOVERNMENT AND CIVIL SOCIETY,,,China Ministry of Commerce,Government Agency,12743686.5640857,14489571.62336544,2006-04-24,,,KEEP_hand_source,hand-curated original Security funding.xlsx,KEEP,no rule fired
34055,hand,Bangladesh,BGD,Asia,,2006,,China donates bullet proof helmets and vests to Bangladesh police,"On March 22, 2006, China handed over security gear (bullet proof vests and helmets) to the Bangladeshi police as a gesture of friendship.  The handover took place between the Chinese Ambassador of Dhaka, Chai Xi, and Bangladesh State Minister for Home Affairs, Lutfozzaman Babar.",,Completion,Grant,GOVERNMENT AND CIVIL SOCIETY,,,Unspecified Chinese Government Institution,Government Agency,,,2006-03-22,2006-03-22,2006-03-22,KEEP_hand_source,hand-curated original Security funding.xlsx,KEEP,security recipient: 'police'
54610,hand,Barbados,BRB,America,,2015,Government of Barbados,[China Co-Financing Fund] IDB administers $5 million loan from CHC for Strengthening Human and Social Development in Barbados Project,"On December 18, 2015, the Inter-American Development Bank (IDB) signed two loan contracts with the Government of Barbados for the Strengthening Strengthening Human and Social Development in Barbados Project: a $5 million loan that IDB issued from its ordinary capital (Loan 3542/OC-BA), and a $5 million loan from the People's Bank of China (Loan 3542/CH-BA) via the China Co-Financing Fund for Latin America and the Caribbean (CHC). The $10 million of loan financing authorized by IDB was designed cover the total project cost. The IDB approval date for this loan financing was September 21, 2015, and it refers to this project as ‘BA-L1032 : Strengthening Human and Social Development in Barbados’. The CHC loan carries the following borrowing terms: a 25-year maturity, a 5.5-year (66-month) grace period, a 0.75% commitment (credit) fee, no management fee, and an annual interest rate of 3-month LIBOR plus a 0.5% funding margin (also known as the ‘Bank’s Cost of Funding’) and a 1.15% IDB lending spread.   As of June 2021, the IDB and CHC loan had jointly achieved a 29.71% disbursement rate (with $2,971,470.78 being disbursed and $7,028,529.22 not yet being disbursed). The project’s executing agency is the Ministry of Social Care, Constituency Empowerment and Community Development of the Government of Barbados.   The project is intended to increase financial security through access to job training and employment, especially for poorer families. The $10 million loan was to be used for a broad swathe of initiatives including creating a Management Information System for the government that will improve internal communication and accountability. It will also be used to promote health and human capital among 2,000 Barbadians through daycare services, school meals, school textbooks and uniforms, remedial learning courses, and selected health promotion services. Additionally, the program will seek to aid 8,000 more Barbadians through job counseling services, better local labor market information, and offering demand-driven technical training courses for unemployed youths.   The Barbados Information Service indicated in February 2017 that the project was being implemented.",,Implementation,Loan,OTHER SOCIAL INFRASTRUCTURE AND SERVICES,,,People's Bank of China (PBC),Government Agency,5611377.84789476,6380136.613056342,2015-12-18,2017-02-01,,KEEP_hand_source,hand-curated original Security funding.xlsx,KEEP,no rule fired
71651,hand,Barbados,BRB,America,,2013,Barbados Defence Force (BDF),People's Liberation Army donates musical instruments to the Barbados Defence Force,"On June 26, 2013, the People's Liberation Army (PLA) donated musical instruments to the Barbados Defence Force (BDF). The donated instruments included saxophones, trumpets, and horns. The donation was intended to assist the BDF's band. The monetary value of this donation is unknown.",,Completion,Grant,OTHER SOCIAL INFRASTRUCTURE AND SERVICES,,,People's Liberation Army of China,Government Agency,,,2013-06-26,2013-06-26,2013-06-26,KEEP_hand_source,hand-curated original Security funding.xlsx,KEEP,security recipient: 'Army'
71653,hand,Barbados,BRB,America,,2008,Barbados Cadet Corps (BCC)|Barbados Defence Force (BDF),Chinese military music experts provide a four-month long training course to the Barbados Defense Force and Cadet Corps (Linked to Project ID#71654),"On February 20, 2008, a team of Chinese military music experts arrived in Barbados for a four-month long training course with the bands of the Barbados Defense Force (BDF) and the Barbados Cadet Corps (BCC). During the training, China donated musical instruments to the BDF and the BCC (see linked project ID#71654). The training course was completed on June 19, 2008, with a joint performance by the Barbadian and Chinese groups performing both Chinese and Barbadian music.",,Completion,Grant,OTHER SOCIAL INFRASTRUCTURE AND SERVICES,,,Unspecified Chinese Government Institution,Government Agency,,,2008-01-01,2008-02-20,2008-06-19,KEEP_hand_source,hand-curated original Security funding.xlsx,KEEP,security recipient: 'military'
71654,hand,Barbados,BRB,America,,2008,Barbados Cadet Corps (BCC)|Barbados Defence Force (BDF),Chinese military music experts donate musical instruments to the Barbados Defense Force and Cadet Corps (Linked to Project ID#71653),"On February 20, 2008, a team of Chinese military music experts arrived for a four-month long training course with the bands of the Barbados Defense Force (BDF) and the Barbados Cadet Corps (BCC) (see linked project ID#71653). During the training course, China donated musical instruments to the BDF and the BCC. These instruments were used in a joint performance by the Barbadian and Chinese groups playing Chinese and Barbadian music during the closing ceremony of the training course on June 19, 2008.",,Completion,Grant,OTHER SOCIAL INFRASTRUCTURE AND SERVICES,,,Unspecified Chinese Government Institution,Government Agency,,,2008-01-01,2008-06-19,2008-06-19,KEEP_hand_source,hand-curated original Security funding.xlsx,KEEP,security recipient: 'military'
71947,hand,Barbados,BRB,America,,2018,Royal Barbados Police Force (RBPF),China Embassy grants two segways to Royal Barbados Police Force,"On February 28, 2018, the Chinese ambassador to Barbados handed over two segways, valued at BDS$40,000, to the Royal Barbados Police Force (RBPF). The handover occurred at RBPF headquarters, and the Embassy Political Counsellor Zou Xi, Barbadian Chief Inspector Tyrone Griffins as well as all assistant chief inspectors attended the ceremony. The grant is intended to improve the response time of the police force.",,Completion,Grant,GOVERNMENT AND CIVIL SOCIETY,,,Chinese Embassy,Government Agency,21752.359713631,24732.43299439845,2018-01-01,2018-02-28,2018-02-28,KEEP_hand_source,hand-curated original Security funding.xlsx,KEEP,security recipient: 'Police'
72156,hand,Barbados,BRB,America,,2010,Salvation Army of Barbados,,"In June 2010, the China State Construction Engineering Corporation (CSCEC) reduced the amount owed by the Salvation Army of Barbados by 100,000 USD. _x000D_ _x000D_ Between February 2005 and November 2006, CSCEC constructed a new accommodation building and restaurant project for the charitable organization. The opening ceremony for the project took place in December 2006. The project cost a total of 350,000 USD, owed to the CSCEC, but the Salvation Army struggled to pay the full amount. In July 2010, the contractor decided to reduce the amount owed as a contribution to the charity. For forgiving the debt, the CSCEC was awarded the ""Outstanding Contribution Award to Charity."" ",,Completion,Grant,ACTION RELATING TO DEBT,,,China State Construction Engineering Corporation (CSCEC),State-owned Company,139272.693579624,158353.05260003248,2010-12-02,,2006-12-31,KEEP_hand_source,hand-curated original Security funding.xlsx,KEEP,security recipient: 'Army'
73023,hand,Barbados,BRB,America,,2019,Barbados Defence Force (BDF),Chinese Embassy in Barbados holds Embassy Open Day for Camp Energy campers,"On August 21, 2019, the Chinese Embassy in Barbados held an Embassy Open Day for over 80 campers and instructors from Camp Energy. As part of their 2019 ""Around the World"" theme, campers visited the Embassy and learned about Chinese geography and scenery, history, culture, and traditional customs. The event was intended to increase campers' understanding of Chinese culture and was run by the Barbados Defence Force (BDF).  Camp Energy, run specifically by the BDF's Morale, Welfare and Recreation Committee, is for children of either soldiers or civilian employees, age 5 to 14.  ",,Completion,Grant,OTHER SOCIAL INFRASTRUCTURE AND SERVICES,,,Chinese Embassy,Government Agency,,,2019-01-01,2019-08-21,2019-08-21,KEEP_hand_source,hand-curated original Security funding.xlsx,KEEP,security recipient: 'Defence'
73083,hand,Barbados,BRB,America,,2012,Barbados Cadet Corps (BCC)|Barbados Defence Force (BDF)|Royal Barbados Police Force (RBPF),"People's Liberation Army Military Band performs, provides training in Barbados ","From August 5 to 18, 2012, twenty members of the Chinese People's Liberation Army Military Band visited Barbados on invitation from the Barbados Defense Force to conduct various performances, engage in business exchanges, and provide training. The visit was part of the celebrations for the 35th anniversary of diplomatic relations between China and Barbados, and it was intended to promote cultural exchange and facilitate further friendly relations between the two countries. _x000D_ _x000D_ Throughout the visit, the Chinese band conducted training for the Barbados Defense Force Military Band, the Royal Barbados Police Band, and the Barbados Cadet Corps Band (a program under the Barbados Defense Force for Barbadian youth, age 13-20). They also performed twice for summer camps for Barbadian students on unspecified dates._x000D_ _x000D_ Information for specific performances is as follows:_x000D_ _x000D_ On August 12, the band held a performance for overseas Chinese citizens residing in Barbados. Over 100 people attended the event._x000D_ _x000D_ On August 15, the band performed at Frank Collymore Hall in Bridgetown for a crowd of about 500 people. Members of both the Barbadian government and the general public were in attendance. The band performed some pop songs independently and other pieces in collaboration with the Barbados Defense Force Military Band and the Royal Barbados Police Band. The event was hosted by the Barbados Ministry of Culture and Chinese Embassy._x000D_ _x000D_ On August 16, the band attended and performed at the Barbados Defense Force's Army Day, playing both Barbadian and Chinese songs. _x000D_ _x000D_ On August 17, in the evening, the band performed at the weekly Oistins Fish Fry on an open-air stage, reaching a few thousand people. This event was hosted by the Chinese Embassy in Barbados and the Barbados Ministry of Culture.",,Completion,Grant,OTHER SOCIAL INFRASTRUCTURE AND SERVICES,,,People's Liberation Army of China,Government Agency,,,2012-08-01,2012-08-05,2012-08-18,KEEP_hand_source,hand-curated original Security funding.xlsx,KEEP,security recipient: 'Army'
42070,hand,Belarus,BLR,Europe,,2003,Government of Belarus,"Chinese Government provides $630,000 grant to provide equipment to military hospital in Belarus","On September 28, 2003, the Main Military Clinical Hospital of the Ministry of Defense of Belarus received modern medical equipment worth $630,000 as part of a humanitarian aid program from the People's Republic of China. The Belarusian Defense minister, the Chinese ambassador extraordinary and plenipotentiary to Belarus, Yu Zhenqi, and other officials attended a ceremony dedicated to the signing of an agreement on its transfer. The Chinese Ministry of National Defense had previously to provide a grant worth RMB to million Military Hospital in April 2002.",,Completion,Grant,HEALTH,,,China Ministry of Defense,Government Agency,1534720.15643847,1744976.8178705403,2003-09-28,2003-09-28,2003-09-28,KEEP_hand_source,hand-curated original Security funding.xlsx,KEEP,security recipient: 'military'
42220,hand,Belarus,BLR,Europe,,2010,Government of Belarus,Chinese Government provides $4.4 million grant for provision and installation of relocatable customs inspection system,"On March 24, 2010, the Chinese Government and the Government of Belarus signed a $4.4 million grant agreement for the provision and installation of a relocatable customs inspection system. SCC head Alyaksandr Shpilewski and Gao Hucheng, China's vice minister of commerce, signed the agreement.   This project involved the provision and installation of non-intrusive customs inspection equipment for vehicles and containers passing through the Kozlovichi checkpoint (managed by Brest customs). The Chinese Government agreed to install the equipment and provide training to 24 Belarusian officers who would operate and maintain the equipment (18 operators and 6 service engineers for maintenance). The ultimate purpose of the project was to combat international terrorism and smuggling of weapons, drugs, cigarettes, alcoholic beverages and other goods.   On March 1, 2011, the implementation contractor was signed between the National Customs Committee of Belarus and China Nuctech Company Limited. Nuctech Company Limited was the contractor responsible for implementation. Its work was overseen by Brest customs and Minsk Central Customs. This project was officially completed and handed over to the local authorities on February 12, 2012.",,Completion,Grant,TRADE POLICIES AND REGULATIONS,,,China Ministry of Commerce,Government Agency,6127998.51750345,6967534.314401423,2010-03-24,2011-03-01,2012-02-12,KEEP_hand_source,hand-curated original Security funding.xlsx,KEEP,security recipient: 'customs'
66830,hand,Belarus,BLR,Europe,,2015,Government of Belarus,Chinese Government donates 2 luxury vehicles for Victory Day Parade,"On April 8, 2015, the Chinese Government donated two FAW HongQi L5 (“Red Banner”) grand vehicles to the Government of Belarus ahead of its Minsk Victory Day Parade. The vehicles reportedly have an estimated value of RMB 5 million each and they were financed with a military grant from the Chinese Government.",,Completion,Grant,GOVERNMENT AND CIVIL SOCIETY,,,Unspecified Chinese Government Institution,Government Agency,1785539.4140724,2030158.3138003189,2015-04-08,2015-04-08,2015-04-08,KEEP_hand_source,hand-curated original Security funding.xlsx,KEEP,no rule fired
94312,hand,Belarus,BLR,Europe,,2020,Belarus Armed Forces,The People’s Liberation Army of China provides anti-epidemic materials to Belarusian Army in June 2020,"On June 13, 2020, the People’s Liberation Army of China provided anti-epidemic materials to the armed forces of Belarus. The donated materials included protective suits, medical masks, and other anti epidemic materials.    The monetary value of this donation is unknown. ",,Completion,Grant,HEALTH,,Yes,People's Liberation Army of China,Government Agency,,,2020-06-01,2020-06-13,2020-06-14,KEEP_hand_source,hand-curated original Security funding.xlsx,KEEP,security recipient: 'Army'
72795,hand,Benin,BEN,Africa,,2013,Government of Benin,"Chinese Government provides RMB 11.5 million RMB grant for Phase 2 of Parakou Military Instruction Hospital Construction Project (linked to #34144, #72796)","In April 2013, China’s Ministry of Commerce (MOFCOM) provided an RMB 11.5 million grant to the Government of Benin for the Phase 2 of Parakou Military Instruction Hospital Construction Project. The Chinese Government had previously provided 6 billion CFAF of grant funding for Phase 1, which supported the the construction of a modern, 100-bed hospital in the town of Parakou within Okédama district (captured in linked Project ID#34144).  Phase 2 involved the construction of a water tower, a canteen, housing for duty guards, etc.  This project was officially completed and handed over to the Government of Benin on 3 April, 2014.  The Chinese Government subsequently provided an RMB 10 million grant for the provision of medical equipment to the hospital (captured in linked Project ID#72796).",,Completion,Grant,HEALTH,Yes,,China Ministry of Commerce,Government Agency,2109787.19885484,2398828.045097953,2013-04-01,,2014-04-03,KEEP_hand_source,hand-curated original Security funding.xlsx,KEEP,security recipient: 'Military'
72796,hand,Benin,BEN,Africa,,2014,,"China provides 10 million RMB medical equipment donation for Parakou Army Instruction Hospital  (linked to #34144, #72795)","The Chinese-funded Parakou Army Instruction Hospital was inaugurated on February 13, 2011, and started its clinical activities on October 4, 2011 after a phase 1 construction costing 6 billion CFAF (see Project #34144). In order to improve the functioning of the said hospital and to improve its equipment, the Chinese government had offered an additional 11.5 million yuan or 920 million CFA francs for the second phase in April 2013, which allowed the construction of the water tower, the canteen, housing for duty guards, etc (see Project #72795). The Parakou Military Instruction Hospital was then officially handed over on Thursday, April 3, 2014. After this second phase, the government decides to provide medical equipment in the form of a donation for an amount of 10 million yuan or 800 million CFA francs to the hospital in Parakou. This equipment will help improve the services of the said hospital for the benefit of the populations of Parakou and the surrounding area._x000D_ _x000D_ Located in the Okédama district on the edge of the interstate road, it is a set of four groups of buildings on two levels arranged in a ""U"" and connected to each other. This set is made up of three blocks: an administrative block comprising the management and its components and an amphitheater with 256 seats; a medical-technical unit with many units: medicine, surgery, maternity, odontostomatology, emergencies, radiology services, biomedical analysis laboratory, a complex of three operating theaters, a research and fight center against malaria and a laundry room; a technical unit comprising a generator with a power of 550 KVA, a water tower with a capacity of 50,000 liters, a canteen with 100 places, a guardhouse building, a mortuary and an electrical technical room and incinerator.",,Completion,Grant,HEALTH,Yes,,Unspecified Chinese Government Institution,Government Agency,1796792.73658014,2042953.3414916191,2014-04-01,,,KEEP_hand_source,hand-curated original Security funding.xlsx,KEEP,security recipient: 'Army'
36031,hand,Bolivia,BOL,America,,2011,Bolivia Armed Forces,Bolivian Army Construction Command Receives 49 million RMB Grant of Water Drilling Equipment from China,"On August 8, 2011, the Chinese government signed letters of exchange for the donation of 15 water well drilling equipment trucks and accessories, including 20 containers and 6 air compressors, worth a total of 49 million RMB. The donation occurred through the framework of two Economic and Technical Cooperation Agreements (ETCAs), one signed December 30, 2009 and the other signed December 30, 2010, which provided grants (""donaciones no reembolsables"")._x000D_ _x000D_ The equipment was then allocated for the provision of water in different communities. The president delivered the 15 rigs wells to the Corporation of the Armed Forces for Development (COFADENA) on May 28, 2012. These water drilling pieces of equipment will aid the program 'My Water', which is to supply drinking water to rural communities for drinking and irrigation.",,Completion,Grant,WATER SUPPLY AND SANITATION,,,Unspecified Chinese Government Institution,Government Agency,9322234.12343354,10599380.198343934,2011-08-08,,,KEEP_hand_source,hand-curated original Security funding.xlsx,KEEP,security recipient: 'Army'
54576,hand,Bolivia,BOL,America,,2016,Government of Bolivia,China Eximbank provides RMB 350 million government concessional loan for Phase I of BOL-110 Command and Control System for Citizen Security Project (Linked to Project ID#54577),"On December 19, 2016, China Eximbank and the Government of Bolivia signed a government concessional loan (GCL) agreement [China Eximbank GCL 2016 (29) 599] for the Command and Control System for Citizen Security Project. The loan was ratified through the passage of a law on January 27, 2017. The GCL carried the following borrowing terms: a 2% interest rate, a grace period of 5 years, and a 15 year maturity. The lender made disbursements worth $0 in 2016, $47,252,441 in 2017, $0 in 2018, $0 in 2019, an unknown amount in 2020, and $5,490,110 in 2021. The borrower made no principal repayments between 2016 and 2021. However, the borrower paid interest and/or fees worth $0 in 2016, $408,023 in 2017, $881,932 in 2018, $956,519 in 2019, an unknown amount in 2020, and $1,014,322 in 2021. The loan’s (principal) amount outstanding was $0 as of December 31, 2016, $48,220,436 as of December 31, 2017, $45,780,226 as of December 31, 2018, $45,108,906 as of December 31, 2019, $48,401,223 as of December 31, 2020, and $54,902,822 as of December 31, 2021. The first phase of the project involved the construction of a command center in La Paz's Miraflores area, which has 32 consoles to track 620 security cameras in the cities of La Paz and El Alto. The system was to be expanded to six provincial capitals in the second phase, when all of them would be equipped with control centers. The system was to be assisted with 120 public servants, three police buses, five drones and new intelligent patrol vehicles. The Bolivian police department was also to receive 100 digital radios with GPS for patrol cars and 500 radios for police officers. 2,000 public transport vehicles were to be equipped with a GPS system and emergency buttons to help drivers and passengers. China National Electronics Import & Export Corporation was the contractor responsible for the project's first phase. Phase I commenced on October 31, 2017 and reached completion on August 20, 2019.",,Completion,Loan,GOVERNMENT AND CIVIL SOCIETY,Yes,,Export-Import Bank of China (China Eximbank),State-owned Policy Bank,62193740.5989936,70714283.06105572,2016-12-09,2017-05-31,2019-08-20,KEEP_hand_source,hand-curated original Security funding.xlsx,KEEP,no rule fired
54613,hand,Bolivia,BOL,America,,2017, El Alto International Airport|Jorge Wilstermann International Airport|Viru Viru International Airport,Chinese Government provides RMB 73 million grant for customs inspection system in 2017 (linked to #71432),"On April 28, 2017, the Chinese and Bolivian governments signed letters of exchange outlining a grant of scanning equipment to Bolivian National Customs. The grant included 15 pieces of equipment worth in total 73 million RMB: 3 mobile vehicle container inspection equipment units, 10 baggage inspection units, and 2 human airport security inspection systems. It is funded through an Economic and Technical Cooperation Agreement (ETCA) signed on October 22, 2014, which granted a total of 80 million RMB (see linked Project ID#71432).  The equipment's purpose is to improve security, combat smuggling, and modernize customs. It will be used in the El Alto Airport (in La Paz), the Jorge Wilstermann International Airport (in Cochabamba), and the Viru Viru Airport (in Santa Cruz).   The equipment deliveries began September 20, 2017. The handover ceremony took place on December 18, 2017. Decree No. 3608 on June 27, 2018 confirms the donation of the inspection units described above and exempts them from import taxes.",,Completion,Grant,TRADE POLICIES AND REGULATIONS,,,China Ministry of Commerce,Government Agency,12448590.7948493,14154047.733743656,2017-04-28,2017-09-20,2017-12-18,KEEP_hand_source,hand-curated original Security funding.xlsx,KEEP,security recipient: 'customs'
54984,hand,Bolivia,BOL,America,,2017,Bolivia Ministry of Government,Chinese Government donates 570 video cameras to Bolivian Police Force (Linked to Project ID#54576),"On May 31, 2017, the Chinese government donated 570 videocameras to the Bolivian police force to strengthen its ability to monitor the cities of La Paz, El Alto, Cochabamba and Santa Cruz. An event took place for the ""unconditional donation"" at the Government Palace attended by Bolivian President Evo Morales and Chinese Ambassador Wu Yunshuan.   Bolivian Government Minister Carlos Romero said during the ceremony that the new cameras represent a 30 percent increase - to 2,325 - of such devices in use in the country. Camera installation is not supposed to replace police patrolling, but contribute to the monitoring system of Bolivia. 270 of the cameras will go to El Alto, and were handed over by the Bolivian Ministry of Government on June 7, 2017.  ",,Implementation,Grant,GOVERNMENT AND CIVIL SOCIETY,,,Unspecified Chinese Government Institution,Government Agency,4839820.25948809,5502875.635037959,2017-01-01,2017-05-31,,KEEP_hand_source,hand-curated original Security funding.xlsx,KEEP,security recipient: 'Police'
64905,hand,Bolivia,BOL,America,,2013,,Chinese government granted $3.5 million USD to Bolivia for security scanner (linked to #36009),"In 2013, the Chinese government granted $3.5 million USD to the National Customs of Bolivia (ANB) for a second x-ray security scanner. The exchange of letters for the grant were signed in March 2013, and the scanner will be placed in Santa Cruz from September 2013 to December 2013 until appropriate infrastructure is completed for the scanner at the Bolivian-Chilean border at Puerto Suarez. Nuctech, a Chinese company, was contracted to construct the scanner for the ANB._x000D_ _x000D_ The scanner will expedite the import process, taking no more than 5 minutes to scan a container. This is the second scanner donated to Bolivia by the Chinese government, as the first scanner was donated in 2011 (captured in #36009).",,Completion,Grant,TRADE POLICIES AND REGULATIONS,,,Unspecified Chinese Government Institution,Government Agency,3948127.93266442,4489021.459439445,2013-01-01,2013-09-01,,KEEP_hand_source,hand-curated original Security funding.xlsx,KEEP,no rule fired
85284,hand,Bolivia,BOL,America,,2004,Government of Bolivia,Chinese Government donates security equipment to Bolivia to safeguard the Plurinational Legislative Assembly's building,"On July 29, 2004, the Chinese Government and the Government of Bolivia signed an exchange of letters in which the Chinese Government committed to donating security equipment to Bolivia to safeguard the Plurinational Legislative Assembly's building. The exchange of letters came after a bombing in front of the assembly's building in March 2004 killed three Bolivian police officers. The equipment was handed over on July 28, 2005. A monument was erected to commemorate the aid from China. The monetary value of this aid is unknown.",,Completion,Grant,GOVERNMENT AND CIVIL SOCIETY,,,Unspecified Chinese Government Institution,Government Agency,,,2004-01-01,2005-07-28,2005-07-28,KEEP_hand_source,hand-curated original Security funding.xlsx,KEEP,no rule fired
90997,hand,Bolivia,BOL,America,,2021,Bolivian National Police Corps,Chinese Government donates 5 police motorcycles to Bolivia,"On August 4th, 2021, the Chinese ambassador Huang Yazhong attended the donation ceremony of 5 police motorcycles and accompanying protective clothing at the La Paz South Police Station. Roberto Ríos, Deputy Minister of Civil Security of the Ministry of Internal Affairs of Bolivia,  and Jhonny Aguilera, Commander-in-Chief of the National Police attended the event. The motorcycles were a donation to the police forces of Bolivia to help them in their police work, and to ""thank them for efforts made to maintain social order and protect the legitimate rights and interests of Chinese personnel and institutions in Bolivia"" according to Ambassador Huang.   ",,Completion,Grant,GOVERNMENT AND CIVIL SOCIETY,,,Chinese Embassy,Government Agency,,,2021-08-04,2021-08-04,2021-08-04,KEEP_hand_source,hand-curated original Security funding.xlsx,KEEP,security recipient: 'police'
97340,hand,Bolivia,BOL,America,,2021,"Santa Cruz, Bolivia Police Department",Chinese Consulate General donates surgical masks to Santa Cruz Police in March 2021," On March 2nd, 2021, the Chinese Consulate General donated 15,000 surgical masks to the Santa Cruz police department. Consul General Wang Jialei handed over the supplies to deputy commander of the Santa Cruz Police, Marcelo Flores.",,Completion,Grant,HEALTH,,Yes,Chinese Consulate General,Government Agency,4995.0,5679.315,2021-03-02,2021-03-02,2021-03-02,KEEP_hand_source,hand-curated original Security funding.xlsx,KEEP,security recipient: 'Police'
66076,hand,Bosnia and Herzegovina,BIH,Europe,,2017,Government of Bosnia-Herzegovina,Chinese Government provides RMB 30 million grant for provision of customs inspection equipment to Border Police (Linked to #73250),"On September 13, 2017, the Chinese Government and the Government of Bosnia-Herzegovina signed an exchange of notes, which committed RMB 38 million of grant funding for the provision of customs inspection equipment. RMB 30 million of the grant proceeds were drawn from an Economic and Technical Cooperation (ETCA) that the parties signed on the same day. The remaining RMB 8 million was drawn from an ETCA that the parties signed on September 17, 2015.   The purpose of this project was to provide customs inspection equipment to the Border Police of Bosnia and Herzegovina for use at international airports in BiH. It also involved training for the police officers who will operate the equipment and support for the maintenance of the equipment (see Project ID#73250). Nuctech Company Limited was the contractor responsible for implementation. The project was officially completed and handed over to the BiH Border Police on November 13, 2018.",,Completion,Grant,GOVERNMENT AND CIVIL SOCIETY,,,China Ministry of Commerce,Government Agency,6480088.35896265,7367860.464140533,2017-09-13,2018-11-13,2018-11-13,KEEP_hand_source,hand-curated original Security funding.xlsx,KEEP,security recipient: 'customs'
73250,hand,Bosnia and Herzegovina,BIH,Europe,,2017,Government of Bosnia-Herzegovina,China provides training programs for the new equipment they donated to the Border Police of Bosnia and Herzegovina (Linked to project #66076),"On September 13, 2017, the Chinese Government and the Government of Bosnia-Herzegovina signed an exchange of notes, which committed RMB 38 million of grant funding for the provision of customs inspection equipment. RMB 30 million of the grant proceeds were drawn from an Economic and Technical Cooperation (ETCA) that the parties signed on the same day. The remaining RMB 8 million was drawn from an ETCA that the parties signed on September 17, 2015.  The purpose of this project was to provide customs inspection equipment to the Border Police of Bosnia and Herzegovina for use at international airports in BiH. It also involved training for the police officers who will operate the equipment and support for the maintenance of the equipment (see Project ID#73250). Nuctech Company Limited was the contractor responsible for implementation. The project was officially completed and handed over to the BiH Border Police on November 13, 2018.",,Completion,Grant,TRADE POLICIES AND REGULATIONS,,,China Ministry of Commerce,Government Agency,,,2017-09-13,,2017-11-13,KEEP_hand_source,hand-curated original Security funding.xlsx,KEEP,security recipient: 'Border Police'
97135,hand,Brazil,BRA,America,,2021,Municipality of Recife|Pernambuco State Military Police Association,China donates 1200 Christmas gift bags to the Recife City Government and the Pernambuco State Military Police Association in December 2021,"On December 15, 2021, the Consulate General of the People's Republic of China in Recife, through the Recife Overseas Chinese Association, donated 1200 Christmas gift bags to the Recife City Government and the Pernambuco State Military Police Association. The donation will be distributed to local poor families, the military, and the police. The USD value of the donation is unknown.   The donation was part of the ""Love from China"" charity activity, which aims to thank Recife City for its protection of local overseas Chinese citizens. This event marks the seventh year that China has hosted the ""Love from China"" activity in Brazil. ",,Completion,Grant,GOVERNMENT AND CIVIL SOCIETY,,,Chinese Consulate General,Government Agency,,,2021-12-15,2021-12-15,2021-12-15,KEEP_hand_source,hand-curated original Security funding.xlsx,KEEP,security recipient: 'Military'
94136,hand,Bulgaria,BGR,Europe,,2020,Bulgarian Army,Chinese army donates anti-epidemic materials to Bulgarian army in July 2020,"On July 3, 2020, the handover ceremony of the anti-epidemic materials aided by the Chinese army to the Bulgarian army was held at the Sofia Military Medical Academy. On July 2, 2020, the anti-epidemic materials aided by the Chinese army to the Bulgarian Army arrived in Sofia smoothly.   The materials include 13 types of anti-epidemic equipment such as masks, protective clothing, and goggles.  ",,Completion,Grant,HEALTH,,Yes,Chinese Army,Government Agency,,,2020-07-01,2020-07-03,2020-07-03,KEEP_hand_source,hand-curated original Security funding.xlsx,KEEP,security recipient: 'army'
60141,hand,Burkina Faso,BFA,Africa,,2018,Government of Burkina Faso,Chinese Government provides RMB 50 million for defense and security as part of September 2018 ETCA (linked to #67266),"In September 2018, an RMB 50 million agreement was signed between Burkina Faso and China for defense and security projects, although the exact allocations are unspecified. The agreement was part of a 3-year Economic and Technical Cooperation Agreement (ETCA) signed September 2019, totaling 1.2 billion RMB (see linked ProjectID#67266).",,Completion,Vague,GOVERNMENT AND CIVIL SOCIETY,,,China Ministry of Commerce,Government Agency,8239144.13582736,9367906.882435707,2018-09-01,,,KEEP_hand_source,hand-curated original Security funding.xlsx,KEEP,security recipient: 'defense'
93726,hand,Burkina Faso,BFA,Africa,,2021,Burkina Faso Ministry of Defense,Chinese Embassy provides motorcycles to the Ministry of Defense of Burkina Faso in November 2021,"On November 19, 2021, the Chinese Embassy provided off-road motorcycles to the Ministry of Defense of Burkina Faso. This donation was made to support the transportation operations of the ministry. The monetary value of this donation is unknown.  A handover ceremony was held for this donation. China’s Ambassador to Burkina Faso, Li Jian, and the Secretary General of the Burkina Faso Ministry of Defense, Senior Colonel Ouedraogo, attended the ceremony and signed the handover certificate.",,Completion,Grant,TRANSPORT AND STORAGE,,,Unspecified Chinese Government Institution,Government Agency,,,2021-11-19,2021-11-19,2021-11-19,KEEP_hand_source,hand-curated original Security funding.xlsx,KEEP,security recipient: 'Ministry of Defense'
30064,hand,Burundi,BDI,Africa,,2007,Government of Burundi,Chinese Government provides RMB 10 million grant to support the Government of Burundi’s Strategic Framework for the Fight Against Poverty,"In 2007, the Burundian President received an RMB 10 million grant from the Chinese Government to support the Government of Burundi’s implementation of its Strategic Framework for the Fight Against Poverty. The goal of this framework is to reduce poverty in both urban and rural areas while also focusing on restoring social security and the national economy. The proceeds from this grant were used to obtain construction and transportation materials for use in Bujumbura. These materials were delivered in two batches: one on June 20, 2007 and one on August 14, 2007. ",,Completion,Grant,GOVERNMENT AND CIVIL SOCIETY,,,Unspecified Chinese Government Institution,Government Agency,2365518.34368275,2689594.356767287,2007-01-01,2007-06-20,2007-08-14,KEEP_hand_source,hand-curated original Security funding.xlsx,KEEP,no rule fired
98507,hand,Burundi,BDI,Africa,,2020,Burundi Ministry of Public Security and Disaster Management,Chinese Embassy funds multi-functional stadium in Burundi,"On February 2, 2020, the Chinese Ambassador to Burundi Li Changlin attended the handover ceremony of the multi-functional stadium of the Ministry of Public Security and Disaster Management. Melchiade RUCEKE, director of the Ministry of Public Security in Burundi, and Wang Yuan, political counselor of the Chinese Embassy in Burundi, attended the ceremony. The stadium was funded by the Chinese Embassy in Burundi and undertaken by China Geological Engineering Corporation.",,Completion,Grant,OTHER MULTISECTOR,,,Chinese Embassy,Government Agency,,,2020-02-02,,,KEEP_hand_source,hand-curated original Security funding.xlsx,KEEP,security recipient: 'Ministry of Public Security'
56097,hand,Cabo Verde,CPV,Africa,,2017,Government of Cabo Verde,Chinese Government provides grant — via ETCA — for São Vicente Marine Special Economic Zone Planning Project,"On December 14, 2013, China Road & Bridge Corporation (CRBC) met with Cape Verde's President and Prime Minister to discuss the possibility of building a deep water port at Mindelo on Porto Grande Bay as well as a cruise ship terminal, and the possibility of refurbishing Cabnave shipyard on São Vicente island. On July 6, 2017, the Chinese Government and the Government of Cape Verde signed an Economic and Technical Cooperation Agreement (ETCA), which committed grant funding for the São Vicente Marine Special Economic Zone Planning Project. Then, on January 10 and 11, 2018, Chinese and Cape Verdean officials signed letters of exchange for this project. _x000D_ _x000D_ China’s Ministry of Commerce (MOFCOM) was the source of funding, but the size of its financial commitment is unknown. The purpose of this project was to support planning activities related to the São Vicente Island Marine Special Economic Zone (EEZ or 佛得角圣文森特岛海洋经济特区 or Zona Económica Especial Marinha de São Vicente or ZEEMSV) in Cape Verde. The EEZ includes constructing a container terminal, refurbishing a Cape Verde Naval Shipyards (Cabnave) state-owned shipyard, and building a logistic center for fish exports in Saragarça, on São Vicente Island. _x000D_ _x000D_ The project is the result of a strategic partnership between the two countries encouraging private investments and public-private partnerships in maritime activities. AidData did not find evidence of any implementing contractors yet. The purpose of this project is to make Sao Vicente a ""maritime logistics platform in the central Atlantic Ocean region for the transhipment of cargo and containers, processing, marketing and distribution of maritime products and an internationally renowned tourist destination”. At the time of the ETCA signing in July 2017, the EEZ was predicted to be operational in just over three years (in 2020). _x000D_ _x000D_ On April 27, 2018, a group of 17 Chinese experts arrived in Cabo Verde for an inspection and planning project. In a subsequent press conference, the Minister of Marine Economy of Cabo Verde said planning was expected to end by September and actual works would begin after that. On May 8, 2018, Chinese and Cabo Verdean officials signed an inspection conference summary marking the end of planning. A Chinese Embassy official shared that a team of Cape Verdean experts travelled to China in June 2018 for training in how to carry out feasibility studies for ZEEMSV. _x000D_ _x000D_ The São Vicente Marine Special Economic Zone Planning Project was ultimately completed on or around August 31, 2018. Then, on May 9, 2019 at a planning promotion meeting ZEEMSV was held in Beijing, officials announced that after 2 ½ years of consultations and technical evaluations, the project was ready to progress to the next step of development. In January 2020, Paulo Alexandre Lopes da Silva, deputy coordinator of the Marine Special Economic Zone in São Vicente, presented a detailed implementation plan. In June 2020, the President of Cabo Verde enacted a law, officially establishing ZEEMSV in which works are carried out in three phases: the first from 2020 to 2025, the second from 2026 to 2030, and the last from 2031-2035.",,Implementation,Grant,TRANSPORT AND STORAGE,Yes,,China Ministry of Commerce,Government Agency,,,2017-07-06,2018-04-27,,KEEP_hand_source,hand-curated original Security funding.xlsx,KEEP,security recipient: 'Marine'
57041,hand,Cabo Verde,CPV,Africa,,2016,,China provides China-based training for Cape Verde police in 2016 (linked to #57043),"On March 2, 2016, China and the Cape Verde Police Department met and exchanged opinions on implementing the training for police officers of Cape Verde. The Deputy Chief of Cape Verde Police Department agreed to lead a team of senior police officers to take relevant seminars in China._x000D_ _x000D_ In 2017, China trained more Cape Verdean police officers, which is recorded in project #57043. The capacity of this training seminar is unknown. The status of this project is also unclear.",,Pipeline: Commitment,Grant,GOVERNMENT AND CIVIL SOCIETY,,,Unspecified Chinese Government Institution,Government Agency,,,2016-03-02,,,KEEP_hand_source,hand-curated original Security funding.xlsx,KEEP,security recipient: 'police'
57043,hand,Cabo Verde,CPV,Africa,,2017,,China sends experts from the Criminal Investigation Police University of China (CIPUC) to Cape Verde to train police officers in 2017 (linked to #57041),"From June 19 to September 15, 2017, at the invitation from Cape Verde, 4 professors from the Criminal Investigation Police University of China (CIPUC) and 2 interpreters visited Cape Verde to provide 3 months of training for more than 100 local Cape Verdean police officers. The event took place within the scope of the Technical-Police Cooperation Program existing between Cape Verde and the People's Republic of China._x000D_ _x000D_ The training took place at the National Police Training Center in Praia from June 19, 2017 to September 15, 2017. This seminar consisted of 4 specialty courses, namely: Strategic Planning of Police Actions - Antiterrorism; Proximity Policing; Police Intelligence; and Safe Tourism. The Self Defense component (Martial Arts) was also given in each of the courses. On September 15th, 2017, the closing ceremony of the training program was held, and was attended by Ambassador Du Xiaocong, Minister of the Interior Paulo Rocha, and the Director of the General Administration of Police. This project is completed._x000D_ _x000D_ In 2016, a number of senior Cabo Verdean police officers went to China for additional training (captured in #51041).",,Completion,Grant,GOVERNMENT AND CIVIL SOCIETY,,,Unspecified Chinese Government Institution,Government Agency,,,2017-01-01,2017-06-19,2017-09-15,KEEP_hand_source,hand-curated original Security funding.xlsx,KEEP,police/military training facility
88063,hand,Cabo Verde,CPV,Africa,,2019,Government of Cabo Verde,China trains 150 professionals from Cabo Verde in China in 2019,"In 2019, 150 professionals from Cabo Verde were selected to visit China to participate in training seminars promoted by the International Training Centre and the Chinese Ministry of Commerce. The professionals include police officers, military personnel, journalists, economist, salespeople, computer and health technicians, and civil servants.   ",,Pipeline: Commitment,Grant,EDUCATION,,,China Ministry of Commerce,Government Agency,,,2019-01-01,,,KEEP_hand_source,hand-curated original Security funding.xlsx,KEEP,no rule fired
32033,hand,Cambodia,KHM,Asia,,2001,Cambodia National Police,China donates forensic equipment to Cambodian police,"According to a media report on October 23, 2001, China gave Cambodia a gift of forensic equipment worth 80,000 dollars. This donation included materials that would enable Cambodian authorities to find clues from fingerprints and blood. This donation would provide the Cambodian police with forensic investigation capabilities, where previously, the authorities have to rely on forensic specialists from neighboring Thailand and Vietnam or did not use forensic investigation techniques at all.",,Completion,Grant,GOVERNMENT AND CIVIL SOCIETY,,,Unspecified Chinese Government Institution,Government Agency,201163.021393064,228722.35532391377,2001-01-01,2001-10-23,2001-10-23,KEEP_hand_source,hand-curated original Security funding.xlsx,KEEP,security recipient: 'forensic'
32086,hand,Cambodia,KHM,Asia,,2006,Government of Cambodia,Chinese Government Donates Container Scanning System to Cambodia in 2007,"On April 8, 2006, the governments of China and Cambodia signed the Exchange of Letters agreement, ""The Government of the People's Republic of China presents a container inspection to the Royal Government of Cambodia"".  On April 28, 2006, the Ministry of Commerce of the People’s Republic of China discussed the tender mode of the Cambodia Container Inspection Equipment assistance project. The bidding method for the aid to Cambodia was studied and the Tender Committee decided to negotiate with Tsinghua Tongfang Weishi Technology Co., Ltd. (known as Nuchtech Company Ltd. in English) for the project.  On October 24, 2006, the aid agreement of the vehicle-mounted mobile container inspection equipment was signed by Li Jianmin, general manager of international business of Tsinghua Tongfang Weishi Company, and the Minister of Public Works and Transport of Cambodia, Sun Zhanto. On January 30, 2007, a ceremony was held at Phnom Penh to mark the official handover of the vehicle-mounted mobile container inspection equipment to the Royal Government of Cambodia. Cambodia hopes that such aid will help strengthen cargo security checks, help against smuggling and tax evasion, as well as modernize Cambodian custom clearance.   China has provided security scanning equipment to Cambodia several times. A donation of 3 container scanners and other security equipment was given in 2012 (see ProjectID#33076) and another four container scanners were given in 2013 (see ProjectID#33061).",,Completion,Grant,TRADE POLICIES AND REGULATIONS,,,Unspecified Chinese Government Institution,Government Agency,,,2006-10-24,2007-01-30,2007-01-30,KEEP_hand_source,hand-curated original Security funding.xlsx,KEEP,no rule fired
32088,hand,Cambodia,KHM,Asia,,2004,,Chinese government donates 400 police motorcycles to Cambodia,"The Chinese government agreed to give 400 police motorcycles to the Cambodian Ministry of Interior on March 23, 2004 (援助柬埔寨400辆警用摩托车 in Chinese). The motorcycles will be used to help support the Cambodian police. The motorcycles were delivered on March 11th, 2005 (""图文：中国援助柬埔寨400辆警用摩托车(1)"").",,Completion,Grant,GOVERNMENT AND CIVIL SOCIETY,,,Unspecified Chinese Government Institution,Government Agency,,,2004-03-23,2005-03-11,2005-03-11,KEEP_hand_source,hand-curated original Security funding.xlsx,KEEP,security recipient: 'police'
32222,hand,Cambodia,KHM,Asia,,2012,,Chinese company donates 2 fire trucks to Cambodia's National Police,"On August 29, 2012, a Chinese state-owned company, Shantui Construction Machinery Co., Ltd. donated two fire trucks worth 580,000 U.S. dollars to Cambodia’s National Police to help the Cambodia Fire Department improve its fire protection capabilities. Cambodia Machinery Group Co., Ltd. implemented the agreement. The National Police Director General Neth Savoeun, the Military Attache Wang Ximao of the Chinese Embassy in Cambodia, Chairman of Cambodia Machinery Group Co., Ltd. Yang Baifeng, and Public Equipment Product Manager of Shantui Construction Machinery Import and Export Co., Ltd.Zhao Ruifeng attended the handover ceremony.",,Completion,Grant,GOVERNMENT AND CIVIL SOCIETY,,,"Shantui Construction Machinery Co., Ltd.",State-owned Company,680991.66359699,774287.5215097778,2012-08-29,2012-08-29,2012-08-29,KEEP_hand_source,hand-curated original Security funding.xlsx,KEEP,security recipient: 'Police'
32462,hand,Cambodia,KHM,Asia,,2008,Royal Cambodian Armed Forces,"Chinese Government donates ambulances, buses, cars, and other items to Royal Cambodian Armed Forces","On November 24, 2008, the Chinese Ministry of Defense officially delivered a batch of donated equipment — including 33 ambulances, 7 minibuses, 1 bus, 3 cars, 1 excavator, 5 water pumps, 5 sawmills, 5 road-cutting machines, and 5 emergency electricity generators — to the Cambodian Ministry of Defense (Royal Cambodian Armed Forces). The purpose of the donation was to increase the capacities of the Cambodian Ministry of Defense in emergency natural disaster situations.",,Completion,Grant,GOVERNMENT AND CIVIL SOCIETY,,,China Ministry of National Defense,Government Agency,,,2008-11-24,2008-11-24,2008-11-26,KEEP_hand_source,hand-curated original Security funding.xlsx,KEEP,security recipient: 'Armed Forces'
33061,hand,Cambodia,KHM,Asia,,2013,Government of Cambodia,Chinese Government provides $13.8 million grant — via ETCA — for the provision of 4 container scanners,"On May 31, 2013, Chinese Ambassador to Cambodia Pan Guangxue and Cambodian Deputy Prime Minister and Minister of Finance and Economy Ji Chun signed an exchange of letters on behalf of the Chinese and Cambodian governments in Phnom Penh, confirming that the Chinese government will present a batch of secure communications equipment to the Cambodian Ministry of Interior and the Ministry of National Defense.  On August 19, 2013, the signing ceremony of the 'Certificate of Delivery and Receipt of 4 Units of Container Scanning Machines Under the Economic and Technical Cooperation between The Royal Government of Cambodia and The Government's of the People's Republic of China' was held at Phnom Penh. Chinese Ambassador to Cambodia Bu Jianguo signed to provide the scanners to Cambodian Deputy Prime Minister and Finance Minister Keat Chhon at the Ministry of Economy and Finance. The four container scanning machines cost a total of 13.8 million U.S. dollars.  The port security equipment was already delivered to the Cambodian port of Sihanoukville on July 26, 2013, and mutual inspection has confirmed that they are in good condition.   China has provided security scanning equipment to Cambodia multiple times. A donation of one container scanner was given in 2007 (see ProjectID#32086), and another donation of three container scanners and other security equipment was given in 2012 (see ProjectID#33076).",,Completion,Grant,TRADE POLICIES AND REGULATIONS,,,China Ministry of Commerce,Government Agency,15566904.4202197,17699570.3257898,2013-05-31,2013-08-19,2013-08-19,KEEP_hand_source,hand-curated original Security funding.xlsx,KEEP,no rule fired
33076,hand,Cambodia,KHM,Asia,,2011,Government of Cambodia,Chinese Government provides $12.5 million grant for Security Inspection Equipment Project,"On July 23, 2010, Guangxue Pan, Chinese Ambassador to Cambodia, and Ji Chun, Deputy Prime Minister and Minister of Finance and Economics of Cambodia, signed an exchange of notes regarding a Security Inspection Equipment Project. Then, on October 16, 2011, the Chinese Government and the Government of Cambodia signed the more specific agreement: ""Exchange of Notes on the Establishment of 17 Sets of Security Inspection Equipment for Free"" with the Cambodian Deputy Prime Minister to provide the donation of X-Ray inspection equipment to Cambodia.  China’s Ministry of Commerce (MOFCOM) reportedly provided a $12.5 million grant for this project. The purpose of the project was to provide and install 17 baggage, body, and container scanners (seven full-body scanners, three large-scale baggage scanners and seven scanners for personal belongings) at security checkpoints in the run-up to a 2012 ASEAN meeting in Cambodia.  Nuctech Company Limited — known as Tongfang Vision Technology Co., Ltd. or 同方威视技术股份有限公司 — was the contractor responsible for implementation.  This project was officially completed and handed over to the local authorities on January 18, 2012.  The Chinese Government also provided grant funding for the provision of scanners in 2007 (see Project ID#32086) and 2013 (see Project ID#33061).",,Completion,Grant,TRADE POLICIES AND REGULATIONS,,,China Ministry of Commerce,Government Agency,15373502.2667659,17479672.077312827,2011-10-16,2012-01-18,2012-01-18,KEEP_hand_source,hand-curated original Security funding.xlsx,KEEP,no rule fired
33096,hand,Cambodia,KHM,Asia,,2010,Government of Cambodia,China provides Various Training Programs for 95 Cambodian Students,"In 2010, a total of 95 Cambodian students from core government sectors and social groups had attended 41 various training programs in China. The programs cover fields/issues such as financial crisis and economic recovery, industry, agriculture, transportation, health, communications, infrastructure, environmental protection, tourism, climate, water, SME development and food security. The Cambodian students have found the training useful and relevant in promoting social and economic development. ",,Completion,Grant,EDUCATION,,,Unspecified Chinese Government Institution,Government Agency,,,2010-01-01,,,KEEP_hand_source,hand-curated original Security funding.xlsx,KEEP,no rule fired
33134,hand,Cambodia,KHM,Asia,,2006,Government of Cambodia,Chinese Government donates 30 fire trucks to Cambodia,"On April 8, 2006, China and Cambodia signed an Exchange of Notes Agreements to provide 30 firetrucks for Cambodia. On the afternoon of May 10, 2007, Cambodian Deputy Prime Minister and Minister of the Interior, Kennedy, personally presided over the handover of 30 fire engines to the Royal Government of Cambodia in the Cambodian capital of Phnom Penh. Mrs. Zhang Jinfeng, China's Ambassador to Cambodia, and Mr. Hok Lundy, National Police Chief of Cambodia, singed the Certificate of Delivery and Receipt on behalf of China and Cambodia respectively on May 14, 2007.  The donation is a follow-up to the pledge by the Chinese government to provide water pumps (see ProjectID#32127) and fire engines (as captured in this project) to Cambodia during the second summit of the Greater Mekong Subregion (GMS) in July 2005.",,Completion,Grant,GOVERNMENT AND CIVIL SOCIETY,,,Unspecified Chinese Government Institution,Government Agency,,,2006-04-08,2007-05-10,2007-05-10,KEEP_hand_source,hand-curated original Security funding.xlsx,KEEP,no rule fired
38796,hand,Cambodia,KHM,Asia,,2012,Royal Cambodian Armed Forces,China provides Technical de-mining course to Royal Cambodian Air Force (RCAF) (Part 1) (Linked to ID #34798),"On November 5, 2012, an opening ceremony for the first phase of the technical de-mining course Royal Cambodian Air Force (RCAF) sponsored by the People's Liberation Army of China (PLA) was held in Oudong, Cambodia. The closing ceremony for the course was held on December 13, 2012, and 52 members of the RCAF participated.  Phase II of the de-mining initiative is captured in project #38798.",,Completion,Grant,GOVERNMENT AND CIVIL SOCIETY,,,People's Liberation Army of China,Government Agency,,,2012-01-01,2012-11-05,2012-12-13,KEEP_hand_source,hand-curated original Security funding.xlsx,KEEP,security recipient: 'de-mining'
38798,hand,Cambodia,KHM,Asia,,2013,Royal Cambodian Armed Forces,China provides Technical de-mining course to Royal Cambodian Air Force (RCAF) (Part 2) (Linked to ID #38796),"From December 5, 2013 to January 14, 2014, a de-mining course was held in Kampong Speu Province. The course was sponsored by the People's Liberation Army of China (PLA) for the Royal Cambodian Air Force (RCAF), and was the second phase of China's support of humanitarian mine clearance technology within Cambodia. The course was 6 weeks long, with 2 weeks of theoretical training and 4 weeks of field training, and 52 RCAF members participated in the course. The closing ceremony for the course was held on January 14, 2014, at the Cambodia Peacekeeping Mine Clearance Training Institute.  Phase I of this project is captured in ID#38796.",,Completion,Grant,GOVERNMENT AND CIVIL SOCIETY,,,People's Liberation Army of China,Government Agency,,,2013-01-01,2013-12-05,2014-01-14,KEEP_hand_source,hand-curated original Security funding.xlsx,KEEP,security recipient: 'de-mining'
38876,hand,Cambodia,KHM,Asia,,2007,,Chinese government donates 104 police motorcycles to Cambodia,"On September 25, 2007, China donated 104 police motorcycles to the Cambodian Cambodian Ministry of Interior. The motorcycles are to be used to help support the Cambodian police.",,Completion,Grant,GOVERNMENT AND CIVIL SOCIETY,,,Unspecified Chinese Government Institution,Government Agency,,,2007-09-25,2007-09-25,2007-09-25,KEEP_hand_source,hand-curated original Security funding.xlsx,KEEP,security recipient: 'police'
49560,hand,Cambodia,KHM,Asia,,2017,Cambodian Mine Action Authority (CMAA),China provides anti-mining equipments to Cambodia,"On November 20, 2017, China provided Cambodia with anti-mining equipment for humanitarian reasons. The equipment delivered includes 40 motors, 14 laptops, ten iPads, 340 military tents, 1,400 wheelchairs, 18 blasting tools, 18 metal detectors, 18 demining tool kits, and 18 protective devices. China’s ambassador to Cambodia Xiong Bo said that contributions on mine clearance will increase the safety of many Cambodians.",,Completion,Grant,GOVERNMENT AND CIVIL SOCIETY,,,Unspecified Chinese Government Institution,Government Agency,,,2017-01-01,2017-11-20,2017-11-20,KEEP_hand_source,hand-curated original Security funding.xlsx,KEEP,no rule fired
62656,hand,Cambodia,KHM,Asia,,2017,,Chinese government signs agreement for Security Annex of the Prime Minister's Office Project in Cambodia,"On February 14, 2017, the implementation agreement for the construction of the security annex of the Cambodian Prime Minister's Office by the Chinese government was signed in Phnom Penh. Li An, Economic and Commercial Counsellor in Cambodia, and the Senior Minister Yim Nola, and Chairman of the China-Cambodia Friendship Promotion Committee signed the agreement. The project is also called Security Auxiliary Building of the Prime Minister’s Office in Cambodia and 柬首相府安全附楼项目 in Chinese. _x000D_ _x000D_ The design contract was signed on December 8th, 2015 by Hu'nan Architectural Design Institute and Yim Nola. Commercial Counselor Song Xiaoguo attended and witnessed the signing. (""援柬首相府安全副楼项目签署设计合同"").",,Pipeline: Commitment,Vague,GOVERNMENT AND CIVIL SOCIETY,Yes,,Unspecified Chinese Government Institution,Government Agency,,,2017-02-14,,,KEEP_hand_source,hand-curated original Security funding.xlsx,KEEP,no rule fired
62707,hand,Cambodia,KHM,Asia,,2018,Preah Ket Melea Military Hospital,Chinese Ministry of Defense donates medical equipment to Preah Ket Mealea Hospital (linked to #88568),"On February 26, 2018, China’s Ministry of Defense provided 24 kinds of medical equipment to the state-run Preah Ket Mealea military hospital to support heart and blood treatments (or 中国国防部援助柬埔寨王家军医疗物资). The medical equipment donated included scanning machines and operating tools, specifically a 128-layer CT system, extracorporeal circulation machine, cardiac ultrasound equipment, and other modern medical equipment. The equipment was estimated to be worth approximately $5 million USD.  On the same day, the Chinese side also sent an aid team consisting of six doctors to provide technical support and training at the Wangjiajun General Hospital (see linked ProjectID#88568).",,Completion,Grant,HEALTH,,,China Ministry of National Defense,Government Agency,,,2018-01-01,2018-02-26,2018-02-28,KEEP_hand_source,hand-curated original Security funding.xlsx,KEEP,military/police medical
62711,hand,Cambodia,KHM,Asia,,2007,Government of Cambodia,Chinese Government dispatches medical experts to Preah Ket Mealea Military Hospital (Linked to Project ID#32020),"On May 8, 2007, the Ministry of National Defense of China dispatched four Chinese medical experts, Sihaichen, Nie Yongkang, Zhang Wuxing and Liu Gang, to the Preah Ket Melea military hospital in Phnom Penh to improve its medical level. It is part of a RMB 30 million pledge to Cambodia for the renovation and donation to the hospital and the construction of a Chinese-Cambodian Friendship Infantry Institution. (see project #32020)  On January 14, 2008, the completion ceremony was held and the head of the General Administration of Logistics and Finance of the Ministry of National Defense of Cambodia, General Song Sangnan, awarded the ""Friendship and Cooperation Medal"" approved by the Prime Minister of the Royal Government of Cambodia to the four Chinese military doctors in the Hospital of Cambodia for their past 9 months of contribution to improving the medical technology of the hospital. (""柬埔寨国防部向中国援柬军医授勋"").",,Completion,Grant,HEALTH,,,Unspecified Chinese Government Institution,Government Agency,,,2007-01-01,2007-05-08,2008-01-14,KEEP_hand_source,hand-curated original Security funding.xlsx,KEEP,security recipient: 'Military'
62712,hand,Cambodia,KHM,Asia,,2007,,Chinese Ministry of Defense donates military band and medical equipment to Cambodia,"On December 6, 2007, the Ministry of National Defense of the People's Republic of China donated military band equipment to the Royal Army of Cambodia and medical equipment to the Preah Ket Mealea Hospital in Cambodia (or 向柬埔寨王家军提供军乐团装备与医疗设备). The handover ceremony was held at the Preah Ket Mealea military hospital. Chinese Ambassador to Cambodia Zhang Jinfeng and State Secretary of the Ministry of National Defense of Cambodia, General Monsoppan, attended the handover ceremony. The aid materials provided by the Chinese side include musical instruments and transportation for the military band, hemodialysis machines, water treatment machines, and some office equipment.",,Completion,Grant,OTHER MULTISECTOR,,,China Ministry of National Defense,Government Agency,,,2007-12-06,2007-12-06,2007-12-06,KEEP_hand_source,hand-curated original Security funding.xlsx,KEEP,security recipient: 'Ministry of Defense'
85382,hand,Cambodia,KHM,Asia,,2017,Cambodia Ministry of National Defense,Hanban provides grant for the establishment of Mandarin Center at Cambodia’s Ministry of Defense,"On July 12, 2017, a Mandarin Center officially opened at the Ministry of Defense of Cambodia. Established by the Confucius Institute, the Center provides Chinese language training at beginner and intermediate levels.",,Completion,Grant,EDUCATION,,,Hanban (Confucius Institute Headquarters),Government Agency,,,2017-01-01,,2017-07-12,KEEP_hand_source,hand-curated original Security funding.xlsx,KEEP,security recipient: 'Ministry of Defense'
87633,hand,Cambodia,KHM,Asia,,2001,Government of Cambodia,Chinese Government provides $1.7 million grant for Preah Ket Mealea Military Hospital Renovation Project (Linked to Project ID#32020),"On February 13, 2001, China’s Ministry of Defense and the Cambodian Ministry of Defense signed an RMB 30 million ($3.7 million) grant agreement (see Project ID#32020). Then, on May 8, 2001, the Government of Cambodia announced that the Chinese Government had agreed to earmark $1.7 million of the grant proceeds for the renovation of the Preah Ket Mealea Military Hospital (មន្ទីរពេទ្យ​ព្រះកេតុ​មាលា:) in the capital city of Phnom Penh. The project involved the procurement of construction equipment in order to renovate the five-story building and improve nearby drainage and roads. Construction was slated to begin in November 2001, according to Co-Minister of Defense Prince Sisowath Sirirath. The project was ultimately completed in 2005. In 2007, four Chinese medical experts were dispatched to the hospital (as captured via Project ID#62711).",,Completion,Grant,GOVERNMENT AND CIVIL SOCIETY,Yes,,Unspecified Chinese Government Institution,Government Agency,4274714.20460262,4860350.050633179,2001-02-13,,,KEEP_hand_source,hand-curated original Security funding.xlsx,KEEP,security recipient: 'Military'
88568,hand,Cambodia,KHM,Asia,,2018,Wangjiajun General Hospital,China's Ministry of Defense sends medical team to provide technical support and training at Preah Ket Mealea Hospital (linked to #62707),"On February 26, 2018, China's Ministry of Defense sent an aid team consisting of six doctors to provide technical support and training at the Preah Ket Mealea Hospital.  On the same day, China’s Ministry of Defense provided 24 kinds of medical equipment to the state-run Preah Ket Mealea military hospital to support heart and blood treatments (or 中国国防部援助柬埔寨王家军医疗物资) (see linked ProjectID#62707). The medical equipment donated included scanning machines and operating tools, specifically a 128-layer CT system, extracorporeal circulation machine, cardiac ultrasound equipment, and other modern medical equipment. The equipment was estimated to be worth approximately $5 million USD.",,Completion,Grant,HEALTH,,,China Ministry of Defense,Government Agency,,,2018-01-01,2018-02-26,,KEEP_hand_source,hand-curated original Security funding.xlsx,KEEP,military/police medical
90984,hand,Cambodia,KHM,Asia,,2020,Government of Cambodia,People's Liberation Army of China donates humanitarian supplies in March 2020 to Cambodia,"On March 21, 2020, the People's Liberation Army donated Covid materials to the Cambodian government amidst a joint-training exercise. The supplies included 15,000 sets of study, sport and medical materials. A ceremony was held on Saturday, March 21st at a military training field in Cambodia's Kampot province in the presence of military personnel from both nations as well as local officials, medical workers and students for the donation.  Code-named ""Golden Dragon-2020"", the joint training kicked off on March 15 in Kampot with the closing ceremony scheduled for March 30. Major General Pen Sokreth Vithyea, from the Royal Cambodian Armed Forces, told the Khmer Times that 2,746 soldiers, six helicopters, nine tanks, 12 armored personnel carriers and other heavy weapons from the Cambodian military participated in the exercise. According to Chinese sources, More than 800 troops from the Chinese and Cambodian armed forces were involved in the training, which is the fourth of its kind between the two sides. ",,Completion,Grant,OTHER MULTISECTOR,,Yes,People's Liberation Army of China,Government Agency,,,2020-03-21,2020-03-21,2020-03-21,KEEP_hand_source,hand-curated original Security funding.xlsx,KEEP,security recipient: 'Army'
95277,hand,Cambodia,KHM,Asia,,2021,"Sihanoukville Special Economic Zone Co., Ltd.",Overseas Chinese Charity Foundation provides medical equipment to Cambodian provinces in August 2021,"On August 25, 2021, the Chinese Overseas Chinese Charity Foundation joined hands with Shanxin Lianxin, a public welfare organization, to donate medical equipment to Sihanoukville Koh Kong in Cambodia. The medical equipment included 8 respirators, 48 sets of medical uniforms, and 1,920 medical masks   The distribution of respirators is as follows: 3 to the Sihanoukville Provincial Government, 1 to the Koh Kong Provincial Government, 1 to the Kep Provincial Government, 2 to the Kampot Provincial Government, and 1 to the Army Academy. Each province also received 6 sets of the medical uniforms and 240 medical masks. The monetary value of this donation is unknown.",,Completion,Grant,HEALTH,,,Overseas Chinese Charity Foundation|Shanxin Lianxin,State-owned Fund|Government Agency,,,2021-08-25,2021-08-25,2021-08-25,KEEP_hand_source,hand-curated original Security funding.xlsx,KEEP,no rule fired
95776,hand,Cambodia,KHM,Asia,,2021,Cambodia Ministry of Defense,Chinese military sponsors development of shooting range at the Royal Gendarmerie Training Center,"On December 17, 2021 the Cambodian Deputy Prime Minister and Defense Minister General Tea Banh and Chinese ambassador to Cambodia Wang Wentian presided over the groundbreaking ceremony for a new shooting range at the Royal Gendarmerie Training Center. The Royal Gendarmerie Training Center will built a shooting range on 105 hectares, and the project is supported by the Chinese military. According to General Banh,  the shooting range will serve as the venue for the 2023 Association of Southeast Asian Nations (ASEAN) Armies Rifle Meet. ",,Implementation,Grant,GOVERNMENT AND CIVIL SOCIETY,,,China Ministry of National Defense,Government Agency,,,2021-12-17,2021-12-17,,KEEP_hand_source,hand-curated original Security funding.xlsx,KEEP,security recipient: 'military'
98237,hand,Cambodia,KHM,Asia,,2008,Cambodia Ministry of Interior,"Chinese Government signed a MoU worth USD 300,000 with Cambodian government to reform the national police and all police equipment in Cambodia in December 2008","On December 2, 2008, Interior Ministry Secretary of State Em Sam An signed a memorandum of understanding with Chinese Deputy Minister of Public Security Meng Hongwei, who was part of a delegation visiting Cambodia for the 50th anniversary of diplomatic relations be­tween the two countries. With this donation, the Ministry of Interior in Cambodia will use it to reform the national police and all police equipment, as well as improving anti-terrorism, anti-narcotics activities and enhancing international crime cooperation.  According to Interior Ministry spokesman Lieutenant General Khieu Sopheak, the money would go into the ministry’s budget and buy police equipment from China itself. ",,Completion,Grant,GOVERNMENT AND CIVIL SOCIETY,,,Unspecified Chinese Government Institution,Government Agency,457375.776584715,520036.257976821,2008-12-02,,,KEEP_hand_source,hand-curated original Security funding.xlsx,KEEP,security recipient: 'police'
30192,hand,Cameroon,CMR,Africa,,2012,Cameroon Defense Forces ,Chinese company donates MA-60 passenger jet to Cameroon,"In 2012, the Cameroon Air Forces accepted the donation of a Modern Ark (MA-60) turboprop passenger jet from Xi'an Aircraft Industry Company. This project was financed by a Chinese government grant. The value of this project is unknown. ",,Completion,Grant,TRANSPORT AND STORAGE,,,Xi'an Aircraft Industrial Corporation,State-owned Company,,,2012-01-01,,,KEEP_hand_source,hand-curated original Security funding.xlsx,KEEP,security recipient: 'Defense'
52713,hand,Cameroon,CMR,Africa,,2016,Reception and Security House for Children in Distress in Cameroon|Synergy Brotherhood of Orphans and Vulnerable Children in Cameroon,Chinese Consulate Donates Supplies to Orphanages in Cameroon,"On June 2, 2016, the Chinese Consulate in Douala, Cameroon donated flour and rice sacks, vegetable oil and sugar cartons, mineral water, gas plates, plastic chairs, footwear, detergents, a television set and stationery to the orphanages Synergie Fraternite des Orphelins et Enfant Vulnerables (SYFOEV) and the Japoma-based orphanage, Maison d'accueil et de securisation des enfants en detresse (MESED). The donation benefited 54 orphans and vulnerable children._x000D_ _x000D_ ",,Completion,Grant,OTHER SOCIAL INFRASTRUCTURE AND SERVICES,,,Chinese Embassy,Government Agency,,,2016-01-01,2016-06-02,2016-06-02,KEEP_hand_source,hand-curated original Security funding.xlsx,KEEP,no rule fired
60018,hand,Cameroon,CMR,Africa,,2017,,China donates FCFA 10 million worth of Agricultural tools and Office Equipment to Ex-Servicemen and War Victims in Cameroon,"On April 25th, 2017, Chinese Ambassador to Cameroon handed over agricultural tools and office equipment to Ex-Servicemen and War Victims in Cameroon. This donation was given to Cameroon's Secretary of State in the Ministry of Defense in charge of Ex-Servicemen and War Victims, Koumpa Issa, from the Chinese Ambassador to Cameroon, Wei Wenhua. The materials comprising of cutlasses, hoes, sprayers, watering cans, rain boats, wheel barrows, trucks, dig axe, artisanal oil milling machine, six computers and two printers are worth FCFA 10 million. This project is completed._x000D_ _x000D_ ",,Completion,Grant,GOVERNMENT AND CIVIL SOCIETY,,,Unspecified Chinese Government Institution,Government Agency,19798.6041444766,22511.012912269896,2017-04-25,2017-04-25,2017-04-25,KEEP_hand_source,hand-curated original Security funding.xlsx,KEEP,no rule fired
72018,hand,Cameroon,CMR,Africa,,2020,Government of Cameroon ,Chinese government donates anti-epidemic equipment to Cameroonian government in June 2020,"On June 17, 2020, the Chinese government donated 8.3 tons of anti-epidemic equipment to the Cameroonian government. This batch of equipment consisted of 10,032 test kits, 20,000 N95 masks, 300,000 surgical masks, 15,000 protective suits, 15,000 pairs of protective glasses, 15,000 pairs of surgical gloves, and 3,000 pairs of surgical shoes. The monetary value of this donation is unknown.  A handover ceremony took place for this donation in Yaoundé, the capital of Cameroon. The Chinese Ambassador to Cameroon Wang Yingwu, a representative of President Biya, the Minister of State and Secretary-General of the Presidential Office, the Minister of Public Health of Cameroon, ​​the State Secretary of the Ministry of Public Health, the Governor of the Central Region, the Defense Attache Chai Xiaojiang, and the Economic and Commercial Counselor Wei Shengzi attended the ceremony.",,Completion,Grant,HEALTH,,Yes,Unspecified Chinese Government Institution,Government Agency,568035.986682578,645856.9168580911,2020-06-17,2020-06-17,2020-06-17,KEEP_hand_source,hand-curated original Security funding.xlsx,KEEP,no rule fired
72539,hand,Cameroon,CMR,Africa,,2018,Cameroon Defense Forces ,Chinese Government grants 4.5 billion francs CFA of military equipment to the Cameroon Defense Forces ,"On 18 July 2018, the Chinese Ambassador to Cameroon, Wang Yingwu and Cameroon's Minister of Defense, Joseph Beti Assomo, signed a military assistance agreement worth 4.5 billion francs CFA (approximately USD7.9 million).  The type and quantity of military equipment to be supplied Cameroon by China will be determined by Cameroonian officials based on their needs; the Cameroonian government will be responsible for the transportation costs. The purpose of the grant was to assist the Cameroon defense forces and reinforce their capacities in peacekeeping and security operations in the region. Implementation of the agreement is expected to last five years.",,Pipeline: Commitment,Grant,UNALLOCATED/UNSPECIFIED,,,Unspecified Chinese Government Institution,Government Agency,8825488.33085125,10034580.23217787,2018-01-01,2018-07-18,,KEEP_hand_source,hand-curated original Security funding.xlsx,KEEP,security recipient: 'military'
91894,hand,Cameroon,CMR,Africa,,2020,Cameroon Ministry of Defense (MINDEF),Chinese Embassy donates XAF 164.5 million worth of anti-epidemic kits to Cameroon Defense Ministry in June 2020,"On June 15, 2020, the Chinese Ambassador to Cameroon, Wang Yingwu, handed over a donation of anti-epidemic kits worth XAF 164.5 million to the Cameroon Ministry of Defense. The kits included 50,000 regular masks, 6,000 surgical masks, 4,200 protective glasses, and various other anti-epidemic materials for disinfection and patient services.",,Completion,Grant,HEALTH,,Yes,Chinese Embassy,Government Agency,319184.987391593,362913.3306642412,2020-06-12,2020-06-12,2020-06-12,KEEP_hand_source,hand-curated original Security funding.xlsx,KEEP,security recipient: 'Defense'
55702,hand,Central African Republic,CAF,Africa,,2018,Central African Republic's Armed Forces,Fujian Policy Academy trains 20 members of the Central African Republic Presidential Guard,"On November 20, 2018, the Fujian Police Academy began a two-week training course for members of the Central African Republic's Presidential Guard. The training covered topics such as free-hand fighting, escort protection, and emergency handling. On December 3, the completion ceremony of the Presidential Guard Training Course was held at the Presidential Palace of the Central African Republic. President Tuvadela and Ambassador Chen Dong respectively issued training completion certificates to 20 trainees. Including President Tuvadla, Chinese Ambassador to Central Africa Chen Dong, and Director of the Central African Presidential Palace Nguelbada, the Fujian Police Academy instructor group,  more than 50 people attended the event. ",,Completion,Grant,GOVERNMENT AND CIVIL SOCIETY,,,Fujian Police Academy,Government Agency,,,2018-11-20,2018-11-20,2018-12-03,KEEP_hand_source,hand-curated original Security funding.xlsx,KEEP,police/military training facility
92901,hand,Central African Republic,CAF,Africa,,2021,Ministry of Internal Affairs and Public Security of the Central African Republic,Chinese Ministry of Public Security provides police materials to the Central African Republic Ministry of Internal Affairs and Public Security in December 2021,"On December 21, 2021, the Chinese Ministry of Public Security donated police materials to the Central African Republic Ministry of International Affairs and Public Security. The Chinese Ambassador, Chen Dong, attended the handover ceremony and signed the handover certificate with the Central African Republic Minister of Public Security, Nassan. The specific materials and the monetary value are unknown. ",,Completion,Grant,GOVERNMENT AND CIVIL SOCIETY,,,China Ministry of Public Security,Government Agency,,,2021-12-21,2021-12-21,2021-12-21,KEEP_hand_source,hand-curated original Security funding.xlsx,KEEP,security recipient: 'Ministry of Public Security'
95090,hand,Central African Republic,CAF,Africa,,2021,Government of Central African Republic,Chinese Government donates security supplies worth FCFA 156 million to the Central African Republic,"On January 22, 2021, the Chinese Government donated defense and security supplies worth FCFA 156 million to the Central African Republic. The donation includes an unknown quantity of computer equipment, handcuffs, and police uniforms. The equipment will be used by the Central African Republic's Defense and Security Forces.",,Completion,Grant,GOVERNMENT AND CIVIL SOCIETY,,,Unspecified Chinese Government Institution,Government Agency,281319.315456332,319860.0616738495,2021-01-22,2021-01-22,2021-01-22,KEEP_hand_source,hand-curated original Security funding.xlsx,KEEP,no rule fired
95290,hand,Central African Republic,CAF,Africa,,2020,Central African Republic Ministry of Internal Affairs and Public Security.|Government of the Central African Republic,Fujian Provincial Association for Friendship with Foreign Countries provides masks and thermometers to the Prime Minister’s office in August 2020 (Linked to #92941 and #95291),"On August 3, 2020, the Red Cross Society of China, the Fujian Provincial Association for Friendship with Foreign Countries, and the Zhangzhou Public Security Bureau of the Fujian Province jointly provided anti-epidemic materials to the Central African Republic. The Red Cross Society provided five ventilators to the Central African government (captured via #92941). The Fujian Provincial Association for Friendship with Foreign Countries provided 4,000 masks and 40 forehead thermometers to the Prime Minister’s office (captured via ##95290). The Zhangzhou Public Security Bureau of the Fujian Province provided 10,000 masks to the Central African Ministry of Internal Affairs and Public Security (captured via #95291).  A handover ceremony was held for this donation at the office of the Prime Minister of the Central African Republic. Chinese Ambassador Chen Dong, representatives of the Prime Minister of the Central African Republic, the Minister of Health, and the Director of the Ministry of Internal Affairs and Public Security attended the ceremony.",,Completion,Grant,HEALTH,,Yes,Fujian Association for Promotion of Asia-Pacific Economic and Cultural Exchanges,State-owned Company,3185.21913080886,3621.5941517296737,2020-08-03,2020-08-03,2020-08-03,KEEP_hand_source,hand-curated original Security funding.xlsx,KEEP,security recipient: 'Public Security'
95291,hand,Central African Republic,CAF,Africa,,2020,Central African Republic Ministry of Internal Affairs and Public Security.,"Zhangzhou Public Security Bureau provides 10,000 masks to the Central African Ministry of Internal Affairs and Public Security in August 2020 (Linked to #92941 and #95290)","On August 3, 2020, the Red Cross Society of China, the Fujian Provincial Association for Friendship with Foreign Countries, and the Zhangzhou Public Security Bureau of the Fujian Province jointly provided anti-epidemic materials to the Central African Republic. The Red Cross Society provided five ventilators to the Central African government (captured via #92941). The Fujian Provincial Association for Friendship with Foreign Countries provided 4,000 masks and 40 forehead thermometers to the Prime Minister’s office (captured via ##95290). The Zhangzhou Public Security Bureau of the Fujian Province provided 10,000 masks to the Central African Ministry of Internal Affairs and Public Security (captured via #95291).  A handover ceremony was held for this donation at the office of the Prime Minister of the Central African Republic. Chinese Ambassador Chen Dong, representatives of the Prime Minister of the Central African Republic, the Minister of Health, and the Director of the Ministry of Internal Affairs and Public Security attended the ceremony.",,Completion,Grant,HEALTH,,Yes,Zhangzhou Municpal Public Security Bureau of Fujian Province ,Government Agency,3607.38351771129,4101.595059637737,2020-08-03,2020-08-03,2020-08-03,KEEP_hand_source,hand-curated original Security funding.xlsx,KEEP,security recipient: 'Public Security'
55852,hand,Chad,TCD,Africa,,2018,Government of Chad,China donates police training equipment to Chad in 2018,"On April 16, 2018, China donated police training equipment to Chad. The ceremony was overseen and attended by Ambassador Wu Jie and the Minister of Territorial Administration, Public Security and Local Administration, Ahmed Mohamed al-Bashir. The donation amount of the project is unknown.",,Completion,Grant,GOVERNMENT AND CIVIL SOCIETY,,,Unspecified Chinese Government Institution,Government Agency,,,2018-01-01,,2018-04-16,KEEP_hand_source,hand-curated original Security funding.xlsx,KEEP,security recipient: 'police'
93145,hand,Chad,TCD,Africa,,2020,Chad National Police Department,Chinese Embassy provides anti-epidemic materials to the Chad National Police Department in June 2020,"On June 26, 2020, the Chinese Embassy provided anti-epidemic materials to the National Police Department of Chad. The donated materials consisted of 5,000 medical masks. These materials were raised by the Chinese Embassy in Chad. The monetary value of this donation is unknown.  A handover ceremony was held at the National Police Headquarters of Chad. Secretary Yusuf and other officials attended the meeting.  ",,Completion,Grant,HEALTH,,Yes,Chinese Embassy,Government Agency,1675.25550358109,1904.7655075716991,2020-06-01,2020-06-26,2020-06-26,KEEP_hand_source,hand-curated original Security funding.xlsx,KEEP,security recipient: 'Police'
54975,hand,Chile,CHL,America,,2017,,China donates 10 bikes to the Second Police Station of Santiago,"On 8 August 2017, China donated 10 bicycles to staff of the Second Police Station of Santiago (la Segunda Comisaría de Carabineros de Santiago). The handover ceremony was presided over by the mayor of Santiago, Felipe Alessandri, and the Chinese ambassador to Chile, Li Baorong.",,Completion,Grant,GOVERNMENT AND CIVIL SOCIETY,,,Unspecified Chinese Government Institution,Government Agency,,,2017-01-01,2017-08-08,2017-08-08,KEEP_hand_source,hand-curated original Security funding.xlsx,KEEP,security recipient: 'Police'
90874,hand,Chile,CHL,America,,2020,Government of Chile,Chinese municipality of Lishui donated medical supplies to Municipality of Santiago and Police in Chile April 2020,"On April 6th 2020, the Chinese municipality of Lishui donated medical supplies worth an estimated $44,000 to the Municipality of Santiago and Police in Chile. Specifically, Lishui donated 60,000 masks to the Municipality of Santiago. Lishui also donated 40,000 masks and 15,000 pairs of surgical gloves to Police stations in China. The purpose of this donation is to assist Chile in fighting against the pandemic.",,Completion,Grant,HEALTH,,Yes,Zhejiang Provincial Government,Government Agency,49140.8281050455,55873.12155543673,2020-04-06,,2020-04-06,KEEP_hand_source,hand-curated original Security funding.xlsx,KEEP,security recipient: 'Police'
39445,hand,Colombia,COL,America,,2012,Government of Colombia,People's Republic of China grants 20 Million Yuan to the Government of Colombia through and Economic and Technical Cooperation Agreement (October 2012),"On October 1, 2012, the People's Republic of China and the Government of Colombia signed a Economic and Technical Cooperation Agreement which grants 20 million Yuan (about 3.2 million USD) to Colombia.   It is unclear where the money ultimately went, but the Asociacion Ambiente y Sociedad noted several ETCA-funded projects that this agreement could have potentially funded, including training on hydraulic technology (see, potentially, #69470), the donation of cars for public entities (see project #46967), the donation of computers to DIAN (see project #39444), the donation of two aircrafts to the Air Force, and a donation for the implementation of the Magdalena River Development Master Plan (Plan Maestro de Aprovechamiento del Río Magdalena, see project #36653)  The delegation that was present at the signing of this ETCA was chaired by the Chinese Minister of Commerce.",,Pipeline: Commitment,Grant,OTHER MULTISECTOR,,,China Ministry of Commerce,Government Agency,3722278.04221554,4232230.133999069,2012-10-01,,,KEEP_hand_source,hand-curated original Security funding.xlsx,KEEP,no rule fired
57311,hand,Comoros,COM,Africa,,2016,,China donates 30 computers to the police stations of the National Police in Comoros,"On December 1, 2016, the Chinese Ambassador to Comoros informed the president of Comoros that 30 computers had been donated to the police stations of the Comoros National Police. The cost of this donation is unclear.",,Completion,Grant,GOVERNMENT AND CIVIL SOCIETY,,,Unspecified Chinese Government Institution,Government Agency,,,2016-12-01,2016-12-01,2016-12-01,KEEP_hand_source,hand-curated original Security funding.xlsx,KEEP,security recipient: 'police'
57338,hand,Comoros,COM,Africa,,2018,Comoros Ministry of Defense,China donates 700 milion Comorian Francs worth stability maintenance supplies to Comoros Ministry of Defense,"On June 9th, 2018, the Ambassador of China in Comoros handed over a donation of stability maintenance supplies for the Comoros Ministry of Defense to improve policing, anti-terrorism, stability, and security enforcement apparatus (援科摩罗维稳物资项目交接仪式在莫罗尼举行). The materials include 15 buses, 30 pickup trucks, 60 desktop computers, 60 black-and-white laser printers, 5 black-and-white copiers, power supplies, and various other consumables. At the ceremony, both Comorian and Chinese officials gave speeches praising defense cooperation. He Yanjun, the Chinese ambassador to Comoros, and Joseph Mohamed Ali, the Comoros Minister of Defense, signed the handover certificate on behalf of the two governments.  Comorian news outlet Al-Watwan reports that the total value of the donation is estimated to be roughly 700 million Comorian Francs (Coopération militaire sino-comorienne : La Chine remet un don de matériels de sécurité à la gendarmerie nationale). ",,Completion,Grant,GOVERNMENT AND CIVIL SOCIETY,,,Unspecified Chinese Government Institution,Government Agency,1831332.39255374,2082224.9303336025,2018-01-01,2018-06-09,2018-06-09,KEEP_hand_source,hand-curated original Security funding.xlsx,KEEP,security recipient: 'Ministry of Defense'
30524,hand,Congo,COG,Africa,,2012,Government of Republic of Congo,China donates emergency equipment to Congo following the March 2012 arms depot explosion,"On 4 March 2012, an arms depot in Mpila run by the Congolese armed forces exploded. It killed 280 people, injured 2,500 people, and wrecked neighborhoods in seven different localities. In response, the Chinese government donated 480 insecticide-treated mosquito nets, 80 transistor radios, and 8 solar-powered streetlights to assist victims and newly homeless. The value of this donation is unknown.   China also donated 3 million USD to Congo following the blast (#30708).",,Completion,Grant,EMERGENCY RESPONSE,,,Unspecified Chinese Government Institution,Government Agency,,,2012-01-01,,,KEEP_hand_source,hand-curated original Security funding.xlsx,KEEP,no rule fired
37880,hand,Cook Islands,COK,Oceania,,2004,Government of Cook Islands,Chinese Government provides NZD 4 million grant for Police Headquarters Construction Project (linked to #69560),"In 2004, China’s Ministry of Commerce (MOFCOM) agreed to provide a NZD 4 million ($2.8 million) grant to the Government of the Cook Islands for the Police Headquarters Construction Project. The purpose of this project was to construct a new Police Headquarters building in downtown Avarua (exact locational coordinates: -21.206014, -159.777827) behind an already existing police station. China Civil Engineering Construction Corporation was the contractor responsible for implementation. In October 2004, a seven-member team from China — including an architect, structural engineer, quantity surveyor, reconnaissance, a Ministry of Commerce official and a translator — arrived in Rarotonga to undertake preliminary planning and design work related to the Police Headquarters Construction Project. The old police station was vacated in February 2006 in order to allow for the construction of the new building to take place.   Construction commenced in May 2006 and the project passed a mid-term MOFCOM inspection in November 2006. The project was officially completed and the new police station was handed over to the local authorities on March 30, 2007. The sponsor (China’s Ministry of Commerce) conducted an on-site, post-project inspection in November 2007 and December 2007. However, in 2014, it was reported that the police station required extensive repairs. The Chinese Government provided a grant to repair the building and several other government buildings in 2017 (as captured via Project ID#64019). According to Cook Islands Finance Minister Mark Brown, it was a major repair job because China’s previous construction work was ‘substandard’. ",,Completion,Grant,GOVERNMENT AND CIVIL SOCIETY,Yes,,China Ministry of Commerce,Government Agency,6041439.2984008,6869116.482281709,2004-01-01,2006-05-01,2007-03-30,KEEP_hand_source,hand-curated original Security funding.xlsx,KEEP,security recipient: 'Police'
35705,hand,Costa Rica,CRI,America,,2011,Government of Costa Rica,Chinese Government provides RMB 420 million grant for Police Academy Construction Project,"On March 25, 2011 the Chinese Government announced that it would provide RMB 300 million for the construction of a police academy in Costa Rica. The government of Costa Rica was the recipient agency. However, the Chinese Government committed an additional RMB 120 million -- through an Economic and Technical Cooperation Agreement (ETCA) -- in 2013 when it became clear that the completion of the Policy Academy project would require additional funding.   The purpose of the project was to construct a police academy that is located in La Rita de Pococí within the province of Limón.  Beijing Urban Construction Group was the contractor responsible for project implementation. Construction began on December 15, 2014. The project was completed on July 7, 2017.  The Costa Rica Police Academy now provides a teaching ground for 800 students and 400 teachers and staff, with a construction area of over 31,000 square meters. It is fully functional and is the largest and most modern police academy in Latin America. It has bedroom towers, a dining room, a gym and football and basketball courts, in addition to classrooms, libraries and training areas for future officers.",,Completion,Grant,GOVERNMENT AND CIVIL SOCIETY,Yes,,China Ministry of Commerce,Government Agency,79904863.9151446,90851830.27151942,2011-03-25,2014-12-15,2017-07-07,KEEP_hand_source,hand-curated original Security funding.xlsx,KEEP,security recipient: 'Police'
37318,hand,Costa Rica,CRI,America,,2012,Government of Costa Rica,China donates 200 police cars to Costa Rica,"In 2002, China donated 200 police patrol cars to Costa Rica. Police will receive 150 of the cars and the traffic police will receive another 50. This donation is not to be confused with the donation of 200 police cars in 2008._x000D_ ",,Completion,Grant,GOVERNMENT AND CIVIL SOCIETY,,,Unspecified Chinese Government Institution,Government Agency,,,2012-01-01,,,KEEP_hand_source,hand-curated original Security funding.xlsx,KEEP,security recipient: 'police'
40723,hand,Costa Rica,CRI,America,,2007,Costa Rica Ministry of Public Security,Chinese government donated 200 police cars and other technical services to Costa Rica through ETCA,"On May 6, 2008, a Colombian official affirmed that the Chinese government had promised to donate 200 police cars worth 4,211,532 USD to Costa Rica's Ministry of Public Security, the recipient agency. On February 6, 2009, the handover ceremony of those 200 police cars occured. According to Costa Rica's Ministry of Planning and Economic Policy, under the project name ""Contrato de Suministro de Vehículos a la Policía de Costa Rica,"" the People's Republic of China donated the 200 police cars, 288 packages of spare parts, and the dispatch of a technical group of nine people to Costa Rica for post-sale technical service in total for this donation.   According Costa Rica's Ministry of Planning and Economic Policy, the contribution from the Chinese Government (the cars, parts, and technical team) was worth 4,211,532 USD. The Costa Rican Ministry of Governance and Police (Ministerio de Gobernación y Policía de Costa Rica) provided counterpart financing of 5.378,00 USD for project execution. In total, the project cost was 4,216,910 USD. 	 This donation was financed through an Economic and Technical Cooperation Agreement (ETCA) signed between the People's Republic of China and the Government of Costa Rica on October 24, 2007.",,Completion,Grant,GOVERNMENT AND CIVIL SOCIETY,,,China Ministry of Commerce,Government Agency,7577659.52497663,8615798.879898429,2007-01-01,2009-02-06,2009-02-06,KEEP_hand_source,hand-curated original Security funding.xlsx,KEEP,security recipient: 'police'
54731,hand,Costa Rica,CRI,America,,2018,Costa Rica Ministry of Public Security,Chinese Government donates ₡3.3 billion grant to Costa Rica's Ministry of Public Security to facilitate its acquisition of telecommunications and police protection equipment,"On November 5, 2018, Costa Rica's Ministry of Public Security and the People's Republic of China signed a grant agreement worth ₡ 3,378,046,534. The grant proceeds were to be used by Costa Rica's Ministry of Public Security to purchase telecommunications and police protection equipment. The donation was originally expected to be delivered during the first half of 2019. ",,Pipeline: Commitment,Grant,GOVERNMENT AND CIVIL SOCIETY,,,Unspecified Chinese Government Institution,Government Agency,6371456.91744079,7244346.515130178,2018-01-01,2018-11-05,2018-11-05,KEEP_hand_source,hand-curated original Security funding.xlsx,KEEP,security recipient: 'Ministry of Public Security'
70756,hand,Costa Rica,CRI,America,,2011,Costa Rica Ministry of Public Security,Ministry of National Defense of the People's Republic of China Donates Hospital and Medical Equipment to Costa Rica's Ministry of Public Security,"On December 26, 2011, the donation of hospital and medical equipment by the Ministry of National Defense of the People's Republic of China to the Health Area of the Ministry of Public Security of Costa Rica was approved. The donation was worth 1.4 Million USD. The project was executed between 2011 and 2012, with an exchange of letters (canje de notas) related to the project's execution taking place July 31, 2012.   The purpose of the project was to improve the quality of health attention given to officials in Costa Rica's Ministry of Public Security. The name of the project according to Costa Rica's Ministry of Planning and Economic Policy is ""Donación Equipo Médico y Hospitalario.""  The project may have been funded through a Free Logistics Assistance Agreement (Acuerdo sobre la Asistencia Logística Gratuita), also signed December 26, 2011 by the Ministry of Public Security of Costa Rica and the Ministry of National Defense of China, which is listed in the ""project monitoring"" section of the database entry about the donation. ",,Completion,Grant,HEALTH,,,China Ministry of National Defense,Government Agency,1721832.25387778,1957723.272659036,2011-12-26,,,KEEP_hand_source,hand-curated original Security funding.xlsx,KEEP,security recipient: 'Defense'
95176,hand,Costa Rica,CRI,America,,2020,San Jose Municipal Government (Costa Rica),"Beijing Municipal Government provides donation of 10,000 test kits and PPE to San José Municipal Government in November 2020","On November 4, 2020, the Chinese Ambassador to Costa Rica handed over a donation from the Beijing Municipal Government to the Municipality of San José. The donation consisted of 10,000 PCR testing kits, as well as an unknown number of protective clothing, isolation glasses, surgical gloves, and thermometers.   The testing kits were to be delivered to the Costa Rican Social Security Fund (CCSS), which would in turn use them in clinics in the Central Canton of San José and mass testing in affected areas of the city. The PPE was to be used by front line workers collaborating with the municipal government.",,Completion,Grant,HEALTH,,Yes,Beijing Municipal Government,Government Agency,108109.8218311,122920.86742196068,2020-11-04,2020-11-04,2020-11-04,KEEP_hand_source,hand-curated original Security funding.xlsx,KEEP,no rule fired
95300,hand,Costa Rica,CRI,America,,2020,Costa Rica Ministry of Public Security,Chinese government donates 7.5 million colons in supplies to Costa Rican Ministry of Public Security,"On or about December 1, 2020, the Chinese Embassy in Costa Rica handed over a donation of supplies worth 7.5 million colons to Costa Rica's Ministry of Public Security to be used by police forces in the country, particularly those patrolling the border.  More specifically, the donation included 164 pairs of steel-toed rubber boots, a canopy that will serve as a food and meeting center measuring 8x8 meters, 240 units of sunscreen, and 25,000 disposable masks.",,Completion,Grant,GOVERNMENT AND CIVIL SOCIETY,,,Unspecified Chinese Government Institution,Government Agency,14321.1159669433,16283.108854414531,2020-12-01,2020-12-01,2020-12-01,KEEP_hand_source,hand-curated original Security funding.xlsx,KEEP,security recipient: 'Ministry of Public Security'
97409,hand,Costa Rica,CRI,America,,2021,,China donates CRC $3 billion in equipment to the Costa Rican Ministry of Public Security,"On February 22, 2021, the Chinese Ambassador to Costa Rica Tang Heng and the Costa Rican president Alvarado attended a ceremony in which logistical materials were donated to the Costa Rican Ministry of Public Security. These materials included one hundred new CFMoto brand 2020 model police motorcycles, two thousand helmets, five hundred anti-ballistic vests and shields, two thousand sets of personal protective equipment and one hundred anti-explosive blankets. The motorcycles came equipped with police supplies, as well as basic spare parts and equipment such as boots and jackets, with a three-year or 50,000-kilometer guarantee. Each motorcycle was worth CRC $9 million, and the total value of the donation is CRC $3 billion.  This donation is part of an extensive list of bilateral cooperation projects that China and Costa Rica have undertaken after the establishment of diplomatic relations in June 2007.",,Completion,Grant,GOVERNMENT AND CIVIL SOCIETY,,,Unspecified Chinese Government Institution,Government Agency,4826720.72593879,5487981.465392403,2021-02-22,,2021-02-22,KEEP_hand_source,hand-curated original Security funding.xlsx,KEEP,security recipient: 'Ministry of Public Security'
66015,hand,Cote d'Ivoire,CIV,Africa,,2018,Cote d'Ivoire Armed Forces,Chinese Embassy donates office supplies to Cote d'Ivoire Armed Forces,"On November 8, 2018, the Chinese Ambassador to Cote d'Ivoire, Tang Weibin, officially donated office supplies including desks, computers, printers, and chairs to the Armed Forces of Cote d'Ivoire. A donation ceremony was held and was attended by the Military official from the Chinese Embassy, Colonel Song Feng, and the Chief of the General Staff 10 officers from the Armed Forces of Cote d'Ivoire. The value of this donation is unknown. ",,Completion,Grant,GOVERNMENT AND CIVIL SOCIETY,,,Unspecified Chinese Government Institution,Government Agency,,,2018-11-08,2018-11-08,2018-11-08,KEEP_hand_source,hand-curated original Security funding.xlsx,KEEP,security recipient: 'Armed Forces'
66144,hand,Cote d'Ivoire,CIV,Africa,,2006,,China donates 4 police cars to Cote d'Ivoire,"On 8 June 2006, the Chinese Ambassador officially donated four police cars to the Government of Cote d'Ivoire to protect government officials. The value of this donation is unknown. ",,Completion,Grant,TRANSPORT AND STORAGE,,,Unspecified Chinese Government Institution,Government Agency,,,2006-01-01,2006-06-08,2006-06-08,KEEP_hand_source,hand-curated original Security funding.xlsx,KEEP,security recipient: 'police'
66210,hand,Cote d'Ivoire,CIV,Africa,,2013,,China provides training for 60 Ivorian journalists and policemen,"On 10 October 2013, the Chinese Embassy hosted a send-off ceremony for 60 Ivorian journalists and policemen headed to China for an unspecified training program. The transaction value, program details, and start and end dates are unknown. ",,Completion,Grant,GOVERNMENT AND CIVIL SOCIETY,,,Unspecified Chinese Government Institution,Government Agency,,,2013-01-01,2013-10-10,,KEEP_hand_source,hand-curated original Security funding.xlsx,KEEP,no rule fired
66323,hand,Cote d'Ivoire,CIV,Africa,,2016,,China hosts 19 Ivorians for Law Enforcement Training,"On 12 December 2016, the Cote d'Ivoire Embassy in Beijing hosted a reception for 19 Ivorian police commissioners in China for a law enforcement training program. The program value and length are unknown. ",,Completion,Grant,GOVERNMENT AND CIVIL SOCIETY,,,Unspecified Chinese Government Institution,Government Agency,,,2016-01-01,,,KEEP_hand_source,hand-curated original Security funding.xlsx,KEEP,no rule fired
66328,hand,Cote d'Ivoire,CIV,Africa,,2017,,China donates vehicles to Cote d'Ivoire Police,"On 13 November 2017, the Chinese Ambassador officially donated vehicles to Cote d'Ivoire's General Directorate of the National Police (La Direction Générale de la Police Nationale). The value of this donation and number of vehicles are unknown. ",,Completion,Grant,TRANSPORT AND STORAGE,,,Unspecified Chinese Government Institution,Government Agency,,,2017-01-01,2017-11-13,2017-11-13,KEEP_hand_source,hand-curated original Security funding.xlsx,KEEP,security recipient: 'Police'
87754,hand,Cote d'Ivoire,CIV,Africa,,2018,Government of Côte d'Ivoire (Ivory Coast),China hosts 15 law enforcement officers from Cote d’Ivoire for training,"On June 13, 2018, Ambassador Tang Weibin in Côte d’Ivoire held a farewell reception at the embassy for the study and training of 15 law enforcement officers in China. Director of the Office of the Ministry of the Interior, Chief of Police, Director of the Department of International Cooperation of the Ministry of Culture, and Acting Director of the Department of Asia-Pacific Affairs of the Ministry of Foreign Affairs attended the reception. The program length and value are not known.  ",,Completion,Grant,GOVERNMENT AND CIVIL SOCIETY,,,Unspecified Chinese Government Institution,Government Agency,,,2018-01-01,2018-06-13,,KEEP_hand_source,hand-curated original Security funding.xlsx,KEEP,no rule fired
93697,hand,Cote d'Ivoire,CIV,Africa,,2020,Cote d'Ivoire Ministry of the Interior and Security,China provides anti-epidemic materials to Côte d'Ivoire's Ministry of Security and Citizen Protection in August 2020,"On August 17, 2020, China provided anti-epidemic materials to Côte d'Ivoire’s Ministry of Security and Citizen Protection. The donated materials included 3,000 disposable medical masks and 5 forehead thermometers. The monetary value of this donation is unknown.   A handover ceremony was held for this donation. Wan Li, the Chinese Ambassador to Côte d'Ivoire, and Lieutenant General Vagondo, the Minister of Security and Citizen Protection of Côte d'Ivoire, jointly attended the ceremony. Senior Colonel Song Feng, the Defense Attaché of the Embassy, ​​Brigadier General Bunet, the Foreign Affairs Advisor to the Minister of Security and Citizen Protection, and other officials also attended the event.",,Completion,Grant,HEALTH,,Yes,Unspecified Chinese Government Institution,Government Agency,1299.99827077893,1478.0980338756433,2020-08-17,,2020-08-17,KEEP_hand_source,hand-curated original Security funding.xlsx,KEEP,no rule fired
72116,hand,Cuba,CUB,America,,2015,,Cuban Government officials attend economic training course at Shanghai Administration Institute,"From March 25-26, 2015, Cuban Government officials attended a training course at the Shanghai Administration Institute.  There were a total of 25 Cuban students in this training class- consisting of 2 deputy ministerial level, and 23 departmental and divisional senior and intermediate civil servants and corporate executives.  The representatives came from the Cuban Ministry of Economy and Planning, the Ministry of Labor and Social Security, the Ministry of Industry, the Ministry of Energy and Mines, the Ministry of Finance and Price, the Ministry of Internal Affairs, the Ministry of Agriculture, the Ministry of Higher Education, the Ministry of Foreign Trade and Foreign Investment, and the Ministry of Revolutionary Armed Forces.  Relevant fields include: finance, electronics industry, food processing, tobacco, biology and medicine.  The purpose of this seminar is to understand China’s development experience since reforming, particularly in regards to their accumulated experience on the road of economic reform.  Professor Wang Zhiping, director of the Economics Teaching and Research Department, gave lectures on the experiences and inspiration of Shanghai's reform and opening up.  During the training period, the trainees conducted on-site teaching in the Shanghai Pilot Free Trade Zone in order to learn about the main achievements and experiences of the free trade zone construction.   The trainees also visited the Shanghai Pudong Development Bank and listened to special lectures to understand the reform context and competition of the Chinese banking industry.  They also visited the Shanghai Volkswagen Automobile Co., Ltd. and listened to presentations there in order to better understand the role of joint ventures in China's reform process as well as corporate operating models and management mechanisms..",,Completion,Grant,GOVERNMENT AND CIVIL SOCIETY,,,Unspecified Chinese Government Institution,Government Agency,,,2015-01-01,2015-03-25,2015-03-26,KEEP_hand_source,hand-curated original Security funding.xlsx,KEEP,no rule fired
30089,hand,Democratic Republic of the Congo,COD,Africa,,2010,Government of Democratic Republic of Congo ,China sends 106 land mine experts for UN Peacekeeping Operation,"In March 2010, China sent a 106 member demining team to the DRC for an eight-month UN peacekeeping operation. This team was part of the 11th peace-keeping team sent by China to the DRC since 2003, and will be joined by a second team. The team, all from the Lanzhou Military Area Command, will carry out landmine detection as well as airport maintenance and medical care._x000D_ ",,Completion,Grant,GOVERNMENT AND CIVIL SOCIETY,,,People's Liberation Army of China,Government Agency,,,2010-01-01,2010-03-01,,KEEP_hand_source,hand-curated original Security funding.xlsx,KEEP,security recipient: 'Peacekeeping'
30731,hand,Democratic Republic of the Congo,COD,Africa,,2013,,Chinese government sends 16th peacekeeping mission to DRC composed of medical and engineering personnel,"On August 7, 2013, the first echelon of the 16th Chinese peacekeeping force to Democratic Republic of Congo totaling 100 officers and men flew from the Xi’an Xianyang International Airport to the mission area to perform eight-month-long peacekeeping operations. The 16th Chinese peacekeeping force to Democratic Republic of Congo is composed of an engineer detachment and a medical detachment with a total of 218 persons. The members of the engineer detachment are from a regiment under the 47th Combined Corps of the Chinese People's Liberation Army (PLA) and the members of the medical detachment are from a hospital of a joint logistics sub-department under the PLA Lanzhou Military Area Command (MAC)._x000D_ _x000D_ The 10th peacekeeping team was sent in 2009 (see project #34567).",,Completion,Grant,GOVERNMENT AND CIVIL SOCIETY,,,People's Liberation Army of China,Government Agency,,,2013-01-01,2013-08-07,,KEEP_hand_source,hand-curated original Security funding.xlsx,KEEP,security recipient: 'peacekeeping'
34567,hand,Democratic Republic of the Congo,COD,Africa,,2009,,Chinese Government sends 10th Peacekeeping Mission to DRC consisting of medical and engineering personnel (Linked to Project ID#87023),"On July 3, 2009, the Chinese Government dispatched the first batch of peacekeepers in the 10th Peacekeeping mission to the Democratic Republic of the Congo. This batch consisted of 218 peacekeepers from the engineering unit and medical unit. On July 12, 2009, the Chinese Government was scheduled to dispatch a second batch of peacekeepers. This batch consisted 118 soldiers and military officers (linked project ID#87023). Both missions were to last for 8 months. They were completed on time.",,Completion,Grant,GOVERNMENT AND CIVIL SOCIETY,,,People's Liberation Army of China,Government Agency,,,2009-07-03,2009-07-03,2010-03-01,KEEP_hand_source,hand-curated original Security funding.xlsx,KEEP,security recipient: 'Peacekeeping'
58919,hand,Democratic Republic of the Congo,COD,Africa,,2010,Government of Democratic Republic of Congo ,"Chinese Government provides $501,174.63 grant for fence construction at the Ministry of Foreign Affairs (Linked to project #59984)","According to the Government of the Democratic Republic of Congo’s Aid Management Platform (AMP), the Chinese Government provided a $501,174.63 grant commitment for the construction of a fence at the DRC’s Ministry of Foreign Affairs office building in the Gombe commune of Kinshasa. This project was intended to improve the security situation of Congo's Ministry of Foreign Affairs. $513,133 was eventually disbursed in support of this project. This project was officially completed and handed over to the Congolese authorities on June 12, 2012. The French project title is Clôture de Ministère des Affaires Etrangères.",,Completion,Grant,GOVERNMENT AND CIVIL SOCIETY,Yes,,Unspecified Chinese Government Institution,Government Agency,697999.406738714,793625.3254619178,2010-01-01,,2012-06-12,KEEP_hand_source,hand-curated original Security funding.xlsx,KEEP,no rule fired
87126,hand,Democratic Republic of the Congo,COD,Africa,,2018,Government of Democratic Republic of Congo ,China sends 22nd peacekeeping troupe to the Democratic Republic of the Congo. ,"On September 20, 2018, the Chinese government dispatched the 22nd peacekeeping mission to the Democratic Republic of the Congo. The peacekeeping mission will last for a year. According to the Ministry of National Defense of the PRC, the first batch of team was dispatched from Urumqi, Xinjiang on September 20th whereas the second batch would be dispatched on September 28. The first batch includes 100 engineering and medical troops, whereas the second batch includes 218 team members. This peacekeeping mission is in support of the United Nations Stabilization Mission in the Congo (MONUSCO) as China is a supporting partner and the roles of the engineering team include maintaining bridges, roads, blindages, and airports, whereas the medical team will be responsible for treating the wounded, epidemic prevention and humanitarian aid.  On the morning of August 8, 2019, an award ceremony was held to award the ""Peace Medal of Honor"" to 218 officers and soldiers of China's 22nd batch of peacekeeping troops to the Congo.",,Completion,Grant,GOVERNMENT AND CIVIL SOCIETY,,,China Ministry of National Defense,Government Agency,,,2018-01-01,2018-09-20,2019-09-20,KEEP_hand_source,hand-curated original Security funding.xlsx,KEEP,security recipient: 'peacekeeping'
92895,hand,Democratic Republic of the Congo,COD,Africa,,2020,Armed Forces of the Democratic Republic of the Congo (FARDC),People's Liberation Army Air Force donates anti-epidemic materials to the Armed Forces of the Democratic Republic of the Congo (FARDC) in November 2020,"On November 21, 2020, the Chinese embassy in the Democratic Republic of the Congo (DRC) held a handover ceremony for a donation of anti-epidemic materials to the Armed Forces of the DRC (FARDC). The materials were provided by the Chinese People's Liberation Army. Some of the materials included medical masks, forehead thermometers, and protective clothing. The purpose of the donation was to help the DRC further improve its prevention and control capabilities and respond to a new round of epidemic threats. The supplies were officially donated in June 2020 by the People's Liberation Army Air Force.   The handover ceremony was in Kinshasa and was attended by Chinese Ambassador to the DRC Zhu Jing, Congolese Defense Minister Ngoi, Deputy Chief of General Staff Lieutenant General Ndima, Defense Attache Colonel Ma Fei of the Chinese embassy, and Economic and Commercial Counselor Xu Yuanjie.",,Completion,Grant,HEALTH,,,People's Liberation Army Air Force,Government Agency,,,2020-06-01,2020-06-01,2020-11-21,KEEP_hand_source,hand-curated original Security funding.xlsx,KEEP,security recipient: 'Army'
94407,hand,Democratic Republic of the Congo,COD,Africa,,2020,Armed Forces of the Democratic Republic of the Congo (FARDC),Chinese People's Liberation Army donates anti-epidemic materials to the Armed Forces of the Congo in November 2020,"On November 21, 2020, the Chinese Embassy in the Democratic Republic of Congo handed over anti-epidemic materials donated by the Chinese People's Liberation Army to the Armed Forces of Congo. The donation includes medical masks, forehead thermometers, protective clothing, etc. The monetary value of the donation is unknown.",,Completion,Grant,HEALTH,,Yes,Chinese People's Liberation Army,Government Agency,,,2020-11-21,2020-11-21,2020-11-21,KEEP_hand_source,hand-curated original Security funding.xlsx,KEEP,security recipient: 'Army'
85639,hand,Djibouti,DJI,Africa,,2018,Government of Djibouti,Chinese Embassy and the People's Liberation Army Navy donate school supplies to Victory Elementary School in Djibouti,"On May 15, 2018, the Chinese Embassy in Djibouti and the People's Liberation Army Navy (PLAN) Type 636 hydrographic survey ship ""Qian Weichang"" (Chinese: 钱伟长) donated school supplies to Victory Elementary School (French: École privée victoire) in Balbala in Djibouti City. The donated supplies included school bags, laptops, books, soccer balls (footballs), and other goods. The monetary value of this donation is unknown.",,Completion,Grant,EDUCATION,,,Chinese Embassy|People's Liberation Army of China,Government Agency|Government Agency,,,2018-05-15,2018-05-15,2018-05-15,KEEP_hand_source,hand-curated original Security funding.xlsx,KEEP,security recipient: 'Army'
55330,hand,Dominica,DMA,America,,2018,Government of Dominica,China Grants 19 Vehicles Worth USD $1.6M to Dominica for Hurricane Maria Relief (Linked to ID#55319 and ID#55325),"China donated 19 military vehicles, which included a fire truck, ambulances, cargo trucks and so on, as well as materials for these vehicles and the equipment for repairing these materials at a sum of $1.6 million. The hand over ceremony was held at the Windsor Park Stadium on April 10th, 2018. This logistic material aid was expected to enhance Dominica's capacity in areas of recovery, disaster reduction and maintaining stability in a medical emergency. ",,Completion,Grant,EMERGENCY RESPONSE,,,Unspecified Chinese Government Institution,Government Agency,1743759.59660588,1982654.6613408856,2018-01-01,2018-04-10,2018-04-10,KEEP_hand_source,hand-curated original Security funding.xlsx,KEEP,no rule fired
56064,hand,Dominica,DMA,America,,2013,,China Grants Police Equipment to the  Commonwealth of Dominica Police Force,"On November 28, 2013, the Commonwealth of Dominica Police Force (CPDF) received 90 patrol motorcycles, 250 police safety sunglasses and other crime fighting accessories from the People's Republic of China. The equipment will be used to assist in Dominica's continued efforts to curb crime on the Island. It is mentioned by the official website of the Government of the Commonwealth of Dominica that the Dominica Police Force has also been taught formal communication language skills in Chinese Mandarin. ",,Completion,Grant,GOVERNMENT AND CIVIL SOCIETY,,,Unspecified Chinese Government Institution,Government Agency,,,2013-01-01,2013-11-28,2013-11-28,KEEP_hand_source,hand-curated original Security funding.xlsx,KEEP,security recipient: 'Police'
35728,hand,Ecuador,ECU,America,,2002,"Ecaudor Office of the Vicepresident|Ecuador Ministry of Agriculture and Livestock|Ecuador Ministry of Economy and Finance|Ecuador Ministry of Education|Ecuador Ministry of Foreign Affairs and Migration|Ecuador Ministry of Production, Foreign Trade, Investments and Fisheries|Ecuador Ministry of Tourism|Ecuador Ministry of Transportation and Public Works|Ecuador Rural Social Security (SSC)|Metropolitan Public Cleaning Company of Quito (Emaseo EP)|Municipal Government of Cotacachi (Ecuador)|Municipal Government of Echeandia (Ecuador)|Municipal Government of Francisco de Orellana (Ecuador)|Municipal Government of Salitre (Ecuador)|Municipal Government of Suscal (Ecuador)|Riobamba Higher Technological Institute (Ecuador)|Santísimo Sacramento School",Chinese government grants computers and agricultural equipment worth 20 million RMB to Ecuador through ETCA,"On September 30 and October 16, 2002, representatives of the governments of China and Ecuador signed and countersigned Letters of Exchange, in which the former agreed to provide the latter equipment worth 20 million RMB (about 2.5 million USD). The grant would be funded through an Economic and Technical Cooperation Agreement (ETCA) signed on May 15, 2001. The full amount provided in this ETCA was used for this project, with banking procedures handled by the Bank of China and Central Bank of Ecuador.   The grant specifically consisted of 120 agricultural tractors (Jimna brand, model JM404); 215 computers (Taiji brand, Pentium 4, including CPU monster, keyboard, mouse, and speakers); 215 printers (laser jet 1000); 23 yellow Steyr dump trucks (model 1291.260/K38/4X2NA); and one school bus (Golden Dragon brand, model XML61000A2, year 2002), to be transported to the port of Guayaquil. Additionally, per the Letters of Exchange, two technical teams from China were to arrive in Ecuador to guide the installation and readjustment of the tractors (for a period of 30 days) and dump trucks (for a period of 20 days).   The handover certificate was signed on July 13, 2003 in Quito.   The beneficiaries of the project were varied. All of the tractors went to the Ministry of Agriculture and Livestock (Ministerio de Agricultura y Ganadería). The school bus went to the Riobamba Higher Technological Institute (Instituto Superior Tecnológico Riobamba).  Of the computers and printers, 30 of each went to the Office of the Vice-presidency, 60 of each to the Ministry of Foreign Relations, 35 of each to the Ministry of Economy and Finances, 30 of each to the Ministry of Foreign Trade, Industrialization, and Fishing, 20 of each to the Rural Social Security (Seguro Social Campesino), 5 of each to the Ministry of Public Works, 5 of each to the Ministry of Education and Culture, 4 of each to the Ministry of Tourism, 5 of each to the Municipality of Cotacachi, 4 of each to the Municipality of Suscal (Cañar), 4 of each to the Municipality of Salitre (Guayas), 2 of each to the Municipality of Echeandia (Bolivar), 2 of each to the Municipality of Orellana (Orellana), 2 of each to the Prefecture of Sucumbios (Nueva Loja), 2 of each to the Municipality of El Chaco (Napo), 2 of each to the Municipality of Tena (Napo), 2 of each to the Municipality of Nabon (Azuay), and 1 of each to the Santísmo Sacramento School (Imbabura).   Of the dump trucks, 4 went to Empresa Emaseo, 1 to the Provincial Council of Carchi, 1 to the Provincial Council of Imbabura, 1 to the Provincial Council of Napo, and 1 to each of the following Municipalities: Napo, Zamora, Esmeraldas, Portovelo (El Oro), Morona Macas, Pelileo (Tungurahua), Daule, Marcelino Mariduena (Guayas), Loja, Puyango (Loja), Atahualpa (El Oro), Cañar, Tosagua (Manabi), Orellana, Guano (Chimborazo), and Milagro.",,Completion,Grant,OTHER MULTISECTOR,,,China Ministry of Commerce,Government Agency,6039505.05689398,6866917.249688456,2002-10-16,2003-07-13,2003-07-13,KEEP_hand_source,hand-curated original Security funding.xlsx,KEEP,no rule fired
59152,hand,Ecuador,ECU,America,,2018,Government of Ecuador,Chinese Hospital Ship Peace Ark provides free medical service to Ecuadorian locals in November 2018,"On November 15, 2018, the Chinese naval hospital ship Peace Ark (Arca de la Paz) arrived in Ecuador's western port of Guayaquil, where it was to stay docked for 8 days to provide free medical services to Ecuadorian locals. On November 16, 2018, a welcome reception was held for the ship's 380 medical staff and crew members, which included band performances and traditional Chinese lion dancing. The 178m long ship has a total of 300 beds, eight operating rooms, and medical staff with specialities in gastroenterology, neurology, nephrology, etc. The doctors are expected to treat around 4,000 selected cases and perform 70 surgeries during their time in Ecuador. On November 20, 2018, a reception for the work done by the doctors of the Peace Ark was held.  The Peace Ark's stop in Ecuador is part of a larger multi-national humanitarian mission titled ""Harmony 2018.""  ",,Completion,Grant,HEALTH,,,People's Liberation Army of China,Government Agency,,,2018-01-01,2018-11-15,,KEEP_hand_source,hand-curated original Security funding.xlsx,KEEP,military/police medical
59169,hand,Ecuador,ECU,America,,2016,Ecuador Armed Forces (FFAA)|Ministerio de Defensa Nacional (Ecuador),Chinese Defense Ministry grants disaster relief materials worth 30 million RMB through Free Military Assistance Agreement (linked to #36026),"On June 17, 2016, the Chinese Ministry of Defense and the Ministry of Defense of Ecuador signed a Free Military Assistance Agreement, which provided a grant of disaster relief materials worth 30 million RMB (about 4.8 million USD), to be used by Ecuador's Armed Forces to mitigate the effects of the April 16, 2016 earthquake.   On August 15, 2016, the Chinese Government delivered the aid package to the 5th Brigade of the Ecuadorian army in Guayaquil. It consisted of 300 tents, 3,000 folding beds, 3,000 mattresses, 200 fans, 300 water tanks, 300 diesel electricity generators, 3 shower containers, and 3 multifunction purifier trucks.  On the same day, August 15, 2016, a separate grant for Ecuador's Armed Forces was also delivered (see project #36026).  ",,Completion,Grant,EMERGENCY RESPONSE,,,China Ministry of Defense,Government Agency,5330892.05134231,6061224.262376207,2016-06-17,2016-08-15,2016-08-15,KEEP_hand_source,hand-curated original Security funding.xlsx,KEEP,security recipient: 'Defense'
64955,hand,Ecuador,ECU,America,,2015,Ministerio de Defensa Nacional (Ecuador),China Ministry of Defense grants disaster response equipment worth 20 million RMB to Ecuador Ministry of Defense in Free Military Assistance Agreement,"On November 18, 2015, the Ministries of Defense of China and Ecuador signed a Free Military Assistance Agreement, which provided a grant of 20 million RMB for the provision of materials to address natural disaster risks, such as the El Niño phenomenon and the eventual eruption of the Cotopaxi volcano.   On February 18, 2016, the protocol agreement was signed between the same two Ministries, specifying the materials to be granted. They include two series of model CH-902 drones, three model XZJ5160JSQX trucks with cranes, five model 400X250 equipment to fracture stone on a trailer, eighteen model GDQ120A rubber boats, two model WYH5050GYY 2000 liter fuel tanker trucks, four model CGJ5190GYS 10000 water tank trucks, one model ZZ4257N3247C tug boat, one model WYH9550TDP flat bed truck, six generators on trailers with 200 KW capacity, and six model FG6000CE diesel generators.  The entire 20 million RMB provided in the Free Military Assistance Agreement was utilized for this grant.  It is unknown when/if precisely the materials were delivered, but the protocol agreement specifies they are to arrive within five years of the agreement being signed.   ",,Implementation,Grant,DISASTER PREVENTION AND PREPAREDNESS,,,China Ministry of National Defense,Government Agency,3571078.82814481,4060316.6276006494,2015-11-18,,,KEEP_hand_source,hand-curated original Security funding.xlsx,KEEP,security recipient: 'Ministry of Defense'
69469,hand,Ecuador,ECU,America,,2015,Government of Ecuador,Chinese Embassy funds feasibility study for project strengthening ECU 911 through ETCA (linked to #35814),"On August 12 and 24, 2015, the governments of China and Ecuador signed and countersigned Letters of Exchange committing 700,000 RMB (or  107,373 USD) to be used for a feasibility study for the ""Equipment for the Strengthening of the Integrated Security Service ECU 911 in the Coastal and Rural Areas"" project (Dotación de Equipamiento para el Fortalecimiento del Servicio Integrado de Seguridad ECU 911 en el Litoral y Áreas Rurales). The Chinese government agreed to send a team of experts to Ecuador in order to carry out the study.  The project was funded through the grant provided in an Economic and Technical Cooperation Agreement (ETCA) singed on June 2, 2006 (see project #35814).  The executing agency was the Ecuador Ministry of Coordination for Internal and External Security (Ministerio de Coordinacion de Seguirdad Interna y Externa). The Chinese Embassy additionally helped with project implementation, and 100% of the funds have been disbursed. ",,Completion,Grant,GOVERNMENT AND CIVIL SOCIETY,,,China Ministry of Commerce,Government Agency,124987.758985068,142111.08196602232,2015-08-24,,,KEEP_hand_source,hand-curated original Security funding.xlsx,KEEP,no rule fired
30705,hand,Egypt,EGY,Africa,,2012,Egyptian Ministry of Interior (وزارة الداخلية المصرية),"MOFCOM provides grant for Phase 2 of Egyptian Police Vehicles Project (Linked to Project ID#30426, ID#58577 and ID#30713)","On August 29, 2012, during Egyptian President Mohammed Morsi's state visit to China, China’s Ministry of Commerce provided a grant to the Government of Egypt for Phase 2 of the Egyptian Police Vehicles Project. The monetary value of this grant commitment is unknown. This project involved the supply of 300 police vehicles to the Egyptian Ministry of Interior. More specifically, it involved the provision of 150 Brilliance Jinbei Mini Buses and 150 Brilliance H530 sedans.   The ultimate purpose of the project was to restore a set of vehicles to the Egyptian police force following the significant property damage that took place after the January 25th Revolution. China's Brilliance auto-manufacturer was the contractor responsible for implementation. It is not clear whether or when this project was implemented. China’s Ministry of Commerce also provided a grant for Phase 1 of this project (captured in project ID#30705). ",,Pipeline: Commitment,Grant,GOVERNMENT AND CIVIL SOCIETY,,,China Ministry of Commerce,Government Agency,,,2012-08-29,,,KEEP_hand_source,hand-curated original Security funding.xlsx,KEEP,security recipient: 'Police'
58577,hand,Egypt,EGY,Africa,,2011,Ministry of Interior (Egypt),MOFCOM provides EGP 80 million grant for Phase 1 of Egyptian Police Vehicles Project (Linked to Project ID#30705),"On September 28, 2011, the Chinese Ambassador to Egypt and the Egyptian Minister of Planning and International Cooperation signed an exchange of letters, which committed EGP 80 million of grant funding for Phase 1 of the Egyptian Police Vehicles Project. This project involved the supply of 400 four wheel drive vehicles from Chery Automobile Co., Ltd., 150 cars of an unspecified make and model, and 150 mini buses from Brilliance Auto to Egypt’s Ministry of Interior. The ultimate purpose of the project was to restore a set of vehicles to the Egyptian police force following the significant property damage that took place after the January 25th Revolution.  This project officially commenced on September 28, 2011. Then, a supply contract was issued on December 15, 2011.   An official equipment transfer certificate was issued on April 29, 2012. The equipment handover ceremony on the same day was attended by General Magdy El-Gohary, Head of Police Supplies at the Ministry of Interior of Egypt, and Chinese Commercial Counselor to Egypt, Ma Jianchun. Then, on August 29, 2012, China’s Ministry of Commerce extended a second grant for the provision of 300 police vehicles to the Egyptian Ministry of Interior, raising the total amount of donated vehicles to 1,000.",,Completion,Grant,GOVERNMENT AND CIVIL SOCIETY,,,China Ministry of Commerce,Government Agency,16553089.6474204,18820862.92911699,2011-01-01,2011-09-28,2012-04-29,KEEP_hand_source,hand-curated original Security funding.xlsx,KEEP,security recipient: 'Police'
72467,hand,Egypt,EGY,Africa,,2008,Government of Egypt,"Chinese Government provides grant worth EGP 55,000 provision of computers and fax machines to Egypt's Ministry of Defense Language Institute","On November 5, 2008, according to Egyptian Ministry of Defense and Military Production Resolution No. 132 of 2008, the Government Egypt accepted a grant of eight computers and two fax machines worth EGP 55,000 pounds from the Chinese Government for the Ministry of Defense Language Institute (also known as Languages ​​Armed Forces Institute or معهد لغات القوات المسلحة). The specific Chinese Government institution that donated the materials is unknown.",,Completion,Grant,EDUCATION,,,Unspecified Chinese Government Institution,Government Agency,15423.7500644348,17536.80382326237,2008-01-01,2008-11-05,2008-11-05,KEEP_hand_source,hand-curated original Security funding.xlsx,KEEP,security recipient: 'Ministry of Defense'
35924,hand,Equatorial Guinea,GNQ,Africa,,2007,Equatorial Guinea Ministry of Finance,China donates 10 motor tricycles to the Ministry of Finance in Equatorial Guinea,"On March 7, 2007, China donated 10 motor tricycles to the tax police in Ministry of Finance in Equatorial Guinea. ",,Completion,Grant,GOVERNMENT AND CIVIL SOCIETY,,,Unspecified Chinese Government Institution,Government Agency,,,2007-01-01,2007-03-07,2007-03-07,KEEP_hand_source,hand-curated original Security funding.xlsx,KEEP,no rule fired
92801,hand,Equatorial Guinea,GNQ,Africa,,2020,Ministry of National Security of Equatorial Guinea,Chinese Government donates anti-epidemic materials to the Ministry of National Security for Equatorial Guinea,"On September 22, 2020, a ceremony was held for the handover of anti-epidemic materials from the Chinese Ambassador to Equatorial Guinea, Qi Mei on behalf of the to the Minister of State for National Security of Equatorial Guinea. The exact contents and value of this donation are unknown.  ",,Completion,Grant,HEALTH,,Yes,Unspecified Chinese Government Institution,Government Agency,,,2020-09-22,,2020-09-22,KEEP_hand_source,hand-curated original Security funding.xlsx,KEEP,no rule fired
55800,hand,Eritrea,ERI,Africa,,2017,Government of Eritrea,Chinese Embassy donates different materials including computers and printers to Eritrean government and other organizations,"According to an article published by Eritrea-Ministry of Information in October 31, 2017, the Embassy of the People’s Republic of China donated different materials to different government, PFDJ and national associations in Eritrea in 2017. The material donation includes computers, printers, photocopiers, laptops, UPS, video cameras and stationeries as well as information system materials and wheelchairs for the disabled. The donation was made to the Eritrean Ministries of Information, Finance, Foreign Affairs, Agriculture, Labor and Human Welfare as well as to the PFDJ, Police, Commission of Culture and Sports, and the NUEW. The value of this donation is unknown. This project is completed.",,Completion,Grant,GOVERNMENT AND CIVIL SOCIETY,,,Chinese Embassy,Government Agency,,,2017-01-01,,,KEEP_hand_source,hand-curated original Security funding.xlsx,KEEP,no rule fired
85105,hand,Eritrea,ERI,Africa,,2001,Government of Eritrea,Chinese Government grants Mine Sweeping equipment to Eritrea (linked to #601),"On November 12, 2001, China donated mine-sweeping equipment to Eritrea. Chinese Ambassador to Eritrea Chen Zhanfu, Eritrean officials and Chinese military experts were present at the ceremony. Officials from the Chinese embassy said that Chinese military experts will conduct personnel training for Eritrea and go on a fact-finding mission to learn about landmine conditions in the country.    On this occasion it was reported that in 2001, China provided mine-detecting and clearance equipment to seven mine-affected countries (project #601).",,Completion,Grant,GOVERNMENT AND CIVIL SOCIETY,,,Unspecified Chinese Government Institution,Government Agency,,,2001-01-01,2001-11-12,2001-11-12,KEEP_hand_source,hand-curated original Security funding.xlsx,KEEP,no rule fired
91809,hand,Ethiopia,ETH,Africa,,2020,Ethiopian Federal Police Commission,Chinese Government provides ETB 87 million grant for Batch of Police Stability Maintenance Equipment Aid Project in Ethiopia,"On April 24, 2020, the Chinese Government and the Government of Ethiopia signed a grant agreement worth ETB 87,037,494 for the Batch of Police Stability Maintenance Equipment Aid Project. The grant was fully disbursed on the very same day. The purpose of the project was to help the Ethiopian Federal Police Commission provide for the security and safe operations of the Addis Ababa-Djibouti Standard Gauge Railway. On March 6, 2021, the Chinese Embassy in Ethiopia and the Ethiopian Federal Police Commission participated in a formal equipment handover ceremony.",,Completion,Grant,GOVERNMENT AND CIVIL SOCIETY,,,Chinese Embassy,Government Agency,2782103.43143306,3163251.6015393897,2020-04-24,2020-04-24,2021-03-06,KEEP_hand_source,hand-curated original Security funding.xlsx,KEEP,security recipient: 'Police'
39407,hand,Fiji,FJI,Oceania,,2011,,China trains second attachment of of Fijian police officers (Linked to Project #64694),"On November 15, 2013, the Embassy of the People s Republic of China to Fiji hosted a ceremony for 15 senior police officers who will undergo training in China for three weeks. The objective is to give the Fiji police force an opportunity to grow in terms of leadership, co-operation, exchange, network, building our capability, knowledge, and skills. This is the second attachment of officers being trained under the Memorandum of Understanding on police cooperation signed in 2011 between China's Ministry of Public Security and Fiji's Ministry of Defence, National Security and Policing (see Project #64694).",,Completion,Grant,GOVERNMENT AND CIVIL SOCIETY,,,China Ministry of Public Security,Government Agency,,,2011-04-18,2013-11-15,2013-12-06,KEEP_hand_source,hand-curated original Security funding.xlsx,KEEP,security recipient: 'police'
39420,hand,Fiji,FJI,Oceania,,2014,,"Chinese Government grants FJD 1,449,770 to assist Fiji in 2014 general elections","On June 6, 2014, China signed an agreement committing a grant of FJD 1.42 million (around USD 800,000) to Fiji for the 2014 election. The agreement was signed by Huang Yong, Chinese ambassador to Fiji and Aiyaz Sayed-Khaiyum, Fiji's acting prime minister, attorney- general, and minister responsible for elections. Chinese Ambassador Huang Yong said, ""the Chinese Government is willing to provide necessary assistance for the election.""  A total of FJD 1,449,770 was contributed to a grant fund set up for the 2014 election._x000D_ _x000D_ This grant is separate from the police assistance given by China which included equipment for the elections (see Project #64719).",,Completion,Grant,GOVERNMENT AND CIVIL SOCIETY,,,Unspecified Chinese Government Institution,Government Agency,852129.378347896,968871.1031815578,2014-06-06,2014-06-06,2014-06-06,KEEP_hand_source,hand-curated original Security funding.xlsx,KEEP,no rule fired
49130,hand,Fiji,FJI,Oceania,,2015,,China trains third attachment of Fijian police officers (Linked to Project #64694),"On April 30, 2015, two expert police officers from the People's Republic of China arrived in Fiji to share their knowledge and expertise with local officers in forensics, traffic management, and other areas on behalf of the Chinese Ministry of Public Security. This is the third attachment of officers being trained under the Memorandum of Understanding on police cooperation signed in 2011 between China's Ministry of Public Security and Fiji's Ministry of Defence, National Security and Policing (see Project #64694).",,Completion,Grant,GOVERNMENT AND CIVIL SOCIETY,,,China Ministry of Public Security,Government Agency,,,2015-01-01,2015-04-30,,KEEP_hand_source,hand-curated original Security funding.xlsx,KEEP,security recipient: 'police'
63779,hand,Fiji,FJI,Oceania,,2010,,China implements Tai Chi coaching program in Fiji in 2010,"On September 15, 2010, the Chinese Tai Chi coaching program was launched in Suva, Fiji. This Tai-Chi coaching program was conducted by China Wushu Association under the invitation of the Fiji government and will last for three months. The program ended on November 29, 2011. _x000D_ _x000D_ The program covers the coaching of Fiji public servants, the general public, as well as the local Chinese community. Interested learners from the Fiji Police Force and the Fiji Military Forces will also participate in the session during the Civil Service Weekly Programmes normally held on Wednesdays.",,Completion,Grant,OTHER SOCIAL INFRASTRUCTURE AND SERVICES,,,Unspecified Chinese Government Institution,Government Agency,,,2010-01-01,2010-09-15,2010-11-29,KEEP_hand_source,hand-curated original Security funding.xlsx,KEEP,no rule fired
63780,hand,Fiji,FJI,Oceania,,2011,,China implements 2011 Chinese Wushu Coaching Program in Fiji,"On August 10, 2011, the ""2011 Chinese Wushu Coaching Programme"" was officially launched in Fiji. The program ended on October 19, 2011_x000D_ _x000D_ The 2011 Chinese Wushu Coaching Program is a cultural exchange program promoted and materialized by the Embassy of the People's Republic of China and the Department of Youth and Sports of Fiji government. The martial arts and tai chi program will be opened to interested members of the public every Saturday at the Civic Centre and every Wednesday for the police and military personnel._x000D_ _x000D_ This program was launched after the success of the Tai Chi coaching program in 2010 (see project #63779).",,Completion,Grant,OTHER SOCIAL INFRASTRUCTURE AND SERVICES,,,Unspecified Chinese Government Institution,Government Agency,,,2011-01-01,2011-08-10,2011-10-19,KEEP_hand_source,hand-curated original Security funding.xlsx,KEEP,no rule fired
64694,hand,Fiji,FJI,Oceania,,2011,,"China and Fiji cooperate on police training in 2011 (Linked to Projects #39407, #49130, #90311, #90312, Project #90310)","On April 18, 2011, China Ministry of Public Security signed a Memorandum of Understanding (MoU) with Fiji's Ministry of Defence, National Security and Policing about police cooperation on anti-terrorism and anti-crime. According to the MoU, the two sides will provide training of police personnel and meeting of working groups, and will also have technical cooperation in police science and the technology of police equipment. The MoU has an effective period of 5 years.  This project is ongoing and trainings provided by China include: Project #39407: second attachment of officers in 2013 Project #49130: third attachment of officers in 2015 Project #90311: fourth attachment of officers in 2016 Project #90312: fifth attachment of officers in 2017 Project #90310: sixth attachment of officers in 2018  Trainings are conducted by China's the Ministry of Public Security, and by 2015 around 60 Fijian officers had participated in training exchanges. In 2017, the MoU was extended for a further five years, and another batch of Fijian officers was invited by the Ministry of Public Security to attend training in Hubei Province. Equipment worth FJD 670,000 was also donated to the police force at that time (see Project #64696).",,Implementation,Grant,GOVERNMENT AND CIVIL SOCIETY,,,China Ministry of Public Security,Government Agency,,,2011-04-18,,,KEEP_hand_source,hand-curated original Security funding.xlsx,KEEP,security recipient: 'police'
64696,hand,Fiji,FJI,Oceania,,2017,Fiji Police Force,"Chinese Ministry of Public Security donates FJD 670,000 worth of equipment to Fiji Police Force (Linked to Project ID#64694)","On August 10, 2017, China Ministry of Public Security donated a batch of police equipment to Fiji's Police Force. The donation was worth FJD 670,000.00 and included traffic command vehicles, office equipment, radio communication equipment, fiberglass, and rubber boats for rescue operation, and other materials.  During the handover ceremony, the Chinese Ambassador to Fiji also announced the extension of a Memorandum of Understanding (MOU) between the Chinese Government and the Government of Fiji on police corporation for a further five years (see Project ID#64694). Another batch of Fijian police officers was invited by China's Ministry of Public Security to attend a training in Hubei Province.",,Completion,Grant,GOVERNMENT AND CIVIL SOCIETY,,,China Ministry of Public Security,Government Agency,374605.408371996,425926.34931895946,2017-08-10,2017-08-10,2017-08-10,KEEP_hand_source,hand-curated original Security funding.xlsx,KEEP,security recipient: 'Ministry of Public Security'
64719,hand,Fiji,FJI,Oceania,,2014,Fiji Police Force,China Ministry of Public Security donates RMB 3 million worth of equipment to Fiji Police Force,"On September 10, 2014, the handover ceremony of police supplies to the Fiji Police Force by the Chinese Ministry of Public Security took place at the Fiji Police Force camp. This donation by the Chinese Government included four vehicles, anti-riot equipment, communication equipment, monitors, camp beds, and sleeping bags. The donation was worth 3 Million RMB. It is expected that the donation would help the force ensure safety and order during the 2014 elections and play a positive role in guaranteeing the long-term security and stability of Fijian society.    This donation is part of the bilateral assistance agreed to under the 2011 Memorandum of Understanding on police cooperation signed between China's Ministry of Public Security and Fiji's Ministry of Defense, National Security, and Policing (see Project #64694).",,Completion,Grant,GOVERNMENT AND CIVIL SOCIETY,,,China Ministry of Public Security,Government Agency,539037.820974042,612886.0024474858,2014-09-10,2014-09-10,2014-09-10,KEEP_hand_source,hand-curated original Security funding.xlsx,KEEP,security recipient: 'Ministry of Public Security'
64729,hand,Fiji,FJI,Oceania,,2015,,China Ministry of Public Security grants RMB 2 million worth of equipment to Fiji Police,"On September 10, 2015, the Chinese Government exchanged letters with Fiji about the aid of police equipment in 2015. According to the agreement, the Chinese government will provide a grant of RMB 2 million to the Fiji Police Force. The agreement was reached between Acting Minister for Immigration, National Security, and Defence Jioji Konrote and China’s Vice-Minister for Public Security Deng Weipeng. The grant would include motorcycles and a digital monitoring system to assist in police operations and investigations. _x000D_ _x000D_ On December 9, 2015, a handover ceremony was held for the China Ministry of Public Security donation of police equipment to Fiji's Police Force. The donation included 10 motorbikes and a digital monitoring system. The bikes are worth RMB 2 million (FJD 666,000). 2 of the motorbikes went to the Western Division, five to Suva, Nausori, and Sigatoka patrols, and 3 will be used for VIPs and other 'special assignments.'_x000D_ _x000D_ This donation is part of the bilateral assistance agreed to under the 2011 Memorandum of Understanding on police cooperation signed between China's Ministry of Public Security and Fiji's Ministry of Defense, National Security, and Policing (see Project #64694).",,Completion,Grant,GOVERNMENT AND CIVIL SOCIETY,,,China Ministry of Public Security,Government Agency,1074945.62451123,1222213.1750692686,2015-09-10,2015-12-09,2015-12-09,KEEP_hand_source,hand-curated original Security funding.xlsx,KEEP,security recipient: 'Ministry of Public Security'
64774,hand,Fiji,FJI,Oceania,,2018,Government of the Republic of Fiji ,Chinese Government grants FJD 17 million for Port Security Inspection Scanner Project,"On June 12, 2019, the China-aided Port Security Inspection Scanner Project was commissioned at the Port of Suva (the project is also known as Non-Intrusive Inspection Equipment or Seaport and Airport Security Inspection System Project or 援助斐济口岸安全扫描设备 ). The equipment was worth FJD 17 million. The project is meant to enhance Fijian border security capabilities.   According to the release from the Ministry of Commerce, Nuctech Co., Ltd is the provider of the equipment. On August 29, 2018, a Chinese government team visited Nuctech (also known as ""Tongfang Weishi Technology Co., Ltd."") to carry out delivery inspection and investigation of the security inspection and scanning equipment. The project materials were scheduled to be shipped from Tianjin in early September 2018 and arrive in Fiji in mid-October 2018. ",,Completion,Grant,TRADE POLICIES AND REGULATIONS,,,Unspecified Chinese Government Institution,Government Agency,8904503.60138206,10124420.594771402,2018-01-01,,2019-06-12,KEEP_hand_source,hand-curated original Security funding.xlsx,KEEP,no rule fired
64902,hand,Fiji,FJI,Oceania,,2011,,Chinese Government donates FJD 4.1 millon worth of construction and civil engineering equipment to the Royal Fijian Military Forces,"On January 4, 2011, the Chinese Government donated 24 pieces of machinery worth FJD 4.1 million to the Royal Fijian Military Forces (RFMF) Engineers Regiment for development activities. The donation included 4 excavators; 5 dump trucks; 3 bulldozers, 2 vibratory rollers; 1 pneumatic roller; 2 motor graders; 2 wheel loaders; 2 loader diggers; 1 water truck; 1 pickup; 1 truck with a crane. The machinery will be used for rural development work. A team of technicians from China provided training. XCMG Construction Machinery Co., Ltd is the implementing agency. ",,Completion,Grant,OTHER MULTISECTOR,,,Unspecified Chinese Government Institution,Government Agency,2813540.00177624,3198994.9820195846,2011-01-04,2011-01-04,2011-01-04,KEEP_hand_source,hand-curated original Security funding.xlsx,KEEP,security recipient: 'Military'
65187,hand,Fiji,FJI,Oceania,,2018,Government of the Republic of Fiji ,Chinese hospital ship Peace Ark provides free medical service to Fijians as part of Harmony Mission 2018,"On August 2, 2018, the Chinese naval hospital ship, Peace Ark (和平方舟), visited Suva, the capital of Fiji,  on an eight-day visit as part of its Harmony Mission 2018. Several medical teams were also sent to the local health centers for joint consultation and treatment and a staffed medical helicopter staff flew to a local island to provide service. During the visit, the ship has diagnosed and treated a total of 6577 people, performed 3074 various auxiliary examinations, admitted 26 people to hospital, and completed 32 operations. The ship left Fiji in August 9, 2018.   Fiji was the third stop on this mission and the Peace Ark has visited Fiji once before in 2014, as recorded in project #39414. ",,Completion,Grant,HEALTH,,,Unspecified Chinese Government Institution,Government Agency,,,2018-01-01,2018-08-02,2018-08-09,KEEP_hand_source,hand-curated original Security funding.xlsx,KEEP,military/police medical
89269,hand,Fiji,FJI,Oceania,,2019,Fiji Police Force,Chinese Government funds two-week training targeting drug intervention for 33 Fijian police officers ,"In July 2019, the Chinese Government funded a two week training for 33 police officers from Fiji with the goal of improving investigations into drug cases. The training was facilitated by eight police officers from China's Shandong Province Narcotics Team. Fiji's Deputy Police Commissioner Rusiate Tudravu attended the opening of the two-week training session on July 15, 2019.",,Completion,Grant,OTHER SOCIAL INFRASTRUCTURE AND SERVICES,,,Unspecified Chinese Government Institution,Government Agency,,,2019-01-01,2019-07-15,,KEEP_hand_source,hand-curated original Security funding.xlsx,KEEP,security recipient: 'police'
90310,hand,Fiji,FJI,Oceania,,2018,"Fiji Ministry of Defense, National Security and Policing ","China Provides Sixth Batch of Police Attaches 2018 (linked to project ID#64964, 49130, 90311, 90312)","On July 3, 2018, the Chinese ambassador to Fiji met with the sixth police delegation from China to Fiji. The officers were to assist with the training and development of the Fiji police force.  Project #64964: first attachment of officers in 2011 Project #49130: third attachment of officers in 2015 Project #90311: fourth attachment of officers in 2016 Project #90312: fifth attachment of officers in 2017 Project #90310: sixth attachment of officers in 2018  On April 18, 2011, China Ministry of Public Security signed a Memorandum of Understanding (MoU) with Fiji's Ministry of Defence, National Security and Policing about police cooperation on anti-terrorism and anti-crime. According to the MoU, the two sides will provide training of police personnel and meeting of working groups, and will also have technical cooperation in police science and the technology of police equipment. The MoU has an effective period of 5 years. Trainings are conducted by China's the Ministry of Public Security, and by 2015 around 60 Fijian officers had participated in training exchanges. In 2017, the MoU was extended for a further five years.  ",,Completion,Grant,GOVERNMENT AND CIVIL SOCIETY,,,China Ministry of Public Security,Government Agency,,,2018-01-01,2018-07-01,2019-01-01,KEEP_hand_source,hand-curated original Security funding.xlsx,KEEP,security recipient: 'Police'
90311,hand,Fiji,FJI,Oceania,,2016,"Fiji Ministry of Defense, National Security and Policing ","China Provides Fourth Batch of Police Attaches 2016 (linked to project ID#64964, 49130, 90312, 90310)","On December 13, 2016, the two Chinese police attaches left Fiji after a six-month tour of duty. The two officers specialized in operational command centre concepts and traffic. They provided assistance and training to police officers in Fiji. This was the fourth batch of police officers from China to visit Fiji.  Project #64964: first attachment of officers in 2011 Project #49130: third attachment of officers in 2015 Project #90311: fourth attachment of officers in 2016 Project #90312: fifth attachment of officers in 2017 Project #90310: sixth attachment of officers in 2018  On April 18, 2011, China Ministry of Public Security signed a Memorandum of Understanding (MoU) with Fiji's Ministry of Defence, National Security and Policing about police cooperation on anti-terrorism and anti-crime. According to the MoU, the two sides will provide training of police personnel and meeting of working groups, and will also have technical cooperation in police science and the technology of police equipment. The MoU has an effective period of 5 years. Trainings are conducted by China's the Ministry of Public Security, and by 2015 around 60 Fijian officers had participated in training exchanges. In 2017, the MoU was extended for a further five years. ",,Completion,Grant,GOVERNMENT AND CIVIL SOCIETY,,,China Ministry of Public Security,Government Agency,,,2016-01-01,2016-06-13,2016-12-13,KEEP_hand_source,hand-curated original Security funding.xlsx,KEEP,security recipient: 'Police'
90312,hand,Fiji,FJI,Oceania,,2017,"Fiji Ministry of Defense, National Security and Policing ","China Provides Fifth Batch of Police Attaches 2017 (linked to project ID#64964, 49130, 90311,90310 )","In 2017, two police officers from China visited Fiji on a sixth month tour to provide assistance and training to the Fiji police. Both of the officers were specialized in criminal investigations and international co-operation. This is the fifth batch of police attaches from China to visit Fiji.   Project #64964: first attachment of officers in 2011 Project #49130: third attachment of officers in 2015 Project #90311: fourth attachment of officers in 2016 Project #90312: fifth attachment of officers in 2017 Project #90310: sixth attachment of officers in 2018  On April 18, 2011, China Ministry of Public Security signed a Memorandum of Understanding (MoU) with Fiji's Ministry of Defence, National Security and Policing about police cooperation on anti-terrorism and anti-crime. According to the MoU, the two sides will provide training of police personnel and meeting of working groups, and will also have technical cooperation in police science and the technology of police equipment. The MoU has an effective period of 5 years. Trainings are conducted by China's the Ministry of Public Security, and by 2015 around 60 Fijian officers had participated in training exchanges. In 2017, the MoU was extended for a further five years.",,Completion,Grant,GOVERNMENT AND CIVIL SOCIETY,,,China Ministry of Public Security,Government Agency,,,2017-01-01,2017-07-01,2018-01-01,KEEP_hand_source,hand-curated original Security funding.xlsx,KEEP,security recipient: 'Police'
90313,hand,Fiji,FJI,Oceania,,2014,"Fiji Ministry of Defense, National Security and Policing ","China trains third attachment of Fijian police officers 2014 (Linked to Project #64694, 39407, 64696)","In June 2014, two Fijian police officers went to Guangzhou, China, for a three-month training program. This was the third group of Fijian police officers to travel to China for training. Project #39407 captures the second attachment of officers in 2013.  On April 18, 2011, China Ministry of Public Security signed a Memorandum of Understanding (MoU) with Fiji's Ministry of Defence, National Security and Policing about police cooperation on anti-terrorism and anti-crime. According to the MoU, the two sides will provide training of police personnel and meeting of working groups, and will also have technical cooperation in police science and the technology of police equipment. The MoU has an effective period of 5 years. Trainings are conducted by China's the Ministry of Public Security, and by 2015 around 60 Fijian officers had participated in training exchanges. In 2017, the MoU was extended for a further five years.",,Completion,Grant,GOVERNMENT AND CIVIL SOCIETY,,,China Ministry of Public Security,Government Agency,,,2014-01-01,2014-06-24,2014-09-24,KEEP_hand_source,hand-curated original Security funding.xlsx,KEEP,security recipient: 'police'
96580,hand,Fiji,FJI,Oceania,,2021,Fiji Police Force,Chinese Ministry of Public Security provides police supplies to Fiji Police in April 2021,"On April 15, 2021, the Chinese Ministry of Public Security donated a batch of police supplies to the Fiji Police. The donation included police vehicles, inspire drones, vehicle conference systems, and servers that connect CCTV cameras to the police monitoring network. This donation was made to support Fiji’s law enforcement capabilities. The monetary value of this donation is USD $730,357.32.   A handover ceremony was held for this donation. China’s Ambassador to Fiji, Qian Bo, Fiji’s Minister of Defense, National Security and Police, Serui Ratu, and the Acting Superintendent of the Fiji Police attended the ceremony. About 80 other officials from Fiji’s Ministry of Defense, Police Headquarters, Ministry of Foreign Affairs, and diplomats from the Chinese Embassy also attended the event. Following the handover ceremony, Ambassador Qian signed the material handover certificate with Minister Serui Ratu.",,Completion,Grant,GOVERNMENT AND CIVIL SOCIETY,,,China Ministry of Public Security,Government Agency,730357.32,830416.27284,2021-04-15,2021-04-15,2021-04-15,KEEP_hand_source,hand-curated original Security funding.xlsx,KEEP,security recipient: 'Ministry of Public Security'
96583,hand,Fiji,FJI,Oceania,,2021,The Republic of Fiji Military Forces (RFMF),Chinese Defense Attaché provides soccer supplies to Fiji Army football team in November 2021,"On November 23, 2021, the Chinese Defense Attaché, Senior Colonel Yu Ke, donated soccer supplies to the Fiji Army football team. The supplies included soccer balls, carry bags, water bottles, training cones, whistles, and goalkeeper gloves. This donation was made to support the football team as they returned to regularly scheduled games after a three year hiatus. The monetary value of this donation is unknown.  A handover ceremony was held for this donation. At the ceremony, Fiji Army Football President, Lieutenant Alfaaz Mohammed, thanked Chinese Defense Attaché Yu Ke for the donation.",,Completion,Grant,OTHER SOCIAL INFRASTRUCTURE AND SERVICES,,,China Ministry of National Defense,Government Agency,,,2021-11-23,2021-11-23,2021-11-23,KEEP_hand_source,hand-curated original Security funding.xlsx,KEEP,security recipient: 'Defense'
96586,hand,Fiji,FJI,Oceania,,2021,Fiji Police Force,"Chinese Government provides fingerprint image-only matching lab worth USD $147,574.37 to Fiji police force","In January of 2021, the Chinese Government donated a fingerprint image-only matching lab to the Fiji police. This donation is worth USD $147,574.37. The specific use of this donation is unspecified and requires more investigation. ",,Completion,Grant,GOVERNMENT AND CIVIL SOCIETY,,,Unspecified Chinese Government Institution,Government Agency,147574.37,167792.05869,2021-01-01,2021-01-01,2021-01-01,KEEP_hand_source,hand-curated original Security funding.xlsx,KEEP,security recipient: 'police'
532,hand,Gabon,GAB,Africa,,2007,Government of Gabon,Medical aid during Peace Angel 2009 (linked to ID#286 and ID#23566),"During Peace Angel 2009, held June 21-28, 2009 in Makokou, Ogooue-Ivindo Province, the Chinese Academy of Military Medical Sciences, the Bai Qiuen [Norman Bethune] International Peace Hospital, and the Gabonese Military, jointly diagnosed and treated over 18,000 people within the space of five days, performing more than 300 operations. The initiative was part of the Peace Angel 2009 military training and was implemented by over 60 medical and epidemic prevention staff.   Peace Angel 2009 also included professional training and a rescue exercise (captured in project ID#286), as well as the donation of equipment to the Gabonese military (captured in project ID#23566).",,Completion,Grant,HEALTH,,,Unspecified Chinese Government Institution,Government Agency,,,2007-01-01,2009-06-17,2009-06-30,KEEP_hand_source,hand-curated original Security funding.xlsx,KEEP,no rule fired
56814,hand,Gambia,GMB,Africa,,2018,Gambia Ministry of Internal Affairs and Government,Chinese Embassy donates 20 police motorcycles to Ministry of the Interior for police forces in Gambia,"On January 24th, 2018, Zhang Jiming, the Chinese ambassador to the Gambia, attended a handover ceremony where several police motorcycles were donated to the Gambian Ministry of Internal Affairs and Government. The Permanent Secretary of the Ministry of the Interior, Diba, and Police Chief, Jin Te, attended the handover ceremony at the Kairaba Police Station in Fajara. These 2 motorcycles went to the Gambian police department. It will help improve the efficiency of Gambia’s traffic police on duty, increase police-civil contacts, and improve Gambia's traffic management and public order.",,Completion,Grant,GOVERNMENT AND CIVIL SOCIETY,,,Chinese Embassy,Government Agency,,,2018-01-01,2018-01-24,2018-01-24,KEEP_hand_source,hand-curated original Security funding.xlsx,KEEP,security recipient: 'police'
67088,hand,Georgia,GEO,Asia,,2019,Revenue Service of the Ministry of Finance (Georgia),Chinese Government provides a RMB 100 million grant—via 2019 ETCA—for the purchase of customs inspection systems in Georgia,"According to the Ministry of Foreign Affairs of Georgia, on February 13, 2019, the Chinese Government and the Government of Georgia signed an Economic and Technical Cooperation Agreement (ETCA), in which the Chinese Government committed RMB 100 million in grant funding. The Revenue Service of the Georgian Ministry of Finance will finance inspection systems for customs checkpoints using these grant funds. The primary purpose of the project was to implement an efficient security system within Georgian border customs and to avoid potential threats. ",,Pipeline: Commitment,Grant,TRADE POLICIES AND REGULATIONS,,,China Ministry of Commerce,Government Agency,16362001.540516,18603595.751566693,2019-02-13,2019-02-13,,KEEP_hand_source,hand-curated original Security funding.xlsx,KEEP,security recipient: 'customs'
30118,hand,Ghana,GHA,Africa,,2011,Government of Ghana,Chinese Government provides RMB 88.26 million interest-free loan for Ministry of Foreign Affairs and Regional Integration Office Complex Construction Project,"In March 2011, the Chinese Government provided an RMB 88,260,000 interest-free loan for the Ministry of Foreign Affairs and Regional Integration Office Complex Construction Project.   The project involved the construction of an office complex in Accra with two, six-story buildings, 141 offices, a 300-person capacity conference room, mini-conference room, a library, a canteen, security rooms, a diesel generator room, an outdoor fire pool and switch room, drainage systems, a fire alarm system, a public address system, a door access system, a satellite TV system, video and audio systems for conference rooms, and a DY660C(600KV) diesel generator.   China Friendship Development International Engineering Design & Consultation Limited Liability Company (FDDC) was responsible for project design, and Yanjian Group was the contractor responsible for implementation. Construction began on August 30, 2011 and a formal groundbreaking ceremony took place on September 2, 2011. Construction ended in February 2013 and the project was officially completed and handed over to the Ghanaian authorities on March 18, 2013. This project was funded and implemented after Ministry of Foreign Affairs and Regional Integration’s previous office building was destroyed by a fire in 2009.",,Completion,Loan,GOVERNMENT AND CIVIL SOCIETY,Yes,,China Ministry of Commerce,Government Agency,16791436.4027396,19091863.189914923,2011-03-01,2011-08-30,2013-03-19,KEEP_hand_source,hand-curated original Security funding.xlsx,KEEP,no rule fired
34571,hand,Ghana,GHA,Africa,,2002,Government of Ghana,Chinese Government provides $1.3 million grant for Burma Hall Complex Construction Project,"In 2002, Chinese Government provided a $1.3 million grant for the Burma Hall Complex Construction Project. This project involved the construction of a two storey building with an auditorium (that has a seating capacity of 2000 people), modern offices, and a VVIP reception for receiving important guests. Upon completion, it was envisaged that Burma Hall would be used as a venue for Ghana Armed Forces (GAF) to receive foreign dignitaries, organize theatrical performances and musical concerts, host other social functions, and conduct promotion and entry examinations. China State Hualong Construction Limited was the contractor responsible for implementation. It received with technical assistance from the Ghana Armed Forces’ 49 Engineers Regiment. An official foundation stone laying ceremony took place on July 23, 2002, and construction began in 2003.  President Kufuor officially inaugurated the new-constructed building on April 28 2006. Burma Hall was originally built in 1945 from wood and bricks started. It fell into a state of disrepair and was torn down in 1998. At the time, it had a seating capacity of about 800 to 1000 people and it was used as a “nerve center” for GAF's official and social activities.",,Completion,Grant,OTHER SOCIAL INFRASTRUCTURE AND SERVICES,Yes,,Unspecified Chinese Government Institution,Government Agency,3249291.37260474,3694444.290651589,2002-01-01,2002-07-23,2006-04-28,KEEP_hand_source,hand-curated original Security funding.xlsx,KEEP,no rule fired
58484,hand,Ghana,GHA,Africa,,2014,Government of Ghana,Chinese Government organizes counter-IED training for Ghanaian security officials,"From May 12 to June 10, 2014, the Chinese government sponsored a Counter-IED training course for Ghanaian security staff. The training courses were held in China, and attended by 20 security staff members from airports across Ghana, including Kotoka International Airport. Before they left, they were visited by Gao Wenzhi, Chinese Ambassador to Ghana, and Charles Asare, manager of the airport. ",,Completion,Grant,GOVERNMENT AND CIVIL SOCIETY,,,Unspecified Chinese Government Institution,Government Agency,,,2014-01-01,2014-05-12,2014-06-10,KEEP_hand_source,hand-curated original Security funding.xlsx,KEEP,no rule fired
60128,hand,Ghana,GHA,Africa,,2017,Government of Ghana,Chinese Government donates security equipment to Ghana,"On January 4, 2017, the Chinese government donated security equipment, including 3 sets of x-ray baggage scanners, 3 sets of walk-through metal detectors, 100 sets of handheld metal detectors and 1 human body security detector to Ghana. They were installed with the help of technicians from China Nuctech Company Limited.   The donation was first announced in the previous year during a visit by Yu Zhengsheng, Chairman of the National Committee of Chinese Political Consultative Conference (CPPCC), and the handover ceremony was overseen by Sun Baohong, Chinese Ambassador to Ghana. ",,Completion,Grant,TRADE POLICIES AND REGULATIONS,,,Unspecified Chinese Government Institution,Government Agency,,,2017-01-01,2017-01-04,2017-01-04,KEEP_hand_source,hand-curated original Security funding.xlsx,KEEP,no rule fired
60138,hand,Ghana,GHA,Africa,,2017,Government of Ghana,Chinese Government provides RMB 100 million grant to Ghana Police,"On July 13, 2017, the Chinese Government fulfilled an earlier pledged to donate RMB 150 million of military assistance to the Armed Forces of Ghana and the Ghana Police Service. A third of the grant proceeds (RMB 50 million) was earmarked to support the Armed Forces of Ghana with financial aid and logistics in order to facilitate its peacekeeping activities (captured in project ID#88156). The remaining RMB 100 million was earmarked for use by the Ghana Police Service (captured in this project, ID#60138). The donation was formally signed over during Ghana's Vice-President Mahamudu Bawumia's visit to China on July 13, 2017.   Some of the funding through this grant was reportedly used to train and educate Ghanaian service members in China. Six armed forces personnel were to be sent to China to receive training on how to use a recently donated set of boats. 28 men and women from the Ghanaian Navy, Army, and Air Force also received full scholarships to study security and defense in China",,Completion,Grant,GOVERNMENT AND CIVIL SOCIETY,,,Unspecified Chinese Government Institution,Government Agency,17052864.1025332,19389106.48458025,2017-01-01,2017-07-13,2017-07-13,KEEP_hand_source,hand-curated original Security funding.xlsx,KEEP,security recipient: 'Police'
66989,hand,Ghana,GHA,Africa,,2018,Ghana Ministry of the Interior,Chinese Government donates 100 police vehicles worth $4.33 million to Ghana's Ministry of Interior,"According to Ghana's Development Co-operation Management Information System (Gh-DCMIS), the Chinese Government and Ghana’s Ministry of Interior signed a $4,334,356.04 grant agreement on September 3, 2018. The grant proceeds were earmarked for the provision of 100 police vehicles to Ghana's Ministry of Interior to assist with capacity building in law enforcement, which is captured by this project entry.     The vehicles were officially delivered to the Ghanaian authorities on December 23, 2019. The delivery ceremony was attended by Chinese Ambassador to Ghana, Wang Shi Ting, Ghanaian President Nana Addo Dankwa Akufo-Addo, Ghanaian Interior Minister Ambrose Dery, Ghana's Inspector General of Police James Oppong-Boanuh, among other officials and media representatives. The Gh-DCMIS identifies September 3, 2018 and December 31, 2020 as the originally expected project commencement and completion dates, respectively. ",,Completion,Grant,GOVERNMENT AND CIVIL SOCIETY,,,Unspecified Chinese Government Institution,Government Agency,4723796.83741041,5370957.004135636,2018-09-03,2019-12-23,2019-12-23,KEEP_hand_source,hand-curated original Security funding.xlsx,KEEP,security recipient: 'police'
91513,hand,Grenada,GRD,America,,2020,Carriacou Police Station,China donates anti-epidemic supplies to Carriacou Police Station in December 2020,"On December 10, 2020, the Chinese Embassy in Grenada donated masks and other anti-epidemic supplies to Carriacou Police Station. The purpose of this donation is to maintain a good cooperation in the fields of police, justice, anti-corruption between China and Grenada.",,Completion,Grant,HEALTH,,Yes,Unspecified Chinese Government Institution,Government Agency,,,2020-12-10,2020-12-10,2020-12-10,KEEP_hand_source,hand-curated original Security funding.xlsx,KEEP,security recipient: 'Police'
52150,hand,Guinea,GIN,Africa,,2015,Government of Guinea,Chinese Government donates fans and air conditioners to Guinea Ministry of Security and Emergency Preparedness,"On January 1, 2015, the Ambassador of China in Guinea, Bian Jianqiang, presented a donation of equipment and facilities to the Guinean Ministry of Security and Emergency Preparedness. This donation was worth 120 million Guinean francs (16,000 USD) and included 25 air conditioners and 25 fans.  ",,Completion,Grant,GOVERNMENT AND CIVIL SOCIETY,,,Unspecified Chinese Government Institution,Government Agency,17956.4091132632,20416.437161780257,2015-01-01,2015-01-01,2015-01-01,KEEP_hand_source,hand-curated original Security funding.xlsx,KEEP,no rule fired
64605,hand,Guinea,GIN,Africa,,2017,Guinea Ministry of Security and Civil Protection,Chinese Government donates 30 motorcycles to the Guinea Ministry of Security and Civil Protection,"On July 14, 2017, the Chinese Ambassador officially handed over a batch of 30 motorcycles to the Guinea Ministry of Security and Civil Protection. This donation was used to strengthen the Road Safety Bureau of the Ministry. The value of this donation is unknown. ",,Completion,Grant,GOVERNMENT AND CIVIL SOCIETY,,,Unspecified Chinese Government Institution,Government Agency,,,2017-01-01,2017-06-14,2017-07-14,KEEP_hand_source,hand-curated original Security funding.xlsx,KEEP,no rule fired
64625,hand,Guinea,GIN,Africa,,2016,Government of Guinea,Chinese Government donates security equipment to Guinea's Ministry of Security and Civil Protection,"On August 19, 2016, the Chinese Ambassador to Guinea, Bian Jianqiang attended a ceremony for the donation of security equipment to Guinea's Ministry of Security and Civil Protection. This assistance was aimed to help the ministry build its capacity, improve its working conditions, and to strengthen Guinea's police force. The project was completed with the handover ceremony on August 19, 2016. ",,Completion,Grant,GOVERNMENT AND CIVIL SOCIETY,,,Unspecified Chinese Government Institution,Government Agency,,,2016-08-19,2016-08-19,2016-08-19,KEEP_hand_source,hand-curated original Security funding.xlsx,KEEP,no rule fired
64652,hand,Guinea,GIN,Africa,,2014,Guinea Ministry of Security and Civil Protection,Chinese Government donates fans and air conditioners to the Guinea Ministry of Security and Civil Protection,"On December 31, 2014, the Chinese Ambassador to Guinea, Bian Jianqiang officially handed over a batch of equipment to the police school affiliated to the Ministry of Security and Civil Protection of Guinea. This donation included air conditioners and fans which would be used to improve working conditions. The value of these goods is unknown. ",,Completion,Grant,GOVERNMENT AND CIVIL SOCIETY,,,Unspecified Chinese Government Institution,Government Agency,,,2014-01-01,2014-12-31,2014-12-31,KEEP_hand_source,hand-curated original Security funding.xlsx,KEEP,no rule fired
86003,hand,Guinea,GIN,Africa,,2019,Guinea Ministry of Security and Civil Protection,Chinese Embassy donates motorcycles to the Guinea National Police Headquarters,"On November 29, 2019, the Chinese Ambassador to Guinea and the Minister of Security and Civil Protection of Guinea held the handover ceremony of motorcycles donated by the Chinese Embassy. The donation is thought to improve the maintenance of local public order. The value of the donation is not known. The Director of the National Police and more than 400 officers attended the ceremony. ",,Completion,Grant,GOVERNMENT AND CIVIL SOCIETY,,,Chinese Embassy,Government Agency,,,2019-01-01,2019-11-29,2019-11-29,KEEP_hand_source,hand-curated original Security funding.xlsx,KEEP,security recipient: 'Police'
745,hand,Guinea-Bissau,GNB,Africa,,2008,Government of Guinea-Bissau,Chinese Government provides $14.5 million grant for Military Hospital Construction Project,"In August 2007, President Vieira of Guinea-Bissau obtained agreement from the Chinese Government to build a military hospital in the city of Bissau. Then, on January 16, 2008, the Chinese Government and the Government of Guinea-Bissau signed an exchange of notes regarding the Military Hospital Construction Project. _x000D_ _x000D_ According to email correspondence between AidData’s Executive Director and the Director General of the Office of the Secretary of State for Planning and Regional Integration in Guinea-Bissau, the Chinese Government provided a grant worth $14.5 million to the Government of Guinea-Bissau to support the Military Hospital Construction Project. China’s Ministry of Commerce was the funding source. _x000D_ _x000D_ This project involved the construction of a 200-bed military hospital (known as the Hospital de Amizade Sino-Guineense) — with a total construction area of ​​over 8,200 square meters — in the Brá neighborhood within the city of Bissau. China IPPR was the contractor responsible for project design, and Zhengtai Group was the contractor responsible for project implementation.  _x000D_ _x000D_ On April 29, 2009, a groundbreaking ceremony took place. The ceremony was attended by the Prime Minister of Guinea-Bissau, Carlos Gomes Junior, and the Chinese Ambassador to Guinea-Bissau, Yan Bangua. The project was inspected and accepted by China’s Ministry of Commerce on July 28, 2010 and August 6, 2010, respectively. Then, on August 20, 2010, the project was officially completed and handed over to the Government of Guinea-Bissau.",,Completion,Grant,HEALTH,Yes,,China Ministry of Commerce,Government Agency,22106495.8682612,25135085.802212983,2008-01-01,2009-04-29,2010-08-20,KEEP_hand_source,hand-curated original Security funding.xlsx,KEEP,security recipient: 'Military'
57876,hand,Guinea-Bissau,GNB,Africa,,2004,Government of Guinea-Bissau,Chinese Government provides $5.35 million grant for Presidential Guard Dormitory Rehabilitation Project (Linked to Project ID#57383),"On May 26, 2004, the Chinese Ambassador to Guinea-Bissau Tian Guangfeng and Guinea-Bissau’s Minister of Foreign Affairs signed letters of exchange regarding the Presidential Guard Dormitory Rehabilitation Project. The estimated monetary value of the grant commitment from China’s Ministry of Commerce (MOFCOM) is $1.5 million.   The purpose of the project was to rehabilitate a housing complex for the Presidential Guard in Guinea-Bissau.   Hainan Provincial Construction Engineering Group was the contractor responsible for implementation  MOFCOM issued a construction contract to Hainan Provincial Construction Engineering Group on February 26, 2006. Construction contracts were also signed in Bissau on April 7, 2006 and May 10, 2006. Then, on July 4, 2007, the project was inspected by Guinea-Bissau’s Defense Minister and the Chinese Ambassador to Guinea-Bissau, Yan Banghua. The project was officially completed and handed over to the Government of Guinea-Bissau on June 4, 2008.",,Completion,Grant,GOVERNMENT AND CIVIL SOCIETY,Yes,,China Ministry of Commerce,Government Agency,12185438.8520935,13854843.974830309,2004-05-26,2006-04-07,2008-06-04,KEEP_hand_source,hand-curated original Security funding.xlsx,KEEP,no rule fired
86900,hand,Guinea-Bissau,GNB,Africa,,2019,Government of Guinea-Bissau,"China donates USD $670,000 worth of military aid and farm machinery to Guinea-Bissau","On February 21, 2019, China handed over a batch of military aid and farm/construction machinery to the General Staff of Guinea-Bissau. The donation included 6 agricultural pieces of machinery and 5 construction machinery with an estimated value of $670,000 or 385 million CFA francs. The equipment is intended to help Guinea-Bissau's military to carry out agricultural production and engineering construction, and take solid steps towards the goal of building a more powerful army. ",,Completion,Grant,OTHER MULTISECTOR,,,Unspecified Chinese Government Institution,Government Agency,752788.290215633,855920.2859751747,2019-02-21,2019-02-21,2019-02-21,KEEP_hand_source,hand-curated original Security funding.xlsx,KEEP,security recipient: 'military'
56140,hand,Guyana,GUY,America,,2017,Guyana Police Force,"Chinese Government donates vehicles, riot gear, and other equipment worth $500 million GYD to the Guyana Police Force","In 2017, the Chinese Government donated vehicles, riot gear, and other equipment worth $500 million GYD ($2.6 million USD) to the Guyana Police Force. According to the Department of Public Information, the donation includes 56 pickups, 35 All-Terrain-Vehicles (ATVs), three 21-seater buses, 44 motorcycles (20 600cc motorcycles and 24 200cc motorcycles), 100 bulletproof vests, helmets and riot shields, 10 tactical ladders, 200 police flak jackets, 20 bulletproof shields, 20 anti-riot suits, 30 laptops, 40 desktop computers, 10 copy machines, 30 sound level meters, 5 diesel generators, several spare parts and battery backups. It should be noted that one of the donated vehicles was crashed the day after the handover. ",,Completion,Grant,GOVERNMENT AND CIVIL SOCIETY,,,Unspecified Chinese Government Institution,Government Agency,2790165.02910647,3172417.6380940564,2017-11-06,2017-11-06,2017-11-06,KEEP_hand_source,hand-curated original Security funding.xlsx,KEEP,security recipient: 'riot gear'
97202,hand,Guyana,GUY,America,,2021,Guyana Civil Defense Commission,China National Offshore Oil Corporation provides GYD $10 million grant to Guyana's Civil Defense Commission for flood relief efforts,"On June 9, 2021, China National Offshore Oil Corporation donated GYD $10 million to the Civil Defense Commission in Guyana. The purpose of this donation was to aid flood relief efforts throughout the country.  ",,Completion,Grant,RECONSTRUCTION RELIEF AND REHABILITATION,,,China National Offshore Oil Corporation (CNOOC),State-owned Company,47961.6306954436,54532.374100719375,2021-01-01,2021-06-02,2021-06-02,KEEP_hand_source,hand-curated original Security funding.xlsx,KEEP,security recipient: 'Defense'
98456,hand,Guyana,GUY,America,,2006,Guyana Police Force,Chinese Government donates 100 walkie-talkies to the Guyana Police Force,"On July 31, 2006, the Chinese Government donated 100 walkie-talkies produced by Shenzhen Haoyitong Technology Co., Ltd. to the Guyana Police Force (GPF). The specific walkie-talkie model was the TC-700 Professional Walkie-Talkie (also known as the Hytera TC-700 Professional Two-way Radio). The donation came after a request from the Guyanese side and was expected to help maintain order during the August 2006 Guyanese general election.",,Completion,Grant,GOVERNMENT AND CIVIL SOCIETY,,,Unspecified Chinese Government Institution,Government Agency,,,2006-07-31,2006-07-31,2006-07-31,KEEP_hand_source,hand-curated original Security funding.xlsx,KEEP,security recipient: 'Police'
40183,hand,Haiti,HTI,America,,2004,Government of Haiti,China sends 125 Police Officers to support UN peacekeeping operations in Haiti,"On October 17, 2004, 90 Chinese peacekeeping police officers arrived in Port-au-Prince, joining 35 others who arrived on September 18 of the same year, for a sixth-month peacekeeping mission in Haiti. The peacekeeping force is a part of the United Nation's mission in Haiti to secure the state after the coup d'état at the start of 2004, with the Chinese police officers specifically being overseen by the Chinese Ministry of Public Security and the riot squad's commander, Zhao Xiaoxun. The mission has been completed.",,Completion,Grant,EMERGENCY RESPONSE,,,Unspecified Chinese Government Institution,Government Agency,,,2004-10-17,2004-09-18,2005-04-17,KEEP_hand_source,hand-curated original Security funding.xlsx,KEEP,security recipient: 'Police'
40184,hand,Haiti,HTI,America,,2007,Government of Haiti,China sends 95 peacekeeping troops to Haiti,"On April 13, 2007, the United Nations says that more Chinese police have arrived in Haiti to aid its peacekeeping force (MINUSTAH) there. The 95 Chinese officers, including seven women, will be attached to the Formed Police Unit (FPU) in the French-speaking Caribbean country. The new officers, who joined a group of 30 FPU members of the same contingent that arrived on April 4, bring the total number of Chinese officers in Haiti to 125. The UN said, prior to their deployment to Haiti, the officers underwent a five-month training course, covering language, shooting, driving, and combat/defensive tactics. They were the fifth team of Chinese peacekeeping troops in Haiti. They had conducted their mission in Portan-Prince for 8 months and came back to China on December 15, 2007.",,Completion,Grant,EMERGENCY RESPONSE,,,Unspecified Chinese Government Institution,Government Agency,,,2007-01-01,2007-04-16,2007-12-15,KEEP_hand_source,hand-curated original Security funding.xlsx,KEEP,security recipient: 'peacekeeping'
34758,hand,Indonesia,IDN,Asia,,2003,Indonesia Police Force,China donates 1000 motocycles to Indonesian police force,"In September 2003, China donated 1000 Chinese-made motorcycles to the Indonesia police. The motorcycles, which are equipped with sirens and radio receivers, were handed over by Chinese Ambassador to Indonesia Lu Shumin to Police Chief General Da'i Bachtiar. The valuation of the donation was at $1 million.",,Completion,Grant,GOVERNMENT AND CIVIL SOCIETY,,,Unspecified Chinese Government Institution,Government Agency,65349.7218048559,74302.63369212116,2003-04-25,2003-09-16,2003-09-16,KEEP_hand_source,hand-curated original Security funding.xlsx,KEEP,security recipient: 'police'
39092,hand,Indonesia,IDN,Asia,,2014,Indonesia Maritime Security Coordinating Board (Bakorkamia),Indonesia receives Chinese support for their maritime security ,On 6 October 2014 China signed an agreement to send remote sensing data to Indonesia remote sensing satellite ground stations to help the country update the stations and improve its maritime law enforcement and disaster prevention mitigation. The two collaborating agencies include the Indonesian Maritime Security Coordination Board and the China National Space Administration. _x000D_ _x000D_ ,,Pipeline: Commitment,Grant,GOVERNMENT AND CIVIL SOCIETY,,,Unspecified Chinese Government Institution,Government Agency,,,2014-10-06,,,KEEP_hand_source,hand-curated original Security funding.xlsx,KEEP,no rule fired
66632,hand,Indonesia,IDN,Asia,,2010,,"China granted $293,000 for Human Resources Development and International Relations Studies in Indonesia","In 2010, China provided a USD $293,000 grant to Indonesia's Ministry of Foreign Affairs for workshops on ""Regional Security Cooperation: Challenges and Opportunities"" to enhance the human resources capacity and international relations studies of the Ministry. The duration is 12-months.",,Pipeline: Commitment,Grant,GOVERNMENT AND CIVIL SOCIETY,,,Unspecified Chinese Government Institution,Government Agency,408068.992188298,463974.44411809486,2010-01-01,,,KEEP_hand_source,hand-curated original Security funding.xlsx,KEEP,no rule fired
94269,hand,Iraq,IRQ,Middle East,,2020,Iraqi Ministry of Defense,China donates COVID-related supplies to Iraq in April 2020,"On April 22nd, 2020, the government of Xinjiang Uyghur Autonomous Region donated a batch of medical supplies to the Iraqi Ministry of Defense. The handover ceremony held that day was attended by Chinese Ambassador to Iraq and senior officials in the Iraqi Ministry of Defense. This is the third batch of the medical donations from China to Iraq.",,Completion,Grant,HEALTH,,Yes,Provincial Government of the Xinjiang Uyghur Autonomous Region,Government Agency,,,2020-04-22,2020-04-22,2020-04-22,KEEP_hand_source,hand-curated original Security funding.xlsx,KEEP,security recipient: 'Ministry of Defense'
94298,hand,Iraq,IRQ,Middle East,,2021,Government of Iraq,China donates humanitarian aid supplies to Iraq in January 2021,"On January 21, 2021, China delivered humanitarian aid supplies to Iraq. This donation included ambulances, mobile generators, and office equipment such as computers. Ambassador Zhang Tao and Vice Chair of Iraqi Ministry of Domestic Affairs attended the handover ceremony. The purpose of this donation is to help Iraq improve its ability to fight the epidemic, maintain its public security, and provide public services.",,Completion,Grant,OTHER MULTISECTOR,,,Unspecified Chinese Government Institution,Government Agency,,,2021-01-21,2021-01-21,2021-01-21,KEEP_hand_source,hand-curated original Security funding.xlsx,KEEP,no rule fired
39907,hand,Jamaica,JAM,America,,2011,Government of Jamaica,Chinese naval hospital ship completes humanitarian medical assistance mission in Jamaica (Linked to Project ID#39102),"In 2011, China sent the PLA (People's Liberation Army) Navy hospital ship Peak Ark on a voyage in the Western Hemisphere to provide humanitarian assistance. The Peace Ark traveled through the Caribbean and South America, visiting Cuba, Jamaica, Trinidad and Tobago and Costa Rica. It visited Jamaica from October 29 to November 4. During its 7-day stay, the 100-strong health professionals from the ship conducted over 1500 outpatient consultations, 150 physical checks, 29 surgeries, 18 hospitalized treatments, 89 CAT scans, 307 doppler radar scans, 643 ultrasound scans, 258 ECGs and 499 other tests for local Jamaican people and Chinese diaspora in Jamaica. The Olympic Garden Health Center in Kingston was overwhelmed daily by hundreds of local people seeking expedient and quality medical service when a Chinese medical team operated there for 4 days.  This project is linked to project ID #39102, which is an umbrella project capturing information on medical assistance provided to all four countries the Peace Ark visited in the Caribbean.",,Completion,Grant,HEALTH,,,Unspecified Chinese Government Institution,Government Agency,,,2011-10-29,2011-10-29,2011-11-04,KEEP_hand_source,hand-curated original Security funding.xlsx,KEEP,military/police medical
70016,hand,Jamaica,JAM,America,,2019,Caribbean Maritime University (CMU)|Cornwall College|National Police College of Jamaica (NPCJ)|Northern Caribbean University (NCU),Hanban signed an agreement on the provision of Chinese language teachers to four Jamaican universities in 2019,"On August 15, 2019, Hanban, the Caribbean Maritime University (CMU), Northern Caribbean University (NCU), the National Police College of Jamaica, and Cornwall College signed a memorandum of understanding for the provision of Chinese language teachers. The agreement will fly 10 Chinese educators to Jamaica to teach Mandarin at the beginning of the school year in September.   By August 2019, over 500 students had signed up for Mandarin classes.",,Pipeline: Commitment,Grant,EDUCATION,,,Hanban (Confucius Institute Headquarters),Government Agency,,,2019-08-15,,,KEEP_hand_source,hand-curated original Security funding.xlsx,KEEP,police/military training facility
70613,hand,Jamaica,JAM,America,,2018,Jamaica Constabulary Force (JCF),China donated office equipment to the Jamaica Constabulary Force,"On 2 February 2018, the Chinese Embassy in Jamaica donated office equipment to the Jamaica Constabulary Force (JCF). The donation included a printer and an air conditioner, which will improve the working conditions of police officers in the newly-built JCF Emergency Centre on Old Hope Road, Kingston.",,Completion,Grant,GOVERNMENT AND CIVIL SOCIETY,,,Chinese Embassy,Government Agency,,,2018-01-01,2018-02-02,2018-02-02,KEEP_hand_source,hand-curated original Security funding.xlsx,KEEP,security recipient: 'Constabulary'
70615,hand,Jamaica,JAM,America,,2018,National Police College of Jamaica (NPCJ),"Chinese government grants 2,560,000 Jamaican dollars to the National Police College of Jamaica to improve Chinese language training classes","On 18 November 2018, the Ambassador of the People's Republic of China to Jamaica, Tian Qi, donated 2,560,000 Jamaican dollars to the Chinese language classes at the National Police College of Jamaica (NPCJ). The donation will be used to improve the Chinese language classroom and to attract more police officers to learn Chinese language, culture, and history. The donation follows the 2017 establishment of a Mandarin program at the college.",,Completion,Grant,EDUCATION,,,Unspecified Chinese Government Institution,Government Agency,21576.464810087,24532.44048906892,2018-01-01,2018-11-18,2018-11-18,KEEP_hand_source,hand-curated original Security funding.xlsx,KEEP,security recipient: 'Police'
70696,hand,Jamaica,JAM,America,,2014,,China Harbour Engineering Co donated two motor vehicles to the Jamaican Constabulary Force (JCF),"On 18 December 2014, China Harbour Engineering Company (CHEC) donated two motor vehicles, a Toyota Hiace bus and a Toyota pickup, to the Jamaican Police Force (JCF). The two vehicles will increase the JCF's capacity to provide traffic management and security along the North/South leg of Highway 2000. At the donation ceremony, the Minister of National Security, Peter Bunting, said the vehicles were the first of six being provided by CHEC. However, there are no sources confirming if the other four vehicles were ever donated. ",,Completion,Grant,GOVERNMENT AND CIVIL SOCIETY,,,"China Harbour Engineering Co., Ltd.",State-owned Company,,,2014-12-18,2014-12-18,2014-12-18,KEEP_hand_source,hand-curated original Security funding.xlsx,KEEP,security recipient: 'Constabulary'
70786,hand,Jamaica,JAM,America,,2015,Jamaica Constabulary Force (JCF),Hanban and the Chinese government offer a Chinese language programme to the Jamaica Constabulary Force,"In 2015, Hanban and the Chinese government introduced the Chinese language programme to the Jamaica Constabulary Force (JCF). According to the JCF 2016 Annual Report, the JCF and the People's Republic of China collaborated to deliver the first Mandarin course to 65 JCF members in 2016. _x000D_ _x000D_ On 11 August 2017, 50 police officers from Jamaica and two police officers from Suriname were awarded certificates for a Chinese training course at National Police College of Jamaica (NPCJ). On 31 August 2018, 68 police officers from Jamaica, Trinidad and Tobago, and Suriname were awarded certificates of completion for a Chinese training course at the Jamaica Police Academy. On 2 August 2019, 78 police officers from Jamaica and two police officers from Suriname were awarded certificates of completion for a Chinese training course at the Jamaica Police Academy. These Chinese training courses help Jamaican police understand the Chinese language and culture.",,Implementation,Grant,EDUCATION,,,Hanban (Confucius Institute Headquarters)|Unspecified Chinese Government Institution,Government Agency|Government Agency,,,2015-01-01,,,KEEP_hand_source,hand-curated original Security funding.xlsx,KEEP,security recipient: 'Constabulary'
71139,hand,Jamaica,JAM,America,,2018,Jamaica Constabulary Force (JCF),China provided training seminar on capacity building for 24 officers in the Jamaica Constabulary Force,"On 24 August 2018, the Chinese Embassy in Jamaica held a send-off meeting for participants of the Seminar on Capacity Building for Jamaica Constabulary Force (JCF). 24 police officers from the JCF traveled to Ji’nan, Shandong Province for the seminar provided by China. The seminar began on 5 September 2018 and ended on 24 September 2018. ",,Completion,Grant,EDUCATION,,,Unspecified Chinese Government Institution,Government Agency,,,2018-01-01,2018-09-05,2018-09-24,KEEP_hand_source,hand-curated original Security funding.xlsx,KEEP,security recipient: 'Constabulary'
89318,hand,Jamaica,JAM,America,,2011,Government of Jamaica,CHEC donates a motorcycle to Spring Hill Police,"On November 3rd, 2011, China Harbour Engineering Co. and Stewart's Auto Sales Ltd. collaborated to each donate a motorcycle to the Spring Hill Police Station in Portland Parish, Jamaica. Present at the donation handover were Qi Wu Yang, CHEC's Jamaica deputy manager; J. Stewart-Lechler, director of Stewart's Auto Sales; Owen Ellington, commissioner of police; and Daryl Vaz, member of parliament. ",,Completion,Grant,GOVERNMENT AND CIVIL SOCIETY,,,China Harbor Engineering Corporation (CHEC),State-owned Company,,,2011-11-03,2011-11-03,2011-11-03,KEEP_hand_source,hand-curated original Security funding.xlsx,KEEP,security recipient: 'Police'
89523,hand,Jamaica,JAM,America,,2019,Jamaica Constabulary Force (JCF),China provides training for 20 Jamaican police officers in 2019,"According to the Chinese Ministry of commerce, 20 Jamaican police officers traveled to China to take part in the Seminar on Police Capacity Building Seminar for Jamaica. The program was funded by Chinese Ministries of Commerce and Public Security. It took place in Shandong Police College Jinan, Shangdong from October 11th to October 30th. Chinese officials in Jamaica held a pre-departure meeting for the trainees on October 8th.  The seminar program started on October 11, 2019, and ended on October 30, 2019.",,Completion,Grant,GOVERNMENT AND CIVIL SOCIETY,,,China Ministry of Commerce|China Ministry of Public Security,Government Agency|Government Agency,,,2019-10-08,2019-10-11,2019-10-30,KEEP_hand_source,hand-curated original Security funding.xlsx,KEEP,security recipient: 'police'
41243,hand,Jordan,JOR,Middle East,,2011,Jordanian Civil Defense Directorate ,Chinese Government provides RMB 18 million grant for Establishment and Equipping of Civil Defense Stations Project,"On November 21, 2011, China’s Ministry of Commerce and Jordan's Ministry of Planning and International Cooperation signed an RMB 18,000,000 grant agreement for the provision of firefighting machinery and equipment to the Jordanian Civil Defense Directorate. The grant proceeds were apparently drawn from two Economic and Technical Cooperation Agreement (ETCA) that the two governments previously signed in 2008.   This project was officially completed and handed over to the local authorities on December 8, 2011. The Chinese Ambassador to Jordan, Yue Xiaoyong, and the Jordanian Director General of Civil Defense, Major General Talal Abdullah al Kofahi, attended the handover ceremony. The equipment and machinery was earmarked for use in Abdali (العبدلي‎), which is an area within the Greater Amman Municipality.",,Completion,Grant,GOVERNMENT AND CIVIL SOCIETY,,,China Ministry of Commerce,Government Agency,3424494.16779191,3893649.8687794018,2011-11-21,2011-12-08,2011-12-08,KEEP_hand_source,hand-curated original Security funding.xlsx,KEEP,security recipient: 'Defense'
41911,hand,Jordan,JOR,Middle East,,2007,Government of Jordan,"Chinese Government agrees to train 40 Jordanian Government Officials (Linked to Project ID#41029, #41907)","On June 19, 2007, China's Assistant Minister of Commerce, Chen Jian, and Jordan's Minister of Planning and International Cooperation, Suhair Al-Ali, signed an agreement, which committed funding for the training of 40 Jordanian Government officials. According to the agreement 30 of the Jordanian officials will come from the public sector, while the remaining 10 come from Jordan's Civil Defense Directorate.",,Pipeline: Commitment,Grant,GOVERNMENT AND CIVIL SOCIETY,,,China Ministry of Commerce,Government Agency,,,2007-06-19,,,KEEP_hand_source,hand-curated original Security funding.xlsx,KEEP,no rule fired
64533,hand,Jordan,JOR,Middle East,,2018,Government of Jordan,Chinese Government provides RMB 81.1 million grant for Customs Inspection Equipment Project (Linked to Project ID#64589),"On December 30, 2018, the Chinese Government and the Government of Jordan signed an exchange of letters, which committed RMB 81,100,000 (approximately $11,500,000) of grant funding for the Customs Inspection Equipment Project. This project involved the supply 10 sets of Chinese cargo and baggage X-ray scanners to Jordanian Customs. The scanners were assigned to each of Jordan's most important border crossings: Jaber-Nassib Border Crossing, Ar Ramtha Border Crossing,  Allenby Bridge Border Crossing,  Sheikh Housein Bridge Border Crossing, Wadi Araba Border Crossing, Al-Karamah Border Crossing, Umari Border Crossing, Mudawara Border Crossing, Durra Border Crossing, and Queen Alia International Airport.   On January 16, 2020 the inauguration ceremony for the equipment installation took place at Queen Alia Airport in Jordan where the Embassy of China officially handed over 10 sets of cargo and baggage X-ray scanners for Jordanian border crossings at the Jordanian Ministry of Planning and International Cooperation.  The purpose of the project was to increase Jordanian custom's capacity in inspection and customs clearance efficiency, help prevent smuggling and increase Jordanian national security.",,Completion,Grant,TRADE POLICIES AND REGULATIONS,Yes,,China Ministry of Commerce,Government Agency,13363891.7883119,15194744.963310633,2018-12-30,2018-12-30,2020-01-16,KEEP_hand_source,hand-curated original Security funding.xlsx,KEEP,security recipient: 'Customs'
64614,hand,Jordan,JOR,Middle East,,2018,Jordanian Public Security Directorate مديرية الأمن العام,Chinese Embassy Provides Policing Materials to the Jordanian Public Security Directorate (PSD),"On February 7th, 2018, Chinese Ambassador to Jordan, Pan Weifang, attended a handover ceremony granting unspecified policing materials to the Jordanian Pubic Security Directorate (PSD) on behalf of China's Ministry of Public Security.   The intent of the grant is to strengthen Chinese-Jordanian relations in internatinoal law cooperation as well as increase security in countries participating in China's Belt and Road Initiative (BRI).   ",,Completion,Grant,GOVERNMENT AND CIVIL SOCIETY,,,China Ministry of Public Security,Government Agency,,,2018-01-01,2018-02-07,2018-02-07,KEEP_hand_source,hand-curated original Security funding.xlsx,KEEP,security recipient: 'Public Security'
64741,hand,Jordan,JOR,Middle East,,2011,Jordanian General Directorate of Gendarmerie (المديرية العامة لقوات الدرك),Chinese Government provides $1.9 million grant for Jordanian Gendarmerie Equipment Project,"In 2011, the Chinese Government donated equipment to the General Directorate of Gendarmerie otherwise known as the Darak Forces (المديرية العامة لقوات الدرك), a public security agency which is part of the Jordanian Ministry of the Interior. The monetary value of this equipment was $1,900,000.",,Completion,Grant,GOVERNMENT AND CIVIL SOCIETY,,,Unspecified Chinese Government Institution,Government Agency,2336772.34454842,2656910.155751554,2011-01-01,,,KEEP_hand_source,hand-curated original Security funding.xlsx,KEEP,security recipient: 'Gendarmerie'
65167,hand,Jordan,JOR,Middle East,,2012,,Xinjian Corps of Armed Police Grant Martial Arts Training Course for the Jordanian Public Security Directorate ,"On November 27th, 2012, members of the Jordanian Public Security Directorate (PSD) demonstrated skills learned during a martial arts training course coached by members of the Xinjiang Armed Police Force. The Jordanian PSD invited cooperation with Chinese police and received training from five Chinese policemen as martial arts coaches from November 3, 2012, to December 19th, 2012.  At the graduation ceremony Jordanian PSD members demonstrated learned skills such as boxing, stick fighting, Taichi, and enemy apprehension. ",,Completion,Grant,GOVERNMENT AND CIVIL SOCIETY,,,Xinjiang Corps of Armed Police ,Government Agency,,,2012-01-01,2012-11-03,2012-12-19,KEEP_hand_source,hand-curated original Security funding.xlsx,KEEP,security recipient: 'Police'
40089,hand,Kazakhstan,KAZ,Asia,,2002,Kazakh Ministry of Internal Affairs,China's Public Security Ministry donates 1million yuan worth equipment to Kazakh police,"On February 19, 2003 China's Public Security Ministry donated police equipment to the Kazakh Interior Ministry in Almaty. The total cost was 1mil yuan. The police equipment and technology supplied by China includes night vision devices, metal detectors, microscopes, tape recorders, computers, scanners, printers, photo equipment, telephones and flashlights. The agreement on the supply of special equipment by the Chinese Public Security Ministry as technical no-strings aid to the Kazakh Interior Ministry was signed by the sides in Beijing on November 18, 2002.",,Completion,Grant,GOVERNMENT AND CIVIL SOCIETY,,,China Ministry of Public Security,Government Agency,301975.252844699,343345.8624844228,2002-11-18,2003-02-19,2003-02-19,KEEP_hand_source,hand-curated original Security funding.xlsx,KEEP,security recipient: 'Public Security'
30365,hand,Kenya,KEN,Africa,,2012,,Donation of buses to Ministry of Security,"In 2012, China donated 20 buses to the Ministry of Security to facilitate police and security deployment during the general election. The buses were manufactured by China Auto Caiec Ltd. The buses arrived in Kenya in March, 2012, but were still delayed at the Kenya Ports Authority when they were last reported on in May 2012.",,Completion,Grant,GOVERNMENT AND CIVIL SOCIETY,,,Unspecified Chinese Government Institution,Government Agency,,,2012-01-01,2012-03-01,,KEEP_hand_source,hand-curated original Security funding.xlsx,KEEP,no rule fired
53104,hand,Kenya,KEN,Africa,,2016,Government of Kenya,China funds Kilimani Police Station Upgrade Project,"On January 26, 2016, the launching ceremony for the upgrade project for the Kilimani Police Station in Nairobi Kenya was held. The Chinese Ambassador to Kenya, Liu Xianfa, along with Kenyan police chiefs, government officials, and political figures attended the ceremony. The project is expected to cost 500 million Kenyan shillings and will be implemented in two phases, the first of which is the remodeling and upgrade of offices and residential units at a cost of 300 million Kenyan shillings. The second phase is the construction of new housing units at a cost of 200 million Kenyan shillings. As of 2019, the project is still ongoing.  The organizations involved in this project include the Kenyan National Police Service, Kenya Private Sector Alliance (KEPSA) Foundation, the Chinese Embassy, and Nairobi County Government. It was also reported that other development partners are involved. ",,Implementation,Vague,GOVERNMENT AND CIVIL SOCIETY,Yes,,Unspecified Chinese Government Institution,Government Agency,,,2016-01-26,2016-01-26,,KEEP_hand_source,hand-curated original Security funding.xlsx,KEEP,security recipient: 'Police'
40275,hand,Kyrgyz Republic,KGZ,Asia,,2001,Kyrgyz Ministry of Internal Affairs,China commits 4 million RMB worth of equipment to Kyrgyz Interior Ministry for police training ,"During a round of talks between Chinese and Kyrgyz officials on December 13th, 2001, the Chinese Public Security Minister pledged a donation of police equipment and training to the Kyrgyz police. The estimated value of the equipment and training is 4 million RMB. ",,Pipeline: Commitment,Grant,GOVERNMENT AND CIVIL SOCIETY,,,Unspecified Chinese Government Institution,Government Agency,1215170.93401384,1381649.3519737362,2001-12-13,,,KEEP_hand_source,hand-curated original Security funding.xlsx,KEEP,security recipient: 'Interior Ministry'
40281,hand,Kyrgyz Republic,KGZ,Asia,,2002,Kyrgyz Ministry of Internal Affairs,China Commits 20 Jeeps to Kyrgyz Interior Ministry,"On September 20, 2002, the Ministry of Public Security of China agreed to hand over 1.4 million CNY worth of Jeeps and technical assistance to the Ministry of Interior Affairs of the Kyrgyz Republic. The agreement was signed by the Minister of Public Security Jia Chunvan and Ambassador of the Kyrgyz Republic to China Erlan Abdyldaev.",,Pipeline: Commitment,Grant,GOVERNMENT AND CIVIL SOCIETY,,,Unspecified Chinese Government Institution,Government Agency,422765.353982578,480684.2074781912,2002-09-20,,,KEEP_hand_source,hand-curated original Security funding.xlsx,KEEP,security recipient: 'Interior Ministry'
40290,hand,Kyrgyz Republic,KGZ,Asia,,2002,Kyrgyz Ministry of Defense,China grants Kyrgyz Republic 5 million RMB for food and other materials,"On April 11, 2002, China agreed to grant 5 million RMB (~600,000 USD) to the Kyrgyz Defense Ministry for material and technical facilities and foodstuff during a meeting between Kyrgyz Defence Minister Col-Gen Esen Topoyev and Extraordinary and Plenipotentiary Ambassador of the People's Republic of China (PRC) to Kyrgyzstan Hong Jiuyin. ",,Pipeline: Commitment,Grant,GOVERNMENT AND CIVIL SOCIETY,,,Unspecified Chinese Government Institution,Government Agency,1509876.26422349,1716729.312422108,2002-04-11,,,KEEP_hand_source,hand-curated original Security funding.xlsx,KEEP,security recipient: 'Ministry of Defense'
40310,hand,Kyrgyz Republic,KGZ,Asia,,2003,,China Donates Equipment to Kyrgyz Police,"On October 13th 2003, the Ministry of Public Security in China made a donation to Kyrgyzstan police, and it is the third donation from China since 2001. This donation includes 50 Beijing jeeps and an equipment used in detective experiments. It is to help maintain social security in Kyrgyzstan and better protect Kirghiz and Chinese citizens living in the central Asian country from crime.",,Completion,Grant,GOVERNMENT AND CIVIL SOCIETY,,,China Ministry of Public Security,Government Agency,,,2003-01-01,2013-10-13,2003-10-13,KEEP_hand_source,hand-curated original Security funding.xlsx,KEEP,security recipient: 'Police'
54375,hand,Kyrgyz Republic,KGZ,Asia,,2017,,China offers technical assistance to Kyrgyz's Border Service,"In 2017, China's Ministry of Public Security agreed to provide technical assistance worth 1 million yuan to the Kyrgyz Border Service. This agreement was signed in context of strengthening cooperation between the two countries in the fields of counter-terrorism and personnel support. China additionally proposed training cooperation between Chinese and Kyrgyz personnel.",,Completion,Grant,GOVERNMENT AND CIVIL SOCIETY,,,China Ministry of Public Security,Government Agency,170528.641025333,193891.06484580363,2017-04-13,,,KEEP_hand_source,hand-curated original Security funding.xlsx,KEEP,no rule fired
33706,hand,Lao People's Democratic Republic,LAO,Asia,,2002,Government of Laos,China provides technical trainings for Laos' drug control programs in Yunnan province (linked to #33768),"On 24 May 2002, China pledged to provide more technical assistance to Laos in carrying out drug control programmes, specifically covering the training of drug control officials and the provision of alternative crops to replace opium. At a recent meeting for Chinese and Lao drug control officials in Beijing, the two sides outlined methods to strengthen cooperation and the exchange of drug-related information, the development of alternative crops, and to curb drug abuse to combat the problem.  In furtherance of the agreement, China has opened a 30-day course on drug control for 30 Lao security officers in China's Yunnan province. The 2005 resource mentions that the 2002 course had been completed.",,Completion,Grant,GOVERNMENT AND CIVIL SOCIETY,,,Unspecified Chinese Government Institution,Government Agency,,,2002-05-24,2002-05-24,,KEEP_hand_source,hand-curated original Security funding.xlsx,KEEP,no rule fired
33729,hand,Lao People's Democratic Republic,LAO,Asia,,2004,,China provided 13 million yuan of grant aid for ASEAN Summit in Laos,"On August 25, 2004, an agreement of grant assistance was signed at the Ministry of Foreign Affairs of Laos between Sayyakan Soulivong, head of the ASEAN Department under the Ministry of Foreign Affairs, and Shen Yueming, assistant to the director-general of the Yunnan Corporation for International Technology and Economic Cooperation of China. Under the agreement, China will provide Laos with 13 million yuan worth of grant aid to host the 10th ASEAN Summit which will be held at the end of 2004. The grant aid comprises five vans, five ambulances, 20 police cars and some safety inspection devices._x000D_ _x000D_ It is unclear when the donation was handed over to Laos.",,Completion,Grant,GOVERNMENT AND CIVIL SOCIETY,,,Unspecified Chinese Government Institution,Government Agency,3577352.26467171,4067449.524931734,2004-08-25,2005-08-24,2005-08-24,KEEP_hand_source,hand-curated original Security funding.xlsx,KEEP,no rule fired
68379,hand,Lao People's Democratic Republic,LAO,Asia,,2017,Laos 103 Military Hospital,Chinese People's Liberation Army's medical team donated medical equipments worth 0.5M RMB to the Laos 103 Military Hospital. (linked to #65324),"From July 25 to August 8, 2017, the Chinese People's Liberation Army dispatched 90 personnels to carry out free medical service in Luang Namtha Province and Vientiane in Laos (or 中国人民解放军 “和平列车—2017”医疗服务队""). During the visit, the team donated more than 2000 pieces of medical equipments including medicines, training protective gear, etc., with a total value of 500000 RMB, to the Laos 103 military hospital._x000D_ _x000D_ It is linked to #65324, the medical support from the team.",,Completion,Grant,HEALTH,,,Unspecified Chinese Government Institution,Government Agency,85264.3205126665,96945.53242290182,2017-07-25,2017-07-25,2017-08-08,KEEP_hand_source,hand-curated original Security funding.xlsx,KEEP,security recipient: 'Army'
88757,hand,Lao People's Democratic Republic,LAO,Asia,,2019,Attapeu Provincial Government,People's Liberation Army donates medicine to the Attapeu Provincial Government (Linked to Project ID#88686 and #88761),"On August 24, 2019, the People's Liberation Army (PLA), as part of medical assistance provided to Laos under Peace Train-2019, a PLA medical team traveled to the Sanamxay district of the Attapeu Province in southern Laos to provide medical services to the local people (see linked project ID#88686). The district had been the site of severe flooding in July 2018, which the PLA provided medical assistance for (see project ID#65394). At the end of their day-long stay, the PLA medical team donated all of their remaining medicine to the Attapeu Provincial Government. The monetary value of this donation is unknown.",,Completion,Grant,HEALTH,,,People's Liberation Army of China,Government Agency,,,2019-08-24,2019-08-24,2019-08-24,KEEP_hand_source,hand-curated original Security funding.xlsx,KEEP,security recipient: 'Army'
88761,hand,Lao People's Democratic Republic,LAO,Asia,,2019,Government of Laos,"People's Liberation Army donates medications and medical equipment worth RMB 500,000 (Linked to Project ID#88686 and #88757)","In August 2019, the Chinese People's Liberation Army (PLA) provided medical assistance to Laos under Peace Train-2019 (see linked project ID#88686). As part of the assistance, a PLA medical team traveled to the Hospital of the 5th Division of the Lao People's Armed Forces in Pakse City in the Champasak Province. The team arrived on August 23, 2019. It brought medications and medical equipment worth RMB 500,000, which it was set to donate to Laos after the completion of the medical assistance. Further details are unknown.",,Completion,Grant,HEALTH,,,People's Liberation Army of China,Government Agency,81810.0077025805,93017.97875783402,2019-08-23,,,KEEP_hand_source,hand-curated original Security funding.xlsx,KEEP,security recipient: 'Army'
90295,hand,Lao People's Democratic Republic,LAO,Asia,,2020,Lao Ministry of Public Security ,China Ministry of Public Security provides first batch of law enforcement vehicles to Lao Ministry of Public Security in October 2020,"On October 23, 2020, the Ministry of Public Security of China donated law enforcement vehicles to the Ministry of Public Security of Laos. The vehicles will be used to improve law enforcement capabilities of the Lao Ministry of Public Security (“see 中国援助老挝执法车辆交接仪式在万象举行”). The monetary value of this donation is unknown.  A handover ceremony for this donation took place in Vientiane, Laos. Chinese Ambassador Jiang Zaidong and Laos Minister of Public Security attended the ceremony and delivered speeches.",,Completion,Grant,GOVERNMENT AND CIVIL SOCIETY,,,China Ministry of Public Security,Government Agency,,,2020-10-23,2020-10-23,2020-10-23,KEEP_hand_source,hand-curated original Security funding.xlsx,KEEP,security recipient: 'Ministry of Public Security'
92708,hand,Lao People's Democratic Republic,LAO,Asia,,2020,Laos Ministry of National Defense,China's Defense Ministry provides medical expert team and pneumonia supplies to Laos in April 2020,"On April 24, 2020, a team of five Chinese military medical experts, with pneumonia treatment materials donated by China's Defense Ministry, arrived in the Lao capital Vientiane. The Chinese People's Liberation Army (PLA) expert team was greeted at the Wattay International Airport of Vientiane by Lao’s Deputy Defense Minister, Aesamay Leuangvanxay, and Chinese Ambassador to Laos, Jiang Zaidong.  At the airport, the medical expert team handed over pneumonia epidemic medical materials to Laos. The materials were carried by cargo planes of the PLA Air Force and were donated by the Ministry of National Defense of China. The monetary value of this donation is unknown.",,Completion,Grant,HEALTH,,Yes,China Ministry of National Defense|People's Liberation Army of China,Government Agency|Government Agency,,,2020-04-24,2020-04-24,2020-04-24,KEEP_hand_source,hand-curated original Security funding.xlsx,KEEP,security recipient: 'Defense'
40917,hand,Lebanon,LBN,Middle East,,2001,Government of Lebanon,Chinese Government provides equipment for postwar mine removal activities,"In 2002, China donated landmine detection equipment to Lebanon. The initial agreement was signed in 2001. The equipment includes 50 mine detectors and 100 protective jackets. China also sent mine experts and technicians to train the Lebanese army in using the equipment.  The value of the equipment is unknown, but a NGO source aggregated landmine equipment donations from China to both Eritrea and Lebanon at $3 million. No financial value has been found for only Lebanon.",,Completion,Grant,GOVERNMENT AND CIVIL SOCIETY,,,Unspecified Chinese Government Institution,Government Agency,,,2001-01-01,,,KEEP_hand_source,hand-curated original Security funding.xlsx,KEEP,no rule fired
21726,hand,Lesotho,LSO,Africa,,2010,Lesotho Ministry of Police and Public Safety,China Donates Computers to Lesotho Police,"On January 29, 2010, the Chinese Ambassador to Lesotho, Gao Deyi, and the Lesotho Chief of Police attended the handover ceremony for China's donation of 10 desktop computers to the Lesotho police station.  ",,Completion,Grant,GOVERNMENT AND CIVIL SOCIETY,,,Unspecified Chinese Government Institution,Government Agency,,,2010-01-29,2010-01-29,2010-01-29,KEEP_hand_source,hand-curated original Security funding.xlsx,KEEP,security recipient: 'Police'
55767,hand,Lesotho,LSO,Africa,,2018,Lesotho Ministry of Police and Public Safety, Chinese Embassy donates community policing kit and funds to Lesotho Ministry of Police and Public Safety ,"On 27 November 2018, the Government of China officially donated ""community policing kits"" to the Lesotho Ministry of Police and Public Safety. The kits included blankets, gumboots, flashlights, torches and other unspecified materials. The value of this donation is unknown.  In the same donation ceremony, China also donated 100,000 M towards greenhouse project at the Police Training College. (Project ID 71554) Furthermore, China has also agreed to donate a fingerprint examination lab to Lesotho at some point in the future. ",,Completion,Grant,GOVERNMENT AND CIVIL SOCIETY,,,Chinese Embassy,Government Agency,,,2018-11-27,2018-11-27,2018-11-27,KEEP_hand_source,hand-curated original Security funding.xlsx,KEEP,security recipient: 'Police'
55986,hand,Lesotho,LSO,Africa,,2019,Lesotho Ministry of Police and Public Safety,Chinese Government committed to provide unknown transaction amount donation via March 2019 ETCA for Lesotho policing and public safety,"On 8 March 2019, Chinese Embassy official Song Changqing signed an exchange of letters with Mr Matela Thabane, the Principal Secretary of Police and Public Safety of Lesotho, in which China committed to donating policing materials to Lesotho. The value, contents, and delivery date of this donation are unknown. ",,Pipeline: Commitment,Grant,GOVERNMENT AND CIVIL SOCIETY,,,China Ministry of Commerce,Government Agency,,,2019-03-08,,,KEEP_hand_source,hand-curated original Security funding.xlsx,KEEP,security recipient: 'Police'
71554,hand,Lesotho,LSO,Africa,,2018,Lesotho Ministry of Police and Public Safety,"China donates 100,000 M for greenhouse project at the Police Training College in Lesotho","On November 27, 2018, the Chinese Ambassador, Mr. Song Changqing, officially handed over a 100,000 M check to the Police Training College (PTC) in Lesotho to assist in a greenhouse project. The project details are unknown.   In the same donation ceremony, China also donated community policing kit and resources, including blankets, gumboots and torches, to the Lesotho Ministry of Police and Public Safety (Project ID#55767). Furthermore, China has also agreed to donating a fingerprint examination lab to Lesotho. ",,Completion,Grant,"AGRICULTURE, FORESTRY, FISHING",,,Unspecified Chinese Government Institution,Government Agency,8227.48506371723,9354.65051744649,2018-11-27,2018-11-27,2018-11-27,KEEP_hand_source,hand-curated original Security funding.xlsx,KEEP,security recipient: 'Police'
87304,hand,Lesotho,LSO,Africa,,2018,Lesotho Department of Immigration|Lesotho Ministry of Police and Public Safety,The Chinese Embassy in Lesotho holds first Chinese language training class for the Lesotho police and immigration departments,"On May 4, 2018, the Chinese Embassy in Lesotho held the opening ceremony of the first Chinese language training course for the police and immigration departments of Lesotho, aiming to improve the Lesotho police communication skills in order to better cooperate with the Chinese enterprises and expatriates. More than 50 people, including Ambassador Sun Xianghua, the Permanent Secretary of the Lesotho Police Department Tsovana, the principal of Ma Chiben Middle School, the head of the Confucius Classroom, representatives of the Overseas Chinese Police-Civil Cooperation Center, trainees and media reporters attended the event.   This Chinese training class lasted for one and a half months, and a total of 22 police officers and 8 immigration officials participated in the study. On June 18, 2018, the Chinese embassy in Lesotho held the completion ceremony of the first Chinese language training course. At the ceremony, Ambassador Sun Xianghua issued certificates of completion to 36 police and immigration trainees and commended 6 outstanding trainees. After this closing ceremony, 15 police trainees will be sent to China for further Chinese language studies.",,Completion,Grant,COMMUNICATIONS,,,Chinese Embassy,Government Agency,,,2018-01-01,2018-05-04,2018-06-18,KEEP_hand_source,hand-curated original Security funding.xlsx,KEEP,security recipient: 'police'
93778,hand,Lesotho,LSO,Africa,,2020,Lesotho Ministry of Police and Public Safety,China's Ministry of Public Security Donates 30 Motorbikes to Lesotho's Ministry of Police and Public Safety September 2020,"On September 10, 2020, the Chinese Ministry of Public Security donated 30 motorbikes to Lesotho's Ministry of Police and Public Safety. These bikes were estimated to be worth 2 million loti. They all had a logo that said ""China Aid"" on them. At the handover ceremony, Chinese Ambassador to Lesotho Lei Kezhong stated that the motorbikes were donated to strengthen safety and law enforcement in Lesotho.",,Completion,Grant,GOVERNMENT AND CIVIL SOCIETY,,,China Ministry of Public Security,Government Agency,135538.471163519,154107.2417129211,2020-09-01,,2020-09-10,KEEP_hand_source,hand-curated original Security funding.xlsx,KEEP,security recipient: 'Ministry of Public Security'
1583,hand,Liberia,LBR,Africa,,2004,Government of Liberia,China Donates New Vehicles and Other Logistics to Liberia,"On July 22, 2004 the Chinese government donated 4 Jeeps, 2 mini buses, 80 Motorcycles, 110 sets of desktop computers  with laser printers, 10 small generators, 100 police batons, one radio communication, and sick beds, among other items.  In total, the items were valued at US$1,200,000.  The handover ceremony took place at the Liberian Foreign Ministry in Monrovia, Liberia.  Chinese Ambassador Lin Songtian expressed China's desire to help Liberia's transitional government in its reconstruction efforts.  ",,Completion,Grant,GOVERNMENT AND CIVIL SOCIETY,,,Unspecified Chinese Government Institution,Government Agency,2733182.54626396,3107628.555102123,2004-01-01,2004-07-22,2004-07-23,KEEP_hand_source,hand-curated original Security funding.xlsx,KEEP,no rule fired
31326,hand,Liberia,LBR,Africa,,2014,Armed Forces of Liberia,China donates road-building equipment worth $4 million USD Liberia (Linked to #35259),"On February 26, 2014, the Chinese government donated $4 million USD worth of road-building equipment to the 1st Engineering Company of the Armed Forces of Liberia (AFL). The equipment included ten trucks, several bull-dozers, caterpillars, mixers, and excavators among others.  According to Chinese Ambassador Zhang Yue, under the protocol signed between China and Liberia, the Chinese Government will also send a team of engineering experts to Liberia. The team was supposed to arrive in Liberia in March 2014 to train the AFL engineering personnel on how to use their new equipment (see Project ID #35259).   ",,Completion,Grant,"INDUSTRY, MINING, CONSTRUCTION",,,Unspecified Chinese Government Institution,Government Agency,4428380.92563395,5035069.1124458015,2014-01-01,2014-02-26,2014-02-26,KEEP_hand_source,hand-curated original Security funding.xlsx,KEEP,security recipient: 'Armed Forces'
39977,hand,Liberia,LBR,Africa,,2012,Government of Liberia,Chinese company CICO donates 30 police motorcycles to Liberia,"On July 23, 2012, China Chongqing International Construction Corporation (CICO) donated 30 police motorcycles to the government of Liberia. These motorcycles are mainly donated to the Liberian Police Department, the Immigration Department, and the VIP Security Bureau for security purposes.",,Completion,Grant,GOVERNMENT AND CIVIL SOCIETY,,,China Chongqing International Construction Corporation (CICO),State-owned Company,,,2012-07-23,2012-07-23,2012-07-23,KEEP_hand_source,hand-curated original Security funding.xlsx,KEEP,security recipient: 'police'
41558,hand,Liberia,LBR,Africa,,2014,Government of Liberia,China sends 13th peacekeeping contingent to Liberia composed of policemen,"On July 11th 2014, China sends its 13th contingent of policemen for a UN peacekeeping mission to Liberia. This 19-member team received training on international laws, first aid, driving, English, and shooting, as well as orientations on the situation in the region. However, its return date could not be found.",,Implementation,Grant,GOVERNMENT AND CIVIL SOCIETY,,,People's Liberation Army of China,Government Agency,,,2014-01-01,2014-07-11,,KEEP_hand_source,hand-curated original Security funding.xlsx,KEEP,security recipient: 'peacekeeping'
56657,hand,Liberia,LBR,Africa,,2017,,Chinese Government help to train the Liberian National Police,"On September 23rd 2017, the fifth Chinese peacekeeping police team in Liberia held a ceremony to consolidate police training in Liberia on the 22nd, marking the successful completion of the 33-day practical skills training. The training started on August 2017. _x000D_ _x000D_ On November 30th, 2017, China's Deputy Inspector General for International Cooperation at the Ministry of Public Security, Ll Ll announced that the Chinese government has committed to continuing assist with the training of the Liberian National Police (LNP) with an emphasis on Form Police Unit (FPU). _x000D_ ",,Completion,Grant,GOVERNMENT AND CIVIL SOCIETY,,,China Ministry of Public Security,Government Agency,,,2017-08-25,,2017-09-22,KEEP_hand_source,hand-curated original Security funding.xlsx,KEEP,security recipient: 'Police'
56658,hand,Liberia,LBR,Africa,,2016,Government of Liberia,Chinese Ministry of Public Security provides 13 million RMB worth of supplies to Liberian National Police Logistics,"On October 4, 2016, Acting Foreign Minister B. Elias Shoniyin and Chinese Ambassador Zhang Yue signed an Exchange of Notes for the provision of police supplies by the People’s Republic of China to the Government of the Republic of Liberia worth 13 million RMB. Police Inspector General, Gregory B. Coleman, attended the signing ceremony. In 2017, the Government of China through its Ministry of Public Security donated several items worth 13 million RMB (2 million USD) to the Liberia National Police (LNP) including uniforms for Liberian Police Form Unit, three vehicles, several motorbikes, raincoats, protective helmets for riot police, crowd control equipment, camp beds, expandable batons, speed breakers, and reflective jackets. ",,Completion,Grant,GOVERNMENT AND CIVIL SOCIETY,,,China Ministry of Public Security,Government Agency,2310053.22224833,2626530.513696351,2016-10-04,2017-01-01,2017-01-01,KEEP_hand_source,hand-curated original Security funding.xlsx,KEEP,security recipient: 'Ministry of Public Security'
88200,hand,Liberia,LBR,Africa,,2003,Government of Liberia,China sends medical personel and engingeers for UN peacekeeping mission in Liberia (linked to #1552),"In December 2003 China joined the UN peacekeeping operations in Liberia by deploying 500 soldiers to the country. A total of 600 Chinese peacekeepers rotated deployment at an 8 month interval between January 2004 and June 2010. The peacekeepers consisted of supplies transport, engineering and medical units, including civilian police, military observers and staff officers. The Engineering and Medical units, captured in this project, are based in Zwedru in UNMIL Sector 4, which covers the southeast region of Liberia. The other units are captured in project ID#1552.  China concluded its peacekeeping activities for Liberia in 2018, withdrawing the fifth Chinese peacekeeping police team on February 28, 2018.",,Implementation,Grant,GOVERNMENT AND CIVIL SOCIETY,,,People's Liberation Army of China,Government Agency,,,2003-12-01,2004-01-01,,KEEP_hand_source,hand-curated original Security funding.xlsx,KEEP,security recipient: 'peacekeeping'
88343,hand,Liberia,LBR,Africa,,2015,United Nations Mission in Liberia (UNMIL),Chinese Government dispatches third police peacekeeping riot team to Liberia in 2015,"On March 11, 2015, the Chinese Government dispatched China's third peacekeeping police riot team to Liberia for a one-year term as a Formed Police Unit (FPU) under the United Nations Mission in Liberia (UNMIL). The team consisted of 140 members drawn from the Shandong Provincial Public Security Border Defense Corps. The team arrived at Jinan Yaoqiang International Airport by chartered flight to complete the peacekeeping mission. In addition to peacekeeping missions, the team members also donated supplies for cultural and sports activities to the resident schools; participated in the commemorations of UN Peacekeeper Day and UN Day; performed tactical demonstrations, martial arts, gongs and drums, and national instrumental music performances to spread Chinese culture. The team returned on March 12, 2016.",,Completion,Grant,GOVERNMENT AND CIVIL SOCIETY,,,Unspecified Chinese Government Institution,Government Agency,,,2015-01-01,2015-03-11,2016-03-12,KEEP_hand_source,hand-curated original Security funding.xlsx,KEEP,security recipient: 'police'
88560,hand,Liberia,LBR,Africa,,2020,Liberia Ministry of Defense,Chinese Government donates medical supplies worth $3 million to 14th Military Hospital in July 2020,"On July 2, 2020, the Government of the Peoples’ Republic of China (PRC) donated $3 million worth of drugs and equipment to the Liberian Ministry of National Defense for use by the 14th Military Hospital, located in Margibi County. Items donated include two intensive care unit ambulances, medical devices, laboratory equipment, emergency department equipment, obstetrics equipment, surgical equipment, and out-patient equipment.   Only a portion of the materials were donated on July 2. The rest arrived in Liberia on September 25, 2020. The purpose of the donation ws to help alleviate the shortage of medical supplies on the continent in Liberia. The Minister of National Defense, Major General Daniel D. Ziankahn, Jr., (Rtd) received the donation on behalf of the Commander-in-Chief of the AFL, President George M. Weah.   At the turnover ceremony of the medical equipment, the Chinese ambassador to Liberia, Ren Yisheng, promised the construction of a $20 million clinical reference lab (captured via Project ID#55600).    The 14th Military Hospital is used by the Liberian military and other sectors of society. ",,Completion,Grant,HEALTH,,,Unspecified Chinese Government Institution,Government Agency,3350511.00716219,3809531.0151434103,2020-07-02,2020-07-02,2020-09-25,KEEP_hand_source,hand-curated original Security funding.xlsx,KEEP,security recipient: 'Military'
90318,hand,Liberia,LBR,Africa,,2014,Liberian Bureau of Immigration and Naturalization|Liberian Drug Enforcement Agency|Liberian Naitonal Police (LNP),Chinese Formed Police Unit Hosts Training for 27 Liberian Law Enforcement Officers (Linked to Project ID #90319),"From May 20 to 30, 2014, the Chinese Formed Police Unit hosted a training on law enforcement capacity building and computer operations in Sinoe County, Liberia. Twenty-seven officers from the Liberia National Police, Bureau of Immigration and Naturalization, and the Drug Enforcement Agency attended the training. Afterwards, they donated supplies to the local police force, which is captured in Project ID #90319. The Chinese Formed Police Unit were in Liberia as part of the UN Peacekeeping Mission. ",,Completion,Grant,GOVERNMENT AND CIVIL SOCIETY,,,China Formed Police Unit (FPU),Government Agency,,,2014-05-20,2014-05-20,2014-05-30,KEEP_hand_source,hand-curated original Security funding.xlsx,KEEP,security recipient: 'Police'
90319,hand,Liberia,LBR,Africa,,2014,Sinoe County Police,Chinese Formed Police Unit Donate Sporting and Security Equipment to Sinoe County Police ( Linked to Project ID #90318),"On May 30, 2014, the Chinese Formed Police Unit donated sporting goods and security equipment to the Sinoe County Police. This donation was made at the end of a law enforcement training run by the Chinese Formed Police Unit, which is captured in Project ID #90318. The monetary value of the donation is unknown. ",,Completion,Grant,GOVERNMENT AND CIVIL SOCIETY,,,China Formed Police Unit (FPU),Government Agency,,,2014-05-30,2014-05-30,2014-05-30,KEEP_hand_source,hand-curated original Security funding.xlsx,KEEP,security recipient: 'Police'
60023,hand,Madagascar,MDG,Africa,,2018,Government of Madagascar,"Chinese Government donates $250,000 USD in medical equipment as part of Action Brilliant campaign (linked to #60024)","On June 6, 2018, a Memorandum of Understanding was signed between Chinese Ambassador to Madagascar Yang Xiaorong, and Madagascar's Minister of Public Health, Lalatiana Andriamanarivo, in which the Chinese Government agreed to a donation of $250,000 USD in medical equipment to the Malagasy Ministry of Public Health. The equipment was handed over on the same day.  This donation was part of the 2 week long ""Action Brilliant"" campaign that began in Antananarivo on May 31st, 2018 to offer free cataract treatment in the country. The equipment will be left in the Joseph Ravoahangy Andrianavalona Hospital. The Action Brilliant campaign may also be known as Bright Journey Project or Brightness Action campaign. As part of the program, 11 ophthalmic experts from China were sent to the capital in 2017 (see linked ProjectID#60024). ",,Completion,Grant,HEALTH,,,Unspecified Chinese Government Institution,Government Agency,272462.436969669,309789.79083451367,2018-06-06,2018-06-06,2018-06-06,KEEP_hand_source,hand-curated original Security funding.xlsx,KEEP,no rule fired
60024,hand,Madagascar,MDG,Africa,,2017,Government of Madagascar,Chinese Government dispatch 11 optometry experts to support the Light Action Campaign (Linked to Project ID#60023),"On September 19, 2017, a memorandum of understanding (MOU) for the 'Light Action Campaign' campaign was signed by Chinese Ambassador to Madagascar Yang Xiaorong and Malagasy Minister of Public Health Lalatiana Andriamanarivo. As part of the 2 week long program, 11 Chinese optometry experts were sent to the Antananarivo on May 31, 2017 to provide free cataract treatments to Malagasy patients. The goal of the campaign was to provide 200 free surgeries. Additionally, the medical equipment of the experts use was left at Joseph Ravoahangy Andrianavalona Hospital (see Project ID #60023). Because the project was only meant to run for 2 weeks, it is assumed to be completed.",,Completion,Grant,HEALTH,,,Unspecified Chinese Government Institution,Government Agency,,,2017-09-19,2017-05-31,,KEEP_hand_source,hand-curated original Security funding.xlsx,KEEP,no rule fired
60854,hand,Madagascar,MDG,Africa,,2019,Madagascar Ministry of Defense,Chinese Government donates police supplies to Madagascar National Gendarmerie  ,"On August 20, 2019, the Chinese Ambassador to Madagascar, Yang Xiaorong, presided over a ceremony officially handing over a batch of police equipment to  Madagascar's National Gendarmerie. The ceremony was also presided over by General Richard Ratsimandrava, State Secretariat in charge of the National Gendarmerie. The exact nature of the donation is unknown, as is the value of the donation.  The donation comes as a part of Chinese investment in crime prevention in other countries. According to the Embassy, Madagascar's Gendarmerie had previously received Chinese assistance, in the form of training, as well as previous donations (see ProjectID#60916). The Gendarmerie is under Madagascar's Ministry of Defense.",,Completion,Grant,GOVERNMENT AND CIVIL SOCIETY,,,Unspecified Chinese Government Institution,Government Agency,,,2019-08-20,2019-08-20,2019-08-20,KEEP_hand_source,hand-curated original Security funding.xlsx,KEEP,security recipient: 'police'
60916,hand,Madagascar,MDG,Africa,,2018,Government of Madagascar,China Ministry of Public Security donates security materials for Madagascar Police Material Purchase Project ,"On February 28, 2018, the Chinese Ambassador to Madagascar, Yang Xiaorong, took part in a signing ceremony for an Exchange of Letters Agreement with the Madagascar Ministry of Security. The letters specified that China's Ministry of Security would donate a batch of crime fighting materials to the Madagascar Ministry of Public Security. This agreement is seen as a way to strengthen diplomatic ties between China and Madagascar. This project is part of a continued investment on China's part in Madagascar's domestic security forces.   On July 25, 2019, the Government Procurement Office under the Chinese Ministry of Public Security announced a tender for the production of police equipment for the Ministry of Public Security Assisted Madagascar Police Material Purchase Project (Chinese project title: 公安部援马达加斯加警用物资采购项目). On September 6, 2019, China Machine International Tendering Co. Ltd. won the bid and will be carrying out the project for RMB 1.765 million (funded by China Ministry of Public Security). The equipment was to be delivered 51 days after the contract signing.  The equipment included 100 gas masks (RMB 480 each), 100 bulletproof vests (RMB 1,350 each), 100 police batons (RMB 300 each), 100 bulletproof helmets (RMB 1,200 each), 100 riot shields (RMB 160 each), 100 portable radios (RMB 2,860 each), 20 mobile radios (RMB 3,500 each), and 14 fixed long-distance transmission radios (RMB 57,500 each). China Machine International Tendering Co.also agreed to provide customers with free technical support, which includes: telephone support, on-site maintenance, replacement of spare parts, and regular inspections of customers.",,Implementation,Grant,GOVERNMENT AND CIVIL SOCIETY,,,China Ministry of Public Security,Government Agency,290841.787994706,330687.1129499807,2018-02-28,,,KEEP_hand_source,hand-curated original Security funding.xlsx,KEEP,security recipient: 'Ministry of Public Security'
61002,hand,Madagascar,MDG,Africa,,2017,Government of Madagascar,Chinese Embassy donates police equipment to Madagascar’s Ministry of Public Security,"On October 19, 2017, the Chinese Ambassador to Madagascar officially donated police equipment — including bulletproof vests — to Madagascar’s Ministry of Public Security. The monetary value of this donation is unknown.",,Completion,Grant,GOVERNMENT AND CIVIL SOCIETY,,,Chinese Embassy,Government Agency,,,2017-10-19,2017-10-19,2017-10-19,KEEP_hand_source,hand-curated original Security funding.xlsx,KEEP,security recipient: 'police'
88607,hand,Madagascar,MDG,Africa,,2018,Madagascar Ministry of Defense,Chinese Embassy donates sporting goods to Madagascar State Secretariat of the Gendarmerie,"On February 22, 2018, Chinese Ambassador to Madagascar Yang Xiaorong, attended a ceremony commemorating the Chinese Embassy's donation of sporting goods to the State Secretariat of the Madagascar Gendarmerie. Landry Amaha Varisua, State Secretariat of the Gendarmerie of the Ministry of National Defense, and members of the Gendarmerie basketball team attended the ceremony. The donation appeared to include several basketballs, basketball shoes, and towels. ",,Completion,Grant,OTHER SOCIAL INFRASTRUCTURE AND SERVICES,,,Chinese Embassy,Government Agency,,,2018-02-22,2018-02-22,2018-02-22,KEEP_hand_source,hand-curated original Security funding.xlsx,KEEP,security recipient: 'Gendarmerie'
96955,hand,Madagascar,MDG,Africa,,2021,Malagasy National Gendarmerie,Chinese Embassy in Madagascar donates materials to Malagasy National Gendarmerie,"On November 2, 2021, the Chinese Embassy in Madagascar donates materials to Malagasy National Gendarmerie (National Police Force of Madagascar). The donation included helmets and bulletproof vests. The monetary value of the donation is unknown. ",,Completion,Grant,OTHER SOCIAL INFRASTRUCTURE AND SERVICES,,,Chinese Embassy,Government Agency,,,2021-11-02,2021-11-02,2021-11-02,KEEP_hand_source,hand-curated original Security funding.xlsx,KEEP,security recipient: 'Gendarmerie'
52446,hand,Malawi,MWI,Africa,,2016,Government of Malawi,"Chinese Government provides $8 million interest-free loan via ETCA for education and police projects (Linked to Project iD#52348, #57910, #69223)","On January 21, 2016, the Chinese Government and the Government of Malawi signed letters of exchange for three separate projects: five community technical colleges (Project ID#57910), Mzuzu Youth Centre (Project ID #69223), and procurement of police vehicles (Project ID #57775).  Through these agreements, the Chinese Government signed letters of exchange for a soft loan of $8 million USD to support the five community technical colleges in Mzimba, Ntcheu, Zomba, Mulanje, and Nsanje districts. In addition to the loan, Chinese Government provided a $16 million grant to Malawi for the same project (Project ID #52348). The five community technical colleges project entered implementation on November 24, 2018. The contractor responsible for project implementation is China Railway 14th Bureau Group Co., Ltd. Around September 9, 2021, the company announced the completion of the project.",,Implementation,Loan,EDUCATION,,,China Ministry of Commerce,Government Agency,9446436.06686773,10740597.808028609,2016-01-21,2018-11-24,,KEEP_hand_source,hand-curated original Security funding.xlsx,KEEP,security recipient: 'police'
57775,hand,Malawi,MWI,Africa,,2016,Government of Malawi,Chinese government grants 100 vehicles worth $4 million to Malawi Police ,"On May 18, 2016, the Chinese and Malawi governments signed an Economic and Technical Cooperation Agreement (ETCA) for the provision of police vehicles to Malawi. This agreement granted 100 vehicles, including pick-ups, sedans, SUVs and buses, worth $4 million to the Malawi Police, according to the MOFCOM source. On December 11, 2017, the Chinese government handed over the vehicles to the Malawi Police Service. Donated vehicles include two buses, three lorries, 10 minibuses, 10 station wagons, 15 saloons and 60 pickups._x000D_ _x000D_ On October 22, 2015, the Chinese government initially pledged to grant $2 million for the procurement of 100 police vehicles. However, the grant amount outlined in the Embassy article clearly states that $4 million was granted for the vehicles.",,Completion,Grant,GOVERNMENT AND CIVIL SOCIETY,,,China Ministry of Commerce,Government Agency,4723218.03343386,5370298.904014299,2016-05-18,2016-05-18,2017-12-11,KEEP_hand_source,hand-curated original Security funding.xlsx,KEEP,security recipient: 'Police'
58000,hand,Malawi,MWI,Africa,,2017,Government of Malawi,Chinese Embassy in Malawi donates motorcycles worth K20 million to police,"On June 16, 2017, the Chinese embassy donated motorcycles to the Malawian police, according to the Chinese Embassy. According to the Malawi Times, 14 motorcycles were donated at a value of K20 million.  Around 100 people attended the ceremony, including Ambassador Wang, the Minister of the Interior and Internal Security, Chiumia, The Secretary-General of the State, Madura, and police chief Kachama, among other government officials and police officers.",,Completion,Grant,GOVERNMENT AND CIVIL SOCIETY,,,Chinese Embassy,Government Agency,31773.0815260006,36125.99369506268,2017-06-16,2017-06-16,2017-06-16,KEEP_hand_source,hand-curated original Security funding.xlsx,KEEP,security recipient: 'police'
58083,hand,Malawi,MWI,Africa,,2016,,Chinese government sends 20 Malawian police officers for training in China,"From May 31, 2016 to June 29, 2016, the government of China funded 20 Malawian police officers to train at the Zhejiang Police College in China. On July 1, 2016, a welcoming ceremony was held for 20 Malawian police officers who received training in China. The cost of the training is unknown._x000D_ ",,Completion,Grant,GOVERNMENT AND CIVIL SOCIETY,,,Unspecified Chinese Government Institution,Government Agency,,,2016-01-01,2016-05-31,2016-06-29,KEEP_hand_source,hand-curated original Security funding.xlsx,KEEP,security recipient: 'police'
58117,hand,Malawi,MWI,Africa,,2011,,Chinese embassy donates computers to Malawi police headquarters,"On December 7, 2011, Chinese embassy donated computers to Malawi police headquarters in Lilongwe. The value and amount of these computers is unknown.",,Completion,Grant,GOVERNMENT AND CIVIL SOCIETY,,,Chinese Embassy,Government Agency,,,2011-12-07,2011-12-07,2011-12-07,KEEP_hand_source,hand-curated original Security funding.xlsx,KEEP,security recipient: 'police'
58139,hand,Malawi,MWI,Africa,,2010,,Chinese embassy grants computers and 10 motorcycles to the Lilongwe Police ,"On August 2, 2010, Chinese embassy granted computers, rain jackets and 10 motorcycles to the Lilongwe Police. The value of this donation is unknown.",,Completion,Grant,GOVERNMENT AND CIVIL SOCIETY,,,Chinese Embassy,Government Agency,,,2010-01-01,2010-08-02,2010-08-02,KEEP_hand_source,hand-curated original Security funding.xlsx,KEEP,security recipient: 'Police'
58226,hand,Malawi,MWI,Africa,,2008,,Chinese embassy donates sports equipment to Malawi Police,"On November 17, 2008, the Chinese embassy granted sports equipment to the Malawi Police. The value of the donation is unknown. ",,Completion,Grant,GOVERNMENT AND CIVIL SOCIETY,,,Chinese Embassy,Government Agency,,,2008-11-17,2008-11-17,2008-11-17,KEEP_hand_source,hand-curated original Security funding.xlsx,KEEP,security recipient: 'Police'
70158,hand,Malawi,MWI,Africa,,2019,Malawi Ministry of Defense,China donates office supplies to the Malawi Ministry of Defense in 2019,"On April 8, 2019, Ambassador Liu Hongyang met with Deputy Defense Minister Amos Melosi to exchange views on strengthening military relations between the two countries and to donate office supplies to the Ministry of Defense. China will continue to strengthen military relations through assistance, training, and cooperation to achieve new results. Melosi spoke highly of China's long-standing support for Malawi's national defense construction and thanked the Embassy for donating office supplies to the Ministry of Defense, and pledged to continue to promote military cooperation between the two countries. The monetary value of the donation is unknown.",,Completion,Grant,GOVERNMENT AND CIVIL SOCIETY,,,Unspecified Chinese Government Institution,Government Agency,,,2019-01-01,2019-04-08,2019-04-08,KEEP_hand_source,hand-curated original Security funding.xlsx,KEEP,security recipient: 'Ministry of Defense'
97365,hand,Malawi,MWI,Africa,,2021,Government of Malawi,China donates newly constructed K188 million Nsipe Police Post to Malawi in May 2021,"On May 18, 2021, the Chinese government donated a newly constructed Nsipe Police Post to the Government of Malawi. The Nsipe Police Post, located in the Ntcheu District, will be used to assist Malawi in its reduction of road accidents and crime. It will serve a population of about 80 thousand Malawian people from Traditional Authorities Kwataine, Makwangwala, and Champiti. The Nsipe Police Post is worth K188 million.   The donation occurred at a handover ceremony, where Chinese Ambassador to Malawi Liu Hongyang and Malawi Vice President Saulos Chilima were in attendance. In addition to the Nsipe Police Post, the Chinese government also donated furniture, five motorbikes, and a refrigerator to assist the new facility. ",,Completion,Grant,GOVERNMENT AND CIVIL SOCIETY,Yes,,Unspecified Chinese Government Institution,Government Agency,235400.180306521,267650.0050085144,2021-05-18,,,KEEP_hand_source,hand-curated original Security funding.xlsx,KEEP,security recipient: 'Police'
97590,hand,Malawi,MWI,Africa,,2021,Malawi Police Service,Chinese Government provides security equipment to Malawi police force in April 2021,"On April 29, 2021, the Chinese Government donated security equipment to the Malawi police force. The equipment included 300 tents, bullet proof vests, handcuffs, gas masks, shields, helmets, shock baton sticks and binoculars. The donation has a monetary value of MK200 million ($250,000 USD).   A handover ceremony was held for this donation in Lilongwe, the capital of Malawi. Malawi’s Minister of Homeland Security, Richard Chimwendo Banda, and China’s Ambassador to Malawi, Liu Hongyang, attended the ceremony.",,Completion,Grant,GOVERNMENT AND CIVIL SOCIETY,,,Unspecified Chinese Government Institution,Government Agency,250425.723730341,284734.0478813977,2021-04-29,2021-04-29,2021-04-29,KEEP_hand_source,hand-curated original Security funding.xlsx,KEEP,security recipient: 'police'
96940,hand,Malaysia,MYS,Asia,,2021,Federation of Sarawak Chinese Associations,"The Chinese Consulate General in Kuching donates 99,000 masks to the Federation of Sarawak Chinese Associations in June 2021 (linked to project #96941, #96942)","In June 2021, the Chinese Consulate General in Kuching donated 99,000 masks, or a total of thirty boxes, to the Federation of Sarawak Chinese Associations. Consul General Cheng Guangzhong led the staff of the Consulate General to donate masks to the Federation of Sarawak Chinese Associations.  This was part of a series of donations to various entities in Sarawak State, Malaysia, in June 2021. Other donations include 201,000 masks (67 boxes) to the Sarawak State Disaster Management Committee (see project ID #96941) and a total of 380,000 masks to the Immigration Bureau, Police Station, Fire and Rescue Bureau, charity organizations, and other sectors of Sarawak (see project ID #96942).",,Completion,Grant,HEALTH,,Yes,Chinese Consulate General,Government Agency,33066.0,37596.042,2021-06-01,,2021-06-13,KEEP_hand_source,hand-curated original Security funding.xlsx,KEEP,no rule fired
96941,hand,Malaysia,MYS,Asia,,2021,Sarawak State Disaster Management Committee (SDMC),"The Chinese Consulate General in Kuching donates 201,000 masks to the Sarawak State Disaster Management Committee in June 2021 (linked to project ID #96940, #96942)","In June 2021, the Chinese Consulate General in Kuching donated 201,000 masks to the Sarawak State Disaster Management Committee (a total of 67 boxes) to support medical workers and other front-line anti-epidemic personnel. Minister of Local Government and Housing of Sarawak Dato' Seri Sim Kwai Hsien received supplies on behalf of the Sarawak Disaster Management Committee.   This was part of a series of donations to various entities in Sarawak State, Malaysia, in June 2021. Other donations include 99,000 masks (30 boxes) to the Federation of Sarawak Chinese Associations (see project ID #96940) and a total of 380,000 masks to the Immigration Bureau, Police Station, Fire and Rescue Bureau, charity organizations and other sectors of Sarawak (see project ID #96942).",,Completion,Grant,HEALTH,,Yes,Chinese Consulate General,Government Agency,67134.0,76331.35800000001,2021-06-01,,2021-06-13,KEEP_hand_source,hand-curated original Security funding.xlsx,KEEP,no rule fired
96942,hand,Malaysia,MYS,Asia,,2021,"Government of Sarawak, Malaysia","The Chinese Consulate General in Kuching donates 380,000 masks to various sectors of the Sarawak government (linked to project ID #96940, #96941)","In June 2021, the Chinese Consulate General in Kuching donated 380,000 masks to various sectors of the Sarawak government, including the Kuching Airport Immigration Bureau, Police Station, Fire and Rescue Bureau, charity organizations and other sectors of Sarawak. The staff of the Consulate General donated the masks directly.   This was part of a series of donations to various entities in Sarawak State, Malaysia, in June 2021. Other donations include 99,000 masks (30 boxes) to the Federation of Sarawak Chinese Associations (see project ID #96940) and a donation of 201,000 masks (67 boxes) to the Sarawak State Disaster Management Committee (see project ID #96941). ",,Completion,Grant,HEALTH,,Yes,Chinese Consulate General,Government Agency,126920.0,144308.04,2021-06-01,,2021-06-13,KEEP_hand_source,hand-curated original Security funding.xlsx,KEEP,no rule fired
38041,hand,Maldives,MDV,Asia,,2014,Maldives Police Service,China donates 150 police motorcycles worth RMB 2 million to Maldives Police Service,"On August 16, 2014, an exchange of letters between Maldives and China was signed that stipulated that China was to provide 150 police motorcycles to the Maldives Police Service. On January 20, 2015, the Chinese Embassy to the Maldives handed over the donated motorcycles to the Maldives Police Service in Malé, Maldives. The estimated cost of these motorcycles was RMB 2 million, according to the Maldives Police Service. _x000D_ _x000D_ The vehicles were intended to help strengthen Maldivian law enforcement. The Maldives Police Service stated that the motorcycles would allow the police to perform their duties more efficiently and swiftly. According to Miadhu, the majority of the motorcycles were to be sent to different islands to improve their police service.",,Completion,Grant,GOVERNMENT AND CIVIL SOCIETY,,,Unspecified Chinese Government Institution,Government Agency,359358.547316028,408590.6682983238,2014-08-16,2014-08-16,2015-01-20,KEEP_hand_source,hand-curated original Security funding.xlsx,KEEP,security recipient: 'police'
38709,hand,Maldives,MDV,Asia,,2014,,China funds scholarships for 20 Maldivian police officers to attend seminar in China,"On April 7, 2014, a farewell ceremony was held in Maldives for 20 officers to go to China for a seminar on police service. The program was held from April 10 to April 24.",,Completion,Grant,GOVERNMENT AND CIVIL SOCIETY,,,Unspecified Chinese Government Institution,Government Agency,,,2014-01-01,2014-04-10,2014-04-24,KEEP_hand_source,hand-curated original Security funding.xlsx,KEEP,security recipient: 'police'
53666,hand,Maldives,MDV,Asia,,2015,Maldives National Defence Force,Chinese Government donates a sea ambulance to Maldives National Defence Force,"In 2014, during Xi Jinping's state visit to the Maldives, he pledged that the Chinese Government would donate a sea ambulance to Maldives. Then, in 2015, during the visit of President of Maldives Abdulla Yameen Abdul Gayoom to China, the Maldives and China formally agreed to gift a sea ambulance to the Maldives. The sea ambulance was handed over to the Maldives National Defence Force (MNDF) on July 12, 2018. _x000D_ _x000D_ Additionally, Chinese Ambassador to Maldives Zhang Lizhong pledged that China would provide the required technical assistance for the boat. A Chinese expert team trained the Maldivians in ambulance driving and use of the medical equipment. Training was completed by October 30, 2018. _x000D_ _x000D_ According to the Edition, the donated sea ambulance was larger and featured more medical facilities than the existing 25 Maldivian sea ambulances. The 26-meter-long vessel was equipped with a “mini-medical theater,” including facilities for scans, electrocardiography tests, intravenous therapy, and oxygen delivery. The Chinese Embassy reported in July 2018 that the ambulance would improve the health and well-being of the Maldivian people. Many Maldivians live on remote islands and have poor medical conditions, so the ambulance would greatly improve the ability to transport and treat them. According to the Edition, medics had encountered drawbacks while transferring emergency patients from the atolls to Malé because of the length of travel, and the donation of the fully-equipped sea ambulance would help alleviate this problem. The Coast Guard was to manage to the new vessel.",,Completion,Grant,HEALTH,,,Unspecified Chinese Government Institution,Government Agency,,,2015-01-01,2018-07-12,2018-07-12,KEEP_hand_source,hand-curated original Security funding.xlsx,KEEP,security recipient: 'Defence'
31113,hand,Mali,MLI,Africa,,2013,United Nations Multidimensional Integrated Stabilization Mission in Mali (MINUSMA),Chinese Government sends peacekeeping medical workers and engineers to join the United Nations Multidimensional Integrated Stabilization Mission in Mali (Linked to Project ID#87024),"On December 3, 2013, the People's Liberation Army (PLA) sent 135 peacekeepers to Mali to join the United Nations Multidimensional Integrated Stabilization Mission in Mali (MINUSMA). The peacekeeping force, drawn from troops based in Harbin, China, consisted of 35 engineers, 65 medical workers, and 35 soldiers. For the soldiers involved in this peacekeeping detachment, see linked project ID#87024; the engineers and medical workers are captured by this project. The Chinese peacekeepers arrived in Bamako, Mali on December 4, 2013 for an eight-month long mission. More peacekeepers arrived later; ultimately, 365 Chinese peacekeepers served between December 2013 and the mission's completion in August 2014. The peacekeepers were set to work on repairing roads and bridges and providing medical assistance, while the security forces were to guard MINUSMA's headquarters and barracks. This was reportedly the first time the PLA sent security forces on a peacekeeping mission.",,Completion,Grant,GOVERNMENT AND CIVIL SOCIETY,,,People's Liberation Army of China,Government Agency,,,2013-01-01,2013-12-04,2014-08-01,KEEP_hand_source,hand-curated original Security funding.xlsx,KEEP,security recipient: 'peacekeeping'
85693,hand,Mali,MLI,Africa,,2019,Malian Military Family Association,Chinese Embassy donates sewing machines and other materials to the Malian Military Family Association,"On September 20, 2019, the Chinese Embassy in Mali donated sewing machines and other materials to the Malian Military Family Association. The materials were handed over by Ambassador Zhu Liying.",,Completion,Grant,OTHER SOCIAL INFRASTRUCTURE AND SERVICES,,,Chinese Embassy,Government Agency,,,2019-09-20,2019-09-20,2019-09-20,KEEP_hand_source,hand-curated original Security funding.xlsx,KEEP,security recipient: 'Military'
20599,hand,Mauritius,MUS,Africa,,2005,Mauritius Police Force,Chinese Government donates 12 buses to Mauritius Police Force,"In 2005, China donated 12 seventeen-seat Huaxi buses for use by the Mauritian Police department. The value for this project is unknown.",,Completion,Grant,GOVERNMENT AND CIVIL SOCIETY,,,Unspecified Chinese Government Institution,Government Agency,,,2005-01-01,,,KEEP_hand_source,hand-curated original Security funding.xlsx,KEEP,security recipient: 'Police'
56719,hand,Mauritius,MUS,Africa,,2012,Mauritian Police Department,ZTE donation of radio equipment to Mauritius Police Force,"ZTE Corporation China donated two B.T.S. radio sets (Model ZXC10) worth Rs. 4,960,000 to the Mauritius Police Department, specifically the Communications Branch.  The date of donation is listed as April 5 2012.",,Completion,Grant,GOVERNMENT AND CIVIL SOCIETY,,,ZTE Energy,State-owned Company,193476.558079431,219982.84653631307,2012-01-01,2012-04-05,2012-04-05,KEEP_hand_source,hand-curated original Security funding.xlsx,KEEP,security recipient: 'Police'
56720,hand,Mauritius,MUS,Africa,,2012,Mauritian Police Department,"Chinese Government donates printers, laptops, TVs and other equipment valued at Rs. 675,000 to the Mauritius Police Force","In 2012, the Chinese Government donated 15 system unit Lenovos, 15 flat panel monitor Lenovos, 10 HP Printers, 5 Lenovo laptops, 2 LCD Hisense TVs and 1 Konika TV to the Mauritius Police Force. These items have an estimated value of 675,000 Rs. The donation was received on June 5, 2012.",,Completion,Grant,GOVERNMENT AND CIVIL SOCIETY,,,Unspecified Chinese Government Institution,Government Agency,26329.9751418581,29937.18173629266,2012-01-01,2012-06-05,2012-06-05,KEEP_hand_source,hand-curated original Security funding.xlsx,KEEP,security recipient: 'Police'
56721,hand,Mauritius,MUS,Africa,,2012,Mauritian Police Department,Chinese Government donates electronic equipment to the Mauritius Police Force,"In 2012, the Chinese Government donated equipment to the Mauritius Police Force, listed as: diagnosis equipment for an MG6 vehicle, a Samsung laptop, a charger, a mouse, and laptop carrying case worth Rs. 30,000. The donation was received on October 24, 2012. ",,Completion,Grant,GOVERNMENT AND CIVIL SOCIETY,,,Unspecified Chinese Government Institution,Government Agency,1170.22111741591,1330.5414105018897,2012-01-01,2012-10-24,2012-10-24,KEEP_hand_source,hand-curated original Security funding.xlsx,KEEP,security recipient: 'Police'
85678,hand,Mauritius,MUS,Africa,,2018,Mauritius Police Force,Chinese Embassy donates office supplies to the Headquarters of the Mauritian Police,"On August 14, 2018, the Chinese Embassy in Mauritius donated some office supplies to the Mauritius Police Headquarters, and a donation ceremony was held. The donation was in gratitude for the Mauritian Police's assistance during President Xi Jinping's visit in July. The ceremony was attended by Mauritius Police Chief Connaught and Counselor Song Yanqun. The specific materials donated and the value of the donation is unknown.",,Completion,Grant,GOVERNMENT AND CIVIL SOCIETY,,,Chinese Embassy,Government Agency,,,2018-08-14,2018-08-14,2018-08-14,KEEP_hand_source,hand-curated original Security funding.xlsx,KEEP,security recipient: 'Police'
85868,hand,Mauritius,MUS,Africa,,2018,"Mauritius Ministry of Social Security, National Solidarity and Environment and Sustainable Development",,"On and around June 5, 2018, the Chinese Government provided the Flood Control and Disaster relief techniques and management for developing countries training to the Ministry of Social Security, National Solidarity and Environment and Sustainable Development of Mauritius. Two Mauritian officials received training in this project (pg.284 of ""Statement of Foreign Aid Received for the financial year 2017-2018""). ",,Completion,Grant,DISASTER PREVENTION AND PREPAREDNESS,,,Unspecified Chinese Government Institution,Government Agency,,,2018-06-05,2018-06-05,,KEEP_hand_source,hand-curated original Security funding.xlsx,KEEP,no rule fired
92229,hand,Mauritius,MUS,Africa,,2020,Government of Mauritius ,Chinese government donates COVID medical materials to Mauritius,"On July 23, 2020, Chinese Ambassador Sun Gongyi and his wife Wang Ju handed over anti-epidemic materials donated by the Chinese government to the wife of the Prime Minister of Mauritius, Kobita Jagannath, on behalf of first lady Peng Liyuan. The handover ceremony took place at the treasury building in Port-Louis, the capital of Mauritius.  The donated materials included medical protection gear, face masks, and body temperature scanning devices.   The supplies were donated at the request of the Organization of African First Ladies for Development. The donation to Mauritius was part of a larger series of donations to 53 African countries sent on the behalf of first lady Peng Liyuan.    The Mauritian Ministers of Social Integration, Social Security and National Solidarity, and Gender Equality and Family Welfare, as well as several female parliamentary representatives were also present at the handover ceremony.",,Completion,Grant,HEALTH,,Yes,Unspecified Chinese Government Institution,Government Agency,,,2020-07-23,2020-07-23,2020-07-23,KEEP_hand_source,hand-curated original Security funding.xlsx,KEEP,no rule fired
98105,hand,Mauritius,MUS,Africa,,2016,Mauritius Police Force,Chinese Embassy donates reflective vests to the Mauritius Police Force,"On July 14, 2016, the Chinese Embassy donated a batch of reflective vests to the Mauritius Police Force.",,Completion,Grant,GOVERNMENT AND CIVIL SOCIETY,,,Chinese Embassy,Government Agency,,,2016-07-14,,,KEEP_hand_source,hand-curated original Security funding.xlsx,KEEP,security recipient: 'Police'
70317,hand,Mexico,MEX,America,,2017,Government of Mexico,China Zhejiang Police Academy Holds Special Training Class for the Mexican police,"In July 2017, the China Zhejiang Police Academy will hold a special training class for the Mexican police in July. On 30 June 2017, the Ambassador to Mexico went to the Chinese Embassy in Mexico to prepare the Mexican police for their travels to China for training.",,Completion,Grant,GOVERNMENT AND CIVIL SOCIETY,,,Unspecified Chinese Government Institution,Government Agency,,,2017-01-01,2017-07-01,2017-07-31,KEEP_hand_source,hand-curated original Security funding.xlsx,KEEP,security recipient: 'Police'
91587,hand,Mexico,MEX,America,,2020,Institute of Security and Social Services of State Workers,"Chinese Government provides USD $425,000 worth of anti-epidemic supplies to the Mexican Institute of Security and Social Services of State Workers in June 2020","On June 25, 2020, the Chinese government donated 100,000 surgical masks, 20,000 PPE suits, 20,000 N95 masks, 20,000 infrared thermometers, 10,000 goggles, and 20,000 face shields to the Mexican Institute of Security and Social Services of State Workers (ISSSTE). This donation is valued at USD $425,000.  A handover ceremony was held for this donation. China’s Ambassador to Mexico, Zhu Qingqiao, the Deputy Foreign Minister for Multilateral and Human Rights Affairs of the Mexican Ministry of Foreign Affairs, the Director of the Federal Commission for the Prevention of Health Risks, the Director of the Security and Service Bureau, and Zou Chuanming, the Commercial Counselor of the Embassy, ​​attended the ceremony.  Commercial Counselor Zou Chuanming and Director Ramirez signed a material handover certificate at the ceremony.",,Completion,Grant,HEALTH,,Yes,Unspecified Chinese Government Institution,Government Agency,474655.726014644,539683.5604786503,2020-06-25,2020-06-25,2020-06-25,KEEP_hand_source,hand-curated original Security funding.xlsx,KEEP,no rule fired
98576,hand,Mexico,MEX,America,,2017,Secretariat of Security and Civilian Protection of Tijuana,"Chinese Consulate General in Tijuana, Yu Bo donates laptops to Tijuana’s Police Department in 2017","In 2017, the Consulate of the People’s Republic of China in Tijuana, Yu Bo donated office laptops to the Tijuana Police Department or the Secretariat of Security and Civilian Protection of Tijuana. The specific amount of laptops donated or their worth is unknown. ",,Completion,Grant,GOVERNMENT AND CIVIL SOCIETY,,,Chinese Consulate General,Government Agency,,,2017-01-01,,,KEEP_hand_source,hand-curated original Security funding.xlsx,KEEP,security recipient: 'Police'
64542,hand,Micronesia,FSM,Oceania,,2017,"Government of Micronesia, Federated States of",Chinese Government donation of police uniforms to FSM in 2017,"On September 15, 2017, a handover ceremony took place. During the ceremony, the Embassy handed over police uniform to the police of Pohnpei State and Kolonia Town. _x000D_ ",,Completion,Grant,GOVERNMENT AND CIVIL SOCIETY,,,Unspecified Chinese Government Institution,Government Agency,,,2017-01-01,2017-09-15,2017-09-15,KEEP_hand_source,hand-curated original Security funding.xlsx,KEEP,security recipient: 'police'
94129,hand,Moldova,MDA,Europe,,2020,Government of Moldova,Chinese Government donates second batch of anti-epidemic supplies to Moldova in March 2020 (linked to project ID#94131),"On March 30, 2020, the Chinese government donated the second batch of anti-epidemic supplies to Moldova. The handover ceremony was conducted at the Ministry of Health, Labor and Social Security of Moldova, and Zhang Yinghong, the Chinese Ambassador to Moldova, and Dombrevianu, the Minister of Health of Moldova, attended the event. The specific supplies are unknown, but the purpose of this donation is to help Moldova fight against the pandemic.  This project is linked to project ID #94131, which details the first batch of supplies donated to Moldova from China in March 2020. ",,Completion,Grant,HEALTH,,Yes,Unspecified Chinese Government Institution,Government Agency,,,2020-03-01,2020-03-30,2020-03-30,KEEP_hand_source,hand-curated original Security funding.xlsx,KEEP,no rule fired
40207,hand,Mongolia,MNG,Asia,,2002,Military Central Clinic of Mongolia,China donates medical equipment worth 8 million RMB to Mongolia,"On July 24, 2002 the Defense Ministry of China donated medical instruments worth 8 million yuan to the Military Central Clinic of Mongolia.  ",,Completion,Grant,HEALTH,,,China Ministry of National Defense,Government Agency,2415802.02275759,2746766.8998753796,2002-01-01,2002-07-24,2002-07-24,KEEP_hand_source,hand-curated original Security funding.xlsx,KEEP,security recipient: 'Military'
66317,hand,Mongolia,MNG,Asia,,2017,,Ministry of Defense of China grants 2 million RMB worth of Police Equipment to Mongolia,"On May 4, 2017, Chinese Ambassador Haiming Xing, representing the Chinese Government, handed over a donation of equipment from the Ministry of National Defense of China to the Mongolian Police. The donation includes Iveco minibuses, gas masks, and police equipment, and is worth 2 million RMB in non-refundable aid.",,Completion,Grant,GOVERNMENT AND CIVIL SOCIETY,,,China Ministry of National Defense,Government Agency,341057.282050666,387782.12969160726,2017-01-01,2017-05-04,2017-05-04,KEEP_hand_source,hand-curated original Security funding.xlsx,KEEP,security recipient: 'Ministry of Defense'
70305,hand,Mongolia,MNG,Asia,,2016,Government of Mongolia,Chinese Government provides RMB 10.3 million grant for provision of supplies and equipment to support the 11th ASEM Summit,"On January 5, 2016, Chinese Government and the Government of Mongolia signed letters of exchange, which committed RMB 10,395100 of grant funding for the provision of furniture and  audio-visual equipment — including simultaneous interpretation equipment, fire-fighting equipment, police equipment, large conference tables, sofas, and podiums — to support the 11th ASEM Summit in July 2016. The grant agreement was signed by the Minister of Commerce of the People's Republic of China (Gao Huchen). China Civil Engineering Construction Group Co., Ltd. and Jiangsu Sainty Co., Ltd.  were the contractors responsible for implementation. One batch of supplies and equipment arrived by plane on April 29, 2016. Another batch arrived by train on June 18, 2016.  All supplies were handed over by July 21, 2016.",,Completion,Grant,GOVERNMENT AND CIVIL SOCIETY,,,China Ministry of Commerce,Government Agency,1847171.86543028,2100234.4109942284,2016-02-03,2016-04-29,2016-07-21,KEEP_hand_source,hand-curated original Security funding.xlsx,KEEP,no rule fired
90651,hand,Mongolia,MNG,Asia,,2020,General Police Department of Mongolia,Chinese Ministry of Public Security donates medical supplies to General Police Department of Mongolia,"On May 13, 2020, the Chinese Ministry of Public Security donated medical supplies including masks, protective clothing, goggles, and other anti-epidemic materials to the General Police Department of Mongolia to show support for the Mongolian police as they battle the pandemic. The monetary value of the donation is unknown.",,Completion,Grant,HEALTH,,Yes,China Ministry of Public Security,Government Agency,,,2020-05-13,2020-05-13,2020-05-13,KEEP_hand_source,hand-curated original Security funding.xlsx,KEEP,security recipient: 'Ministry of Public Security'
940,hand,Mozambique,MOZ,Africa,,2001,Government of Mozambique,"Chinese Government donates de-mining equipment worth $150,000 to Mozambique's Armed Forces","On July 20, 2001 China delivered de-mining equipment to the Mozambique Defence Armed Forces. The equipment, which includes assorted mine detectors and protection gear for sappers, is worth more than 150,000 dollars.  Mozambican Defence Minister Tobias Dai said the equipment would be used in designated minefields so as to permit the implementation of socioeconomic projects. ",,Completion,Grant,GOVERNMENT AND CIVIL SOCIETY,,,Unspecified Chinese Government Institution,Government Agency,377180.665111996,428854.41623233946,2001-01-01,2001-07-20,2001-07-20,KEEP_hand_source,hand-curated original Security funding.xlsx,KEEP,security recipient: 'de-mining'
1119,hand,Mozambique,MOZ,Africa,,2005,Government of Mozambique,Chinese Government provides police equipment to Mozambique’s Ministry of Interior worth $3 million,"On March 2, 2005 the Mozambican Interior Ministry received a donation from China, valued at three million US dollars, intended to boost the capacity of the police force. The donation included 300 motorbikes, 500 helmets, bullet- proof jackets, and masks for the riot police, 100 large tents, with a capacity ranging from 36 to 100 people, 5,000 police uniforms, 6,000 torches for the traffic police, 25 computers, 15 fax machines, and even equipment for the police band. The donation results from an agreement on economic and technical cooperation signed between the two countries in Beijing in April 2004.   The donation was gifted at a handover ceremony in Maputo.  The handover certificates were signed by Minister José Pacheco and Ambassador Hong Hong.  ",,Completion,Grant,GOVERNMENT AND CIVIL SOCIETY,,,Unspecified Chinese Government Institution,Government Agency,6510700.04884244,7402665.955533855,2005-01-01,2005-03-02,2005-03-02,KEEP_hand_source,hand-curated original Security funding.xlsx,KEEP,security recipient: 'police'
30375,hand,Mozambique,MOZ,Africa,,2012,,China pledges to donate equipment to the Maputo Military Hospital in Mozambique valued at 20 million CNY,"On February 27, 2012, the Chinese government pledged to donate equipment to the Maputo Military Hospital valued at a total of 20 million CNY (about 3.2 million USD). The equipment included both medical and office equipment (X-ray machines, scanners, and ultrasound machines), which should arrive between September and November of 2012. The agreement was signed by the Permanent Secretary of the Mozambican Defense Ministry, Maj-Gen Teofilo Joao, and the director of military cooperation in the Chinese Defense Ministry, Qian Li Hua. Reports from 2013 indicate that two donations were carried out in 2012 by the Chinese government to the Military Hospital.  Related to project #85219. ",,Completion,Grant,HEALTH,,,Unspecified Chinese Government Institution,Government Agency,3722278.04221554,4232230.133999069,2012-02-27,,,KEEP_hand_source,hand-curated original Security funding.xlsx,KEEP,security recipient: 'Military'
34242,hand,Myanmar,MMR,Asia,,2005,,China trains 4th batch of Myanmar police in combating drug trafficking,"Through a bilateral program, China provided in-country drug enforcement training to 35 Myanmar police officers for one month. This was the fourth group from Myanmar to undergo the training program, which began in 2002. The police officers were trained in the Yunnan Police Officer Academy.",,Completion,Grant,GOVERNMENT AND CIVIL SOCIETY,,,Unspecified Chinese Government Institution,Government Agency,,,2005-01-01,,,KEEP_hand_source,hand-curated original Security funding.xlsx,KEEP,security recipient: 'police'
38528,hand,Myanmar,MMR,Asia,,2012,,China grants Myanmar 40 million yuan for Mekong River Security Cooperation Project,"In 2012, China committed 40 million yuan for the Security Cooperation Project for the Mekong River. The two countries signed an agreement under the Economic and Technical Cooperation. Start and end dates are as claimed by original source.",,Implementation,Grant,GOVERNMENT AND CIVIL SOCIETY,,,Unspecified Chinese Government Institution,Government Agency,7444556.08443109,8464460.26799815,2012-01-01,2012-09-16,,KEEP_hand_source,hand-curated original Security funding.xlsx,KEEP,no rule fired
49170,hand,Myanmar,MMR,Asia,,2015,Myanmar Ministry of Home Affairs,"China Eximbank provides RMB 246.1 million government concessional loan for MOI acquisition of cars, patrol boats, police vehicles and helicopters (Linked to Project ID#98029, 96221)","On March 11, 2015, the Parliament of Myanmar approved a government proposal to accept a RMB 246,149,000 ($39 million) government concessional loan (GCL) from China Eximbank for the Ministry of Interior to purchase 985 cars, patrol boats, vehicles, and helicopters for the country's police force. The GCL agreement, which was signed by China Eximbank and the Government of Myanmar on August 28, 2015, carried the following borrowing terms: a 20 year maturity, a 5 year grace period, a 4.5% interest rate, a 0.4% commitment fee, and a 0.4% management fee. China National Aero-Technology Import & Export Corporation (CATIC) is the contractor responsible for implementation. The Ministry of Interior (Home Affairs) had received 8 vehicles from CATIC by December 2015. This equipment acquisition project is part of a larger police force upgrading project (警察部队升级项目) and it was designed to address an equipment shortage causing problems in the police force.  There are some indications that the China Eximbank loan for the acquisition of 985 cars, patrol boats, vehicles, and helicopters for the country's police forcea may have financially underperformed vis-a-vis the original expectations of the lender. In 2020, China Eximbank and the Government of Myanmar signed a debt suspension agreement as part of the G-20 Debt Service Suspension Initiative (DSSI). Under the terms of the agreement, the lender agreed to suspend principal and interest payments due between May 1, 2020 and December 31, 2020 under 3 buyer’s credit loan (BCL) agreements, 6 government concessional loan (GCL) agreements, and 27 preferential buyer’s credit (PBC) agreements (as captured via Project ID#98029).  Debt service payments under many of these loan agreements were again deferred in 2021 (as captured via Project ID#96221).",,Implementation,Loan,GOVERNMENT AND CIVIL SOCIETY,Yes,,Export-Import Bank of China (China Eximbank),State-owned Policy Bank,43950874.1234508,49972143.878363565,2015-08-28,,,KEEP_hand_source,hand-curated original Security funding.xlsx,KEEP,security recipient: 'police'
63021,hand,Myanmar,MMR,Asia,,2014,,Chinese Government donates police supplies in 2014,"During the visit of Premier Li Keqiang to Myanmar, in November 12-14, 2014, the Exchange Letter of the China-Aid Police Supplies between MOFCOM and Ministry of National Planning and Economic is signed. China is going to donate police supplies to Myanmar Government. The project is completed in 2014. ",,Completion,Grant,GOVERNMENT AND CIVIL SOCIETY,,,Unspecified Chinese Government Institution,Government Agency,,,2014-11-01,,,KEEP_hand_source,hand-curated original Security funding.xlsx,KEEP,security recipient: 'police'
63066,hand,Myanmar,MMR,Asia,,2012,,Chinese Government donation of office equipment to the police force in Myanmar in 2012,"On March 14 of 2012, based on the news release from Embassy of China in Myanmar, the Embassy donates computer equipment such as computers to the police forces of the Ministry of Internal Affairs of Myanmar. _x000D_ _x000D_ The Chief of Staff of the Myanmar Police Force, Brigadier General Xi Xianxi, attended the handover ceremony and thanked the Chinese Embassy for giving office equipment to the Myanmar police. He praised the move and reflected the friendship between China and Myanmar. He said that the Myanmar police are willing to further strengthen law enforcement cooperation between the two countries._x000D_ ",,Completion,Grant,GOVERNMENT AND CIVIL SOCIETY,,,Chinese Embassy,Government Agency,,,2012-01-01,2012-03-14,2012-03-14,KEEP_hand_source,hand-curated original Security funding.xlsx,KEEP,security recipient: 'police'
63067,hand,Myanmar,MMR,Asia,,2017,,Embassy of China in Myanmar donates police bicycles and communication equipment to the Yangon Provincial Police Department in 2017,"On January 13, 2017, based on the press release from Embassy of China in Myanmar, the Embassy donates 100 police bicycles and 13 intercoms to the Yangon Provincial Police Department. According to the release from CRI.cn, the value of the donation is about USD 12 thousand._x000D_ ",,Completion,Grant,GOVERNMENT AND CIVIL SOCIETY,,,Chinese Embassy,Government Agency,13828.0578842516,15722.50181439407,2017-01-01,2017-01-13,2017-01-13,KEEP_hand_source,hand-curated original Security funding.xlsx,KEEP,security recipient: 'police'
63836,hand,Myanmar,MMR,Asia,,2015,,Chinese Government donates police vehicles to Myanmar,"On November 27 2015, based on the news release from the Embassy of China in Myanmar,  the handover ceremony of Chinese police vehicles to Myanmar was held in Naypyidaw. _x000D_ _x000D_ The donation includes 245 police pickups and 120 police saloon cars. _x000D_ _x000D_ The Chinese ambassador to Myanmar Hong Liang, the Myanmar Interior Minister's elder brother Lieutenant General and police director Major General Zo Wen attended the ceremony.",,Completion,Grant,GOVERNMENT AND CIVIL SOCIETY,,,Unspecified Chinese Government Institution,Government Agency,,,2015-01-01,2015-11-27,2015-11-27,KEEP_hand_source,hand-curated original Security funding.xlsx,KEEP,security recipient: 'police'
63837,hand,Myanmar,MMR,Asia,,2017,,Chinese Government donate police equipments to Myanmar Government ,"On September 20th 2017, based on the news release from Embassy of China in Myanmar, Ambassador Hong Liang in Burma met with Minister of State Affairs of the State of the Republic of Myanmar Juddin Rui and donated police supplies to the Myanmar government on behalf of the Chinese government. _x000D_ _x000D_ According to the news release from mhwmm.com, donated police equipments include 500 bulletproof helmets and 200 law enforcement recorders. This batch of police materials will be mainly used for the equipment update of the security forces in Rakhine State and enhancing the level of local police security. ",,Completion,Grant,GOVERNMENT AND CIVIL SOCIETY,,,Unspecified Chinese Government Institution,Government Agency,,,2017-01-01,2017-09-20,2017-09-20,KEEP_hand_source,hand-curated original Security funding.xlsx,KEEP,security recipient: 'police'
64080,hand,Myanmar,MMR,Asia,,2019,Myanmar Ministry of Interior,"Embassy of China in Myanmar donates emergency police equipment worth $267,968.62 to Myanmar Ministry of Home Affairs in 2019 ","On January 24, 2019, China decided to grant Myanmar's Home Affairs Police equipment worth of $267,968.62. On April 6, 2019, the equipment arrived at the Port of Naypyidaw.  On May 13, 2019, according to the news release from the Embassy of China in Myanmar, the Embassy handed the equipment over. The aid was intended to help the Myanmar police maintain peace and stability in the context of the Rakhine State issue. The handover ceremony was held in Nay Pyi Taw, and the Chinese Ambassador to Myanmar Hong Liang and Myanmar Home Affairs Minister Kyaw Rui delivered speeches.",,Completion,Grant,GOVERNMENT AND CIVIL SOCIETY,,,Chinese Embassy,Government Agency,301080.05862872,342328.02666085464,2019-01-24,2019-01-24,2019-05-13,KEEP_hand_source,hand-curated original Security funding.xlsx,KEEP,security recipient: 'police'
64577,hand,Myanmar,MMR,Asia,,2016,,PLA donation of medical equipment to the Burmese military in 2016,"Based on the news release from the Embassy of China in Myanmar, on August 9, 2010, the handover ceremony of China's army's assistance to the Burmese military medical equipment was held in the command headquarters of the National Defense Forces in Naypyidaw. Military officer Wang Jinbo and the director of the Military Medical Bureau of the National Defense Command jointly signed the transfer documents. The batch of medical equipment includes ambulances, digital X-ray machines, and mobile dental clinics.",,Completion,Grant,GOVERNMENT AND CIVIL SOCIETY,,,People's Liberation Army of China,Government Agency,,,2016-01-01,2010-08-09,2010-08-09,KEEP_hand_source,hand-curated original Security funding.xlsx,KEEP,security recipient: 'military'
64660,hand,Myanmar,MMR,Asia,,2005,,Embassy of China donates office equipment to the police force,"On February 7, 2005,  based on the news release from the Embassy of China in Myanmar, Ambassador Li Jinjun went to the Ministry of the Interior of Myanmar to represent the embassy in donating five sets of 3 million Kyat computers and printers to the police force of the Ministry of the Interior. ",,Completion,Grant,GOVERNMENT AND CIVIL SOCIETY,,,Chinese Embassy,Government Agency,1119029.48496996,1272336.5244108443,2005-01-01,2005-02-07,2005-02-07,KEEP_hand_source,hand-curated original Security funding.xlsx,KEEP,security recipient: 'police'
64710,hand,Myanmar,MMR,Asia,,2017,,Chinese embassy provides Chinese language training course for the Police Force,"Based on the news release from the Embassy of China in Myanmar, on May 2, 2017, the Embassy provides a Chinese language training course for the Myanmar Police Force. The opening ceremony was held in the headquarters building of the Myanmar Police Force in Naypyidaw. This training course is the fourth Chinese language training course for Burmese civil servants organized by the Chinese Embassy in Myanmar at the request of the Myanmar Police Force._x000D_ _x000D_ _x000D_ _x000D_ ",,Completion,Grant,EDUCATION,,,Chinese Embassy,Government Agency,,,2017-05-02,2017-05-02,,KEEP_hand_source,hand-curated original Security funding.xlsx,KEEP,security recipient: 'Police'
67077,hand,Myanmar,MMR,Asia,,2018,Government of Myanmar (Burma),People's Liberation Army of China participates in the minesweeping at Myanmar border,"On December 27, 2018, the emergency minesweeping action on the border between China and Myanmar formally began. This minesweeping action is an emergency clearing of a minefield on the border between China and Myanmar in the city of Mangshi of Dehong Dai and Jingpo Autonomous Prefecture in southwestern China’s Yunnan Province, and will help protect the lives and property of the people along the border and improve safety to facilitate the development and opening up of the border area. The Army of Southern Theater Command of the Chinese People’s Liberation Army (PLA) organized a team comprised of more than 300 minesweepers from the former Yunnan de-mining group to form this minesweeping unit. The exact end date of this project is unknown, but this project is completed. ",,Completion,Grant,GOVERNMENT AND CIVIL SOCIETY,,,People's Liberation Army of China,Government Agency,,,2018-01-01,2018-12-27,,KEEP_hand_source,hand-curated original Security funding.xlsx,KEEP,security recipient: 'Army'
68542,hand,Myanmar,MMR,Asia,,2018,Lancang-Mekong Cooperation (LMC) Special Fund,Lancang-Mekong Cooperation Special Fund provides USD 2.4 million loan to Myanmar for 10 projects,"On January 5, 2018, China and Myanmar signed the project agreement for the first batch of Myanmar-designated projects under the Lancang-Mekong Cooperation Fund. According to the agreement, China sponsors Myanmar to carry out feasibility studies including the expansion of the Mekong River and Myanmar’s Wanpeng Port, rice cultivation and optimized planting, coffee production and quality improvement, rural development and vegetable cultivation technology transfer, safe and high-quality planting technology for fruits and vegetables, and promotion of home gardening technology promotion. The agreement marks the official implementation of the first 10 projects of the Lancang-Mekong Special Fund for Myanmar, such as poverty reduction, youth cultural exchange, and heritage protection. This agreement provided USD 2.4 million to aid these 10 projects implemented in Myanmar.  Details of projects provided for under this fund are listed below:  Project ID#64150: National Cultural Heritage Management Training Course; completed February 19-21, 2019; unknown transaction value Project ID#64003: Wan Beng Police Conference Room and Administration Building Construction Project; completed by the end of May 2019; unknown transaction value Project ID#64096: Wan Beng Terminal Construction Feasibility Study; completed by the end of May 2020; unknown transaction value Project ID#64149: Lancang-Mekong Cultural Exchange Youth Camp; unknown transaction value Project ID#63881: Five Agricultural Projects under LMC Fund; launched on December 19, 2018 and under implementation as of July 2019; unknown transaction value",,Implementation,Loan,OTHER MULTISECTOR,Yes,,Unspecified Chinese Government Institution,Government Agency,2615639.39490882,2973981.992011328,2018-01-05,,,KEEP_hand_source,hand-curated original Security funding.xlsx,KEEP,no rule fired
88729,hand,Myanmar,MMR,Asia,,2018,Myanmar Ministry of Hotels and Tourism,Chinese Embassy hosts Chinese training course for Myanmar Ministry of Hotels and Tourism staff in 2018,"In 2018, the Chinese Embassy funded a Chinese training course for staff in the Ministry of Hotels and Tourism and its police force in Myanmar. A total of 21 people attended the course, which was taught by Eastern Language & Business Center in Yangon. On October 5, 2018, the closing ceremony of the training course was held in Yangon. Tian Shanting, the Cultural Counselor of the Chinese Embassy in Myanmar, and Wu Ne Win, the Director of the Department of Hotel and Tourism Supervision, attended the closing ceremony and delivered speeches. The monetary value of the training is uknown.",,Completion,Grant,EDUCATION,,,Chinese Embassy,Government Agency,,,2018-10-05,,2018-10-05,KEEP_hand_source,hand-curated original Security funding.xlsx,KEEP,no rule fired
90692,hand,Myanmar,MMR,Asia,,2020,Myanmar Ministry of Immigration and Population (MIP)|Myanmar Myitkyina Airport|Myitkyina District Police Force,State Power Investment Corporation Limited donates medical equipment in March 2020 to Myanmar government ,"SPIC Yunnan International (Chipwi Nge Branch) has donated 4,000 medical masks, 112 bottles of disinfectant and other supplies to Myitkyina Airport, Myitkyina Police Station and Immigration Office of Kachin State on behalf of SPIC Yunnan International on March 17, 2020.",,Completion,Grant,HEALTH,,Yes,State Power Investment Corporation (SPIC) Yunnan International Company,State-owned Company,3127.14360668471,3555.5622808005155,2020-03-17,,2020-03-18,KEEP_hand_source,hand-curated original Security funding.xlsx,KEEP,security recipient: 'Police'
92993,hand,Myanmar,MMR,Asia,,2020,Mandalay Region Government|Ministry of Defense of Myanmar|Myanmar Ministry of Natural Resources and Environmental Conservation (MONREC),"Yunnan Geology and Mineral Resources Exploitation Group donates Covid supplies in May 2020 to Myanmar Ministry of Natural Resources and Environmental Protection of Myanmar, the Myanmar National Defense Forces, and the Mandalay Provincial Government","On May 15, 2020 the Yunnan Gold Group (formerly known as Yunnan Geology and Mineral Resources Group) donated anti-pandemic supplies including surgical and N-95 masks to Ministry of Natural Resources and Environmental Protection of Myanmar, the Myanmar National Defense Forces, the Mandalay Provincial Government, and other unspecified government agencies. ",,Completion,Grant,HEALTH,,Yes,Yunnan Geology and Mineral Resources Exploitation Group,State-owned Company,,,2020-05-01,,2020-05-01,KEEP_hand_source,hand-curated original Security funding.xlsx,KEEP,security recipient: 'Defense'
1241,hand,Namibia,NAM,Africa,,2008,Government of Namibia,China Eximbank provides RMB 300 million government concessional loan for Modern Customs Scanning Equipment Acquisition Project (Linked to project #1314),"In December 2007, China Eximbank and the Government of Namibia signed an RMB 1 billion concessional loan framework (recorded in the linked project #1314), which identified several projects that would be funded according to a consistent set of terms and conditions. One of these projects was the Modern Customs Scanning Equipment Acquisition Project. This agreement was signed by China’s Ambassador to Namibia Ren Xiaoping and Nambia’s Minister of Finance Saara Kuugongelwa-Amadhila.   Then, in 2008, China Eximbank and the Government of Namibia signed an RMB 300 million government concessional loan (GCL) agreement for the Modern Customs Scanning Equipment Acquisition Project. The GCL carries the following terms: 20 year maturity, 5 year grace period, and 2% interest rate. The final loan maturity date, according to ""Summary Report of the Auditor-General on the Account of the Government of Namibia for the Financial Year Ended 31 March 2014,"" is March 21, 2028. In May 2008, the Permanent Secretary of Finance (Mr. Carl Schlettwein) of the Government of Namibia signed a $55,348,800.00 contract with Nuctech Company Ltd for the purchase of 10 x-ray container scanners capable of detecting contraband at security crossings around the country. The Government of Namibia agreed to pay $12,828,800 up-front through an advance payment to Nuctech Company Ltd. The balance of the contract price ($42,520,000.00) was to be funded with the RMB 300 million loan from China Eximbank.   The Modern Customs Scanning Equipment Acquisition Project has been plagued by domestic political controversy and a criminal investigation regarding a possible kickback scheme involving the $12,828,800 advance payment. Anti-corruption investigators allege that, five days after the May 2008 contract was signed, Nuctech Company Ltd. secretly entered into a $12.8 million contract with Teko Trading CC (“Teko”), which is a company owned by two Namibians (Teckla Lameck and Jerobeam Kongo Mokaxwa). Teko was allegedly tasked with pushing for a higher price for the scanners and using their political access to “expedite prompt payments”, according to a copy of the contract submitted to a court in Namibia. Shortly after the securing the contract with Nuctech Company Ltd., Teckla Lameck (a former chairperson of Namibia’s Public Service Commission), Jerobeam Kongo Mokaxwa and a Chinese co-conspirator (Yang Fan) allegedly went on a spending spree, purchasing houses, farms, and cars. The pending criminal case is political and diplomatically sensitive because, at the time that these contracts were signed, Hu Haifeng (to son of President Hu Jintao) was the head of the Nuctech Company Ltd.",,Implementation,Loan,TRADE POLICIES AND REGULATIONS,,,Export-Import Bank of China (China Eximbank),State-owned Policy Bank,65808425.7430223,74824180.06981635,2008-01-01,,,KEEP_hand_source,hand-curated original Security funding.xlsx,KEEP,security recipient: 'Customs'
62621,hand,Namibia,NAM,Africa,,2018,Khomas Police Department,China donates computers to Khomas Regional Police Headquarters in Namibia,"On November 1, 2018, the Chinese Ambassador to Namibia donated a desktop computer, laptop computer and large LCD flat screen TV to the Khomas Police Department. The value of this donation is unknown.",,Completion,Grant,GOVERNMENT AND CIVIL SOCIETY,,,Unspecified Chinese Government Institution,Government Agency,,,2018-11-01,2018-11-01,2018-11-01,KEEP_hand_source,hand-curated original Security funding.xlsx,KEEP,security recipient: 'Police'
68444,hand,Namibia,NAM,Africa,,2003,Government of Namibia,(Umbrella) Chinese Government commits $23.8 million interest-free loan — through December 2003 ETCA — for Okahandja Defense Academy Project and Phase 1 of Berg Aukas Youth Skills Training Center Construction Project (Linked to projects #1282 and #61545),"In December 2003, the Chinese Government and the Government of Namibia signed an Economic and Technical Cooperation Agreement (ETCA), which committed a $23,842,659 interest-free loan for Phase 1 of Berg Aukas Youth Skills Training Center Construction Project (recorded in project #61545) and the Okahandja Defense Academy Project (recorded in project #1282). Both projects were completed by 2019, with all funding dispersed by then.",,Pipeline: Commitment,Loan,OTHER MULTISECTOR,Yes,,China Ministry of Commerce,Government Agency,58082237.0641099,66039503.54189295,2003-12-01,,,KEEP_hand_source,hand-curated original Security funding.xlsx,KEEP,security recipient: 'Defense'
93346,hand,Namibia,NAM,Africa,,2020,Homas Provincial Police Department in Namibia,"Chinese Embassy donates 200 reflective jackets and 2 laptops to the Police Department of Khomas Region, Namibia","On February 12, 2020, Yang Jun, Political Counselor of the Embassy, on behalf of Ambassador Zhang Yiming, presented police reflective jackets and laptops to the police department of Khomas Province, where the capital is located in Namibia. The donation includes 200 jackets and 2 computers. The total value of the donation is estimated to be NAD 32000.   This donation is expected to help police in the Khomas region accomplish crime prevention initiatives. The donation was handed over at the police headquarters in Windhoek.",,Completion,Grant,GOVERNMENT AND CIVIL SOCIETY,,,Chinese Embassy,Government Agency,2168.6155386163,2465.715867406733,2020-02-01,2020-02-13,2020-02-13,KEEP_hand_source,hand-curated original Security funding.xlsx,KEEP,security recipient: 'Police'
34421,hand,Nepal,NPL,Asia,,2011,Nepali Army (NA) (Gorkhali Army) (Royal Nepali Army),Chinese Government provides RMB 130 million grant for upgrading of Shree Birendra Army Hospital and provision of equipment,"In March 2011, a Chinese delegation from the People's Liberation Army visited Nepal and it signed an RMB 130 million (NPR 1.42 billion) grant agreement with the Nepali Army (NA). RMB 100 million of the grant proceeds were to be used to (a) upgrade the Birendra Sainik Army Hospital (also known as Shree Birendra Hospital or श्री विरेन्द्र अस्पताल) in Chhauni and (b) acquire equipment for rescue operations. RMB 30 million of the grant proceeds were to be used to (c) procure engineering equipment including heavy construction vehicles for the NA Directorate of Development and Construction Works.   The implementation status of this project is unknown. A foundation-stone laying ceremony for the upgrading and modernization of the Birendra Sainik Army Hospital took place in April 2021. However, it is unclear if this effort is being financed with the proceeds from the March 2011 grant from the Chinese Government.",,Pipeline: Commitment,Grant,GOVERNMENT AND CIVIL SOCIETY,Yes,,People's Liberation Army of China,Government Agency,24732457.8784971,28120804.607851204,2011-03-23,,,KEEP_hand_source,hand-curated original Security funding.xlsx,KEEP,security recipient: 'Army'
34440,hand,Nepal,NPL,Asia,,2013,Nepali Army (NA) (Gorkhali Army) (Royal Nepali Army),PLA provides RMB 59 million grant for acquisition of two mobile hospital units (Linked to Project ID#34439),"In July 2013, the Chinese People's Liberation Army (PLA) and the Nepali Army (NA) signed an RMB 59 million (Rs 917 million) grant agreement (‘protocol’) for the acquisition of two mobile hospital units. This agreement was signed by between Nepal’s Chief of Army Staff Gaurav Shumsher Rana and his Chinese (PLA) counterpart Fang Fenghui, during the former's visit to China's People's Liberation Army (PLA) general staff headquarters in Beijing.  The mobile hospital units were to be used in times of disaster to provide medical assistance to victims on location, as they are easy to transport and set up.   The two hospitals, which were outfitted with emergency beds, a critical care holding area, a fully digital X-ray unit, a small lab, a blood bank and operating rooms, can accommodate between 26 and 50 patients at a time. The mobile hospital units also contain surgical processing units with autoclave, surgical equipment disposal unit, a central medical supply with stores and an administrative with command control unit. The two mobile hospital units were successfully delivered to the NA on April 27, 2015.  This project is linked to project #34439, in which the Chinese Government committed Rs 778 million for military assistance during the same visit.",,Completion,Grant,GOVERNMENT AND CIVIL SOCIETY,,,People's Liberation Army of China,Government Agency,10824125.6289074,12307030.840067713,2013-07-23,2015-04-27,2015-04-27,KEEP_hand_source,hand-curated original Security funding.xlsx,KEEP,security recipient: 'Army'
38543,hand,Nepal,NPL,Asia,,2013,Government of Nepal,Chinese Government provides RMB 200 million grant for Nepal Armed Police Force Academy Construction Project,"In 2013, the Government of the People's Republic of China agreed to provide grant assistance amounting to RMB 200,000,000 (approximately NRS 3006 million) to the Government of Nepal for the Nepal Armed Police Force Academy Construction Project. An agreement to this effect was signed and exchanged at the Office of the Prime Minister and Council of Ministers, Kathmandu, Nepal, on June 25, 2013. The agreement was signed by Mr. Shanta Raj Subedi, Finance Secretary and Mr. Jiang Zengwei, Vice Minister, Ministry of Commerce, Government of People's Republic of China on behalf of the Government of Nepal and the Government of the People's Republic of China, respectively. The project involved the construction 19 individual buildings, including a teaching building, dormitory building, covered hall, indoor and outdoor training venue, canteen, stadium, and swimming pool. The total construction area was about 15,000 square meters. China Railway 14th Bureau Group was responsible for project implementation. The training academy is located on a mountain slope at Chandragiri municipality on the outskirts of Kathmandu and it is the first of its kind in Nepal.   The construction of the training academy began on April 16, 2015, just a few days ahead of a devastating earthquake, and it was completed on May 15, 2017.  The official handover ceremony took place on June 30, 2017. An official inauguration ceremony took place on March 19, 2018.  The ceremony was attended by more 400 people, including Nepalese PM Ollie, Interior Minister Thapa, Armed Police Director Shreitas, Chinese Ambassador Yu Hong, Business Counselor Peng Wei, and the Chairman of the 14th Bureau of the China Railway.  Ollie thanked the Chinese Government for their contribution towards peaceful development in Nepal, starting with this new training facility.  According to the Government of Nepal's Aid Management Information System (AMIS), the first grant disbursement for this project took place on July 17, 2014, the last grant disbursement took place on November 5, 2017 and total disbursements through the grant agreement amounted to $26,956,160. ",,Completion,Grant,GOVERNMENT AND CIVIL SOCIETY,Yes,,China Ministry of Commerce,Government Agency,36691951.2844321,41718748.6103993,2013-06-25,2015-04-16,2017-05-15,KEEP_hand_source,hand-curated original Security funding.xlsx,KEEP,security recipient: 'Police'
38803,hand,Nepal,NPL,Asia,,2010,,China donates security equipment to Nepal,"In July 2010, China agreed to donate security equipment to the police services worth 26 million RMB (3,831,135 USD) to Nepal. It appears that the grant is intended primarily to strengthen monitoring of the Tibetan community in Nepal and security along the borders with China’s Tibet Autonomous Region. In June 2013, the equipment was disbursed to Nepal. The total commitment amount is $3,831,135, and the actual disbursement amount is $4,241,228 (Updated January 2019). _x000D_ ",,Completion,Grant,GOVERNMENT AND CIVIL SOCIETY,,,Unspecified Chinese Government Institution,Government Agency,5906872.47645321,6716114.0057273,2010-01-01,,2013-09-02,KEEP_hand_source,hand-curated original Security funding.xlsx,KEEP,no rule fired
72291,hand,Nepal,NPL,Asia,,2019,Nepali Army (NA) (Gorkhali Army) (Royal Nepali Army),China grants RMB 150 million to Nepal Army for the purpose of humanitarian and disaster relief management in 2019,"In 2018, China and Nepal began talking about a potential grant.  On October 20, 2019, Deputy Prime Minister and Minister of Defence Ishwar Pokhrel held bilateral talks with China's State Councillor and Defence Minister Gen Wei Fenghe in Beijing. During this meeting, Pokhrel and Wei signed an agreement whereby China will provide an assistance of RMB 150 million (around Rs 2.53 billion) to Nepal Army over a period of 3 years for the purpose of humanitarian and disaster relief equipment. ",,Implementation,Grant,EMERGENCY RESPONSE,,,Unspecified Chinese Government Institution,Government Agency,24543002.3107741,27905393.62735015,2019-10-20,,,KEEP_hand_source,hand-curated original Security funding.xlsx,KEEP,security recipient: 'Army'
88857,hand,Nepal,NPL,Asia,,2019,Ministry of Defence of Nepal,China provides $21 million in disaster relief materials to Nepalese army,"Around October 12, 2019, China signed an agreement to provide the Nepal army with about $21 million in unspecified disaster relief materials over the next three years, as Beijing strengthens its ties with Kathmandu. The agreement on disaster relief was signed by Nepali defense minister Ishwar Pokharel and his counterpart Wei Fenghe, as a part of Xi Jinping's visit to Nepal. ",,Pipeline: Commitment,Grant,DISASTER PREVENTION AND PREPAREDNESS,,,Unspecified Chinese Government Institution,Government Agency,23594856.8575049,26827352.246983074,2019-10-12,,,KEEP_hand_source,hand-curated original Security funding.xlsx,KEEP,security recipient: 'army'
21328,hand,Niger,NER,Africa,,2010,Government of Niger,China donates Office Supplies to Niger for Presidential Election,"On December 10, 2010, the Chinese Ambassador to Niger, Niger's Ministers of State, Security, Decentralization, and Religious Affairs attended the handover ceremony for China's donation of unspecified office supplies. The office supplies will be used for Presidential Election.",,Completion,Grant,GOVERNMENT AND CIVIL SOCIETY,,,Unspecified Chinese Government Institution,Government Agency,,,2010-01-01,2010-12-10,2010-12-10,KEEP_hand_source,hand-curated original Security funding.xlsx,KEEP,no rule fired
41589,hand,Nigeria,NGA,Africa,,2014,Government of Nigeria ,Chinese Government donates Peugeot 301 vehicle to the Nigerian FCT Police Command,"On October 24, 2014, the Chines Ambassador to Nigeria donated a Peugeot 301 vehicle to the Nigerian FCT Police Command. The donation was aimed at assisting crime fighting within the territory. Set start_actual field to October 24, 2014. Set end_actual field to October 24, 2014.",,Completion,Grant,GOVERNMENT AND CIVIL SOCIETY,,,Unspecified Chinese Government Institution,Government Agency,,,2014-01-01,2014-10-24,2014-10-24,KEEP_hand_source,hand-curated original Security funding.xlsx,KEEP,security recipient: 'Police'
62010,hand,Nigeria,NGA,Africa,,2017,Government of Nigeria ,Chinese Government donates motorcycles and air conditioners to Lagos Police,"On November 9, 2017, the Chinese consulate in Lagos donated supplies to the police in Lagos. The donation include nine motorcycles and nine split floor type room air conditioners.  ",,Completion,Grant,GOVERNMENT AND CIVIL SOCIETY,,,Chinese Embassy,Government Agency,,,2017-01-01,,2017-11-09,KEEP_hand_source,hand-curated original Security funding.xlsx,KEEP,security recipient: 'Police'
94079,hand,North Macedonia,MKD,Europe,,2020,North Macedonia Ministry of National Defense,"Chinese Ministry of Defense provides protective medical equipment worth 250,000 euros to North Macedonian army in July 2020","On July 14, 2020, the Chinese Ministry of National Defense provided protective medical equipment to the North Macedonian army. The donated equipment included 62,000 protective masks, 4,200 protective glasses, 3,000 visors, 6,000 protective suits and sets, gloves, infusion pumps, electric thermometers, and 2 sets of thermal helmets. The monetary value of this donation is an estimated 250,611 euros.  A handover ceremony was held for this donation. The State Secretary of the Ministry, Dragan Nikolic, and China’s Ambassador to North Macedonia, Zhang Zuo, attended the ceremony and delivered speeches. ",,Completion,Grant,HEALTH,,,China Ministry of National Defense,Government Agency,318058.679551486,361632.7186500396,2020-07-14,,2020-07-14,KEEP_hand_source,hand-curated original Security funding.xlsx,KEEP,security recipient: 'Ministry of Defense'
35613,hand,Pakistan,PAK,Asia,,2007,Pakistan National Art Council,China Donates 2.3 million CNY worth of equipment to National Art Gallery of Pakistan,"In July 2007, China donated equipment worth 2.3 million yuan (over $300,000) to the National Art Gallery of Pakistan. The equipment includes elevators, film projectors, security monitors, tape recorders, computers, printers, fax machines and various books and magazines about China. Chinese Ambassador Luo Zhaohui and Pakistani Cultural Minister G.G. Jamal signed the handing-over certificate on behalf of their respective governments. The donation was made to express the friendly sentiments of the Chinese government and people to Pakistan in view of the two countries' all-weather friendship._x000D_ ",,Completion,Grant,OTHER SOCIAL INFRASTRUCTURE AND SERVICES,,,Unspecified Chinese Government Institution,Government Agency,544069.219047033,618606.7020564765,2007-07-16,,,KEEP_hand_source,hand-curated original Security funding.xlsx,KEEP,no rule fired
38777,hand,Pakistan,PAK,Asia,,2008,Pakistani Ministry of Internal Affairs,China donated 100 million RMB worth of police trucks to Pakistan,"On 14 November 2008, in a ceremony which Ambassador Luo Zhaohui, the Pakistani Prime Minister, and the Pakistani Ministry of Internal Affairs adviser attended, China donated 15 police pickup trucks worth 100 million Yuan. In his speech, Ambassador Luo expressed his appreciation for the protection and personal safety provided to the Chinese-funded institutions, provided by Pakistan, and that China supports the Pakistani government to safeguard the social stability, and the promotion of economic development efforts, emphasising the implementation of aid to Pakistan.",,Completion,Grant,GOVERNMENT AND CIVIL SOCIETY,,,Unspecified Chinese Government Institution,Government Agency,21936141.9143407,24941393.356605377,2008-11-14,2008-11-14,2008-11-14,KEEP_hand_source,hand-curated original Security funding.xlsx,KEEP,security recipient: 'police'
43219,hand,Pakistan,PAK,Asia,,2011,Government of Pakistan,Chinese Government provides $1.2 million grant for Pakistani law enforcement agencies,"On September 27, 2011, a meeting in Islamabad between the Pakistani Interior Minister Rehman Malik, Chinese Vice Premier Meng Jianzhu, and Pakistani Army Chief Gen. Ashfaq Kayani resulted in the announcement that the Chinese government would provide a grant to Pakistani law enforcement agencies. The grant, worth 1.2 million USD, was committed to strengthen ties and with an underlying goal of fighting terrorism.",,Pipeline: Commitment,Grant,GOVERNMENT AND CIVIL SOCIETY,,,Unspecified Chinese Government Institution,Government Agency,1475856.21760953,1678048.5194220357,2011-09-27,,,KEEP_hand_source,hand-curated original Security funding.xlsx,KEEP,no rule fired
52649,hand,Pakistan,PAK,Asia,,2015,Government of Pakistan,Chinese Government provides $10 million grant to support Internal Displaced Person Rehabilitation Program (Linked to Project ID#72697),"According to the Pakistani National Assembly records, in July 2015, the Chinese Government signed an agreement with the Government of Pakistan to provide a special cash grant to support the rehabilitation program for thousands of internally displaced persons (IDPs) who were affected by the military operation in Pakistan's northwestern restive tribal region. The agreement, involving a grant of $10 million, was signed by Chinese Ambassador to Pakistan Sun Weidong and Secretary of Pakistan's Economic Affairs Division Muhammad Saleem Sethi in Islamabad. The grant funds were used to support efforts to rehabilitate people of Federally Administered Tribal Areas (FATA) and promote social development. The special assistance that was earmarked for the rehabilitation of IDPs was recorded by the Government of Pakistan as 'fulfilled'. $5 million was received in September 2015 and the remaining $5 million in April 2016.",,Completion,Grant,EMERGENCY RESPONSE,,,China Ministry of Commerce,Government Agency,11222755.6957895,12760273.22611266,2015-07-15,2015-09-01,2016-04-01,KEEP_hand_source,hand-curated original Security funding.xlsx,KEEP,no rule fired
53524,hand,Pakistan,PAK,Asia,,2010,,Chinese Embassy in Pakistan donates office supplies to the Pakistani capital police department,"On June 2, 2010, the Embassy in Pakistan donated a batch of office supplies to the Pakistani Capital Police. _x000D_ Chinee Ambassador Luo Zhaohui and other diplomats of the Embassy, ​​and Kalim, as well as the director of the Pakistani Police Department, attended the donation ceremony. ",,Completion,Grant,GOVERNMENT AND CIVIL SOCIETY,,,Unspecified Chinese Government Institution,Government Agency,,,2010-06-02,2010-06-02,2010-06-02,KEEP_hand_source,hand-curated original Security funding.xlsx,KEEP,security recipient: 'police'
53911,hand,Pakistan,PAK,Asia,,2015,Government of Pakistan,"Chinese Government provides RMB 95 million grant for provision of police pick-ups, ambulances for hospitals and office equipment","On April 20, 2015, the Chinese Government and the Government of Pakistan signed letters of exchange for an RMB 95 million for the provision of police pick-ups, ambulances for hospitals and office equipment. The project hand-over certificate was signed on June 9, 2016.",,Completion,Grant,GOVERNMENT AND CIVIL SOCIETY,,,China Ministry of Commerce,Government Agency,16962624.4336878,19286503.98110303,2015-04-20,,2016-06-09,KEEP_hand_source,hand-curated original Security funding.xlsx,KEEP,security recipient: 'police'
71152,hand,Pakistan,PAK,Asia,,2017,Government of Pakistan,Chinese Government grants RMB 40.2 million to Pakistan's Ministry of Interior for the provision of security equipment,"On August 13, 2017, the Chinese Government signed an agreement for a grant of 40.2 million RMB to the Government of Pakistan. The grant was designated for the Ministry of Interior for purchasing security equipment. The project number, as noted by the Economic Affairs Division is ""CHINA-17-SECEQP.'_x000D_ _x000D_ The official closing date for the financing of the project is August 31, 2018. ",,Completion,Grant,GOVERNMENT AND CIVIL SOCIETY,,,China Ministry of Commerce,Government Agency,6855251.36921838,7794420.806801299,2017-01-01,2017-08-13,2018-08-31,KEEP_hand_source,hand-curated original Security funding.xlsx,KEEP,security recipient: 'Ministry of Interior'
72618,hand,Pakistan,PAK,Asia,,2018,Pakistan Army,"Chinese Embassy in Pakistan donates electric fans, generators, tents to Pakistani Army stationed in FATA","On April 4th, 2018, Chinese Ambassador Yao Jing held a brief ceremony in the museum to hand over donated materials to the Pakistani Army. The Chinese Embassy in Pakistan donated electric fans, generators, tents, and other materials and donated them to the Pakistani military in order to help the Pakistani army improve the working and living conditions of the troops stationed in the Federally Administered Tribal Areas (FATA).",,Completion,Grant,GOVERNMENT AND CIVIL SOCIETY,,,Chinese Embassy,Government Agency,,,2018-04-04,2018-04-04,2018-04-04,KEEP_hand_source,hand-curated original Security funding.xlsx,KEEP,security recipient: 'Army'
72691,hand,Pakistan,PAK,Asia,,2018,,Chinese government grants RMB 25 million for the Defence related Project (Linked to project ID#72690),"On December 7, 2014, China government signed a letter of exchange with the Pakistan government to provide an RMB 25 million grant for the Defence-related Project, named Intelligence Technology Equipment.",,Completion,Grant,GOVERNMENT AND CIVIL SOCIETY,,,Unspecified Chinese Government Institution,Government Agency,4119572.06791368,4683953.441217854,2018-12-07,,,KEEP_hand_source,hand-curated original Security funding.xlsx,KEEP,security recipient: 'Defence'
89097,hand,Pakistan,PAK,Asia,,2019,Sindh Police,China donates Equipment to Sindh Police,"On October 11, 2019, officials of the Consulate General of China donated three automobiles, fifty walkie-talkie sets, fifteen printers, two computers, a photocopy machine and a set of monitoring equipment to the Sindh Police during a ceremony at the Sindh Central Police Office. Later, Inspector General of the Sindh Police, Dr. Syed Kaleem Imam, distributed the equipment among different departments. Two mobile vans were given to Foreigners Security Cell while other items were handed over to the Special Security Unit.   The donation came 11 months after two police officers from the Sindh Police were killed while defending the Chinese Consulate in Karachi from a terrorist attack in November 2018. Five months after the attack, in June 2019, the Chinese Consul General, Wang Yu, met with the Sindh Province Chief of Police and expressed willingness to assist the Sindh Police in capacity building and personnel training. ",,Completion,Grant,GOVERNMENT AND CIVIL SOCIETY,,,Chinese Consulate General,Government Agency,,,2019-10-11,2019-10-11,2019-10-11,KEEP_hand_source,hand-curated original Security funding.xlsx,KEEP,security recipient: 'Police'
94462,hand,Pakistan,PAK,Asia,,2020,"Government of Punjab, Pakistan",Chinese Consulate General provides anti-epidemic supplies to the Special Protection Unit of Pakistan’s Punjab Province in May 2020,"On May 21, 2020, the Chinese Consulate General in Lahore, Long Dingbin, provided a second batch of anti-epidemic materials to the Special Protection Unit (SPU) of Pakistan’s Punjab Province. The specific type and amount of materials donated are unknown. The monetary value of this donation is also unknown. The handover ceremony was held for this donation on May 21, 2020. Consul General Long Dingbin, the Senior Police Superintendent of the Punjab Province, and other police officers attended the ceremony. ",,Completion,Grant,HEALTH,,Yes,Chinese Consulate General,Government Agency,,,2020-05-21,2020-05-21,2020-05-21,KEEP_hand_source,hand-curated original Security funding.xlsx,KEEP,no rule fired
98180,hand,Pakistan,PAK,Asia,,2019,"Government of Punjab, Pakistan","Chinese Consulate General in Lahore provided police training to a group of security officials from the Punjab Province, Pakistan (Linked to Project #98180)","In 2019, the Chinese Consulate General in Lahore organized a group of security officials from the Punjab Province, Pakistan to visit China and take special police training courses. ",,Completion,Grant,GOVERNMENT AND CIVIL SOCIETY,,,Chinese Consulate General,Government Agency,,,2019-01-01,,,KEEP_hand_source,hand-curated original Security funding.xlsx,KEEP,security recipient: 'police'
98181,hand,Pakistan,PAK,Asia,,2019,"Government of Punjab, Pakistan",Chinese Consulate General in Lahore provides materials to the Punjab Province Police Force (Linked to Project #98180),"In 2019, the Chinese Consulate General in Lahore donated materials to the Punjab Province Police Force. ",,Completion,Grant,GOVERNMENT AND CIVIL SOCIETY,,,Chinese Consulate General,Government Agency,,,2019-01-01,,,KEEP_hand_source,hand-curated original Security funding.xlsx,KEEP,security recipient: 'Police'
98388,hand,Pakistan,PAK,Asia,,2017,,"Chinese Consulate-General in Karachi, Pakistan funds scholarships for Chinese Language Students at Petaro Naval School in Sindh Province","On November 13, 2017, the Consul General of Chinese Consulate-General in Karachi, Pakistan, Mr. Wang Yu, awarded scholarships to Chinese-language students studying at the Petaro Naval School in Sindh Province. ",,Completion,Grant,EDUCATION,,,Chinese Consulate General,Government Agency,,,2017-11-14,2017-11-14,2017-11-14,KEEP_hand_source,hand-curated original Security funding.xlsx,KEEP,no rule fired
91623,hand,Panama,PAN,America,,2020,Colón City Municipality,"Fujian Province and Chinese Embassy provide anti-epidemic materials to Colón City, Panama in May 2020","On May 19, 2020, the Fujian Province of China and the Chinese Embassy provided anti-epidemic materials to Colón City in Panama. These materials included 15,000 masks and will be used by administrative, security and maintenance staff of the Colón Free Trade Zone. The monetary value of this donation is unknown.  A handover ceremony was held for this donation. Ambassador Wei Qiang, the Mayor of Colón, and the General Manager of the Colón Free Trade Zone Management Committee attended the ceremony. In May of 2020, the Fujian province donated 80,000  medical masks, 40,000  pairs of gloves and 1,000 goggles to Panama. This was part of that total amount. ",,Completion,Grant,HEALTH,,Yes,Chinese Embassy|Fujian Province Municipality,Government Agency|Government Agency,5025.76651074329,5714.296522715121,2020-05-19,,2020-05-19,KEEP_hand_source,hand-curated original Security funding.xlsx,KEEP,no rule fired
91663,hand,Panama,PAN,America,,2020,Panama City Municipality,Chinese government provides masks to Mayor's Office of Panama City in April 2020,"On April 8, 2020, the Chinese government donated 10,000 masks to the Mayor’s Office of Panama City. These masks will be utilized by staff and working personnel of the office. They will be distributed among collaborators of the Municipality of Panama, the Houses of Peace, and the Municipal Police. The monetary value of this donation is unknown. Mayor José Luis Fábrega accepted this donation which was handed over by the Chinese Embassy. ",,Completion,Grant,HEALTH,,Yes,Unspecified Chinese Government Institution,Government Agency,7817.85901671179,8888.905702001306,2020-04-08,,2020-04-08,KEEP_hand_source,hand-curated original Security funding.xlsx,KEEP,no rule fired
37637,hand,Papua New Guinea,PNG,Oceania,,2001,Royal Papua New Guinea Constabulary (RPNGC),"China grants computer packages worth 20,000 kina to Papua New Guinea police","On May 17, 2001, five computer packages worth more than 20,000 kina were donated to the Royal Papua New Guinea Police Constabulary. The computers were donated by the Chinese government and received by Police Minister Jimson Sauk in Port Moresby. They included printers, inkjets, diskettes and other computer accessories. Mr Sauk said three of the computers would be used at police headquarters at Konedobu while the other two would be used in the ministry. The computers will greatly benefit the entire constabulary and the ministry in their effort to effectively compile and store vital information in their job as law enforcers.  Mr Zhao Zhenyu said the government would give more computers later in the year.",,Completion,Grant,GOVERNMENT AND CIVIL SOCIETY,,,Unspecified Chinese Government Institution,Government Agency,14953.6909339941,17002.346591951293,2001-01-01,2001-05-17,2001-05-17,KEEP_hand_source,hand-curated original Security funding.xlsx,KEEP,security recipient: 'police'
39286,hand,Papua New Guinea,PNG,Oceania,,2008,,China donates 1m kina to PNG for police equipment,"On March 5, 2008, Chinese Ambassador for PNG, Wei Ruixing, signed an agreement with PNG government under which China would allocate 1 million Kina for PNG to buy communication and transportation equipment for PNG police force.",,Pipeline: Commitment,Grant,GOVERNMENT AND CIVIL SOCIETY,,,Unspecified Chinese Government Institution,Government Agency,573462.988647915,652027.4180926793,2008-03-05,,,KEEP_hand_source,hand-curated original Security funding.xlsx,KEEP,security recipient: 'police'
39396,hand,Papua New Guinea,PNG,Oceania,,2014,,China's 'Peace Ark' Naval Hospital Ship Project in PNG,"On September 11, 2014, the Chinese ""Peace Ark"" Naval Hospital Ship arrived in Port Moresby Wharf in PNG. The ship's 8-day mission, from September 11th to 18th, focused on supplying Humanitarian Aid medical service to PNG residents. The boat had over 300 crew members. The boat included the eye clinic, laboratory, ultrasound room, disinfectant and supply room, Chinese traditional medicine room, information centre, intensive care unit, operating room and emergency room. In Port Moresby, the hospital ship provided outpatient services for 4,591 people, auxiliary examinations (such as CT and DR) for 2,391 people, and 47 operations._x000D_ ",,Completion,Grant,HEALTH,,,Unspecified Chinese Government Institution,Government Agency,,,2014-09-12,2014-09-11,2014-09-18,KEEP_hand_source,hand-curated original Security funding.xlsx,KEEP,military/police medical
40454,hand,Papua New Guinea,PNG,Oceania,,2006,,"China signs ETCA to provide 250,000 USD to police department","On August 6, 2006, Foreign Minister Li Zhaoxing visited Papua New Guinea and signed an Economic and Technical Cooperation agreement to provide special cash assistance to Papua New Royal Police Department for purchase of communications equipment and vehicles, for the Southern Highlands Province of Papua New Guinea._x000D_ _x000D_ On January 26, 2007, Abassador Wei Ruixing with Papua New Guinea Foreign Affairs and Trade Ministry Secretary-Pei Pusen signed a transfer certificate to provide $ 250,000 in cash assistance to Papua New Guinea. ",,Completion,Grant,GOVERNMENT AND CIVIL SOCIETY,,,China Ministry of Commerce,Government Agency,507987.271314175,577581.527484217,2006-01-01,2007-01-26,2007-01-26,KEEP_hand_source,hand-curated original Security funding.xlsx,KEEP,security recipient: 'police'
42128,hand,Papua New Guinea,PNG,Oceania,,2008,Papua New Guinea Defense Force,"PLA provides $500,000 grant for Taurama Military Hospital Upgrading Project (Linked to Project ID#42165)","On July 8, 2005, Papua New Guinea Defence Force and the People's Liberation Army (PLA) of China signed a protocol agreement, which committed PGK 1.5 million of grant funding to the Taurama Military Hospital Upgrading Project. Then, in May 2008, the PLA of China provided an additional $400,000 grant for the Taurama Military Hospital Upgrading Project. At some point during 2008, the PLA of China also provided an additional $100,000 for the Taurama Military Hospital Upgrading Project.   Project ID#42165 captures the PGK 1.5 million grant that was provided in 2005. This project, ID#42128, captures the $500,000 of total grant funding that was provided in 2008.    The purpose of the project was to upgrade the Taurama military hospital in the city of Taurama. It involved the construction of five buildings, including a pathology laboratory, an x-ray building, a dental clinic, and an accident and emergency building. The project also involved minor repairs to already existing health infrastructure at the 1RPIR [1st Battalion Royal Pacific Islands Regiment] headquarters.   China Jiangsu International Economic and Technical Cooperation Corporation was the contractor responsible for implementation. Construction began on June 12, 2008 and the project handover and completion ceremony was held on April 8, 2009.",,Completion,Grant,GOVERNMENT AND CIVIL SOCIETY,Yes,,People's Liberation Army of China,Government Agency,286731.494323957,326013.70904633915,2008-01-01,2008-06-12,2009-04-08,KEEP_hand_source,hand-curated original Security funding.xlsx,KEEP,security recipient: 'Military'
42165,hand,Papua New Guinea,PNG,Oceania,,2005,Papua New Guinea Defense Force,Chinese Government provides PGK 1.5 million grant for Taurama Military Hospital Upgrading Project (Linked to Project ID#42128),"On July 8, 2005, Papua New Guinea Defence Force and the People's Liberation Army (PLA) of China signed a protocol agreement, which committed PGK 1.5 million of grant funding to the Taurama Military Hospital Upgrading Project. Then, in May 2008, the PLA of China provided an additional $400,000 grant for the Taurama Military Hospital Upgrading Project. At some point during 2008, the PLA of China also provided an additional $100,000 for the Taurama Military Hospital Upgrading Project.   This project, ID#42165, captures the PGK 1.5 million grant that was provided in 2005. Project ID#42128 captures the $500,000 of total grant funding that was provided in 2008.    The purpose of the project was to upgrade the Taurama military hospital in the city of Taurama. It involved the construction of five buildings, including a pathology laboratory, an x-ray building, a dental clinic, and an accident and emergency building. The project also involved minor repairs to already existing health infrastructure at the 1RPIR [1st Battalion Royal Pacific Islands Regiment] headquarters.   China Jiangsu International Economic and Technical Cooperation Corporation was the contractor responsible for implementation. Construction began on June 12, 2008 and the project handover and completion ceremony was held on April 8, 2009. ",,Completion,Grant,GOVERNMENT AND CIVIL SOCIETY,Yes,,People's Liberation Army of China,Government Agency,1063952.36136521,1209713.834872244,2005-01-01,2008-06-12,2009-04-08,KEEP_hand_source,hand-curated original Security funding.xlsx,KEEP,security recipient: 'Military'
64684,hand,Papua New Guinea,PNG,Oceania,,2018,Government of Papua New Guinea,Chinese Government donation of customs scanners to PNG in 2018 (Linked to Project ID #64683 and #64656),"On October 18, 2018, the Chinese government donated customs scanners and mobile security vehicles to the Papua New Guinea government in preparation for the 2018 APEC meeting.  This donation is a part of China's APEC Safety Network Project in Papa New Guinea, which is detailed in Project ID #64683.",,Completion,Grant,GOVERNMENT AND CIVIL SOCIETY,,,Unspecified Chinese Government Institution,Government Agency,,,2018-01-01,2018-10-18,2018-10-18,KEEP_hand_source,hand-curated original Security funding.xlsx,KEEP,security recipient: 'customs'
64686,hand,Papua New Guinea,PNG,Oceania,,2003,,"Chinese Government donation of gymnasium, boxing ring and sports equipment to PNG Defense Force","On July 9, 2004, the Chinese government donated a gymnasium, boxing ring, and sports equipment to the PNG Defense Forces.",,Completion,Grant,GOVERNMENT AND CIVIL SOCIETY,,,Unspecified Chinese Government Institution,Government Agency,,,2003-01-01,,2004-07-09,KEEP_hand_source,hand-curated original Security funding.xlsx,KEEP,security recipient: 'Defense'
64897,hand,Papua New Guinea,PNG,Oceania,,2013,,"Chinese Government donation of police motorcycles, police uniforms and other police materials worth $374,000 (linked to #64516)","On January 10, 2013, the Chinese Government signed an economic and technical cooperation agreement (ETCA) to provide aid to the PNG police force (#64516)._x000D_ _x000D_ On February 5, 2015, the Chinese government handed over the police motorcycles, uniforms and other materials worth $364,000 to the Papua New Guinea police force.",,Completion,Grant,GOVERNMENT AND CIVIL SOCIETY,,,Unspecified Chinese Government Institution,Government Agency,421885.670518998,479684.0073801007,2013-01-10,2015-02-15,2015-02-05,KEEP_hand_source,hand-curated original Security funding.xlsx,KEEP,security recipient: 'police'
85622,hand,Papua New Guinea,PNG,Oceania,,2001,Papua New Guinea Defense Force,Chinese Government provides RMB 5 million grant for provision of medical equipment and building materials to Taurama Military Hospital,"In 2001, the People's Liberation Army (PLA) of China and the Papua New Guinea (PNG) Defence Force signed an RMB 5 million ($600,000) grant agreement for the provision of medical equipment and building materials to Taurama military hospital. The medical equipment and building materials arrived in Port Moresby in April 2002. A formal handover ceremony took place on November 25, 2002",,Completion,Grant,HEALTH,,,People's Liberation Army of China,Government Agency,1518963.6675173,1727061.68996717,2001-01-01,2002-04-01,2002-04-01,KEEP_hand_source,hand-curated original Security funding.xlsx,KEEP,security recipient: 'Military'
89165,hand,Papua New Guinea,PNG,Oceania,,2009,Royal Papua New Guinea Constabulary (RPNGC),Chinese Embassy donates office equipment to the Royal Papua New Guinea Constabulary,"On February 23, 2009, the Chinese Embassy in Papua New Guinea donated office equipment to the Royal Papua New Guinea Constabulary (RPNGC). The donated equipment included 10 computers and printers; the computers were set to be used at Bomana Police College for training purposes and at the police headquarters for administrative purposes. The monetary value of this donation is unknown.",,Completion,Grant,GOVERNMENT AND CIVIL SOCIETY,,,Chinese Embassy,Government Agency,,,2009-02-23,2009-02-23,2009-02-23,KEEP_hand_source,hand-curated original Security funding.xlsx,KEEP,security recipient: 'Constabulary'
89194,hand,Papua New Guinea,PNG,Oceania,,2020,Chimbu (Simbu) Provincial Government|Royal Papua New Guinea Constabulary (RPNGC),China Harbour Engineering Company donates 4050 masks to Simbu provincial government in Papua New Guinea in May 2020,"On May 14, 2020, China Harbour donated 4050 masks to the Simbu province of PNG. 3000 masks were given to frontline health workers while 1050 masks were given to the police. The provincial government received the masks through the department of health, and police were present at the handover ceremony to receive the masks. ",,Completion,Grant,HEALTH,,Yes,China Harbor Engineering Company,State-owned Company,1356.95695790068,1542.8600611330733,2020-05-14,2020-05-14,2020-05-14,KEEP_hand_source,hand-curated original Security funding.xlsx,KEEP,security recipient: 'Constabulary'
90775,hand,Papua New Guinea,PNG,Oceania,,2018,Royal Papua New Guinea Constabulary (RPNGC),Chinese government donates two anti-riot vehicles worth PGK 6 million to Port Moresby Police of Papua New Guinea,"During the November 17-18 Asian-Pacific Economic Cooperation Summit, the Chinese government pledged two anti-riot vehicles worth PGK 3 million each to Port Moresby Police. The vehicles are equipped with anti-riot measures including water and teargas that can be shot up to 70 meters.   The vehicles were kept in storage until January 7, 2020, when it was announced that they were being put into use. It is unclear when they were delivered to Papua New Guinea. ",,Completion,Grant,GOVERNMENT AND CIVIL SOCIETY,,,Unspecified Chinese Government Institution,Government Agency,1987218.54543682,2259467.4861616646,2018-11-17,,2020-01-07,KEEP_hand_source,hand-curated original Security funding.xlsx,KEEP,security recipient: 'Police'
96755,hand,Papua New Guinea,PNG,Oceania,,2021,Port Moresby General Hospital,Chinese Government donates medical supplies to Port Moresby General Hospital in June 2021,"On June 21 2021, Chinese Ambassador Zeng Fanhua donated a batch of medical equipment to Port Moresby General Hospital in Papua New Guinea. The donation included ventilators and consumables.  At the handover ceremony, Ambassador Zeng announced that the Chinese government would be supporting a revitalization of the Taurama Military Hospital, also in Port Moresby.",,Completion,Grant,HEALTH,,,Unspecified Chinese Government Institution,Government Agency,,,2021-06-01,2021-06-21,2021-06-21,KEEP_hand_source,hand-curated original Security funding.xlsx,KEEP,military/police medical
35836,hand,Peru,PER,America,,2003,,China donates $1.2 million to Peruvian government  to develop Peru-Ecuador border region,"On January 17, 2003, Visiting Chinese Minister of Foreign Trade and Economic Cooperation Shi Guangsheng handed over to the Peruvian government a fund of 1.2 million US dollars for the development of the Peru-Ecuador border region. Shi said the donation showed the friendship between China and Peru. It would promote bilateral cooperation and contribute to international security. Peruvian Foreign Minister Allan Wagner Tizon thanked China for the assistance noted the fund would be channeled into 2 major projects, one of which was the building and management of a clinic in the Peru-Ecuador border area, the other was research on the accessibility of rivers in the Amazon Basin to smaller boats so as to promote trade and local small-scale fishing. Both programmes are linked to the peace agreement signed in 1998 by Peru and Ecuador following a border conflict.",,Pipeline: Commitment,Grant,OTHER MULTISECTOR,,,China Ministry of Foreign Trade and Economic Cooperation,Government Agency,2923276.48845424,3323765.367372471,2003-01-17,,,KEEP_hand_source,hand-curated original Security funding.xlsx,KEEP,no rule fired
69434,hand,Peru,PER,America,,2016,Peru Ministry of Defense (Ministerio de Defensa) (MINDEF),Chinese Government donates humanitarian de-mining and natural disaster response equipment worth RMB 50 million,"On December 15, 2016, the Deputy Minister of Defense Policy, Ambassador Librado Orozco Zapata, and the Ambassador of the People's Republic of China in Peru, Jia Guide, signed a formal agreement wherein China granted the Peruvian Ministry of Defense 50 million RMB (around USD$8 million) in military assistance._x000D_ _x000D_ On November 23, 2017, Minister of Defense Jorge Nieto Montesinos and the ambassador of the People's Republic of China, Jia Guide signed a protocol agreement to formally materialize the 50 million RMB in the form of equipment with dual-use properties, to be used both for military activities and for humanitarian de-mining and natural disaster response. This is one of many projects China has undertaken to enhance natural disaster response in Peru (see #71714). _x000D_ _x000D_ On January 8, 2019, these materials were delivered to the General Headquarters of the Army of Peru in San Borja, Lima, Peru, alongside 70 million RMB worth of transportation vehicles and other military supplies (see Project ID#69437). The equipment provided in this grant went to the Peruvian Army specifically. The President of Peru and the Joint Command of the Armed Forces were in attendance at the delivery ceremony. _x000D_ _x000D_ The delivery included the following: _x000D_ - Humanitarian de-mining equipment: 30 sets of BD2010 explosives deactivation suits, 30 sets of BDUC05 cable detector kits, 30 sets of ALBPG frequency interface instruments, 30 sets of GTL511 mine detection equipment and 30 mine detection toolkits. _x000D_ - Equipment for natural disasters: 15 sets of LTD-90B life-detecting equipment, one GQL111 bridge-launch vehicle system (which consists of 5 bridge-throwing vehicles), 15 sandbagging machines for flood control and 2 all-terrain off-road vehicles.",,Completion,Grant,GOVERNMENT AND CIVIL SOCIETY,,,China Ministry of Commerce,Government Agency,8884820.08557052,10102040.43729368,2016-12-15,2019-01-08,2019-01-08,KEEP_hand_source,hand-curated original Security funding.xlsx,KEEP,security recipient: 'de-mining'
71714,hand,Peru,PER,America,,2014,Peru Ministry of Defense (Ministerio de Defensa) (MINDEF),"Chinese Government provides RMB 117 million grant — via ETCAs — for National Emergency Operations Center (COEN) Construction Project (Linked to Project ID#36258, #73188, #36351, #62359, #36419, and #62921)","Discussions between the Peruvian and Chinese governments about the National Emergency Operations Center (COEN) Construction Project started as early as 2012. Letters of exchange funding a feasibility study were signed April 6, 2013 (as captured via Project ID#62921). Letters of exchange to construct COEN were signed on November 12, 2014 by the Chinese Minister of Commerce and the Peruvian Minister of Foreign Relations. A design contract was signed with China International Engineering Design & Consult Co., Ltd. (CIEDC) (Chinese: 中外建工程设计与顾问有限公司) on April 22, 2015. Then, on August 26, 2016, the two governments signed an execution agreement for the construction of the National Emergency Operations Center, or Centro de Operaciones de Emergencia Nacional (COEN) in Chorrillos, Peru near Lima. The agreement committed RMB 117,630,000 in grant funding for the National Emergency Operations Center (COEN) Construction Project. The funds were drawn from the Economic and Technical Cooperation Agreements (ETCAs) that were signed by the two governments on August 20, 2012 (as captured via Project ID#36258), April 6, 2013 (as captured via Project ID#62359), November 12, 2014 (as captured via Project ID#36419); September 23, 2011 (as captured via Project ID#36351); and November 23, 2009 (as captured via Project ID#73188).  The purpose of the project was to construct the National Emergency Operations Center, or Centro de Operaciones de Emergencia Nacional (COEN) in Chorrillos, Peru near Lima. The construction area was 3,733.29 square meters. The center consists of a room for each of the modules, administrative offices, a crisis room, press room, an inter-sectoral coordination room to facilitate communication with the police and armed forces, meeting rooms, an international conference room, amenities for personal such as a gymnasium. The project also included a mobile command center.  Technical assistance was also provided through this project, including the provision of training for personnel who would work in the center and sending a technical team from China to help with the creation of the center.  The COEN's purpose is to monitor, validate and provide official information on dangers, emergencies and disasters for timely decision-making. It also included an Awareness, Simulation and Training Center, for both experts and members of the general public. COEN is part of the larger National Disaster Risk Management System (Sistema Nacional de Gestión del Riesgo de Desastres/SINAGERD). It is overseen by the National Institute for Civil Defense, or Instituto Nacional de Defensa (INDECI).   Yanjian Group Co. was the project's contractor, and one of their subsidiaries, Yanjian Group Peru SAC also participated in project implementation. The Peruvian Agency for International Cooperation (APCI) also helped with the project's implementation and the Agency of International Economic Cooperation of the Chinese Ministry of Commerce was also involved with project implementation, though the precise extent is unknown. About 90% of the project was funded by the Chinese government, with an additional 6,754,781 soles provided by INDECI on top of the grants from the ETCAs, including from INDECI’s Fund for Interventions in the Occurrence of Natural Disasters (Fondo Para Intervenciones ante la Ocurrencia de Desastres Naturales/FONDES).  Construction began on May 22, 2017. In 2017, the entrance tracks and the main structure of the building were completed, along with a trench and canal on the Surco River that passes through the construction area. By the end of 2018, the reception and installation of various equipment for operations -– such as LED screens, speakers, projectors, liquid crystal displays, and splicing displays for a GIS map and disaster scenes, among other items -- was completed.  Construction ended in 2019, with the official handover and unveiling ceremony taking place on July 18, 2019.",,Completion,Grant,EMERGENCY RESPONSE,Yes,,China Ministry of Commerce,Government Agency,21135672.9603922,24031260.15596593,2014-11-12,2017-05-22,2019-07-18,KEEP_hand_source,hand-curated original Security funding.xlsx,KEEP,security recipient: 'Ministry of Defense'
73899,hand,Peru,PER,America,,2010,Peru Ministry of Defense (Ministerio de Defensa) (MINDEF),Stage 2 of Angel of Peace 2010 humanitarian mission conducted by Chinese military doctors and Peruvian Army (linked to #72911),"From November 24 to 29, 2010, military doctors from the People's Liberation Army of China and the Peruvian Army provided medical procedures for four thousand residents of Villa María del Triunfo. These procedures included those in the fields of gynecology, pediatrics, ophthalmology, dentistry, traumatology, general medicine, internal medicine, traditional Chinese medicine, and others. The operation utilized materials granted alongside a mobile field hospital, captured in project #72911. The team consisted of 25 experts from China and 50 from Peru.  This is the second stage of the humanitarian mission ""Angel of Peace 2010"" (“Ángel de Paz 2010”). The first stage was the technical assistance associated with the grant of the field hospital and medical supplies, again captured in project #72911. ",,Completion,Grant,HEALTH,,,People's Liberation Army of China,Government Agency,,,2010-01-01,2010-11-24,2010-11-29,KEEP_hand_source,hand-curated original Security funding.xlsx,KEEP,security recipient: 'military'
90729,hand,Peru,PER,America,,2020,Peru Ministry of Interior,"Guangdong Provincial Public Security Department and Xinxing Jihua International Trade Co., Ltd. donate medical supplies to Peru","On October 16, 2020,  the Ministry of the Interior of Peru held a handover ceremony of anti-epidemic materials aided to Peru by the Guangdong Provincial Public Security Department and the Shenzhen Branch of Xinxing Jihua International Trade Co., Ltd. These materials included 600,000 KN95 type masks and another 50,000 BYD FE2311 KQ type masks, valued at more than $345,000 USD. These masks will be distributed among the police personnel who enforce the measures and restrictions dictated by the Government in the current situation of pandemic.  Minister of the Interior Hentiere, Lieutenant General Alejandro, Deputy Commander of the National Police Li Yun, Political Counselor of the Chinese Embassy in Peru, and Colonel Xuan Kexiang, Military Attache, attended the ceremony.  During the ceremony, Minister Hentiere spoke on behalf of the Peruvian government and thanked China for their generous assistance. ",,Completion,Grant,HEALTH,,Yes,"Guangdong Provincial Public Security Department |Xinxing Jihua International Trade Co., Ltd",Government Agency|State-owned Company,385308.765823652,438096.0667414923,2020-10-16,2020-10-16,2020-10-16,KEEP_hand_source,hand-curated original Security funding.xlsx,KEEP,security recipient: 'Public Security'
90762,hand,Peru,PER,America,,2020,National Police of Peru,Xinxing Jihua International Trading Co. Ltd. donates masks to the National Police of Peru,"On August 4, 2020, Xinxing Jihua International Trading Co. Ltd., a Chinese company specialized in military supplies and logistics equipment exports, donated 200,000 KN95 masks and 400,000 disposable masks to the National Police of Peru.   The Foreign Ministry of Peru emphasized that this donation was made as a sign of the importance of multi-stakeholder cooperation in this sector of the Government.",,Completion,Grant,HEALTH,,Yes,"Xinxing Jihua International Trade Co., Ltd",State-owned Company,546356.661567915,621207.5242027193,2020-08-04,2020-08-04,2020-08-04,KEEP_hand_source,hand-curated original Security funding.xlsx,KEEP,security recipient: 'Police'
63923,hand,Philippines,PHL,Asia,,2016,,"China signs RMB 100 million ETCA in October 2016 for anti-illegal drug activities and law enforcement cooperation purposes for Philippines (linked to #63926, #65720, #63927, and #63928)","On October 20, 2016, China signed an Economic and Technical Cooperation Agreement (ETCA) for an RMB 100 million grant to the Philippines for anti-illegal drug activities and law enforcement security cooperation purposes. This agreement was signed by Chinese and Filipino officials under the supervision of Chinese President Jinping and Filipino President Duterte._x000D_ _x000D_ This project is linked to project #63926, an RMB 50 million grant funded through the ETCA, for the establishment of two drug rehabilitation facilities (See project #63927 for the facility in Agusan del Sur Province and project #63928 for the facility in Sarangani Province); and project #65720, an RMB 50 million grant funded through the ETCA to the Philippine National Police and the Philippine Drug Enforcement Agency.",,Pipeline: Commitment,Grant,OTHER MULTISECTOR,,,Unspecified Chinese Government Institution,Government Agency,17769640.171141,20204080.874587316,2016-10-20,2016-10-20,,KEEP_hand_source,hand-curated original Security funding.xlsx,KEEP,no rule fired
64157,hand,Philippines,PHL,Asia,,2016,,Yunnan Police Officer Academy held drug control and law enforcement training program for Philippines officers,"From October 19th to November 2nd, 2016, Yunnan Police Officer Academy held the first drug control and law enforcement training program for fifty Philippine officials. According to ""China Holds Drug Control Training Program for PNP officers,"" the trainees learned about ""Chinese anti-drug legislation, the anti-drug law enforcement cooperation, and intelligence analysis."" ",,Completion,Grant,GOVERNMENT AND CIVIL SOCIETY,,,Yunnan Police Officer Academy,Government Agency,,,2016-01-01,2016-10-19,2016-11-02,KEEP_hand_source,hand-curated original Security funding.xlsx,KEEP,security recipient: 'Police'
64163,hand,Philippines,PHL,Asia,,2019,the Philippine National Police ,The Chinese Embassy donated 50 electric motorcycles worth PHP 9452k to the Manila Police District in 2019,"On Jan 28, 2019, a handover ceremony was held at the Manila Police District (MPD) headquarters for the donation of 50 electric motorcycles from the Chinese Embassy in Manila. According to the Philippine News Agency, the donation was worth approximately PHP 9,452,700.",,Completion,Grant,GOVERNMENT AND CIVIL SOCIETY,,,Unspecified Chinese Government Institution,Government Agency,204035.577442378,231988.4515519838,2019-01-28,2019-01-28,2019-01-28,KEEP_hand_source,hand-curated original Security funding.xlsx,KEEP,security recipient: 'Police'
65140,hand,Philippines,PHL,Asia,,2017,,China donated PHP 5M to the Philippines for troops injured in Marawi city [September 6th] (linked to #65137),"On September 6, 2017, China donated a PHP 5 million check for injured soldiers from Marawi City. Chinese Ambassador to the Philippines Zhao Jianhua turned over the donation to Armed Forces of the Philippines chief of staff Gen in Camp Aguinaldo, Quezon City._x000D_ _x000D_ This project is linked to project #65137, a PHP 65 million donation for wounded troops made on September 13, 2017",,Completion,Grant,EMERGENCY RESPONSE,,,Unspecified Chinese Government Institution,Government Agency,114281.888891958,129938.50767015624,2017-01-01,2017-09-06,2017-09-06,KEEP_hand_source,hand-curated original Security funding.xlsx,KEEP,no rule fired
65720,hand,Philippines,PHL,Asia,,2016,Government of the Philippines,Chinese Government provides RMB 50 million grant - through October 2016 ETCA - for provision of law enforcement equipment to Philippine National Police and Philippine Drug Enforcement Agency (Linked to Project ID#63923 and #63926),"On October 20, 2016, China signed an ETCA for an RMB 100 million grant, RMB 50 million of which was allocated to procure law enforcement equipment for the Philippine National Police and the Philippine Drug Enforcement Agency. The agreement was signed by Philippine Finance Secretary Carlos Dominguez III and Chinese Commerce Minister Gao Hucheng in the presence of President Duterte and Chinese President Xi Jinping at the Great Hall of the People. The current status of this project is uncertain, as the handover date of this equipment could not be found.  The other RMB 50 million provided for in the ETCA was allocated for the construction of two drug rehabilitation centers, one in Agusan del Sur Province (recorded in project #63927), and one in Sarangani Province (recorded in project #63928). This project is linked to its funding RMB 100 million grant through an ETCA (recorded in project #63923) and the RMB 50 million allocated for the two drug rehabilitation facilities (recorded in project #63926).",,Pipeline: Commitment,Grant,GOVERNMENT AND CIVIL SOCIETY,,,China Ministry of Commerce,Government Agency,8884820.08557052,10102040.43729368,2016-10-20,,,KEEP_hand_source,hand-curated original Security funding.xlsx,KEEP,security recipient: 'Police'
92959,hand,Philippines,PHL,Asia,,2020,Philippines Department of National Defense,China’s Ministry of National Defense Donates Medical Supplies to Philippine's Military in May 2020,"On May 13th, China’s Ministry of National Defence donated medical supplies to the Philippines. Included in the supplies were more than 80,000 pieces of surgical masks, protective goggles, and suits.",,Completion,Grant,HEALTH,,Yes,China Ministry of National Defense,Government Agency,,,2020-05-03,2020-05-03,2020-05-03,KEEP_hand_source,hand-curated original Security funding.xlsx,KEEP,security recipient: 'Defense'
95621,hand,Philippines,PHL,Asia,,2020,Philippine Bureau of Customs,Chinese government donates face masks and shields to the Philippines,"On October 30, 2020, the Chinese government, through its Ministry of Public Security (MPS), donated over 40 boxes of face masks and face shields to the Bureau of Customs (BOC). The donation from the MPS of the People's Republic of China was received by Commissioner Rey Leonardo Guerrero together with Deputy Commissioner for Intelligence Group (IG) Raniel Ramiro, during the turnover ceremony on Friday at the OCOM Conference Room, Port of Manila, the BOC said in a statement. According to the BOC, this batch of medical supplies consisting of 20 boxes of face masks and 22 boxes of face shields, the personal protective equipment shall be used in ensuring the safety and health of the men and women of the Bureau in the delivery of efficient public service. ",,Completion,Grant,HEALTH,,Yes,Unspecified Chinese Government Institution,Government Agency,,,2020-10-31,2020-10-31,2020-10-31,KEEP_hand_source,hand-curated original Security funding.xlsx,KEEP,security recipient: 'Customs'
96129,hand,Philippines,PHL,Asia,,2021,Philippine Bureau of Immigration,Chinese Embassy donates two commercial vehicles and one SUV to the Philippines Bureau of Immigration,"The Chinese Embassy in the Philippines reports that on November 16, 2021, the Chinese Embassy in the Philippines donated two commercial vehicles with 16 seats each and one SUV with 7 seats  to the Philippines Bureau of Immigration.  The handover ceremony took place at the Bureau of Immigration in Manila, Philippines and was attended by the Chinese Ambassador to the Philippines, the Director of the Philippines Bureau of Immigration, and the embassy's police liaison. The monetary value of the donation is unknown. ",,Completion,Grant,GOVERNMENT AND CIVIL SOCIETY,,,Chinese Embassy,Government Agency,,,2021-11-16,2021-11-16,2021-11-16,KEEP_hand_source,hand-curated original Security funding.xlsx,KEEP,no rule fired
96388,hand,Philippines,PHL,Asia,,2021,Davao City Government,China donates 43 police motorcycles to Davao City Government,"On March 9, 2021, the Chinese Consulate General in Davao handed over 43 police motorcycles to the Davao City Government and other cities in the consular district. 32 of the donates motorcycles were distributed to other cities across Mindanao. The recipients of the motorcycle units donated to Davao City included:  Malita Davao Occidental (1), Jose Abad Santos Davao Occidental (1), Digos City Davao del Sure (2), Panabo City Davao del Norte (1), Carmen Davao del Norte (1), Tagum City Davao del Norte (2), Island Garden City of Samal (1), Mati City Davao Oriental (2), Nabunturan Davao de Oro (1), Monkayo Davao de Oro (1), Criminal Investigation and Detection Group (CIDG) Davao (2), General Santos City (2), Zamboanga City (2), Tangub City Misamis Occidental (1), Bongao Tawi-Tawi (1), Jolo Sulu (1), Iligan City (1), Marawi City (1), Tandag City (1), Surigao City (1), Butuan City (1), Cagayan de Oro City (2), Malaybalay City Bukidnon (1), and Philippine Coast Guard Southeastern Mindanao (2). The monetary value of this donation is unknown. ",,Completion,Grant,GOVERNMENT AND CIVIL SOCIETY,,,Unspecified Chinese Government Institution,Government Agency,,,2021-03-09,2021-03-09,,KEEP_hand_source,hand-curated original Security funding.xlsx,KEEP,security recipient: 'police'
96389,hand,Philippines,PHL,Asia,,2021,Philippine Chinese Education Center,Overseas Chinese Affairs Office of Sichuan Province donates books and sporting goods to establish the 'Overseas Huiqiao Panda Bookstore' at the Philippine Chinese Education Center (linked to project ID#96607),"On November 23, 2021, the Overseas Chinese Affairs Office of Sichuan Province and the Overseas Chinese Affairs Office of Dazhou City made a donation of goods to the Philippine Chinese Education Center. This donation included over 300 books for the establishment of the ""Overseas Huiqiao Panda Bookstore,"" (Chinese:海外惠侨熊猫书屋)  The ""Overseas Huiqiao Panda Bookstore"" project is sponsored by the Overseas Chinese Affairs Office of Sichuan Province to provide Chinese-language materials to overseas Chinese people and spread Chinese language and culture. The donation also included a variety of sporting goods and games, including basketballs, soccer balls, volleyballs, table tennis equipment, badminton equipment, jump ropes, Chinese chess, go, checkers, and military flags. The Overseas Chinese Affairs Office of Dazhou City and the Overseas Chinese Affairs Office of Sichuan Province both contributed to this donation, although the monetary value and the amount contributed by each party is unknown. See project ID#96607 for the Overseas Chinese Affairs Office of Dazhou City's contribution. ",,Completion,Grant,GOVERNMENT AND CIVIL SOCIETY,,,Overseas Chinese Affairs Office of Sichuan Province,Government Agency,,,2021-11-23,2021-11-23,2021-11-23,KEEP_hand_source,hand-curated original Security funding.xlsx,KEEP,no rule fired
96440,hand,Philippines,PHL,Asia,,2021,The Philippine National Police ,China donates 52 Huawei Matebook Laptops to the Philippine National Police,"On December 23, 2021, Chinese Ambassador Huang Xilian paid a visit to Philippines National Police (PNP) Chief, Police General Dionardo B. Carlos in Camp Crame, Quezon City. During the visit, 52 Huawei Matebook Laptops were handed over to the PNP. The monetary value of the laptops is unknown. ",,Completion,Grant,GOVERNMENT AND CIVIL SOCIETY,,,Unspecified Chinese Government Institution,Government Agency,,,2021-12-23,2021-12-23,2021-12-23,KEEP_hand_source,hand-curated original Security funding.xlsx,KEEP,security recipient: 'Police'
96607,hand,Philippines,PHL,Asia,,2021,Philippine Chinese Education Center,Overseas Chinese Affairs Office of Dazhou City donates books and sporting goods to establish the the 'Overseas Huiqiao Panda Bookstore' at the Philippine Chinese Education Center (linked to project ID#96389),"On November 23, 2021, the Overseas Chinese Affairs Office of Sichuan Province and the Overseas Chinese Affairs Office of Dazhou City made a donation of goods to the Philippine Chinese Education Center. This donation included over 300 books for the establishment of the ""Overseas Huiqiao Panda Bookstore,"" (Chinese:海外惠侨熊猫书屋) The ""Overseas Huiqiao Panda Bookstore"" project is sponsored by the Overseas Chinese Affairs Office of Sichuan Province to provide Chinese-language materials to overseas Chinese people and spread Chinese language and culture. The donation also included a variety of sporting goods and games, including basketballs, soccer balls, volleyballs, table tennis equipment, badminton equipment, jump ropes, Chinese chess, go, checkers, and military flags. The Overseas Chinese Affairs Office of Dazhou City and the Overseas Chinese Affairs Office of Sichuan Province both contributed to this donation, although the monetary value and the amount contributed by each party is unknown. See project ID#96389 for the Overseas Chinese Affairs Office of Sichuan Province's contribution. ",,Completion,Grant,GOVERNMENT AND CIVIL SOCIETY,,,Overseas Chinese Affairs Office of Dazhou City,Government Agency,,,2021-11-23,2021-11-23,2021-11-23,KEEP_hand_source,hand-curated original Security funding.xlsx,KEEP,no rule fired
42475,hand,Romania,ROU,Europe,,2000,"Romania National Agency for Science, Technology and Innovation","Chinese Government donates 30 high-performance computers worth $500,000","On October 13, 2000, China's State Commission of Science, Technology, and Industry for National Defense donated 30 high-performance computers worth $500,000 to Romania’s National Agency for Science, Technology, and Innovation.",,Completion,Grant,GOVERNMENT AND CIVIL SOCIETY,,,"China State Administration for Science, Technology and Industry for National Defence",Government Agency,1283228.36439764,1459030.650320117,2000-01-01,2000-10-13,2000-10-13,KEEP_hand_source,hand-curated original Security funding.xlsx,KEEP,no rule fired
49660,hand,Samoa,WSM,Oceania,,2007,,China Donated Two ZTE Pickup Trucks to Samoa for the South Pacific Games,"On January 19th, 2007, China donated two ZTE pickup trucks (also known in Chinese as 中兴皮卡) to the Samoan police to help with patrolling and logistics during the South Pacific Games. Chinese ambassador Shi Longzhuang and Samoa's Police Minister attended the handover ceremony in Apia and signed the transfer certificates. The total cost for this grant project amounted to 200,000 USD, and the two trucks were provided by Great Wall Motors. ",,Completion,Grant,OTHER SOCIAL INFRASTRUCTURE AND SERVICES,,,Unspecified Chinese Government Institution,Government Agency,359852.87657682,409152.72066784435,2007-01-01,2007-01-19,2007-01-19,KEEP_hand_source,hand-curated original Security funding.xlsx,KEEP,no rule fired
49662,hand,Samoa,WSM,Oceania,,2004,,China donated 20 Sedans to Samoa for Pacific Forum,"On April 30th, 2004, China confirmed it would donate 20 sedans to Samoa to assist the Pacific Islands Forum. These new luxury motor cars were donated for the purpose of VIP transport during the Pacific Islands Forum summit. On July 21st, 2004, the 20 cars were handed over to Samoa in the lobby of the Samoan government building. Chinese Ambassador Liu Guanren and Samoan Prime Minister Tuelaepa signed the transfer certificate and delivered warm speeches on behalf of their respective governments. The 20 cars provided by China were 45,000 USD Buick Regal sedans produced by Shanghai General Motors. Thus in total, this project cost 900,000 USD (20 * 45,000 = 900,000 USD). _x000D_ _x000D_ While  20 vehicles were purportedly sent, two cars were damaged and another pair was delayed during shipment. After the forum ended, the Samoan government decided that 14 of the Buick Regals would be used specifically as official Government escort vehicles to carry overseas guests and VIPs.The remaining four cars would be handed over to the Ministry of Police, Prisons and Fire Services for use as escort and security vehicles on special occasions.",,Completion,Grant,GOVERNMENT AND CIVIL SOCIETY,,,Unspecified Chinese Government Institution,Government Agency,2049886.90969797,2330721.4163265917,2004-04-30,2004-07-21,2004-07-21,KEEP_hand_source,hand-curated original Security funding.xlsx,KEEP,no rule fired
68473,hand,Samoa,WSM,Oceania,,2016,Government of Samoa,Chinese Government provides RMB 100 million grant for Police Academy Construction Project (Linked to Project ID#65332),"In January 2016, the Chinese Government provided a grant worth RMB 100 million ($15 million) to the Government of Samoa for the Police Academy Construction Project. The grant proceeds were at least partially drawn from an Economic and Technical Cooperation Agreement (ETCA) that the two governments signed on October 12, 2016 (as captured via Project ID#65332).    The purpose of the project is to construct a police academy in Tafaigata (where an old prison was located) and thereby raise the standards of policing in Samoa. The academy will include a driving track course, sports field, classrooms, among other facilities. The design specification plan for the project was revealed in 2018 in Shanghai. Then, on June 26, 2018, a project implementation agreement was signed by the CEO of Samoa’s Ministry of Foreign Affairs and Trade (MFAT).   Construction was originally scheduled to commence in May 2019. However, the project implementation start date was later pushed back to March 2021. Then, in June 2022, a Samoan Government Minister explained that the delay in project implementation was due to New Zealand banning flights from China. One month later, in July 2022, the Government of Samoa announced that project implementation would begin as soon as 100 workers from China arrived at the project site in Tafaigata.  Construction for the project finally began on October 25, 2022, with a groundbreaking ceremony held on the site at Tafa'igata. Construction is estimated to be completed in 2024.",,Pipeline: Commitment,Grant,GOVERNMENT AND CIVIL SOCIETY,Yes,,China Ministry of Commerce,Government Agency,17769640.171141,20204080.874587316,2016-10-12,,,KEEP_hand_source,hand-curated original Security funding.xlsx,KEEP,security recipient: 'Police'
96823,hand,Samoa,WSM,Oceania,,2021,,Chinese pathologist team provides technical assistance in autopsies to Samoan Ministry of Health ,"On April 29, 2021, a team of 8 Chinese forensic pathologists arrived in Apia Samoa to assist in the post-mortem examination of a backlog of 13 bodies that have been stored in the morgue for almost 1 year awaiting autopsies. The Chinese government provided the equipment for the post-mortem examination and also covered all the expenses including the autopsy, traveling, and accommodation of the Chinese forensic pathologist team, costing more than 500,000 Tala.    At the additional request of the Samoan government, the Chinese forensic pathologist team also conducted 3 more autopsies of current cases. The team also conducted two forensic technical training lectures at the invitation of the Samoa Police, including the crime scene investigation and the fingerprint application. ",,Completion,Grant,HEALTH,,,Unspecified Chinese Government Institution,Government Agency,196850.393700787,223818.89763779484,2021-01-01,2021-04-29,2021-06-05,KEEP_hand_source,hand-curated original Security funding.xlsx,KEEP,no rule fired
73156,hand,Sao Tome and Principe,STP,Africa,,2018,Government of São Tomé & Príncipe,Chinese Government donates 46 vehicles for use by the military and taxi drivers in STP,"In August 2018, Gao Jinbao, the Economic and Trade Adviser at the Chinese Embassy in São Tomé and Principe signed a donation agreement with Charles Neto, the Financial Director of the Ministry of Infrastructure and Natural Resources of São Tomé and Príncipe. Under the terms of the agreement, the Chinese Government agreed to donate 46 vehicles for use by the military and taxi drivers in São Tomé and Príncipe. Of the 46 vehicles donated, 40 are six-seater taxis for the taxi drivers of São Tomé and six are for the paramilitary sectors assigned to the Ministry of Defence and Security.   The vehicles were delivered on May 31, 2019. According to the Chinese ambassador, these vehicles include 40 minibuses, 4SUVs and 2 pickups, all of the FOTON brand, and are the result of the Chinese government's ""technical assistance project"" under the framework of cooperation between the two countries. Most of the vehicles are intended for Sao Tome taxi drivers in the form of credits repayable in installments, while the rest will be distributed by some public sectors of the Sao Tome state's central administration. The monetary value of these 46 vehicles is unknown.",,Completion,Grant,GOVERNMENT AND CIVIL SOCIETY,,,Unspecified Chinese Government Institution,Government Agency,,,2018-01-01,2019-05-31,2019-05-31,KEEP_hand_source,hand-curated original Security funding.xlsx,KEEP,security recipient: 'military'
93090,hand,Sao Tome and Principe,STP,Africa,,2021,Sao Tome and Principe Ministry of Justice,Chinese government provides aid for the reinauguration of the Lembá Tribunal in São Tomé and Príncipe ,"On March 29, 2021, the ceremony of the reinauguration of the Lembá Tribunal was held. The newly renovated building has a court room, offices for judges and judicial police, two cells, and a nursery for minors. According to a Facebook post uploaded by the São Tomé and Príncipe Department of Justice, the renovation of the building cost 1.8 million dobras. The funding for the building was provided by the Government of China. ",,Completion,Grant,GOVERNMENT AND CIVIL SOCIETY,Yes,,Unspecified Chinese Government Institution,Government Agency,86912.7714454849,98819.82113351634,2021-03-01,,,KEEP_hand_source,hand-curated original Security funding.xlsx,KEEP,no rule fired
1196,hand,Senegal,SEN,Africa,,2011,Armed Forces of Senegal,China donates computer hardware to the Senegalese armed forces worth FCFA 1 billion,"On April 3, 2011, Gong Yuan Xing, Chinese Ambassador to Senegal, donated computer hardware worth FCFA 1 billion to the Senegalese armed forces. It is unclear what the equipment consisted of.",,Completion,Grant,GOVERNMENT AND CIVIL SOCIETY,,,Unspecified Chinese Government Institution,Government Agency,2606971.71038917,2964126.8347124862,2011-01-01,,2011-04-03,KEEP_hand_source,hand-curated original Security funding.xlsx,KEEP,security recipient: 'armed forces'
66734,hand,Serbia,SRB,Europe,,2012,Serbia Ministry of Defence,Chinese Government provides RMB 15 million grant for the provision of 20 ambulances to Serbia's Ministry of Defense,"On October 9, 2012, a donation protocol was signed between China's Ministry of National Defense and Serbia's Ministry of Defense, providing an RMB 15 million grant for the provision of 20 ambulances.",,Completion,Grant,HEALTH,,,China Ministry of National Defense,Government Agency,2791708.53166166,3174172.6004993073,2012-10-09,2012-10-09,,KEEP_hand_source,hand-curated original Security funding.xlsx,KEEP,security recipient: 'Ministry of Defense'
66763,hand,Serbia,SRB,Europe,,2011,Serbia Ministry of Defence,Chinese Government provides RMB 15 million grant for provision of acupuncture equipment to Serbia's Ministry of Defense,"On September 9, 2011, an agreement was signed by China's Ministry of National Defense and Serbia's Ministry of Defense in Belgrade. The agreement stipulated an RMB 15 million grant for the provision of equipment and furniture to an acupuncture center at a military hospital.",,Completion,Grant,GOVERNMENT AND CIVIL SOCIETY,,,China Ministry of National Defense,Government Agency,2853745.13982659,3244708.223982833,2011-09-09,2011-09-09,,KEEP_hand_source,hand-curated original Security funding.xlsx,KEEP,security recipient: 'Ministry of Defense'
67209,hand,Serbia,SRB,Europe,,2014,Serbian Ministry of Finance,"Chinese Government provides EUR 550,000 grant to Serbia's Customs Administration for Liquid Security System","According to the Information System for Coordination of the Development Assistance to the Republic of Serbia (Isdacon), the Chinese Government provided an EUR 550,000 grant in 2014 for a Liquid Security System to Serbia's Customs Administration (Ministry of Finance), pursuant to a 2012 Economic and Technical Cooperation Agreement (ETCA) that was signed by the Chinese Government and the Government of the Republic of Serbia and that committed RMB 10 million of grant funding.  The proceeds from the EUR 550,000 grant were used by Serbia's Customs Administration to purchase 8 liquid inspection (control) devices from Nuctech Company Limited. These devices passed a set of tests and were nearly ready for commissioning as of December 2014.",,Completion,Grant,TRADE POLICIES AND REGULATIONS,,,China Ministry of Commerce,Government Agency,807851.046692611,918526.6400894988,2014-01-01,,,KEEP_hand_source,hand-curated original Security funding.xlsx,KEEP,security recipient: 'Customs'
67211,hand,Serbia,SRB,Europe,,2009,Government of Serbia,"Chinese Government provides EUR 150,000 grant for the provision of ultrasound devices","On August 20, 2009, the Chinese Government provided an EUR 150,000 grant to the Government of Serbia for the procurement of ultrasound devices for Serbia's Military Medical Academy (Ministry of Defense), pursuant to a prior ETCA.",,Completion,Grant,HEALTH,,,China Ministry of Commerce,Government Agency,312987.008613293,355866.22879331413,2009-08-20,2009-08-20,,KEEP_hand_source,hand-curated original Security funding.xlsx,KEEP,no rule fired
94234,hand,Serbia,SRB,Europe,,2020,Serbian Army,"Chinese Ministry of Defense donates medical equipment worth 755,000 euros to the Serbian military on July 2020","On July 16th 2020, the Serbian military health system received a donation of medical devices from the Chinese Ministry of Defense worth around 755,000 euros.   This donation includes 40 non-invasive ventilators, 20 monitors for vital signs, 30 infusion pumps, five portable infrared thermometers and six thermal imaging helmets for remote body temperature reading. The purpose of this donation is to help Serbia fight against the pandemic.",,Completion,Grant,HEALTH,,Yes,China Ministry of National Defense,Government Agency,958195.382730097,1089468.1501641204,2020-07-01,2020-07-16,2020-07-16,KEEP_hand_source,hand-curated original Security funding.xlsx,KEEP,security recipient: 'Ministry of Defense'
53006,hand,Seychelles,SYC,Africa,,2016,Seychelles Ministry of Internal Affairs ,Chinese Government donates 20 computers and 12 printers for the Police Database Management System Project,"On August 4, 2016, the Chinese Government donated 20 computers and 12 laser Lenovo printers to the Ministry of Internal Affairs of the Seychelles for the Police Database Management System Project, which sought to create a networked database to link police stations in Seychelles together to allow for sharing of information related to the combat of crime in the Seychelles. ",,Completion,Grant,GOVERNMENT AND CIVIL SOCIETY,,,Unspecified Chinese Government Institution,Government Agency,,,2016-01-01,2016-08-04,2016-08-04,KEEP_hand_source,hand-curated original Security funding.xlsx,KEEP,security recipient: 'Police'
63232,hand,Sierra Leone,SLE,Africa,,2017,,Chinese military sends the 2nd team of Military Medical Experts to Sierra Leone  (linked to #63231),"In June 2017, Chinese military sent the 2nd team of Military Medical Experts consisting of 14 experts from the People's Liberation Army to Sierra Leone. The team was tasked with helping Sierra Leone's armed forces building a modern center for prevention of infectious diseases in the post-Ebola era (China military medical team treats more than 70 disaster-affected people in Sierra Leone)._x000D_ _x000D_ In July 2017, after a mudslide hit Freetown, the team carried out free medical service to those people affected by the disaster (project #63231)._x000D_ _x000D_ In August 2018, after a year of service in Sierra Leone, the team returned to China. (中国军医是最亲的人)",,Completion,Grant,HEALTH,,,People's Liberation Army of China,Government Agency,,,2017-01-01,2017-06-01,2018-08-26,KEEP_hand_source,hand-curated original Security funding.xlsx,KEEP,security recipient: 'military'
63243,hand,Sierra Leone,SLE,Africa,,2017,,China provides training on urbanization construction management to 30 Sierra Leonean students,"On July 18, 2017, 30 Sierra Leonean students arrived in China for a three-week-long training on urbanization construction management, organized by the Chinese Ministry of Commerce. These 30 participants were from different ministries, departments, and agencies including Ministries of Agriculture and Tourism, Sierra Leone Roads Authority, Environmental Protection Agency, and the Freetown City Council._x000D_ _x000D_ The session took place in Hefei, Anhui Province. Edmond Abu, of the Ministry of Agriculture, Forestry and Food Security was the team leader. These trainees were expect to learn a lot and return home and with wealth of knowledge on urbanization construction management. _x000D_ ",,Implementation,Grant,GOVERNMENT AND CIVIL SOCIETY,,,China Ministry of Commerce,Government Agency,,,2017-01-01,2017-07-18,,KEEP_hand_source,hand-curated original Security funding.xlsx,KEEP,no rule fired
86092,hand,Sierra Leone,SLE,Africa,,2019,Sierra Leone Ministry of Health,Chinese Center for Disease Control and Prevention holds 'China-Sierra Leone International Training on Malaria Diagnostic Techniques' in October 2019,"On October 28, 2019, the ""China-Sierra Leone International Training on Malaria Diagnostic Techniques,"" jointly organized by the Chinese Center for Disease Control and Prevention, USAID/PMI and the Ministry of Health of Sierra Leone, was launched in the Bintumani Hotel in Freetown. The course lasted for six days, consisted of two three-day sessions, and trained a total of 75 Sierra Leonean hospital technicians responsible for malaria diagnosis. Experts from the Chinese Center for Disease Control Team and the Chinese Military Medical Expert Team conducted the trainings. Dr. Amara Jambai was chairman of the program.  In attendance at the opening ceremony for the course were Chargé d’affaires of the Chinese Embassy, Sierra Leone's Vice Minister of Health, Sierra Leone’s Chief Medical Officer and Deputy Chief Officer of the Ministry of Health, and the Head of the Chinese Center for Disease Control and Prevention Expert Team.",,Completion,Grant,HEALTH,,,Chinese Center for Disease Control and Prevention,Government Agency,,,2019-10-28,2019-10-28,2019-11-03,KEEP_hand_source,hand-curated original Security funding.xlsx,KEEP,no rule fired
86649,hand,Sierra Leone,SLE,Africa,,2018,Republic of Sierra Leone Armed Forces (RSLAF),Chinese Ministry of Defense provides grant for Government Wharf Slipway Construction Project (Linked to Project ID#62951 and #86459),"In a speech delivered on February 18, 2019, Sierra’s Leone's President announced that grant funding from the Chinese Ministry of Defense to Sierra Leone's Armed Forces would be used to finance the enhancement of the Government Wharf in Freetown by constructing a dry-docking and a slipway facility. The current status of this project is unknown. The funding for the project is reportedly being drawn from an RMB 50 million military grant assistance agreement that the Chinese Government and the Government of Sierra Leone signed in March 2018 (captured via Project ID#62951).",,Pipeline: Commitment,Grant,TRANSPORT AND STORAGE,Yes,,China Ministry of National Defense,Government Agency,,,2018-03-31,,,KEEP_hand_source,hand-curated original Security funding.xlsx,KEEP,security recipient: 'Ministry of Defense'
93363,hand,Sierra Leone,SLE,Africa,,2020,Government of Sierra Leone,China donates COVID aid to Sierra Leone in November 2020,"On November 24, 2020, the Chinese Embassy in Sierra Leone held a handover ceremony for a batch of COVID aid donated to Sierra Leone. The content of the aid was included testing kits, respirators, surgical masks, personal protective equipment and other related accessories. (See: The cost of the equipment was unspecified. The handover ceremony was attended by Ambassador Hu Zhangliang and senior officials from Sierra Leone, including the Minister of Defense, General Coordinator of the National New Crown Epidemic Emergency Command Center, Deputy Minister of Defense, Vice Minister of Health, and the General Staff of the Armed Forces Cisse.  ",,Completion,Grant,HEALTH,,Yes,Unspecified Chinese Government Institution,Government Agency,,,2020-11-24,,2020-11-24,KEEP_hand_source,hand-curated original Security funding.xlsx,KEEP,no rule fired
93364,hand,Sierra Leone,SLE,Africa,,2020,Sierra Leone Ministry of Health and Sanitation,Chinese Embassy donates COVID aid to Sierra Leone Ministry of Health and Sanitation in March 2020 ,"On March 19, 2020, the Chinese Embassy in Sierra Leone held a handover ceremony for a batch of COVID aid for the Ministry of Health and Sanitation of Sierra Leone. The donation includes 500 sets of protective gowns and N95 masks, 1,000 pairs of medical gloves and surgical masks, 200 medical goggles, and one 50 kw generator. According to the Chinese Ministry of Foreign Affairs, part of the materials were donated by Chinese-funded institutions in Sierra Leone, though which groups and the exact amounts are unspecified. The specific monetary value of the donations is also unspecified. The Chinese Embassy additionally equipped CDC experts and Chinese military groups working in Sierra Leone with testing kits.  Ambassador Hu Zhangliang and senior officials from Sierra Leone attended the handover ceremony. ",,Completion,Grant,HEALTH,,Yes,Chinese Embassy,Government Agency,4969.92466062392,5650.804339129398,2020-03-19,,2020-03-19,KEEP_hand_source,hand-curated original Security funding.xlsx,KEEP,no rule fired
90227,hand,Solomon Islands,SLB,Oceania,,2020,Royal Solomon Islands Police Force (RSIP),"Chinese Embassy donates new year gifts to Honiara Central Police Station (Linked to #93453, #93454)","On December 18, 2020, the Chinese Embassy donated food and solar lanterns to the Honiara Central Police Station as New Year's gifts.  Chinese state-owned companies also donated. The list includes China Civil Engineering Construction Corporation (#93453), the China Harbor Engineering Company (#93454). ",,Completion,Grant,OTHER SOCIAL INFRASTRUCTURE AND SERVICES,,,Chinese Embassy,Government Agency,,,2020-12-18,,2020-12-18,KEEP_hand_source,hand-curated original Security funding.xlsx,KEEP,security recipient: 'Police'
93453,hand,Solomon Islands,SLB,Oceania,,2020,Royal Solomon Islands Police Force (RSIP),"China Civil Engineering Construction Corporation donates new year gifts to Honiara Central Police Station (Linked to #90227, #93454)","On December 18, 2020, China Civil Engineering Construction Corporation donated food and solar lanterns to the Honiara Central Police Station as New Year's gifts.  The Chinese Embassy and China Harbour Engineering Company also donated. ",,Completion,Grant,OTHER SOCIAL INFRASTRUCTURE AND SERVICES,,,China Civil Engineering Construction Corporation (CCECC),State-owned Company,,,2020-12-18,,2020-12-18,KEEP_hand_source,hand-curated original Security funding.xlsx,KEEP,security recipient: 'Police'
93454,hand,Solomon Islands,SLB,Oceania,,2020,Royal Solomon Islands Police Force (RSIP),China Harbour Engineering Company donates New Year's gifts to Honiara Central Police Station (Linked to Project ID#90227 and #93453),"On December 18, 2020, China Harbour Engineering Company donated food and solar lanterns to the Honiara Central Police Station as New Year's gifts.  The Chinese Embassy and China Civil Engineering Construction Corporation also donated.",,Completion,Grant,OTHER SOCIAL INFRASTRUCTURE AND SERVICES,,,"China Harbour Engineering Co., Ltd. (CHEC)",State-owned Company,,,2020-12-18,,2020-12-18,KEEP_hand_source,hand-curated original Security funding.xlsx,KEEP,security recipient: 'Police'
93528,hand,Solomon Islands,SLB,Oceania,,2021,Royal Solomon Islands Police Force (RSIP),Chinese Government donates first batch of riot gear to Royal Solomon Islands Police Force (linked to project ID#97214),"On December 23, 2021, the Chinese Government agreed to donate riot equipment (captured via Project ID #93528) and provide six police liaison officers (captured via Project ID #93529) to equip and train the Royal Solomon Islands Police Force (RSIPF). The riot gear includes shields, helmets, batons, and other non-lethal equipment. On December 29, 2021, the Chinese Ambassador officially handed over a batch of riot equipment as it arrived at the Henderson International Airport. This was part of a larger donation, and a second batch of riot gear worth SBD 12 million arrived in February 2022 (see project ID#97214). Nine Chinese police liaison officers arrived in the Solomon Islands in March 2022 to train RSIPF officers in anti-riot strategies. The monetary value of this donation is unknown.   In 2019, Solomon Islands' Prime Minister Manasseh Sogavare withdrew recognition of the Republic of China (Taiwan) and established diplomatic relations with the People's Republic of China (PRC). Malaita Province, an island struggling with unemployment and poverty, maintained informal ties with Taiwan. The premier of Malaita Province, Daniel Suidani, even held an independence referendum in 2020, which the national government dismissed as illegitimate. At the same time, Chinese businesses across the Solomon Islands were accused of giving jobs to foreigners instead of locals.  Between November 24 and 27, 2021, a series of protests in the Solomon Islands against relations with the PRC turned violent. Protesters attempted to storm Parliament and depose Prime Minister Sogavare. Businesses, mainly in Honiara's Chinatown district, were burnt and looted. A police station was set on fire. The government responded by deploying the police in which they used tear gas. Australia deployed the Australian Federal Police and Defence Force. Papua New Guinea and Fiji dispatched peacekeepers while New Zealand deployed police and troops.",,Completion,Grant,GOVERNMENT AND CIVIL SOCIETY,,,Unspecified Chinese Government Institution,Government Agency,,,2021-12-23,2021-12-29,2021-12-29,KEEP_hand_source,hand-curated original Security funding.xlsx,KEEP,security recipient: 'riot gear'
93529,hand,Solomon Islands,SLB,Oceania,,2021,Royal Solomon Islands Police Force (RSIP),Chinese Government sends police liaison officers to train Royal Solomon Islands Police Force following November 2021 unrest,"On December 23, 2021, the Chinese Government agreed to donate riot equipment (captured via Project ID #93528 and ID#97214) and provide six police liaison officers (captured via Project ID #93529) to equip and train the Royal Solomon Islands Police Force (RSIPF). The riot gear includes shields, helmets, batons and ""other non-lethal gears."" On December 29, 2021, the Chinese Ambassador officially handed over a batch of riot equipment as it arrived at the Henderson International Airport. According to the Ambassador, this initial donation was ""part of a larger batch, which will be delivered in the coming months."" Nine Chinese police liaison officers arrived in the Solomon Islands in March 2022 to train RSIPF officers in anti-riot strategies.  In 2019, Solomon Islands' Prime Minister Manasseh Sogavare withdrew recognition of the Republic of China (Taiwan) and established diplomatic relations with the People's Republic of China (PRC). Malaita Province, an island struggling with unemployment and poverty, maintained informal ties with Taiwan. The premier of Malaita Province, Daniel Suidani, even held an independence referendum in 2020, which the national government dismissed as illegitimate. At the same time, Chinese businesses across the Solomon Islands were accused of giving jobs to foreigners instead of locals.  Between November 24 and 27, 2021, a series of protests in the Solomon Islands against relations with the PRC turned violent. Protesters attempted to storm Parliament and depose Prime Minister Sogavare. Businesses, mainly in Honiara's Chinatown district, were burnt and looted. A police station was set on fire. The government responded by deploying the police in which they used tear gas. Australia deployed the Australian Federal Police and Defence Force. Papua New Guinea and Fiji dispatched peacekeepers while New Zealand deployed police and troops.",,Completion,Grant,GOVERNMENT AND CIVIL SOCIETY,,,Unspecified Chinese Government Institution,Government Agency,,,2021-12-23,2022-03-01,,KEEP_hand_source,hand-curated original Security funding.xlsx,KEEP,security recipient: 'police'
97214,hand,Solomon Islands,SLB,Oceania,,2021,Royal Solomon Islands Police Force,China donates second batch of riot equipment worth SBD 12 million (linked to project ID#93528),"On December 23, 2021, the Chinese Government agreed to donate riot equipment (captured via Project ID #93528) and provide six police liaison officers (captured via Project ID #93529) to equip and train the Royal Solomon Islands Police Force (RSIPF). The riot gear includes shields, helmets, batons, and other non-lethal equipment. On December 29, 2021, the Chinese Ambassador officially handed over a batch of riot equipment as it arrived at the Henderson International Airport. This was part of a larger donation, and a second batch of riot gear worth USD 12 million arrived on February  24, 2022. The donation was received in a handover ceremony at Rove Police Headquarters. Nine Chinese police liaison officers arrived in the Solomon Islands in March 2022 to train RSIPF officers in anti-riot strategies.   In 2019, Solomon Islands' Prime Minister Manasseh Sogavare withdrew recognition of the Republic of China (Taiwan) and established diplomatic relations with the People's Republic of China (PRC). Malaita Province, an island struggling with unemployment and poverty, maintained informal ties with Taiwan. The premier of Malaita Province, Daniel Suidani, even held an independence referendum in 2020, which the national government dismissed as illegitimate. At the same time, Chinese businesses across the Solomon Islands were accused of giving jobs to foreigners instead of locals.  Between November 24 and 27, 2021, a series of protests in the Solomon Islands against relations with the PRC turned violent. Protesters attempted to storm Parliament and depose Prime Minister Sogavare. Businesses, mainly in Honiara's Chinatown district, were burnt and looted. A police station was set on fire. The government responded by deploying the police in which they used tear gas. Australia deployed the Australian Federal Police and Defence Force. Papua New Guinea and Fiji dispatched peacekeepers while New Zealand deployed police and troops.",,Completion,Grant,GOVERNMENT AND CIVIL SOCIETY,,,Unspecified Chinese Government Institution,Government Agency,1501877.34668335,1707634.5431789688,2021-12-23,2022-02-24,2022-02-24,KEEP_hand_source,hand-curated original Security funding.xlsx,KEEP,security recipient: 'Police'
53035,hand,Somalia,SOM,Africa,,2016,,Chinese embassy donates office equipments to the Somali Police Force,"In October 2016, the Chinese Embassy in Somalia donated some office equipments including computers, filing cabinets, tables and chairs to the Somalia Police Force in the two district police stations in the capital Mogadishu. According to the Embassy website, the ambassador Wei Hongtian, and the commander of the police unit, General Mohammed, signed the item handover certificate. The consignment will help the police to improve their working conditions, improve their work efficiency, strengthen the fight against criminals and terrorist activities, and maintain the security of the capital._x000D_ _x000D_ ",,Completion,Grant,GOVERNMENT AND CIVIL SOCIETY,,,Chinese Embassy,Government Agency,,,2016-01-01,2016-10-13,2016-10-13,KEEP_hand_source,hand-curated original Security funding.xlsx,KEEP,security recipient: 'Police'
59031,hand,South Africa,ZAF,Africa,,2018,Hong Ning Chinese Aged Home,Chinese Embassy in South Africa donates living materials to Hong Ning Chinese Aged Home (Linked to Project ID#58920),"On August 25, 2018, Chinese Ambassador Lin Songtian and his wife led the Embassy's women's team and their family members to visit the Hong Ning Chinese Aged Home (华人康宁安老院) to send warmth and care and conduct field research on overseas Chinese living conditions. The Chinese Embassy in South Africa made a donation of unspecified living supplies to the nursing home. Li Xinzhu, director of the South African Chinese Police and Civilian Cooperation Center, and Zhu Yiyuan, president of the All-African Chinese Women’s Federation attended the event. The monetary value of the donation is unknown.  The Hong Ning Chinese Aged Home was founded in 1980 by elderly South Africans living in South Africa. It is a non-profit non-governmental organization and the only Chinese old-age care institution in South Africa.",,Completion,Grant,OTHER SOCIAL INFRASTRUCTURE AND SERVICES,,,Chinese Embassy,Government Agency,,,2018-08-25,2018-08-25,2018-08-25,KEEP_hand_source,hand-curated original Security funding.xlsx,KEEP,no rule fired
86978,hand,South Africa,ZAF,Africa,,2019,Johannesburg Metropolitan Police Department,Fujian Police College provides anti-crime training to 28 South African officers from the Johannesburg Metropolitan Police Department (JMPD),"On August 2019, China's Fujian Police College hosted 28 police officers from South Africa's Johannesburg Metropolitan Police Department (JMPD) for a free training course in anti-crime activities. The Chinese Government provided a grant to cover the cost of travel and training. It focused on hand-to-hand combat, unarmed defense, firearm use, and Kung Fu tactics. This two-week training course began on August 9, 2019 and ended on August 23, 2019. ",,Completion,Grant,GOVERNMENT AND CIVIL SOCIETY,,,Unspecified Chinese Government Institution,Government Agency,,,2019-01-01,2019-08-09,2019-08-23,KEEP_hand_source,hand-curated original Security funding.xlsx,KEEP,security recipient: 'Police'
93500,hand,South Africa,ZAF,Africa,,2020,South African National Defence Force (SANDF),People's Liberation Army donates medical protective gear to the South African National Defence Force (SANDF) in March 2020 (linked to project ID#93502 and 93501),"On March 26, 2020, the People's Liberation Army donated medical protective gear to the South African National Defence Force (SANDF). The supplies included 30,000 face masks and 2000 eye goggles. The monetary value of the protective gear is unknown.  Chinese Defence Attache Major General Shang Hong delivered the equipment to Chief of the SANDF General Solly Shoke in a handover ceremony at the South African Military Health Services (SAMHS) medical depot in Pretoria. Other members in attendance included SANDF Chief of Staff Lieutenant General Lindile Yam, Lieutenant General Jabulani Mbuli (Chief Logistics Division), Major General Noel Nhdlovu (Deputy Surgeon General), and representatives from Hennox Supplies Company.  The donation of medical supplies to SANDF was the beginning of a series of medical supply donations on behalf of the People's Liberation Army; subsequent donations occurred in August (project ID#93502) and November 2020 (project ID#93501).",,Completion,Grant,HEALTH,,,People's Liberation Army of China,Government Agency,,,2020-03-26,,2020-03-26,KEEP_hand_source,hand-curated original Security funding.xlsx,KEEP,security recipient: 'Army'
93501,hand,South Africa,ZAF,Africa,,2020,South African National Defence Force (SANDF),People's Liberation Army donates medical protective gear to the South African National Defense Force (SANDF) in November 2020 (linked to project ID#93500 and 93502),"On November 27, 2020, the People's Liberation Army donated medical protective gear to the South African National Defense Force (SANDF). The supplies included 30,000 masks, 400 suits, and 500 thermometers. The monetary value of the donation is unknown.   The supplies were donated in a handover ceremony where Rear Admiral Bravo Mhlana received the donation on behalf of SANDF.  The donation of medical supplies to SANDF was a part of a series of medical supply donations on behalf of the People's Liberation Army of China; previous donations occurred in March 2020 (project ID#93500) and August 2020 (project ID#93502).   ",,Completion,Grant,HEALTH,,Yes,People's Liberation Army of China,Government Agency,32163.7888317547,36570.2279017051,2020-11-27,2020-11-27,2020-11-27,KEEP_hand_source,hand-curated original Security funding.xlsx,KEEP,security recipient: 'Army'
93502,hand,South Africa,ZAF,Africa,,2020,South African National Defence Force (SANDF),People's Liberation Army donates medical protective gear to the South African National Defense Force (SANDF) in August 2020 (linked to project ID#93500 and 93501),"On August 3, 2020, the People's Liberation Army donated masks to the South African National Defense Force (SANDF). The monetary value of the donation is unknown.  The gear was meant to be utilized by members of the SANDF and the National Department of Health.   The donation of medical supplies to SANDF was a part of a series of medical supply donations on behalf of the People's Liberation Army of China; a previous donation occurred in March 2020 (project ID#93500) and a subsequent donation occurred in November 2020 (project ID#93501). ",,Completion,Grant,HEALTH,,Yes,People's Liberation Army of China,Government Agency,,,2020-08-03,2020-08-03,2020-08-03,KEEP_hand_source,hand-curated original Security funding.xlsx,KEEP,security recipient: 'Army'
53320,hand,South Sudan,SSD,Africa,,2016,,China provides $1 million aid to Sudan to implement the transitional security arrangements,"On May 31, 2016, the Chinese government provided $1 million aid to South Sudan to implement the transitional security arrangements. The handover ceremony was held in Juba.  The fund will be used to purchase logistical materials such as movable board houses, military tents, military blankets, mosquito nets, generators and electric fans. The aid assisted the establishment of the transitional government in Juba.",,Completion,Grant,EMERGENCY RESPONSE,,,Unspecified Chinese Government Institution,Government Agency,1180804.50835846,1342574.7260035689,2016-01-01,2016-05-31,2016-05-31,KEEP_hand_source,hand-curated original Security funding.xlsx,KEEP,no rule fired
53322,hand,South Sudan,SSD,Africa,,2016,,"China provides $550,000 grant to CTSAMM, South Sudan (linked to #53323)","On April 28, 2016, the Chinese government provided a $550,000 grant handover ceremony to the South Sudan Ceasefire and Transitional Security Arrangements Monitoring Mechanism (CTSAMM) at the CTSAMM headquarters in Juba. This grant is intended to ease the peace negotiation process._x000D_ _x000D_ This project is one of the two grants to CTSAMM made in the same event. The other one is a $150,000 worth of office and communication equipment , which is captured in #53323.",,Completion,Grant,GOVERNMENT AND CIVIL SOCIETY,,,Unspecified Chinese Government Institution,Government Agency,649442.479597157,738416.0993019675,2016-01-01,2016-04-28,2016-04-28,KEEP_hand_source,hand-curated original Security funding.xlsx,KEEP,no rule fired
53323,hand,South Sudan,SSD,Africa,,2016,,"China provides $150,000 worth of office and communication equipment to CTSAMM, South Sudan (linked to #53322)","On April 28th, 2016, the Chinese government provided $150,000 worth of office and communication equipment to the South Sudan Ceasefire and Transitional Security Arrangements Monitoring Mechanism (CTSAMM) at the CTSAMM headquarters in Juba. This grant is intended to ease the peace negotiation process in South Sudan._x000D_ _x000D_ This project is one of the two grants to CTSAMM made in the same event. The other one is a $550,000 cash grant, which is reported in #53322.",,Completion,Grant,GOVERNMENT AND CIVIL SOCIETY,,,Unspecified Chinese Government Institution,Government Agency,177120.67625377,201386.2089005365,2016-01-01,2016-04-28,2016-04-28,KEEP_hand_source,hand-curated original Security funding.xlsx,KEEP,no rule fired
60619,hand,South Sudan,SSD,Africa,,2013,Government of South Sudan,China sends third peacekeeping police force to South Sudan,"On November 22, 2013, Chinese Ambassador in South Sudan, Ma Qiang, hosted a party at the Chinese Embassy to welcome China's third peacekeeping police force to South Sudan. This force included 16 Chinese officers. The party was also held to send off China's second peacekeeping police force (#60621). The amount of funding China provided to send the peacekeepers and the length of time that they spent in Sudan are unknown. The exact completion date is unknown, although the fourth peacekeeping force arrived in November 2014 (see project ID#60640).  The United Nations has sent peacekeeping forces to South Sudan to help protect the country's oil fields.",,Completion,Grant,GOVERNMENT AND CIVIL SOCIETY,,,Unspecified Chinese Government Institution,Government Agency,,,2013-01-01,2013-11-22,,KEEP_hand_source,hand-curated original Security funding.xlsx,KEEP,security recipient: 'peacekeeping'
60696,hand,South Sudan,SSD,Africa,,2017,Government of South Sudan,China sends sixth peacekeeping police force to South Sudan in March 2017,"In March 2017, China's sixth peacekeeping police force arrived in South Sudan. This force was formed by the Zhejiang Provincial Public Security Bureau and consisted of seven officers. On February 23, 2018, they had a final meeting with the Chinese Ambassador to South Sudan before returning to China. The amount of funding China provided to send this force to South Sudan is unknown. The team earned a medal from the United Nations in November 2017. This project is completed.",,Completion,Grant,GOVERNMENT AND CIVIL SOCIETY,,,People's Liberation Army of China,Government Agency,,,2017-01-01,2017-03-01,2018-02-23,KEEP_hand_source,hand-curated original Security funding.xlsx,KEEP,security recipient: 'peacekeeping'
60722,hand,South Sudan,SSD,Africa,,2011,Government of South Sudan,Chinese Government sends first peacekeeping police force to South Sudan,"On November 12, 2011, China's first peacekeeping police force in South Sudan departed from China for their one-year mission. The force consisted of 12 officers selected from the Chongqing Police Department. This group would help South Sudan to achieve a smooth transition to independence by assisting the local police in maintaining order, reforming and rebuilding law enforcement agencies, and training the local police. They were scheduled to stay in South Sudan for one year; however, the exact date that they returned to China is unknown. As of January 2020, China has now sent seven peacekeeping police forces to South Sudan.",,Completion,Grant,GOVERNMENT AND CIVIL SOCIETY,,,Unspecified Chinese Government Institution,Government Agency,,,2011-01-01,2011-11-12,,KEEP_hand_source,hand-curated original Security funding.xlsx,KEEP,security recipient: 'peacekeeping'
60728,hand,South Sudan,SSD,Africa,,2012,Government of South Sudan,China sends peacekeeping engineers and medics to South Sudan,"Starting on November 15, 2012, a group of 275 Chinese peacekeeping engineers were scheduled to be deployed to Wau, South Sudan in three batches. These engineers were responsible for the construction and maintenance of roads, bridges and airports in the mission area as well as water supply and power supply facilities. This force was sent from the Jinan Military Region. The mission period for the peacekeepers was 8 months.  In addition, the force of Chinese peacekeepers included a separate 63-member medical team.  The medical team will be separate from the other group of 275 peacekeepers. The total length of time that the team spent in South Sudan is uncertain.",,Completion,Grant,EMERGENCY RESPONSE,,,Unspecified Chinese Government Institution,Government Agency,,,2012-01-01,2012-11-15,,KEEP_hand_source,hand-curated original Security funding.xlsx,KEEP,security recipient: 'peacekeeping'
60782,hand,South Sudan,SSD,Africa,,2019,South Sudan Ceasefire and Transitional Security Arrangements Monitoring and Verification Mechanism,Chinese Government provides grant to Ceasefire and Transitional Security Arrangements Monitoring and Verification Mechanism,"On May 10, 2019, the Chinese Government provided a cash donation to Ceasefire and Transitional Security Arrangements Monitoring and Verification Mechanism (CTSAMVM) in South Sudan. This organization monitors compliance by South Sudanese armed groups to the Revitalised Agreement on the Resolution of the Conflict in South Sudan. The monetary value of this donation is unknown.",,Completion,Grant,GOVERNMENT AND CIVIL SOCIETY,,,Unspecified Chinese Government Institution,Government Agency,,,2019-05-10,2019-05-10,2019-05-10,KEEP_hand_source,hand-curated original Security funding.xlsx,KEEP,no rule fired
33374,hand,Sri Lanka,LKA,Asia,,2010,,China donates 50M rupees worth of de-mining detectors and equipment to Sri Lanka,"In March 2010, China donated a stock of de-mining equipment worth 50 million rupees to Sri Lanka to help de-mining activities in the Northern region. Chinese Ambassador to Sri Lanka Yang Xiuping handed over 50 de-mining detectors and 50 de-mining protective equipment kits to Sri Lanka Prime Minister Rathnasiri Wickramanayaka. The donation is expected to accelerate ongoing army de-mining operations in the north as part of resettlement, reconstruction, and rehabilitation efforts taking place under the 'Uthuru Wasanthaya' (Northern Spring) program.",,Completion,Grant,GOVERNMENT AND CIVIL SOCIETY,Yes,,Unspecified Chinese Government Institution,Government Agency,616030.503526217,700426.6825093087,2010-01-01,,,KEEP_hand_source,hand-curated original Security funding.xlsx,KEEP,security recipient: 'de-mining'
71776,hand,Sri Lanka,LKA,Asia,,2019,Sri Lanka Police,Chinese Government provides police supplies to Sri Lanka Police,"On December 5, 2019, the Chinese Government provided police supplies to the Sri Lanka Ministry of National Defense on behalf of the Sri Lanka police. The donation included patrol motorcycles, bicycles, laptops, handheld video recorders, and other unspecified materials. The monetary value of this donation is unknown.   Following the Easter Sunday terrorist attacks on April 21, 2019, the Chinese Government provided various donations to the Government of Sri Lanka: 1) 10 police vehicles on May 8, 2019 (Project ID #71784) 2) 100 jeeps worth LKR 1.5 billion on May 14, 2019 (Project ID #91210) 3) LKR 2.6 billion grant on May 14, 2019 (Project ID #88611) 4) X-rays and metal detectors worth LKR 60 million on June 19, 2019 (Project ID #88629) 5) Security equipment work LKR 765 million on September 27, 2019 (Project ID #88635) 6) Police equipment worth unknown amount on December 5, 2019 (Project ID #71776)",,Completion,Grant,GOVERNMENT AND CIVIL SOCIETY,,,Unspecified Chinese Government Institution,Government Agency,,,2019-12-05,2019-12-05,2019-12-05,KEEP_hand_source,hand-curated original Security funding.xlsx,KEEP,security recipient: 'police'
71784,hand,Sri Lanka,LKA,Asia,,2019,Sri Lanka Police,Chinese Government provides 10 jeeps to Sri Lanka Police,"On May 8, 2019, the Chinese Government officially donated 10 jeeps to the Sri Lanka Police. The Beijing Automobile Manufacturing Plant produced the vehicles. The monetary value of this donation unknown.   Following the Easter Sunday terrorist attacks on April 21, 2019, the Chinese Government provided various donations to the Government of Sri Lanka: 1) 10 police vehicles on May 8, 2019 (Project ID #71784) 2) 100 jeeps worth LKR 1.5 billion on May 14, 2019 (Project ID #91210) 3) LKR 2.6 billion grant on May 14, 2019 (Project ID #88611) 4) X-rays and metal detectors worth LKR 60 million on June 19, 2019 (Project ID #88629) 5) Security equipment work LKR 765 million on September 27, 2019 (Project ID #88635) 6) Police equipment worth unknown amount on December 5, 2019 (Project ID #71776)",,Completion,Grant,GOVERNMENT AND CIVIL SOCIETY,,,Unspecified Chinese Government Institution,Government Agency,,,2019-05-08,2019-05-08,2019-05-08,KEEP_hand_source,hand-curated original Security funding.xlsx,KEEP,security recipient: 'Police'
88611,hand,Sri Lanka,LKA,Asia,,2019,Sri Lanka Police,Chinese Government provides LKR 2.6 billion grant to Sri Lanka Police,"On May 14, 2019, the Chinese Government agreed to provide an LKR 2.6 billion grant to the Sri Lanka Police. It is unclear whether these funds were ever disbursed and how they were spent.   Following the Easter Sunday terrorist attacks on April 21, 2019, the Chinese Government provided various donations to the Government of Sri Lanka: 1) 10 police vehicles on May 8, 2019 (Project ID #71784) 2) 100 jeeps worth LKR 1.5 billion on May 14, 2019 (Project ID #91210) 3) LKR 2.6 billion grant on May 14, 2019 (Project ID #88611) 4) X-rays and metal detectors worth LKR 60 million on June 19, 2019 (Project ID #88629) 5) Security equipment work LKR 765 million on September 27, 2019 (Project ID #88635) 6) Police equipment worth unknown amount on December 5, 2019 (Project ID #71776)",,Pipeline: Commitment,Grant,GOVERNMENT AND CIVIL SOCIETY,,,Unspecified Chinese Government Institution,Government Agency,16420404.6934191,18670000.13641752,2019-05-14,,,KEEP_hand_source,hand-curated original Security funding.xlsx,KEEP,security recipient: 'Police'
88629,hand,Sri Lanka,LKA,Asia,,2019,Sri Lanka Parliament,Chinese Government provides x-rays and metal detectors worth LKR 60 million to Sri Lanka Parliament,"On June 19, 2019, the Chinese Government officially handed over three portable x-ray machines and five walk-through metal detectors to the Sri Lanka Parliament. The equipment would be installed in the parliamentary building in order to protect government officials.   Following the Easter Sunday terrorist attacks on April 21, 2019, the Chinese Government provided various donations to the Government of Sri Lanka: 1) 10 police vehicles on May 8, 2019 (Project ID #71784) 2) 100 jeeps worth LKR 1.5 billion on May 14, 2019 (Project ID #91210) 3) LKR 2.6 billion grant on May 14, 2019 (Project ID #88611) 4) X-rays and metal detectors worth LKR 60 million on June 19, 2019 (Project ID #88629) 5) Security equipment work LKR 765 million on September 27, 2019 (Project ID #88635) 6) Police equipment worth unknown amount on December 5, 2019 (Project ID #71776)",,Completion,Grant,TRADE POLICIES AND REGULATIONS,,,Unspecified Chinese Government Institution,Government Agency,378932.41600198,430846.1569942513,2019-06-19,2019-06-19,2019-06-19,KEEP_hand_source,hand-curated original Security funding.xlsx,KEEP,no rule fired
88635,hand,Sri Lanka,LKA,Asia,,2019,Government of Sri Lanka,Chinese Government provides security equipment worth 765 million LKR to Sri Lanka,"On September 27, 2019, the Chinese government handed over security equipment to the Sri Lankan government at the Presidential Secretariat in Colombo. The equipment is worth LKR 765 million and includes 500 hand-held metal detectors, 25 walk-through safety inspection gates, 50 x-ray security inspection systems, 25 hand-held vehicle scanners, 3 explosive detectors (range of 3km), and 3 narcotics trace detectors. A technical team will also be sent to Sri Lanka for installation and training.   Following the Easter Sunday terrorist attacks on April 21, 2019, the Chinese Government provided various donations to the Government of Sri Lanka: 1) 10 police vehicles on May 8, 2019 (Project ID #71784) 2) 100 jeeps worth LKR 1.5 billion on May 14, 2019 (Project ID #91210) 3) LKR 2.6 billion grant on May 14, 2019 (Project ID #88611) 4) X-rays and metal detectors worth LKR 60 million on June 19, 2019 (Project ID #88629) 5) Security equipment work LKR 765 million on September 27, 2019 (Project ID #88635) 6) Police equipment worth unknown amount on December 5, 2019 (Project ID #71776)",,Completion,Grant,TRADE POLICIES AND REGULATIONS,,,Unspecified Chinese Government Institution,Government Agency,4831388.30402525,5493288.501676708,2019-09-27,2019-09-27,2019-09-27,KEEP_hand_source,hand-curated original Security funding.xlsx,KEEP,no rule fired
91210,hand,Sri Lanka,LKA,Asia,,2019,Sri Lanka Police,Chinese Government provides 100 jeeps worth LKR 1.5 billion to Sri Lanka Police,"On May 14, 2019, the Chinese Government agreed to ""immediately release"" 100 jeeps worth LKR 1.5 billion and other unspecified equipment to the Sri Lanka Police. It is unclear when exactly these donated goods were delivered to the Sri Lanka side.   Following the Easter Sunday terrorist attacks on April 21, 2019, the Chinese Government provided various donations to the Government of Sri Lanka: 1) 10 police vehicles on May 8, 2019 (Project ID #71784) 2) 100 jeeps worth LKR 1.5 billion on May 14, 2019 (Project ID #91210) 3) LKR 2.6 billion grant on May 14, 2019 (Project ID #88611) 4) X-rays and metal detectors worth LKR 60 million on June 19, 2019 (Project ID #88629) 5) Security equipment work LKR 765 million on September 27, 2019 (Project ID #88635) 6) Police equipment worth unknown amount on December 5, 2019 (Project ID #71776)",,Completion,Grant,GOVERNMENT AND CIVIL SOCIETY,,,Unspecified Chinese Government Institution,Government Agency,9473310.40004951,10771153.924856292,2019-04-14,2019-04-14,,KEEP_hand_source,hand-curated original Security funding.xlsx,KEEP,security recipient: 'Police'
95354,hand,Sri Lanka,LKA,Asia,,2020,Sri Lanka Tennis Association (SLTA),"China Merchants Foundation contributes to a donation of three wheelchairs worth $9,000 USD to wheelchair tennis players (Linked to Project ID#95355)","In late June 2020, China Merchants Foundation (CMF), a foundation established by the China Merchants Group (CMG) for philanthropic endeavors, and Colombo International Container Terminals (CICT) — a joint venture between China Merchants Port (CMPort) Holdings Company Limited and Sri Lanka Ports Authority (SLPA) — collaborated donate three custom-made, professional grade, titanium wheelchairs worth $9,000 USD (£7,200 GBP; €8,000 EUR) to three internationally-ranked Sri Lankan wheelchair tennis players, as part of CMF and CICT's support for the Wheelchair Tennis Programme of the Sri Lanka Tennis Association (SLTA). The three players were all veterans of Sri Lanka Army that became para-athletes after injuries sustained during the Sri Lankan Civil War.  CMF's contribution to the donation is captured in Project ID#95354. CICT's contribution to the donation is captured in Project ID#95355.",,Completion,Grant,OTHER SOCIAL INFRASTRUCTURE AND SERVICES,,,China Merchants Foundation (CMF),State-owned Company,5025.76651074329,5714.296522715121,2020-06-30,,,KEEP_hand_source,hand-curated original Security funding.xlsx,KEEP,no rule fired
95355,hand,Sri Lanka,LKA,Asia,,2020,Sri Lanka Tennis Association (SLTA),"Colombo International Container Terminals contributes to a donation of three wheelchairs worth $9,000 USD to wheelchair tennis players (Linked to Project ID#95354)","In late June 2020, China Merchants Foundation (CMF), a foundation established by the China Merchants Group (CMG) for philanthropic endeavors, and Colombo International Container Terminals (CICT) — a joint venture between China Merchants Port (CMPort) Holdings Company Limited and Sri Lanka Ports Authority (SLPA) — collaborated donate three custom-made, professional grade, titanium wheelchairs worth $9,000 USD (£7,200 GBP; €8,000 EUR) to three internationally-ranked Sri Lankan wheelchair tennis players, as part of CMF and CICT's support for the Wheelchair Tennis Programme of the Sri Lanka Tennis Association (SLTA). The three players were all veterans of Sri Lanka Army that became para-athletes after injuries sustained during the Sri Lankan Civil War.  CMF's contribution to the donation is captured in Project ID#95354. CICT's contribution to the donation is captured in Project ID#95355.",,Completion,Grant,OTHER SOCIAL INFRASTRUCTURE AND SERVICES,,,China Merchants Port (CMPort) Holdings Company Limited|Colombo International Container Terminals Limited (CICT),State-owned Company|Joint Venture/Special Purpose Vehicle,5025.76651074329,5714.296522715121,2020-06-30,,,KEEP_hand_source,hand-curated original Security funding.xlsx,KEEP,no rule fired
95538,hand,Sri Lanka,LKA,Asia,,2020,Sri Lanka Ministry of Defence,Chinese Government donates thermometers and face masks to Sri Lanka's Ministry of Defence in April 2020,"On April 8, 2020, the Chinese Government donated 70 frontal thermometers, 750 medical disposable 20-mask packets (15,000 masks), 2,080 medical disposal 10-mask packets (20,800 masks), 440 medical disposable 50-mask packets (22,000 masks) to Sri Lanka's Ministry of Defence.",,Completion,Grant,HEALTH,,Yes,Unspecified Chinese Government Institution,Government Agency,47141.6898707721,53600.10138306788,2020-04-08,2020-04-08,2020-04-08,KEEP_hand_source,hand-curated original Security funding.xlsx,KEEP,security recipient: 'Ministry of Defence'
95539,hand,Sri Lanka,LKA,Asia,,2020,Sri Lanka Ministry of Defence,"Chinese Government donates masks, coveralls, disinfectant cans, and helmets with face shields to Sri Lanka's Ministry of Defence in April 2020","On April 10, 2020, the Chinese Government donated 50 medical disposable mask 50-packets (2,500 masks), 100 special coveralls, six liquid disinfectant 4-liter cans, and six helmets with face shields to Sri Lanka's Ministry of Defence.",,Completion,Grant,HEALTH,,Yes,Unspecified Chinese Government Institution,Government Agency,2043.81171436894,2323.8139192374847,2020-04-10,2020-04-10,2020-04-10,KEEP_hand_source,hand-curated original Security funding.xlsx,KEEP,security recipient: 'Ministry of Defence'
95540,hand,Sri Lanka,LKA,Asia,,2020,Sri Lanka Ministry of Defence,China's Ministry of National Defense donates medical equipment to Sri Lanka's Ministry of Defence,"On May 12, 2020, China's Ministry of National Defense donated 70,000 disposable medical masks, 9,000 surgical masks, 9,000 medical surgical masks (KN95), 6,300 medical protective goggles, 4,500 disposable medical protective screens (face shields), 4,500 disposable one-piece medical protective suits, 4,500 disposable medical isolation (170) gowns, 9,000 pairs of disposable medical boot covers, 80 disposable medical gloves, 160 disposable nitrile gloves 50-packets,  30 infusion pumps, two 16-litere Knapsack disinfectant sprayers (16L), 70 frontal temperature gun CK - T1501 (IR thermometers) and two Thermal Imaging Smart Helmet (N901) (infrared image temperature observing helmets) to Sri Lanka's Defence Ministry. A People’s Liberation Army-Air Force Y-20 delivered the donation.",,Completion,Grant,HEALTH,,Yes,China Ministry of National Defense,Government Agency,189522.771957132,215487.3917152591,2020-05-12,2020-05-12,2020-05-12,KEEP_hand_source,hand-curated original Security funding.xlsx,KEEP,security recipient: 'Defense'
95712,hand,Sri Lanka,LKA,Asia,,2021,Sri Lanka Police,Chinese Embassy donates motorcycles to Sri Lankan Police Headquarters,"On December 29, 2021, Ambassador Qi Zhenhong attended the donation ceremony of motorcycles to Sri Lankan Police Headquarters. The number and monetary value of the donated motorcycles is unknown. ",,Completion,Grant,GOVERNMENT AND CIVIL SOCIETY,,,Chinese Embassy,Government Agency,,,2021-12-29,2021-12-29,2021-12-29,KEEP_hand_source,hand-curated original Security funding.xlsx,KEEP,security recipient: 'Police'
95845,hand,Sri Lanka,LKA,Asia,,2020,Sri Lanka Ministry of Defence,China Electronic Technology Group Corporation (CETC) donates 149 non-contact digital thermometer guns and 2 non-contact smart access control cameras to Sri Lanka Ministry of Defence in June 2020,"On June 8, 2020, China Electronic Technology Group Corporation (CETC) donated 149 non-contact digital thermometer guns and 2 non-contact smart access control cameras to Sri Lanka’s Ministry of Defence. The monetary value of this donation is unknown.  ",,Completion,Grant,HEALTH,,,China Electronics Technology Group Corporation (CETC),State-owned Company,,,2020-06-08,2020-06-08,2020-06-08,KEEP_hand_source,hand-curated original Security funding.xlsx,KEEP,security recipient: 'Ministry of Defence'
97485,hand,Sri Lanka,LKA,Asia,,2021,Sri Lanka Air Force (SLAF),Chinese Embassy in Sri Lanka donates materials valued 1.5 million rupees to the Seva Vanitha Unit of the Sri Lanka Air Force in November 2021,"On November 12, 2021, the Embassy of China made a donation of over Rs. 1.5 million to the Seva Vanitha Unit of the Sri Lanka Air Force. This was delivered by the Chinese delegation led by the Defence Attache of the Chinese Embassy in Sri Lanka, Senior Colonel Wan Dong. The purpose of this donation is to continue the dedicated work by the SLAF Seva Vanitha Unit to uplift the living standards of families of service and civilian personnel who are in need through welfare projects in the year 2022.  ",,Completion,Grant,GOVERNMENT AND CIVIL SOCIETY,,,Unspecified Chinese Government Institution,Government Agency,7559.34082548001,8594.970518570772,2021-11-12,2021-11-12,2021-11-12,KEEP_hand_source,hand-curated original Security funding.xlsx,KEEP,security recipient: 'Air Force'
98748,hand,Sri Lanka,LKA,Asia,,2019,Sri Lanka Navy (SLN),Chinese Embassy in Sri Lanka donates 50 bicycles and 3 electric buggies to Sri Lanka Navy (SLN),"On December 10, 2019, the Chinese Embassy in Sri Lanka donated 50 bicycles and 3 electric buggies to the Sri Lanka Navy (SLN). The purpose of the donation was to support the SLN's ""Green and Blue environment"" initiative that seeks to protect and conserve the environment  The Deputy Military Naval and Air Attaché of the Embassy of the People’s Republic of China in Sri Lanka, Lieutenant Colonel Chang Qianjin, handed over the bicycles and buggies to Commander of the Navy, Vice Admiral Piyal De Silva during a ceremony on December 10.  The Navy intends to use these bicycles and electric vehicles at the Naval Dockyard in Trincomalee.",,Completion,Grant,OTHER MULTISECTOR,,,Chinese Embassy,Government Agency,,,2019-12-10,2019-12-10,2019-12-10,KEEP_hand_source,hand-curated original Security funding.xlsx,KEEP,security recipient: 'Navy'
2167,hand,Sudan,SDN,Africa,,2005,Government of Sudan,China sends 435 peacekeepers on UN mission to Sudan in 2005,"On September 8, 2005, China announced it would send 435 peacekeepers on a UN mission to help rebuild Sudan. The first batch of peacekeepers arrived in Sudan in October 2005. These 435 peacekeepers included a 275-man engineering unit, a 100-man transportation unit, and a 60-man medical unit, all of whom were from the Jinan Military Region. These peacekeepers' main assignment was to aid in the reconstruction of Sudan.   It is unknown when this peacekeeping mission ended: however, in 2007 another peacekeeping team was sent to Darfur (recorded in project #2402), and as of 2019 it was reported that China had sent a total of 15 engineering units to Darfur. However, where they were sent and how many engineers were in the units is unknown.  ",,Implementation,Grant,GOVERNMENT AND CIVIL SOCIETY,,,Unspecified Chinese Government Institution,Government Agency,,,2005-11-08,2005-10-01,,KEEP_hand_source,hand-curated original Security funding.xlsx,KEEP,security recipient: 'UN mission'
56937,hand,Sudan,SDN,Africa,,2018,The Popular Defense Forces,,"On May 10, 2018, the Chinese Ambassador to Sudan Li Lianhe and other Chinese and Sudanese officials attended a ceremony for the donation of agricultural and other production equipment to Sudan. Sudan’s Minister of Defence Aud, Chief of Staff of the Army Abdul Fatah, Undersecretary of the Ministry of Finance Mustafa, Director General of Foreign Financing Omar and Zhou Chunlin, Economic and Commercial Counselor of the Chinese Embassy in Sudan attended the ceremony. The donation was provided to the Popular Defense Forces as part of the Disarming and Demobilization program in rural areas. This program aims to help former rebels reintegrate into society. The monetary value of the donation is unknown.",,Completion,Grant,"AGRICULTURE, FORESTRY, FISHING",,,Unspecified Chinese Government Institution,Government Agency,,,2018-05-10,2018-05-10,2018-05-10,KEEP_hand_source,hand-curated original Security funding.xlsx,KEEP,security recipient: 'Defense'
86887,hand,Sudan,SDN,Africa,,2019,Government of Sudan,China donates security and safety equipment to Sudan customs,"On December 16, 2019, the Chinese Government signed an agreement with the transitional government of Sudan for the donation of security and safety equipment to the Sudan customs. The deal was signed between the Ministry of Finance and Economic Planning of Sudan and the Chinese Government. China also offered personnel training and technical services, to help Sudan crack down upon smuggling, enhance the capacity of customs clearance for both personnel and goods, and safeguard national security. The monetary value of the donation is unknown.",,Completion,Grant,GOVERNMENT AND CIVIL SOCIETY,,,Unspecified Chinese Government Institution,Government Agency,,,2019-12-16,2019-12-16,2019-12-16,KEEP_hand_source,hand-curated original Security funding.xlsx,KEEP,security recipient: 'customs'
56181,hand,Suriname,SUR,America,,2006,,China grants police materials to Suriname Customs,"On June 29, 2006, a letter of exchange was signed by Chinese Ambassador Chen Jinghua and Minister of Finance Humphrey Hilton Bach for the Chinese government’s donation of police materials to Suriname Customs. _x000D_ _x000D_ On May 17, 2007, a supply contract was signed. _x000D_ _x000D_ On August 20, 2007, the police materials were handed over to the Suriname customs agency. The materials are intended to assist the Suriname customs agency in preventing illegal smuggling.",,Completion,Grant,GOVERNMENT AND CIVIL SOCIETY,,,Unspecified Chinese Government Institution,Government Agency,,,2006-01-01,,2007-08-20,KEEP_hand_source,hand-curated original Security funding.xlsx,KEEP,security recipient: 'police'
56253,hand,Suriname,SUR,America,,2016,,China donated 30 bulletproof vests to Suriname police headquarters (linked to #56298 and #56507),"According to the Chinese Embassy in Suriname, on December 16, 2016, Chinese ambassador Zhang Jinxiong donated 30 bulletproof vests to the KPS (Korps Politie Suriname), the Suriname police department. The vests were received by the police director at the Suriname Police Headquarters. Additionally, the Chinese Embassy assisted in repairing patrol vehicles, offered training for some officers in China to strengthen police law enforcement capabilities (captured in #56507) and donated two police vans (#56298). ",,Completion,Grant,GOVERNMENT AND CIVIL SOCIETY,,,Chinese Embassy,Government Agency,,,2016-12-16,2016-12-16,2016-12-16,KEEP_hand_source,hand-curated original Security funding.xlsx,KEEP,security recipient: 'bulletproof'
56298,hand,Suriname,SUR,America,,2017,,China grants 2 police vans to Suriname's Police Department (linked to #56253 and #56507),"According to the Chinese Embassy of Suriname, on March 17, 2017, China granted 2 police vans to the KPS (Korps Politie Suriname), the Suriname police department. The goal of this donation is to improve law enforcement and ensure security in Suriname. The value of the two vans is unknown.  According to Starnnieuws, in April 2017, four instructors from China arrived to train ten members of the KPS in how to operate the 2 police vans. This information was confirmed via the KPS website, which stated that the training was conducted on April 7th, 2017. China has worked with the KPS in the past and donated 30 bulletproof vests to them 3 months prior to this donation (#56253). Additionally, the embassy will send Surinamese police officers to train in China to strengthen local law enforcement (captured in #56507)",,Completion,Grant,GOVERNMENT AND CIVIL SOCIETY,,,Unspecified Chinese Government Institution,Government Agency,,,2017-03-17,,2017-04-07,KEEP_hand_source,hand-curated original Security funding.xlsx,KEEP,security recipient: 'police'
64630,hand,Syrian Arab Republic,SYR,Middle East,,2017,Syrian Military Hospital,Chinese Government donates medical equipment to Military Hospital 601,"On March 22, 2017, the Chinese Embassy in Syria donated 90 wheelchairs and 40 crutches to Military Hospital 601 (المشفى العسكري or المستشفى العسكري ""601"") in the city of Damascus.",,Completion,Grant,HEALTH,,,Unspecified Chinese Government Institution,Government Agency,,,2017-01-01,2017-03-22,2017-03-22,KEEP_hand_source,hand-curated original Security funding.xlsx,KEEP,security recipient: 'Military'
40222,hand,Tajikistan,TJK,Asia,,2002,,"Chinese Ministry of Public Security grants aid worth $640,640 to Tajik Ministry of Internal Affairs","In 2002, the Chinese Ministry of Public Security and the Tajik Ministry of Internal Affairs (also known as the Ministry of the Interior) signed an agreement on the fight against terrorism, extremism and separatism, which included the provision of no-strings aid to Tajikistan. The aid was handed over on March 11, 2003. The aid consisted of twenty patrol cars (Radio Free Europe suggests it was 50 vehicles), special equipment, computers, laser printers, uniforms and footwear for the ministry's special subdivisions, special crime detection equipment, communication devices, night vision binoculars, cameras, metal detectors, shields, and helmets, among other goods. Material for bomb defusal was also included. _x000D_ _x000D_ Media sources indicate that the value of the aid was $700,000. However, according to the Flat Export from Tajikistan AIMS as of May 2018, the Chinese government funded ""Policemen facilities"" (AIMS project ID TJK/042056) worth $483,600. Additionally, there was an additional contribution of $157,040 USD for ""Different kind of equipment"" (AIMS project ID TJK/042058). Together, these two donations totaled $640,640, therefore it seems they are referencing this same project, even though transaction amounts differ slightly, so the transaction amount was coded as $640,640 USD to reflect official source information. ",,Completion,Grant,GOVERNMENT AND CIVIL SOCIETY,,,China Ministry of Public Security,Government Agency,1601250.78841961,1820622.1464330964,2002-01-01,2003-03-11,2003-03-10,KEEP_hand_source,hand-curated original Security funding.xlsx,KEEP,security recipient: 'Ministry of Public Security'
53590,hand,Tajikistan,TJK,Asia,,2016,,China-funded Takuriabu Anti-drug Branch office building,"On March 18, 2016, Yue Bin, the ambassador to Tajikistan, attended the completion handover ceremony of the office building of the China-funded Takuriabu Anti-drug Branch office building. The project was funded by Ministry of Public Security of China and implemented by China Jing'an Import & Export Corporation. The office building aided by the Chinese side is a three-story brick-concrete structure with a construction area of ​​more than 1,000 square meters, including offices, equipment rooms, interrogation rooms, lounges. ",,Completion,Grant,GOVERNMENT AND CIVIL SOCIETY,Yes,,China Ministry of Public Security,Government Agency,,,2016-01-01,,,KEEP_hand_source,hand-curated original Security funding.xlsx,KEEP,no rule fired
54371,hand,Tajikistan,TJK,Asia,,2017,Government of Tajikistan,"Chinese Government provides RMB 70 million grant for automobiles, munitions, and special technical equipment","In 2017, China committed to grant technical facilities worth 70 million RMB to Tajikistan to strengthen its capacity of emergency response. Committee of Emergency Situations and Civil Defense secured automobiles, munitions, and special technical equipment from China through an agreement under the United Nations Development Programme. It was estimated that Tajik authorities would begin to receive this assistance around September/October of 2017.  More than 100,000 people live in danger areas in Tajikistan, and 27 people have died in natural disasters in the first half of 2017. As of July, 2017, 284 areas in Tajikistan were considered dangerous for human habitation. Along with the project, the Committee will also receive $500,000 grant from Japan and $460,000 from Russia.   ",,Pipeline: Commitment,Grant,EMERGENCY RESPONSE,,,China Ministry of Commerce,Government Agency,11937004.8717733,13572374.539206242,2017-01-01,,,KEEP_hand_source,hand-curated original Security funding.xlsx,KEEP,no rule fired
71794,hand,Tajikistan,TJK,Asia,,2018,Government of Tajikistan,Chinese Embassy donates communications equipment to Ministry of Foreign Affairs of Tajikistan,"On August 23, 2018, the Chinese Embassy donated communications equipment to the Tajik Ministry of Foreign Affairs. The equipment included communication stations and intercoms to improve working conditions. The donated batch of communication equipment was expected to improve Tajikistan's diplomatic reception capabilities and its security. The value of the donated items is unknown.",,Completion,Grant,GOVERNMENT AND CIVIL SOCIETY,,,Chinese Embassy,Government Agency,,,2018-01-01,2018-08-23,2018-08-23,KEEP_hand_source,hand-curated original Security funding.xlsx,KEEP,no rule fired
87635,hand,Tajikistan,TJK,Asia,,2010,Government of Tajikistan,Chinese Ministry of Public Security provides RMB 4.5 million grant for police materials,"On October 13, 2010, the Ministry of Public Security of the People's Republic of China donated police equipment worth RMB 4.5 million to the the Government of Tajikistan. China Jing’an Import and Export Corporation (also known as China Jing An Import and Export Corporation or 中国京安进出口公), which is a major state-owned arms and materials supplier to China’s security services, was the contractor responsible for implementation. No further implementation details are available.",,Completion,Grant,GOVERNMENT AND CIVIL SOCIETY,,,China Ministry of Public Security,Government Agency,925866.07625941,1052709.7287069492,2010-01-01,2010-10-13,2010-10-13,KEEP_hand_source,hand-curated original Security funding.xlsx,KEEP,security recipient: 'Ministry of Public Security'
87643,hand,Tajikistan,TJK,Asia,,2013,Government of Tajikistan,"Chinese Ministry of Public Security provides RMB 20 million grant for police patrol cars, police communications equipment, and computers","In 2013, the Ministry of Public Security of the People's Republic of China provided a grant worth RMB 20 million to the Government of Tajikistan for the provision of police patrol cars, police communications equipment, and computers to Tajikistan’s Ministry of the Interior, Narcotics Administration and National Security Commission. The police patrol cars, police communications equipment, and computers were officially delivered to the local authorities on or around November 21, 2013.",,Completion,Grant,GOVERNMENT AND CIVIL SOCIETY,,,China Ministry of Public Security,Government Agency,3669195.12844321,4171874.8610399296,2013-01-01,,2013-11-21,KEEP_hand_source,hand-curated original Security funding.xlsx,KEEP,security recipient: 'Ministry of Public Security'
87645,hand,Tajikistan,TJK,Asia,,2011,Government of Tajikistan,Chinese Ministry of Public Security provides RMB 3 million grant for police equipment,"On April 25, 2011, the Ministry of Public Security of the People's Republic of China and the Government of Tajikistan signed an RMB 3 million grant agreement for the provision of police equipment. No further implementation details are available.",,Pipeline: Commitment,Grant,GOVERNMENT AND CIVIL SOCIETY,,,China Ministry of Public Security,Government Agency,570749.027965319,648941.6447965677,2011-04-25,,,KEEP_hand_source,hand-curated original Security funding.xlsx,KEEP,security recipient: 'Ministry of Public Security'
1493,hand,Tanzania,TZA,Africa,,2003,Tanzania Police Force,China Donates Police Vehicles to Tanzania,"On March 17, 2003, China donated five Toyota vehicles worth 200,000 USD to the Tanzanian police force to strength it's capacity. Commissioner of Police Wilson Mwansasu and Chinese Chief Economic and Commercial Representative Yu Yingfu were in attendance.",,Completion,Grant,GOVERNMENT AND CIVIL SOCIETY,,,Unspecified Chinese Government Institution,Government Agency,487212.748075707,553960.8945620789,2003-01-01,2003-03-17,2003-03-17,KEEP_hand_source,hand-curated original Security funding.xlsx,KEEP,security recipient: 'Police'
1800,hand,Tanzania,TZA,Africa,,2008,Tanzania Ministry of Home Affairs,China Donates Information and Computer Technology Facilities for Interior Ministry,"On November 27, 2008, the government of China donated $1.5 million USD worth of computer equipment to the Tanzanian Ministry of Home Affairs. The donation given by China's Deputy Minister for Public Security, Cai Anji, and to the Ministry of Home Affairs Deputy Minister, Khamis Kagasheki, consisted of 50 desktop computers, 30 laptops, scanners, and digital cameras.",,Completion,Grant,GOVERNMENT AND CIVIL SOCIETY,,,Unspecified Chinese Government Institution,Government Agency,2286878.88292357,2600181.2898840993,2008-01-01,2008-11-27,2008-11-27,KEEP_hand_source,hand-curated original Security funding.xlsx,KEEP,security recipient: 'Interior Ministry'
1907,hand,Tanzania,TZA,Africa,,2009,Tanzania Ministry of Home Affairs,China Donates Computer Equipment to Tanzania's Ministry of Home Affairs,"On 5 September of 2009, the Chinese Ministry of Public Security made another computer donation to the Tanzanian Ministry of Home Affairs. Worth about 1.5 million CNY, the donation included 150 personal computers, 50 notebook computers, 30 scanners, and 40 digital cameras. The donation was haded to Tanzanian Minister of Home Affairs Lawrence Masha.",,Completion,Grant,GOVERNMENT AND CIVIL SOCIETY,,,China Ministry of Public Security,Government Agency,329797.736527524,374980.0264317948,2009-09-05,,2009-09-05,KEEP_hand_source,hand-curated original Security funding.xlsx,KEEP,security recipient: 'Ministry of Home Affairs'
30309,hand,Tanzania,TZA,Africa,,2012,Dar es Salaam Special Zone Police,Changzhou City Police Bureau Donates Laptops to Tanzanian Police,"On November 24, 2012, the Police Bureau of Changzhou City donated ten laptops to the Dar es Salaam Special Zone Police for facilitation of combating crime. The donation was worth an estimated 15 million Tanzanian shillings. ",,Completion,Grant,GOVERNMENT AND CIVIL SOCIETY,,,Police Bureau of Changzhou City,Government Agency,11098.5271454974,12619.025364430545,2012-01-01,2012-11-24,2012-11-24,KEEP_hand_source,hand-curated original Security funding.xlsx,KEEP,security recipient: 'Police'
60805,hand,Tanzania,TZA,Africa,,2017,Government of Tanzania ,Chinese Government grant for Moshi Police Academy Expansion Project,"On March 22, 2017, a Chinese Embassy official signed a project implementation agreement with a Tanzanian Government representative for the Moshi Police Academy Expansion Project. The monetary value of the grant commitment from China’s Ministry of Commerce (MOFCOM) that support this project is unknown.  The Chinese Government originally financed the construction of the Moshi Police Academy back in the 1960s, and the facility was in need of renovation and expansion. The total construction area was 5,500 square meters consisting of 1 office building, 2 teaching buildings, and 4 dormitory buildings. It was equipped with computers, projectors, desks and chairs and other teaching equipment. Jiangsu Construction Group was the contractor responsible for project implementation. Construction began on June 1, 2017 and was completed on December 12, 2018. The official handover ceremony took place on April 10, 2019.",,Completion,Grant,GOVERNMENT AND CIVIL SOCIETY,Yes,,China Ministry of Commerce,Government Agency,,,2017-03-22,2017-06-01,2019-04-10,KEEP_hand_source,hand-curated original Security funding.xlsx,KEEP,security recipient: 'Police'
61005,hand,Tanzania,TZA,Africa,,2014,Tanzania Police Force,China donates 50 motorcycles to Tanzania Police Force,"On June 23, 2014, China's Vice Minister of Commerce Li Jinzao attended a ceremony to donate 50 motorcycles to the Tanzania Police Force. This came as part of the ""Second China-Tanzania Investment Forum.""",,Completion,Grant,GOVERNMENT AND CIVIL SOCIETY,,,China Ministry of Commerce,Government Agency,,,2014-01-01,,2014-06-23,KEEP_hand_source,hand-curated original Security funding.xlsx,KEEP,security recipient: 'Police'
88310,hand,Tanzania,TZA,Africa,,2019,Zanzibar Police Department,China donates office supplies to the Zanzibar Police Station.,"On October 17, 2019, the ceremony of a donation of office supplies to the Zanzibar Police Station by the Consulate General in Zanzibar was held at the Zanzibar Police Station. The donation included some computers and other office equipment, and was made to improve office conditions and improve work efficiency. The value of the donation is not known.",,Completion,Grant,GOVERNMENT AND CIVIL SOCIETY,,,Unspecified Chinese Government Institution,Government Agency,,,2019-01-01,2019-10-17,2019-10-17,KEEP_hand_source,hand-curated original Security funding.xlsx,KEEP,security recipient: 'Police'
88922,hand,Thailand,THA,Asia,,2018,Government of Thailand,Chinese Government donates office equipment to Police Region 5 in Thailand ,"On December 11, 2018, on behalf of the Chinese Government, Chinese Ambassador Ren Yisheng donated office equipment, such as computers and projectors to Police Region 5 of the Royal Thai Police. Region 5 consists of the northern Thai city of Chiang Mai.",,Completion,Grant,GOVERNMENT AND CIVIL SOCIETY,,,Unspecified Chinese Government Institution,Government Agency,,,2018-12-11,2018-12-11,2018-12-11,KEEP_hand_source,hand-curated original Security funding.xlsx,KEEP,security recipient: 'Police'
91685,hand,Thailand,THA,Asia,,2020,Government of Thailand,The Chinese Embassy in Thailand donates masks to Thai government institutions and hospitals,"On April 5th, 2020, the Embassy of the People's Republic of China in the Kingdom of Thailand donated N95 and disposable masks to the Palace Affairs Office, the National Assembly, the Ministry of Foreign Affairs, the Airport Customs, the Airport Administration, the Airport Immigration Bureau, and various police stations, as well as Ratchaviti Hospital and Sirirat Hospital. The quantity sent to each institution is unknown.",,Completion,Grant,HEALTH,,Yes,Chinese Embassy,Government Agency,,,2020-04-05,2020-04-05,2020-04-05,KEEP_hand_source,hand-curated original Security funding.xlsx,KEEP,no rule fired
34452,hand,Timor-Leste,TLS,Asia,,2007,Government of Timor-Leste,China deploys 11th civilian police peacekeeping team to Timor-Leste,"On March 27, 2007, China sent a group of 10 civilian police officers to Timor-Leste to help the country stabilize following its crisis in May 2006. They were accompanied by three military observers from the UN mission in Timor-Leste (UNMIT). The officers are specialists in the fields of administrative management, information technology, public security, criminal investigation and border security. They have received training in weapons, driving, and languages in China's peace-keeping police training center. _x000D_ _x000D_ On September 25, 2007, the team received UN peace medals for their efforts in Dili. Together, they represent the 11th civilian peacekeeping team that China has sent to Timor-Leste.",,Completion,Grant,GOVERNMENT AND CIVIL SOCIETY,,,Unspecified Chinese Government Institution,Government Agency,,,2007-01-01,2007-03-27,,KEEP_hand_source,hand-curated original Security funding.xlsx,KEEP,security recipient: 'police'
34454,hand,Timor-Leste,TLS,Asia,,2009,Government of Timor-Leste,China deploys 14th team of peacekeeping police in Timor-Leste,"China's 14th peacekeeping squad to Timor Leste arrived in 2009. The 21-person squad was sent to work with the UN mission in East Timor for one year, setting the end date to be in February 2010. Seven out of the 21 members had previously participated in UN peacekeeping missions. The squad, which includes staff from the criminal investigation, public security, traffic and entry and exit sections in the southeastern Jiangxi Province, all passed strict exams in the regional situation, world affairs, international law, driving, first aid, and English.",,Completion,Grant,GOVERNMENT AND CIVIL SOCIETY,,,Unspecified Chinese Government Institution,Government Agency,,,2009-01-01,2009-02-25,,KEEP_hand_source,hand-curated original Security funding.xlsx,KEEP,security recipient: 'peacekeeping'
34455,hand,Timor-Leste,TLS,Asia,,2010,Government of Timor-Leste,15th Chinese Deployment of Peacekeeping Police Timor-Leste,"China sent its 15th deployment of peacekeeping police officers to Timor-Leste May 11, 2010. The team comprised of 24 members from the province of Shandong with backgrounds in criminal investigation, public security, and traffic control. Like previous teams, the Chinese police officers will be working with the UN mission in Timor-Leste to help stabilize the country. Eight out of the 24 police personnel had previously participated in United Nations peacekeeping missions.",,Completion,Grant,GOVERNMENT AND CIVIL SOCIETY,,,Unspecified Chinese Government Institution,Government Agency,,,2010-01-01,2011-05-11,,KEEP_hand_source,hand-curated original Security funding.xlsx,KEEP,security recipient: 'Peacekeeping'
34457,hand,Timor-Leste,TLS,Asia,,2012,Government of Timor-Leste,17th Chinese Deployment of Peacekeeping Police in Timor-Leste,"On May 16, 2012, China deployed its 17th batch of police officers to Timor-Leste to support the UN peacekeeping operation in the country. The team comprised of 13 officers from the Chinese province of Heilongjiang and would be staying for six months to support law enforcement efforts in Timor-Leste. The team formally began their work on May 22, 2012 and returned to China November of the same year. Prior to their tenure, the team underwent nine months of training in preparation for their mission.",,Completion,Grant,GOVERNMENT AND CIVIL SOCIETY,,,Unspecified Chinese Government Institution,Government Agency,,,2012-01-01,2012-05-22,2012-11-14,KEEP_hand_source,hand-curated original Security funding.xlsx,KEEP,security recipient: 'Peacekeeping'
35384,hand,Timor-Leste,TLS,Asia,,2011,Government of Timor-Leste,16th Chinese Deployment of Police Forces in Timor-Leste,"On May 11, 2011, China sent its 16th deployment of peacekeeping forces to Timor Leste. This squad comprised of 23 members from the Department of Public Safety of Fujian Province. Member had received training from the Chinese Peacekeeping Police Training Center in topics such as situation identification, international law and peacekeeping behaviors. They will replace the 15th deployment from Shandong Province and will complete a year long mission in Timor Leste with the United Nations. The 16th batch of Chinese peacekeepers would return to China at the end of 2012.",,Completion,Grant,GOVERNMENT AND CIVIL SOCIETY,,,Unspecified Chinese Government Institution,Government Agency,,,2011-01-01,2011-05-11,2012-12-01,KEEP_hand_source,hand-curated original Security funding.xlsx,KEEP,security recipient: 'Police'
38217,hand,Timor-Leste,TLS,Asia,,2005,Government of Timor-Leste,"Chinese Government donates communications equipment worth $75,000 to Timor-Leste’s Ministry of Home Affairs","On September 8, 2005, the handover ceremony for the Chinese donation of police supplies and communications equipment to Timor-Leste was held at the Ministry of Home Affairs (援助东帝汶内政部警用物资). Chinese Ambassador to Timor-Leste Chen Duqing and Minister of Home Affairs Rogerio Lobato [罗热里奥·洛巴托] handed over the police supplies (captured in #64675) and communications equipment from the Chinese Ministry of Public Security, and both signed the transfer certificate. According to Timor Leste's 2006-07 General Budget of the State, the funding for the communications equipment amounted to 75,000 USD.  ",,Completion,Grant,GOVERNMENT AND CIVIL SOCIETY,,,Unspecified Chinese Government Institution,Government Agency,162767.501221061,185066.64888834633,2005-01-01,2005-09-08,2005-09-08,KEEP_hand_source,hand-curated original Security funding.xlsx,KEEP,security recipient: 'Ministry of Home Affairs'
63156,hand,Timor-Leste,TLS,Asia,,2019,Timor-Leste Defence Force (F-FDTL),China donates logistic materials to the Timor-Leste Defense Force (FDTL) in 2019,"On August 14th, 2019, the handover ceremony of logistics materials occurred at the Timor-Leste Defense Force, FDTL (Falintil-Forcas de Defesa de Timor-L'este) headquarters. The FDTL headquarter was built with Chinese aid in 2010 (see project #38001). Ambassador Xiao Jianguo of China attended the ceremony, emphasizing that the provided logistics materials will improve the self-sustaining capability of the F-FDTL and improve the living conditions of military officers/soldiers. The handover certificate was signed by Ambassador Xiao and Minister Filomeno.  ",,Completion,Grant,GOVERNMENT AND CIVIL SOCIETY,,,Unspecified Chinese Government Institution,Government Agency,,,2019-08-14,2019-08-14,2019-08-14,KEEP_hand_source,hand-curated original Security funding.xlsx,KEEP,security recipient: 'Defense'
64675,hand,Timor-Leste,TLS,Asia,,2005,Timor-Leste Ministry of Home Affairs,"Chinese Government donates police uniforms worth $110,000 to Timor-Leste’s Ministry of Home Affairs","According to Timor Leste's 2006-07 General Budget of the State, the funding for the China's donation of police uniforms amounted to 111,000 USD. On September 8, 2005, the handover ceremony for the Chinese donation of police supplies and communications equipment to Timor-Leste was held at the Ministry of Home Affairs [内政部]. Chinese Ambassador to Timor-Leste Chen Duqing and Minister of Home Affairs Rogerio Lobato [罗热里奥·洛巴托] handed over the police supplies and communications equipment from the Chinese Ministry of Public Security, and both signed the transfer certificate. ",,Completion,Grant,GOVERNMENT AND CIVIL SOCIETY,,,Unspecified Chinese Government Institution,Government Agency,240895.90180717,273898.6403547523,2005-01-01,2005-09-08,2005-09-08,KEEP_hand_source,hand-curated original Security funding.xlsx,KEEP,security recipient: 'police'
89109,hand,Timor-Leste,TLS,Asia,,2017,Timor-Leste Defence Force (F-FDTL),China completes well-drilling project for TLDF barracks in 2018,"On February 6th, 2018, the completion ceremony for the Timor-Leste Defense Force Bakao (Bacau?) well-drilling project (in Chinese, ""东帝汶国防军包考军营打井项目"") aided by the Chinese government was held at the Timor-Leste Defense and Security Ministry. The project was implemented by Shandong Foreign Economic and Technical Corporation (中国山东对外经济技术合作集团有限公司). The project will reportedly address water shortage issues for personnel stationed at the barracks and nearby residents. Signing and construction start dates are unknown. ",,Completion,Grant,GOVERNMENT AND CIVIL SOCIETY,,,Unspecified Chinese Government Institution,Government Agency,,,2017-01-01,,2018-02-06,KEEP_hand_source,hand-curated original Security funding.xlsx,KEEP,security recipient: 'Defence'
89111,hand,Timor-Leste,TLS,Asia,,2018,Timor-Leste Defence Force (F-FDTL),China donates security equipment to Timorese National Police in 2018,"On March 14, 2018, a ceremony was held at the Timor-Leste National Police Headquarters for the donation of security equipment from China to the Timor-Leste National Police. The donation included multi-functional command and control systems, digital trunking communication systems, explosives removal suits and alcohol testers, and other items. Chinese Ambassador to Timor-Leste, Liu Hongyang, and East Timorese Minister of Defense and Security, Somochu, signed the handover certificate on behalf of the two governments. The monetary value of the donation is unknown.",,Completion,Grant,GOVERNMENT AND CIVIL SOCIETY,,,Unspecified Chinese Government Institution,Government Agency,,,2018-03-14,2018-03-14,2018-03-14,KEEP_hand_source,hand-curated original Security funding.xlsx,KEEP,security recipient: 'Police'
89125,hand,Timor-Leste,TLS,Asia,,2019,Timor-Leste Defence Force (F-FDTL),China donates uniforms to Timor-Leste National Police in 2019,"On December 13, 2019, the handover ceremony of police uniforms from China for the Timor-Leste National Police was held at the Timor-Leste National Police Headquarters. Chinese Ambassador to Timor-Leste Xiao Jianguo and Minister of the Interior Filomeno da Paixão de Jesus signed the handover certificates on behalf of the countries.",,Completion,Grant,GOVERNMENT AND CIVIL SOCIETY,,,Unspecified Chinese Government Institution,Government Agency,,,2019-01-01,2019-12-13,2019-12-13,KEEP_hand_source,hand-curated original Security funding.xlsx,KEEP,security recipient: 'Police'
89130,hand,Timor-Leste,TLS,Asia,,2018,Timor-Leste Defence Force (F-FDTL),China sponsors training for Timor-Leste Police Officers in 2018,"On August 30, 2018, the ""2018 Timor-Leste Police Law Enforcement Officer Training Course"" (in Chinese, ""东帝汶警务执法官员研修班"") pre-departure education event was held at the Timor-Leste National Police Headquarters. The training was undertaken in China by the Yunnan Police Officers College. A total of 20 Timorese police officers attended the 15 days of training. The opening ceremony of the training was held at the Yunnan Police Officers College on September 3, 2018.",,Implementation,Grant,GOVERNMENT AND CIVIL SOCIETY,,,Unspecified Chinese Government Institution,Government Agency,,,2018-01-01,2018-09-03,,KEEP_hand_source,hand-curated original Security funding.xlsx,KEEP,security recipient: 'Police'
90708,hand,Timor-Leste,TLS,Asia,,2020,Timor-Leste Defence Force (F-FDTL),Chinese Ministry of National Defense donates Covid supplies to the Ministry of National Defense of Timor-Leste in June 2020,"On June 25, 2020, the Chinese Embassy in Timor-Leste handed over Covid materials provided by the Chinese Ministry of National Defense to the East Timor Defense Ministry and the National Defense Forces. The materials will be used to help the Eastern Timor Defense Forces better combat the epidemic. The specific amounts and monetary value of this donation are unknown.  The handover ceremony was held at the East Timor Defense Force Headquarters.  Ambassador Xiao Jianguo, East Timor Minister of Defense, Commander of the National Defense Forces, and Defense Attaché to East Timor, Senior Colonel Huang Damin, attended the ceremony.",,Completion,Grant,HEALTH,,Yes,China Ministry of National Defense,Government Agency,,,2020-06-25,2020-06-25,2020-06-25,KEEP_hand_source,hand-curated original Security funding.xlsx,KEEP,security recipient: 'Defense'
96277,hand,Timor-Leste,TLS,Asia,,2021,East Timor National Police,Chinese government donates police supplies to Timor-Leste National Police,"On January 22, 2021, the Chinese government donated police supplies to the Timor-Leste National Police (PNTL). The donated supplies included boots, rainproof uniforms, and other goods. The handover ceremony took place at Timor Leste National Police Headquarters. ",,Completion,Grant,GOVERNMENT AND CIVIL SOCIETY,,,Unspecified Chinese Government Institution,Government Agency,,,2021-01-22,2021-01-22,2021-01-22,KEEP_hand_source,hand-curated original Security funding.xlsx,KEEP,security recipient: 'police'
96343,hand,Timor-Leste,TLS,Asia,,2021,East Timor National Police,China donates flashlights to Timor-Leste National Police,"On January 28, 2021, the Chinese government donated 200 flashlights to Timor-Leste National Police (PNTL). The handover ceremony took place at Timor Leste National Police Headquarters.",,Completion,Grant,GOVERNMENT AND CIVIL SOCIETY,,,Unspecified Chinese Government Institution,Government Agency,,,2021-01-28,2021-01-28,2021-01-28,KEEP_hand_source,hand-curated original Security funding.xlsx,KEEP,security recipient: 'Police'
96516,hand,Timor-Leste,TLS,Asia,,2021,East Timor National Police,Chinese Embassy donates detention center to Dili Police,"In April 2021, The Timor-Leste government requested help from the Chinese Embassy to construct a detention center. Construction took more than 6 months to complete. On December 17th, 2021, construction was complete and the Chinese Embassy handed over the center to National Police. ",,Completion,Grant,GOVERNMENT AND CIVIL SOCIETY,Yes,,Chinese Embassy,Government Agency,,,2021-04-01,2021-04-01,2021-12-17,KEEP_hand_source,hand-curated original Security funding.xlsx,KEEP,security recipient: 'detention'
36402,hand,Togo,TGO,Africa,,2014,Government of Togo,China donates 3 billion CFAF worth of trucks and military engineers to Togolese Army,"On June 7, 2014, the Chinese Ministry of Defense held a ceremony for the donation of 3 billion CFAF worth of trucks and military engineers to the Togolese Army. The ceremony was attended by Liu Yuxi, the Chinese Ambassador to Togo. The donation aims to equip the Togolese Army to better respond to disasters such as flooding and plague, and assist in building schools and roads. ",,Completion,Grant,GOVERNMENT AND CIVIL SOCIETY,,,China Ministry of Defense,Government Agency,6863990.43473262,7804357.124290989,2014-01-01,2014-06-07,2014-06-07,KEEP_hand_source,hand-curated original Security funding.xlsx,KEEP,security recipient: 'military'
65043,hand,Togo,TGO,Africa,,2015,,China donates motorcycles and office equipment worth 37 million CFA in 2015,"On May 7, 2015, China handed over the donation of motorcycles, LED screens, computers, photocopiers, and fax machines to Togo. Chinse Ambassador to Togo, Liu Yuxi, and the Togolese Minister of Foreign Affairs, Robert Dussey attended the donation ceremony. The equipment was estimated to be worth 37 million CFA and was donated in preparation for the upcoming African Union Summit on Maritime Security and Development. ",,Completion,Grant,GOVERNMENT AND CIVIL SOCIETY,,,Unspecified Chinese Government Institution,Government Agency,70207.4496143735,79825.87021154267,2015-01-01,2015-05-07,2015-05-07,KEEP_hand_source,hand-curated original Security funding.xlsx,KEEP,no rule fired
72440,hand,Togo,TGO,Africa,,2017,,China donates anti-malaria medication to Togo in 2017,"On December 8th, 2017, a handover ceremony was held for the donation of antimalarial medication to the Ministry of Health and Social Security of Togo by the Chinese Ambassador to Togo._x000D_ _x000D_ According to a deputy dean in charge of the Lomé Regional Central Hospital in Togo, artemisinin is the first choice for the treatment of malaria in the hospital. Every year, the Chinese government assists Togo with artesunate antimalarial drugs and conducts malaria treatment and training and guidance for local medical staff.",,Completion,Grant,HEALTH,,,Unspecified Chinese Government Institution,Government Agency,,,2017-01-01,2017-12-08,2017-12-08,KEEP_hand_source,hand-curated original Security funding.xlsx,KEEP,no rule fired
93517,hand,Togo,TGO,Africa,,2021,Togo Women's Movement,Chinese Embassy provides supplies to Togolese Women's Organizations in September 2021,"On September 10, 2021, the Chinese Embassy in Togo and the Women's Movement of the Alliance for the Defense of the Republic jointly provided materials to the Togolese Women’s Organization. This donation was made to provide material assistance to women in need in Togo. The monetary value of this donation is unknown.  A material handover ceremony was held for this donation. China’s Ambassador to Togo, Chao Weidong, the Executive Secretary of the Alliance Party, the Vice Chairman, and representatives of women's movement members attended the ceremony.",,Completion,Grant,OTHER SOCIAL INFRASTRUCTURE AND SERVICES,,,Chinese Embassy,Government Agency,,,2021-09-10,2021-09-10,2021-09-10,KEEP_hand_source,hand-curated original Security funding.xlsx,KEEP,no rule fired
37673,hand,Tonga,TON,Oceania,,2007,,"China grants office equipment to Tonga for the Pacific Islands forum (linked with projects #39235, #37641)","On October 8, 2007, Ambassador Hu Yeshun handed over a batch of office supplies to Tonga to aid in their hosting of the 38th Pacific Islands Forum. This donation included 20 laptop computers, 10 computer desks, a laser printer, one fax machine, two photocopiers and 20 mobile phones. The donation, and forum, took place in Nuku'alofa. The value of this donation is unknown._x000D_ _x000D_ This project is linked to #39235, which records a donation of police motorcycles, and #37641, which records a donation of cars, both for the same forum._x000D_ _x000D_ ",,Completion,Grant,GOVERNMENT AND CIVIL SOCIETY,,,Unspecified Chinese Government Institution,Government Agency,,,2007-01-01,2007-10-08,2007-10-08,KEEP_hand_source,hand-curated original Security funding.xlsx,KEEP,no rule fired
37762,hand,Tonga,TON,Oceania,,2014,,China military hospital ship provides medical services to Tonga (linked to project #65343),"On August 13, the Peace Ark hospital ship of the Chinese People’s Liberation Army Navy arrived at the port of Nukualofa, Vuna Wharf in Tonga for a 7-day visit. While providing various medical services, the hospital ship also sent its medical team to local hospitals to carry out surgical operations in cooperation with the medical staff of Tonga, and set up medical teams to pay rounds of visits to remote islands and islets to provide diagnosis and treatment services. In addition, it also sent its teams to local schools and centers for the disabled to give diagnosis and treatment and carry out donation activities. The ship departed on Wednesday, 20 August after a week of providing free medical services that included 39 surgeries, including removing a bullet from a Tongan who had been shot while he was in the United States. Medical teams were also dispatched to the Vaiola Hospital. Patients on ‘Eua Island also received free assistance when a team flew to the island on board the vessel’s medical helicopter._x000D_ ",,Completion,Grant,HEALTH,,,People's Liberation Army of China,Government Agency,,,2014-01-01,2014-08-14,2014-08-20,KEEP_hand_source,hand-curated original Security funding.xlsx,KEEP,military/police medical
39235,hand,Tonga,TON,Oceania,,2007,,"China donated 20 police motorcycles to Tonga for the Pacific Islands Forum (linked to projects #37641, #37673)","On September 28, 2007, the Chinese government handed over 20 police motorcycles to support Tonga's hosting of the 38th Pacific Islands Forum. The value of this donation is unknown. This project is linked to #37641 and #37673, which record donations of cars and office supplies for the same forum respectively._x000D_ ",,Completion,Grant,GOVERNMENT AND CIVIL SOCIETY,,,Unspecified Chinese Government Institution,Government Agency,,,2007-01-01,2007-09-28,2007-09-28,KEEP_hand_source,hand-curated original Security funding.xlsx,KEEP,security recipient: 'police'
65012,hand,Tonga,TON,Oceania,,2017,,"Chinese government donated a fire-fighting pick-up truck to the Tonga Minister of Police, Fire and Emergency Services","On September, 22, 2017, Chinese Ambassador to the Kingdom of Tonga handed over a pick-up truck donated by China to Hon. Mateni Tapueluelu, Minister of Police, Fire and Emergency Services of Tonga. Minister Tapueluelu said the truck will be allocated to Ha'apai Fire Station. The truck is to improve the capabilities of the local fire service.",,Completion,Grant,GOVERNMENT AND CIVIL SOCIETY,,,Unspecified Chinese Government Institution,Government Agency,,,2017-01-01,2017-09-22,2017-09-22,KEEP_hand_source,hand-curated original Security funding.xlsx,KEEP,security recipient: 'Police'
65343,hand,Tonga,TON,Oceania,,2018,, Chinese naval hospital ship Ark Peace arrived at Tonga to provide medical service (linked to project #37762),"On 13 August, 2018, the Chinese naval hospital ship Ark Peace arrived at Port Nukualofa, capital of the Kingdom of Tonga, the fourth stop of Mission Harmony 2018, starting an eight-day good-will visit and humanitarian medical service. Ark Peace paid her first successful visit to Tonga on the same date four years ago. (See project #37762)_x000D_ The Tongan government hosted a grand welcome ceremony at the Vuna Wharf. At the ceremony, the Acting Prime Minister Sika warmly welcomed Ark Peace's second visit to Tonga on behalf of the Tongan government and conveyed his appreciation to the ship for providing medical services to the Tongan people. _x000D_ Ambassador Wang pointed out that the second visit of Ark Peace, as an important part of events to jointly celebrate the 20th anniversary of the normalization of relations between China and Tonga, will further strengthen mutual trust and friendship between the two countries and the two armed forces.",,Completion,Grant,HEALTH,,,Unspecified Chinese Government Institution,Government Agency,,,2018-01-01,2018-08-13,,KEEP_hand_source,hand-curated original Security funding.xlsx,KEEP,military/police medical
67121,hand,Tonga,TON,Oceania,,2009,Tonga-China Friendship Association,Chinese Embassy donates 12 motorcycles to the Tonga-China Friendship Association,"On June 27, 2009, the Chinese Embassy in Tonga donated 12 motorcycles to the Tonga-China Friendship Association. These motorcycles were set to be allocated to local police departments in six villages. The monetary value of this donation is unknown. ",,Completion,Grant,GOVERNMENT AND CIVIL SOCIETY,,,Chinese Embassy,Government Agency,,,2009-01-01,2009-06-27,2009-06-27,KEEP_hand_source,hand-curated original Security funding.xlsx,KEEP,no rule fired
69175,hand,Trinidad and Tobago,TTO,America,,2020,Trinidad and Tobago Ministry of National Security,Chinese Government provides TT$100 million grant -- via January 2020 ETCA -- for Forensic Science Center Construction Project (Linked to Project ID#69011 and ID#95316),"On January 7, 2020, the Chinese Government provided a TT$100 million grant to the Trinidad and Tobago Ministry of National Security for the ongoing construction of the New Forensic Science Center in Mt. Hope. Grant funds were committed via an Economic and Technical Cooperation Agreement (ETCA) signed by the Minister of National Security and the Chinese Ambassador to Trinidad and Tobago (as captured via Project ID#95316).  The new building is expected to replace the current smaller one in St. James. The building is set to go up in two stages: first a new main forensic sciences building, and then a ""L-shaped"" DNA storage building. The new center is being constructed with the goal of alleviating personnel and infrastructure issues that have been plaguing the forensic department for some time.   The Trinidadians requested funding for the project from China after the Prime Minister visited a similarly Chinese-funded forensics center in Jamaica. As of January 2020, the project had not yet broken ground despite its proposed completion date by the beginning of 2020.   The 2020 grant represents additional funding for the project after the Chinese Government provided a $10 million dollar grant in 2018 (as captured via Project ID#69011).",,Pipeline: Commitment,Grant,GOVERNMENT AND CIVIL SOCIETY,Yes,,China Ministry of Commerce,Government Agency,16521257.4317662,18784669.69991817,2020-01-07,,,KEEP_hand_source,hand-curated original Security funding.xlsx,KEEP,security recipient: 'Forensic'
69448,hand,Trinidad and Tobago,TTO,America,,2019,Government of the Republic of Trinidad and Tobago,China Ministry of Public Security provides a 10-day police training course to Trinidadian law-enforcement agencies,"On November 16th, 2019, a team of instructors from Chongqing Police Academy began a 10 day training course titled ""2019 Trinidad and Tobago Criminal Technology Seminar"" for local Trinidadian police. The course was hosted by the Chinese Ministry of Public Security and was jointly organized by Chongqing Police Academy and the Trinidad and Tobago Police Academy. 30 officers from various branches of the Special Police Force and immigration border inspection participated in the training, which covered forensic inspection in the fields of technology, homicide investigation office, DNA inspection technology, criminal image processing, and drug inspection. The training course ended on November 26 after a closing ceremony attended by Ambassador Song Yumin. ",,Completion,Grant,GOVERNMENT AND CIVIL SOCIETY,,,China Ministry of Public Security,Government Agency,,,2019-11-16,2019-11-16,2019-11-26,KEEP_hand_source,hand-curated original Security funding.xlsx,KEEP,security recipient: 'Ministry of Public Security'
70021,hand,Trinidad and Tobago,TTO,America,,2019,Trinidad and Tobago Police Service (TTPS),Chinese Government donates 200 motorcycles to the Trinidad and Tobago Police Service,"On August 21, 2019, Chinese ambassador Song Yumin formally presented a gift of 200 motorcycles to the Trinidad and Tobago Police Service (TTPS) at the Policy Academy in St. James, Port of Spain. The donation was originally announced on May 14, 2019. The motorcycles are equipped with GPS and camera technology, and the Prime Minister hopes that they will reduce the response time of the TTPS and give citizens a greater sense of security. ",,Completion,Grant,GOVERNMENT AND CIVIL SOCIETY,,,Unspecified Chinese Government Institution,Government Agency,,,2019-05-14,2019-08-21,2019-08-21,KEEP_hand_source,hand-curated original Security funding.xlsx,KEEP,security recipient: 'Police'
95316,hand,Trinidad and Tobago,TTO,America,,2020,Trinidad and Tobago Ministry of National Security,Chinese Government provides grant via Economic and Technical Cooperation Agreement in January 2020 (Linked to Project ID#69175),"On January 7, 2020, the Chinese Ambassador to Trinidad and Tobago and the Minister of National Security of Trinidad and Tobago signed an Economic and Technical Cooperation Agreement (ETCA). The ETCA provided an unspecified amount of grant funding and was to be used to finance both the construction of the New Forensic Science Center in Mt. Hope (captured via Project ID#69175) and ""other projects agreed upon between both Governments.""   The grant value likely exceeds TTD 100 million (about USD 14.8 million), given reports that the Prime Minister of Trinidad and Tobago announced TTD 100 million had been granted for the New Forensic Science Center.",,Pipeline: Commitment,Grant,OTHER MULTISECTOR,,,China Ministry of Commerce,Government Agency,,,2020-01-07,,,KEEP_hand_source,hand-curated original Security funding.xlsx,KEEP,no rule fired
97346,hand,Trinidad and Tobago,TTO,America,,2021,Trinidad and Tobago Ministry of National Security,Chinese Embassy in Trinidad and Tobago donates intelligent conference terminals to Ministry of National Security in Trinidad and Tobago for digitization of government affairs,"On November 19, 2021, the Chinese Embassy in Trinidad and Tobago held a handover ceremony for the donation of intelligent conference terminals to the Ministry of National Security in Trinidad and Tobago. This ceremony was attended by Fang Yu, the Chinese Ambassador to Trinidad and Tobago, as well as Atiba Dirchang, the Secretary of the Ministry of National Security, and Lin Qi, the Deputy Director of the Department of International Affairs in Trinidad and Tobago. The purpose of this donation was to aid in the digitization of government affairs in Trinidad and Tobago. The monetary value of the donation is unknown.",,Completion,Grant,GOVERNMENT AND CIVIL SOCIETY,,,Chinese Embassy,Government Agency,,,2021-11-01,2021-11-19,2021-11-19,KEEP_hand_source,hand-curated original Security funding.xlsx,KEEP,no rule fired
89202,hand,Turkmenistan,TKM,Asia,,2018, Yenme (Turkmenistan),China Donates 90 Wheelchairs to Turkmenistanis with Disabilities throug NGO Yenme in 2018,"On December 18, 2018, the Chinese government donated 90 wheelchairs to children and adults with disabilities in Turkmenistan. The handover took place at an event hosted by Yenme, a public social welfare organization recognized by the United Nations operating in Turkmenistan. In attendance were China's Ambassador to Turkmenistan, Sun Weidong; Director Muhamedova of the Department of Disabled Affairs of the Turkish Ministry of Health, Director Ovetsova of the Social Services Department of the Ministry of Labor and Social Security, and Director Kasayev of the Ashgabat Social Services Bureau, as well as representatives from Yenme. ",,Completion,Grant,OTHER SOCIAL INFRASTRUCTURE AND SERVICES,,,Chinese Embassy,Government Agency,,,2018-12-18,,2018-12-18,KEEP_hand_source,hand-curated original Security funding.xlsx,KEEP,no rule fired
37912,hand,Uganda,UGA,Africa,,2014,Uganda Police Force,Chinese Embassy in Uganda funded the construction of Uganda Police Department kindergarten project," On January 7, 2014 the Chinese Ambassador, Mr. Zhao Yali handed over a Children Day Care Center to the Inspector General of Police, Gen. Kale Kayihura at Naguru, Kampala.  The China-Uganda Friendship Kindergarten was constructed by the Tian Tang Group and donated by the Chinese Embassy to the Uganda Police Force. The center will cater to Police Officers’ children who stay and work within Kampala.  The total cost of this project is unclear.",,Completion,Grant,EDUCATION,Yes,,Chinese Embassy,Government Agency,,,2014-01-01,,2014-01-07,KEEP_hand_source,hand-curated original Security funding.xlsx,KEEP,security recipient: 'Police'
37937,hand,Uganda,UGA,Africa,,2014,Uganda Police Uniform Factory,China Poly Group donated 96 machines to Uganda Police Uniform Factory,"In 2014, the Chinese company, China Poly Technologies Inc, donated 96 machines worth $800,000 to the Ugandan Police garment factory and send technicians to train local employees. The factory will enable the Police to produce their own uniforms and at a later stage, supply other security organizations.  The Inspector General of Police, Gen. Kale Kayihura, said the factory would in addition to providing uniforms for the Force create jobs, especially for spouses of Police officers and tremendously reduce costs of uniforms.  He noted that the factory, which currently has a capacity of producing 100 uniforms per day, will, with time, be able to produce more than 200 uniforms per day.  The facility will reduce the cost of uniforms from $27 to $24 each.  There are over 200 people working in the factory producing over 260 suits of uniforms everyday.",,Completion,Grant,GOVERNMENT AND CIVIL SOCIETY,,,China Poly Group Corporation Ltd.,State-owned Company,885676.18512679,1007013.8224891602,2014-01-01,,2014-09-30,KEEP_hand_source,hand-curated original Security funding.xlsx,KEEP,security recipient: 'Police'
37947,hand,Uganda,UGA,Africa,,2014,Uganda Police Force,Chinese Embassy in Uganda donated office supplies to Uganda International Police Organization,"On December 30, 2014 the Chinese Ambassador to Uganda Zhao Yali donated office supplies to the Uganda International Police Organization.   The total cost of the donation is unclear.",,Completion,Grant,GOVERNMENT AND CIVIL SOCIETY,,,Chinese Embassy,Government Agency,,,2014-01-01,2014-12-30,2014-12-30,KEEP_hand_source,hand-curated original Security funding.xlsx,KEEP,security recipient: 'Police'
53483,hand,Uganda,UGA,Africa,,2016,,China donated motorcycles and laptops to Ugandan Police Darpartment,"On August 29, Ambassador Zhao Yali and U.S. Police Chief Kei Hula attended the Chinese Embassy’s donation of the Ugandan Police Department’s material handover ceremony. The donated materials include motorcycles and laptops.　　_x000D_ _x000D_ ",,Completion,Grant,GOVERNMENT AND CIVIL SOCIETY,,,Chinese Embassy,Government Agency,,,2016-01-01,2016-08-29,2016-08-29,KEEP_hand_source,hand-curated original Security funding.xlsx,KEEP,security recipient: 'Police'
53491,hand,Uganda,UGA,Africa,,2016,Uganda People’s Defence Force (UPDF),China Tianjin International Economic and Technical Cooperation Group Corporation donated 1200 mosquito nets to UPDF and two schools in Uganda,"On April 8, 2016, the ribbon-cutting ceremony of the mosquito repellent net factory jointly established by China-Africa Medical Materials Co., Ltd (中非医用材料有限公司) and Tianjin Yongkuo International Trade Co., Ltd.(天津永阔国际贸易有限公司) was held in Kampala. At the ceremony, the mosquito net factory also donated 1200 long-lasting mosquito repellent nets to the UPDF and the two schools.",,Completion,Grant,HEALTH,,,China Tianjin International Economic and Technical Cooperation Group Corporation,State-owned Company,,,2016-01-01,2016-04-08,2016-04-08,KEEP_hand_source,hand-curated original Security funding.xlsx,KEEP,security recipient: 'Defence'
60598,hand,Uganda,UGA,Africa,,2018,Uganda INTERPOL,Chinese Embassy donates a 22-seater bus to the Ugandan International Police,"On August 14, 2018, Zheng Zhuqiang handed over a 22 - seater bus to Uganda Police Force at function held at the offices of Directorate of INTERPOL and International Relations in Kololo, Mabua road.  The Deputy Inspector General of Police, Brig. Sabiiti Muzeyi thanked the Chinese embassy for its continued support towards Uganda Police Force.  ",,Completion,Grant,GOVERNMENT AND CIVIL SOCIETY,,,Unspecified Chinese Government Institution,Government Agency,,,2018-01-01,2018-08-14,2018-08-14,KEEP_hand_source,hand-curated original Security funding.xlsx,KEEP,security recipient: 'Police'
98115,hand,Uganda,UGA,Africa,,2017,Uganda Police Force,Chinese Government agrees to send a team to train the Ugandan police in December 2017,"On December 20, 2017, during a meeting between the Inspector General of Police, Kale Kayihura, and a delegation of the China Public Security, the Chinese Government agreed to send a team to Uganda to train the Uganda police in areas of criminal investigations, crime intelligence, and cybercrime. The decision was made after two Chinese nationals were murdered in Uganda.",,Pipeline: Commitment,Grant,GOVERNMENT AND CIVIL SOCIETY,,,Unspecified Chinese Government Institution,Government Agency,,,2017-12-20,,,KEEP_hand_source,hand-curated original Security funding.xlsx,KEEP,security recipient: 'police'
66566,hand,Ukraine,UKR,Europe,,2013,Government of Ukraine Ministry of Defense,Chinese Government provides RMB 20 million grant for provision of medical equipment to Ukrainian Ministry of Defense,"On November 22, 2013, China’s Ministry of National Defense and Ukraine’s Ministry of Defense signed an exchange of letters, which committed RMB 20 million of grant funding for the provision of medical equipment. According to the agreement, China’s Ministry of National Defense was responsible for transportation costs and delivery of the medical devices. Any additional costs were to be covered by the Government of Ukraine.   The equipment package consisted of 22 medical devices, including a phthalmic excimer laser, photocoagulators with different wavelengths used to treat retinal diseases, an angiograph, an optical coherence tomograph, an endothelial microscope, an optical biometer, a computer perimeter, a frequency doubling perimeter (for the full list of devices, see the source, """"Угода між Міністерством...""""). The ultimate purpose of the project was to provide highly specialized ophthalmological care to wounded servicemen and patients of Holovnyy Viysʹkovyy Klinichnyy Hospitalʹ (Національний військово-медичний клінічний центр «Головний військовий клінічний госпіталь») in the capital city of Kyiv.   The equipment arrived at Boryspil International Airport in December 2015. The total weight of the equipment was 11.89 tons. The volume of the equipment is 28.23 cubic meters. The equipment arrived at the ophthalmology clinic of Holovnyy Viysʹkovyy Klinichnyy Hospitalʹ or around January 20, 2016. ",,Completion,Grant,HEALTH,,,China Ministry of Defense,Government Agency,3669195.12844321,4171874.8610399296,2013-11-22,2013-11-22,2016-01-20,KEEP_hand_source,hand-curated original Security funding.xlsx,KEEP,security recipient: 'Ministry of Defense'
95096,hand,Ukraine,UKR,Europe,,2020,Government of Ukraine,China Ministry of State Security donates masks to Ukraine in April 2020,"On April 10, 2020, 20,000 three-layer medical masks and 1,000 N95 masks donated by China's Ministry of State Security were held in a warehouse in Beijing to be loaded onto a plane to Ukraine. The supplies were eventually delivered to Ukraine.",,Completion,Grant,HEALTH,,Yes,China Ministry of State Security,Government Agency,16417.5039350947,18666.701974202675,2020-04-10,,2020-04-10,KEEP_hand_source,hand-curated original Security funding.xlsx,KEEP,no rule fired
39931,hand,Uzbekistan,UZB,Asia,,2001,Uzbek Ministry of Internal Affairs,Chinese Government donates forensic equipment worth RMB 1 million,"In November 2002, China's Ministry of Public Security committed a donation of forensic laboratory equipment worth 1 million RMB to their Uzbek counterparts. The current state of this project is unknown. According to Chinese source, the contract is signed in 2001._x000D_ _x000D_ ",,Pipeline: Commitment,Grant,GOVERNMENT AND CIVIL SOCIETY,,,Unspecified Chinese Government Institution,Government Agency,303792.73350346,345412.33799343405,2001-01-01,,,KEEP_hand_source,hand-curated original Security funding.xlsx,KEEP,security recipient: 'forensic'
53858,hand,Uzbekistan,UZB,Asia,,2015,,"China Commits to Give Uniforms worth US$150,000 to Uzbekistan's Police","In February 2015, the Ministry of Public Security of China signed an agreement to provide uniforms (summer and winter clothing) to Uzbekistan's Ministry of Internal Affairs' policemen for a total amount of USD$150,000. ",,Pipeline: Commitment,Grant,GOVERNMENT AND CIVIL SOCIETY,,,China Ministry of Public Security,Government Agency,168341.335436842,191404.09839168936,2015-02-01,,,KEEP_hand_source,hand-curated original Security funding.xlsx,KEEP,security recipient: 'Police'
72170,hand,Uzbekistan,UZB,Asia,,2004,Government of Uzbekistan,"Chinese Government grants RMB 700,000 for the provision of police equipment","On November 26, 2004, Chinese Government signed an RMB 700,000 grant for the provision of police equipment. Under the agreement between the Ministry of Internal Affairs of the Republic of Uzbekistan and the Ministry of Public Security of the People’s Republic of China, the Chinese government granted 700,000 RMB to the Ministry of the Internal Affairs of the Republic of Uzbekistan.",,Completion,Grant,GOVERNMENT AND CIVIL SOCIETY,,,Unspecified Chinese Government Institution,Government Agency,192626.6604054,219016.51288093984,2004-11-26,,2004-11-26,KEEP_hand_source,hand-curated original Security funding.xlsx,KEEP,security recipient: 'police'
37744,hand,Vanuatu,VUT,Oceania,,2004,Vanuatu Police Force,China agrees to provide training to Vanuatu police force,"During Vanuatu Prime Minister Serge Vohor's visit to China from September 5 to 12, 2004, China and Vanuatu signed an initial agreement that would provide equipment and training for the Vanuatu police force, following a request from the Vanuatu Minister of Public Utilities. Members of the police force will undergo training in China, particularly in anti-terrorism warfare and bodyguard and self-defense skills. Details regarding the agreement and further project details are unknown. ",,Pipeline: Commitment,Grant,GOVERNMENT AND CIVIL SOCIETY,,,Unspecified Chinese Government Institution,Government Agency,,,2004-09-01,,,KEEP_hand_source,hand-curated original Security funding.xlsx,KEEP,security recipient: 'police'
37755,hand,Vanuatu,VUT,Oceania,,2005,Vanuatu Police Force,China finances Vanuatu for police projects (Linked to Project ID#63871),"According to a media report on August 2, 2005, China's People's Liberation Army and Vanuatu Police Force signed an agreement recently to finance police projects worth more than US$286,000. The funds also provided a 28-seater bus and three double cabin vehicles for use by the police force. A December 2005 Quarterly Economic Report by the Reserve Bank of Vanuatu confirmed that the agreement was worth US$319,000 and reached in July 2005.  During the same meeting, another aid agreement was signed between China's People's Liberation Army and the Vanuatu Mobile Force (VMF), which includes uniforms and equipment for the VMF (captured in Project ID#63871).",,Pipeline: Commitment,Grant,GOVERNMENT AND CIVIL SOCIETY,,,People's Liberation Army of China,Government Agency,620686.737989646,705720.8210942275,2005-07-01,,,KEEP_hand_source,hand-curated original Security funding.xlsx,KEEP,security recipient: 'police'
39362,hand,Vanuatu,VUT,Oceania,,2014,,Chinese Army provides medical training and service through the ‘Peace Ark’ Naval Hospital Ship to Vanuatu,"On August 31st, 2014, the Chinese Navy Ship, Peace Ark, arrived in Vanuatu to provide medical services. The ship served as the main platform for free-of-charge medical services, including ""outpatient and surgical treatment"" (according to ""驻瓦努阿图大使谢波华在中国海军和平方舟医院船甲板招待会上的致辞""). The Chinese press release, ""驻瓦努阿图大使谢波华陪同瓦总理参观和平方舟医院船"", stated that the boat has received a total of 7,512 outpatients, completed 58 operations, admitted 26 inpatients, carried out 3382 CT and X-ray auxiliary examinations, and conducted comprehensive medical examinations for 33 people. Additionally, medical teams were dispatched to local hospitals and villages. The ship left on September 7th after completing its service. The arrival of the Peace Ark is heralded as one of the biggest bilateral events between the two nations.",,Completion,Grant,HEALTH,,,Unspecified Chinese Government Institution,Government Agency,,,2014-01-01,2014-08-31,2014-09-07,KEEP_hand_source,hand-curated original Security funding.xlsx,KEEP,military/police medical
62575,hand,Vanuatu,VUT,Oceania,,2005,,Chinese government donates equipment for Pekoa Airport to Vanuatu,"In 2005, the Chinese government donated $700,000 worth of equipment to the Peoka Aiport in Vanuatu, located in the city of Luganville on Espiritu Santo, the largest island of Vanuatu. According to page AIII-vi of ""The Dragon Looks South,"" the equipment included x-ray machines to improve security screening, a baggage conveyor, and fire equipment. The exact start and end dates are unclear. ",,Completion,Grant,OTHER SOCIAL INFRASTRUCTURE AND SERVICES,,,Unspecified Chinese Government Institution,Government Agency,1519163.3447299,1727288.7229578963,2005-01-01,,,KEEP_hand_source,hand-curated original Security funding.xlsx,KEEP,no rule fired
63859,hand,Vanuatu,VUT,Oceania,,2017,Government of Vanuatu,Chinese government donates 14 military vehicles to Vanuatu to be used by specialized units of Vanuatu's Mobile Force ,"In February 27th, 2017, China donated 14 military vehicles to be used by specialized units of Vanuatu's Mobile Force (VMF). The aim of this donation is to boost the country's capacity to deal with emergencies.    The donation includes includes transport vehicles, medics to evacuate casualties, vehicles for official use and other equipment to be used at the base, VMF workshop. Along with the vehicles, the police also received uniforms and safety equipment (""China Provides Vanuatu Mobile Force With 14 Military-Designed Vehicles"").   According to Papua New Guinea Today, ""the donation included vehicles, 3 troop carriers, 2 medium buses, 2 fully equipped recovery vehicles, 4 B90 sedan cars, 2 fully equipped ambulances and a fire truck,"" and is worth approximately 8 million RMB. The donation also included new uniforms and safety equipment.",,Completion,Grant,TRANSPORT AND STORAGE,,,Unspecified Chinese Government Institution,Government Agency,1364229.12820266,1551128.5187664244,2017-01-01,2017-02-27,2017-02-27,KEEP_hand_source,hand-curated original Security funding.xlsx,KEEP,security recipient: 'military'
63870,hand,Vanuatu,VUT,Oceania,,2016,,China government donates Military Band Music Equipment to Vanuatu,"On January 13th, 2016, the Chinese Ambassador, Xie Bohua, a ceremony was held for the donation of musical instruments to the Vanuatu Mobile Force (VMF) (or 捐赠瓦机动部队乐器). The VMF is the paramilitary arm of the country's police force. The ceremony was also attended by 30 officers and soldiers, including the Mobile Band Commander.  These instruments are intended to help the Vanuatu Mobile Forces military band renew and upgrade their instruments, and help the military band to better rehearse and perform for major events.",,Completion,Grant,OTHER SOCIAL INFRASTRUCTURE AND SERVICES,,,Unspecified Chinese Government Institution,Government Agency,,,2016-01-01,2016-01-13,2016-01-13,KEEP_hand_source,hand-curated original Security funding.xlsx,KEEP,security recipient: 'Military'
90103,hand,Vanuatu,VUT,Oceania,,2020,Vanuatu Department of Customs and Inland Revenue,China donates customs inspection equipment to Vanuatu in 2020,"On June 4 2020, a handover ceremony was held for inspection equipment from China to Vanuatu Department of Customs and Inland Revenue.  The donation includes CT baggage scanners, mobile x-ray system from Nuctech and is delivered by CCOEC. The equipment is to be used to improve border security, detection and seizure of illicit drugs, and prevent smuggling into Vanuatu.",,Completion,Grant,TRADE POLICIES AND REGULATIONS,,,Unspecified Chinese Government Institution,Government Agency,,,2020-06-04,,2020-06-04,KEEP_hand_source,hand-curated original Security funding.xlsx,KEEP,security recipient: 'customs'
69375,hand,Venezuela,VEN,America,,2010,Banco de Desarrollo Económico y Social de Venezuela (BANDES)|China-Venezuela Joint Fund,[China-Venezuela Joint Fund] Merida Cable Car Modernization Project (linked to #58677),"The China-Venezuela Joint Fund financed the Merida Cable Car (""Teleferico de Merida"") Modernization Project. The commitment date of funding for this project is unclear.   The China Development Bank has provided three tranches and one long term facility to the Joint Fund in total (#58677). FONDEN also contributes to this fund, and it's administered by BANDES. The first commitment to this fund was made in 2007.  The Mérida cable car one of the longest and highest cable car systems in the world. In August 2008, the Mérida cable car was shut down to protect user safety because it had reached the end of its service life. In 2010, the Venezuelan government hired the Austrian Doppelmayr company to modernize the Mérida cable car system. The modernization project included upgraded wagons, towers, safety devices, communication and security systems, seats for the disabled, an anti-slip floor, escape routes, and stairs. The new wagons have an increased capacity of 60 people per trip compared to the previous 40 people per trip. The Merida Cable Car reopened on 29 April 2016 in the pre-commercial stage for for children, the elderly and people with disabilities and reopened to the public on 7 October 2016.",,Completion,Loan,TRADE POLICIES AND REGULATIONS,Yes,,China Development Bank (CDB),State-owned Policy Bank,,,2010-01-01,,2016-04-29,KEEP_hand_source,hand-curated original Security funding.xlsx,KEEP,no rule fired
89919,hand,Venezuela,VEN,America,,2015,Venezuela Ministry of People's Power for Defense,Chinese Ambassador to Venezuela gifts books to the Minister of Defense,"On October 15, 2015, during a meeting between Chinese Ambassador to Venezuela, Zhao Bentang, and Venezuelan Minister of Defense, Vladimir Padrino Lopez, Ambassador Zhao gifted Minister Padrino a Spanish version of the Chinese book ""The Chinese Dream and the World"".",,Completion,Grant,GOVERNMENT AND CIVIL SOCIETY,,,Chinese Embassy,Government Agency,,,2015-10-15,2015-10-15,2015-10-15,KEEP_hand_source,hand-curated original Security funding.xlsx,KEEP,security recipient: 'Defense'
91768,hand,Venezuela,VEN,America,,2020,Government of Venezuela,China donates 1st shipment of anti-epidemic materials to Venezuela in March 2020,"On March 19, 2020, the first shipment of anti-epidemic materials from China arrived in Venezuela. The shipment included 4,000 early diagnosis test kits, as well as materials used to administer these tests such as biosecurity suits, protective goggles, gloves, and air purifiers to support Venezuelan health care systems. The shipment arrived at Simon Bolivar International Airport in Caracas.",,Completion,Grant,HEALTH,,Yes,Unspecified Chinese Government Institution,Government Agency,43467.2961329175,49422.3157031272,2020-03-19,,2020-03-19,KEEP_hand_source,hand-curated original Security funding.xlsx,KEEP,no rule fired
90426,hand,Viet Nam,VNM,Asia,,2020,Vietnam Ministry of Public Security ,Chinese Ministry of Public Security provides anti-epidemic supplies to the Ministry of Public Security of Vietnam in September 2020 ,"On September 14, 2020, Counselor Zhao Wanpeng of the Chinese Embassy in Vietnam provided anti-epidemic materials to the Ministry of Public Security of Vietnam on behalf of the International Cooperation Bureau of the Ministry of Public Security of China. Major General Jian Ling, the deputy director of the Foreign Affairs Bureau of the Ministry of Public Security of Vietnam, received disposable medical masks, goggles, and protective clothing.",,Completion,Grant,HEALTH,,Yes,China Ministry of Public Security,Government Agency,,,2020-09-14,,2020-09-14,KEEP_hand_source,hand-curated original Security funding.xlsx,KEEP,security recipient: 'Ministry of Public Security'
90430,hand,Viet Nam,VNM,Asia,,2020,Vietnam Ministry of Public Security ,Chinese Embassy in Vietnam contributes reading room and Chinese books to Foreign Affairs Bureau of the Ministry of Public Security of Vietnam in 2020,"On November 3, 2020, the Chinese Embassy in Vietnam assisted the Foreign Affairs Bureau of the Ministry of Public Security of Vietnam by providing a reading room and Chinese language book corner. A ribbon-cutting ceremony for the reading room was held on November 3, 2020.   Minister Counselor Yin Haihong was invited to attend and cut the ribbon with Lieutenant General Nguyen Thanh Son, Director of the Vietnam Foreign Affairs Bureau. In addition, Minister Counselor Yin Haihong presented Chinese books such as ""Xi Jinping: The Governance of China"" to Vietnam on behalf of the embassy. Counselors Zhao Wanpeng, Wang Ben, Zhang Yi, and Director Zhu Yu of the Chinese Embassy also attended the ceremony. ",,Completion,Grant,EDUCATION,,,Chinese Embassy,Government Agency,,,2020-11-01,2020-11-03,2020-11-03,KEEP_hand_source,hand-curated original Security funding.xlsx,KEEP,security recipient: 'Ministry of Public Security'
95951,hand,Viet Nam,VNM,Asia,,2020,Vietnam Ministry of Public Security ,Chinese Embassy Establishes Sino-Vietnamese Cultural Reading Room and Donates Books to the Police Academy,"On January 1, 2021,  a ribbon-cutting ceremony was held for the new Sino-Vietnamese Cultural Reading Room of the Police Academy of the Ministry of Public Security of Vietnam. On behalf of the embassy, Counselor Yin Haihong also donated Chinese language books including ""Xi Jinping on Governing the Country"" to the reading room.",,Completion,Grant,EDUCATION,,,Chinese Embassy,Government Agency,,,2020-01-01,,2021-01-01,KEEP_hand_source,hand-curated original Security funding.xlsx,KEEP,security recipient: 'Police'
2201,hand,Zambia,ZMB,Africa,,2003,Zambia Police Service,"Chinese Government donates computers, printers, and rain coats to the Zambian Police Service","In 2003, the Chinese Government donated 10 computers, 10 printers, and 1,000 rain coats worth more than $60,000 USD to the Zambian Police Service.",,Completion,Grant,GOVERNMENT AND CIVIL SOCIETY,,,Unspecified Chinese Government Institution,Government Agency,146163.824422712,166188.26836862354,2003-01-01,2003-09-11,2003-09-11,KEEP_hand_source,hand-curated original Security funding.xlsx,KEEP,security recipient: 'Police'
31452,hand,Zambia,ZMB,Africa,,2013,Government of Zambia,Chinese Government grants $8 million USD for provision of military and medical equipment,"On September 25th, 2013, the Chinese government signed a grant agreement providing $8 million USD (42.2 million ZK) to the Government of Zambia in the form of medical and military equipment to be used to upgrade military hospitals countrywide. Chinese Ambassador to Zambia Zhou Yuxiao explained that the delivery of the equipment would occur in three phases over the course of three years. It is unclear whether these goods were ever delivered.",,Pipeline: Commitment,Grant,HEALTH,,,Unspecified Chinese Government Institution,Government Agency,9024292.41751868,10260620.47871874,2013-09-25,,,KEEP_hand_source,hand-curated original Security funding.xlsx,KEEP,security recipient: 'military'
35627,hand,Zambia,ZMB,Africa,,2015,Government of Zambia,18th military medical team dispatched to Zambia,"China has been sending military medical teams to Zambia since 1984. On January 20, 2015, China’s 18th military medical team arrived in Zambia. The 11-person team was stationed at Maina Soko Hospital in Lusaka and completed its term of service on January 18, 2016. The members of the team undertook outpatient service, consultation, operation, guidance and teaching activities at Maina Soko military hospital. They also provided medical care for the President and the First Lady, and treated hundreds of senior officials and officers from both Zambian government and military. ",,Completion,Grant,HEALTH,,,People's Liberation Army of China,Government Agency,,,2015-01-01,2015-01-20,2016-01-18,KEEP_hand_source,hand-curated original Security funding.xlsx,KEEP,military/police medical
41539,hand,Zambia,ZMB,Africa,,2014,Government of Zambia,Chinese Government provides training for Zambia's Golden Jubilee Celebration,"On May 22, 2014, China’s Ministry of Commerce sent a team to assist in the design and training of a choreography team for Zambia’s 50th Independence Day celebration (or “Golden Jubilee Celebration”) on October 24, 2014. At the request of Zambian Government, the China’s Ministry of Defense and the Chinese Armed Police also dispatched 7 instructors to train 500 members of the Zambia National Service for the much-anticipated independence celebration.",,Completion,Grant,OTHER SOCIAL INFRASTRUCTURE AND SERVICES,,,China Ministry of Commerce,Government Agency,,,2014-01-01,2014-05-22,2014-10-31,KEEP_hand_source,hand-curated original Security funding.xlsx,KEEP,no rule fired
52198,hand,Zambia,ZMB,Africa,,2016,Government of Zambia,ICBC provides $274.61 million loan for 2350-Unit Police and Security Force Housing Project,"In January 2016, the Government of Zambia and the Industrial and Commercial Bank of China (ICBC) signed a $274,612,768.07 loan agreement for the 2350-Unit Police and Security Force Housing Project. The proceeds of the loan were to be used by the borrower to finance 85% of the cost of a $323,073,844.79, three-year commercial (EPC) contract between the Government of Zambia's Ministry of Home Affairs and AVIC International, which was signed in December 2014. The Government of Zambia was responsible for directly financing the remainder (15%) of the project cost. As of July 2022, the ICBC loan had achieved a 97.9% disbursement rate ($268,959,363.78 out of $274,612,768.07).   The purpose of the project was to construct 2,350 housing units for members of Zambia's Ministry of Home Affairs: Zambia Police Service, Zambia Correctional Services, the Immigration Department, and the Drug Enforcement Commission. These housing units included 997 low-cost units, 1,238 medium-cost units, and 115 high-cost units. AVIC International and China 15th Metallurgical Construction Group Co. Ltd. were the contractors responsible for project implementation.  The project was implemented in two phases. Phase 1 was made up of four sites: Chelston in Lusaka (48 houses); Silverest in Lusaka, Chongwe area (41 houses); Kawama in Kitwe (24 houses); and Mukobeko in Kabwe (42 houses).   Phase 1 officially launched on October 27, 2015, but Phase 1 construction did not begin until July 7, 2017. Phase 2 construction activities ended on June 20, 2020. On July 29, 2022, the Ministry of Finance & National Planning (MOFNP) of Zambia announced that it was seeking lender approval to formally cancel the ICBC loan’s undisbursed balance ($5,653,404.29); however, it also noted that it had not yet secured formal lender approval for this action. This announcement came approximately 21 months after the Government of Zambia defaulted on its repayment obligations to Eurobond holders and approximately 6 weeks after China, France, and 14 other countries formed a creditor committee to discuss the Zambian authorities’ request for a debt treatment under ‘the Common Framework for Debt Treatment beyond the DSSI’ endorsed by the G20 and the Paris Club.",,Completion,Loan,OTHER SOCIAL INFRASTRUCTURE AND SERVICES,Yes,,Industrial and Commercial Bank of China (ICBC),State-owned Commercial Bank,324263994.589854,368688161.848664,2016-01-01,2017-07-07,2020-06-20,KEEP_hand_source,hand-curated original Security funding.xlsx,KEEP,security recipient: 'Police'
56989,hand,Zambia,ZMB,Africa,,2018,Government of Zambia,China Eximbank provides $30 million loan for an unspecified defense project,"According to Zambia's Ministry of Finance, between January and June of 2018, China Eximbank and the Government of Zambia signed a $30 million loan agreement for an unspecified defense project. No further details are available.",,Pipeline: Commitment,Loan,GOVERNMENT AND CIVIL SOCIETY,,,Export-Import Bank of China (China Eximbank),State-owned Policy Bank,32695492.4363603,37174774.900141664,2018-01-01,,,KEEP_hand_source,hand-curated original Security funding.xlsx,KEEP,security recipient: 'defense'
18770,hand,Zimbabwe,ZWE,Africa,,2006,Zimbabwe Republic Police (ZRP),Chinese Government donates 180 solar water heaters to Zimbabwe Republic Police (ZRP) in 2006,"On August 24, 2006, the Chinese Government donated 180 solar water heaters to the Zimbabwe Republic Police as part of a project to introduce China's experience and technology in solar energy development to the solar energy-rich country.  The goal of this project was to evaluate the performance of the Chinese-made solar heaters under local conditions, to train local technicians in installation and maintenance, to demonstrate the green energy technology, and to promote commercial and industrial cooperation in green energy.  The pilot project, worth 1.5 million yuan (187,500 U.S. dollars), was completed in 1998, positively affecting the lives of 110 households.  The financial value of this second phase of the project is unclear. ",,Completion,Grant,ENERGY,,,Unspecified Chinese Government Institution,Government Agency,,,2006-01-01,2006-08-24,2006-08-24,KEEP_hand_source,hand-curated original Security funding.xlsx,KEEP,security recipient: 'Police'
30145,hand,Zimbabwe,ZWE,Africa,,2013,Zimbabwe Wushu Association (ZWA),Chinese Government provides training for teachers from Zimbabwe Wushu Association (ZWA),"In February 2013, China sent Wushu experts to train 63 local teachers in this form of martial arts at Chaminuka Training Centre in Mashonaland Central province. In August 2013, China was to select the top twenty teachers from the local school to travel to China and enhance their skills in Wushu martial arts. The selected teachers were to stay in China for one year.  The teachers arrived in China in November 2013 to study at Tianjin Huo Yuanjia Civil and Military School for African students. According to China Daily, the Zimbabwean students ended up studying Chinese more than Yushu. Zimbabwean Deputy Minister Dokora said the move to send the teachers to China reflected the good ties that the two countries enjoyed. “This is reciprocal and they too will be benefiting from English classes given by the Zimbabwe nationals,” he said. He said the program was being implemented in fulfillment of the China–Africa cooperation framework.  The ZWA president, Gilbert Makowah, said the Chinese Ambassador would also look at the prospects of getting some scholarships for Zimbabwean Wushu fighters. This training comes as a result of an agreement signed on 2 January, 2012, where the Chinese Embassy in Harare pledged development support for the Zimbabwe Wushu Association (ZWA).",,Completion,Grant,EDUCATION,,,Unspecified Chinese Government Institution,Government Agency,,,2013-01-01,2013-02-01,,KEEP_hand_source,hand-curated original Security funding.xlsx,KEEP,no rule fired
91960,hand,Zimbabwe,ZWE,Africa,,2020,Zimbabwe Defense Forces (ZDF),Chinese People's Liberation Army donates anti-epidemic materials in June 2020 to Zimbabwe National Defense Forces,"On June 4, 2020, anti-epidemic materials provided by the Chinese People's Liberation Army to the Zimbabwe National Defense Forces arrived at the Harareman Air Base in Zimbabwe. The materials included 62,000 masks, 19,000 pieces of personal protection equipment, and other critical medical supplies. China’s Ambassador to Zimbabwe, Guo Shaochun, the Minister of Defense and Veterans Affairs of Zimbabwe, and the Commander of the National Defense Forces attended the handover ceremony.  ",,Completion,Grant,HEALTH,,Yes,Chinese People’s Liberation Army (PLA),Government Agency,148092.586516569,168381.27086933894,2020-06-04,2020-06-04,2020-06-04,KEEP_hand_source,hand-curated original Security funding.xlsx,KEEP,security recipient: 'Army'
93295,hand,Zimbabwe,ZWE,Africa,,2020,Government of Zimbabwe,Chinese Government donates personal protective equipment in August 2020 to Zimbabwe,"On August 27, 2020, Zimbabwe received a donation of personal protective equipment (PPE) from the Chinese government, which included tests kits, face masks, ventilators, and oxygen generators form the Chinese Government. The donation was presented through a virtual meeting by the Chinese ambassador to Zimbabwe to the President of Zimbabwe, Health and Childcare Minister, Defense and War Veterans Affairs Minister.",,Completion,Grant,HEALTH,,Yes,Unspecified Chinese Government Institution,Government Agency,,,2020-08-27,2020-08-27,2020-08-27,KEEP_hand_source,hand-curated original Security funding.xlsx,KEEP,no rule fired
